CASE_ID,ACCIDENT_YEAR,PROC_DATE,JURIS,COLLISION_DATE,COLLISION_TIME,OFFICER_ID,REPORTING_DISTRICT,DAY_OF_WEEK,CHP_SHIFT,POPULATION,CNTY_CITY_LOC,SPECIAL_COND,BEAT_TYPE,CHP_BEAT_TYPE,CITY_DIVISION_LAPD,CHP_BEAT_CLASS,BEAT_NUMBER,PRIMARY_RD,SECONDARY_RD,DISTANCE,DIRECTION,INTERSECTION,WEATHER_1,WEATHER_2,STATE_HWY_IND,CALTRANS_COUNTY,CALTRANS_DISTRICT,STATE_ROUTE,ROUTE_SUFFIX,POSTMILE_PREFIX,POSTMILE,LOCATION_TYPE,RAMP_INTERSECTION,SIDE_OF_HWY,TOW_AWAY,COLLISION_SEVERITY,NUMBER_KILLED,NUMBER_INJURED,PARTY_COUNT,PRIMARY_COLL_FACTOR,PCF_CODE_OF_VIOL,PCF_VIOL_CATEGORY,PCF_VIOLATION,PCF_VIOL_SUBSECTION,HIT_AND_RUN,TYPE_OF_COLLISION,MVIW,PED_ACTION,ROAD_SURFACE,ROAD_COND_1,ROAD_COND_2,LIGHTING,CONTROL_DEVICE,CHP_ROAD_TYPE,PEDESTRIAN_ACCIDENT,BICYCLE_ACCIDENT,MOTORCYCLE_ACCIDENT,TRUCK_ACCIDENT,NOT_PRIVATE_PROPERTY,ALCOHOL_INVOLVED,STWD_VEHTYPE_AT_FAULT,CHP_VEHTYPE_AT_FAULT,COUNT_SEVERE_INJ,COUNT_VISIBLE_INJ,COUNT_COMPLAINT_PAIN,COUNT_PED_KILLED,COUNT_PED_INJURED,COUNT_BICYCLIST_KILLED,COUNT_BICYCLIST_INJURED,COUNT_MC_KILLED,COUNT_MC_INJURED,PRIMARY_RAMP,SECONDARY_RAMP,LATITUDE,LONGITUDE,COUNTY,CITY,POINT_X,POINT_Y
8890467,2019,2019-07-18,1931,2019-06-22,1912,5141,1931,6,5,5,1931,0,0,0,NA,0,003,WILMINGTON AV,68TH ST,0,S,N,A,-,N,NA,NA,NA,NA,NA,NA,NA,NA,NA,N,2,0,1,2,A,-,-,NA,NA,F,H,G,A,A,H,-,A,D,0,NA,Y,NA,NA,Y,NA,-,NA,1,0,0,0,0,0,1,0,0,-,-,NA,NA,LOS ANGELES,HUNTINGTON PARK,-118.239013671875,33.97798156738281
8890469,2019,2019-07-18,1942,2019-06-25,1030,41514,1966,2,5,7,1942,0,0,0,NA,0,19A75,WAKEFIELD AV,TERRA BELLA ST,250,N,N,B,-,N,NA,NA,NA,NA,NA,NA,NA,NA,NA,N,4,0,1,2,A,-,00,20015,A,F,G,B,F,A,H,-,A,D,0,Y,NA,NA,NA,Y,NA,-,99,0,0,1,0,1,0,0,0,0,-,-,NA,NA,LOS ANGELES,LOS ANGELES,-118.44808959960938,34.23723602294922
8890473,2019,2019-07-23,1942,2019-06-19,1905,42034,1955,3,5,7,1942,0,0,0,NA,0,19X62,DEVONSHIRE ST,WOODMAN AV,0,NA,Y,A,-,N,NA,NA,NA,NA,NA,NA,NA,NA,NA,Y,4,0,1,3,A,-,12,21453,NA,N,D,C,A,A,H,-,A,A,0,NA,NA,NA,NA,Y,NA,-,NA,0,0,1,0,0,0,0,0,0,-,-,NA,NA,LOS ANGELES,LOS ANGELES,-118.45424652099608,34.257198333740234
8890477,2019,2019-07-18,1942,2019-06-19,1550,41054,0774,3,5,7,1942,0,0,0,G,0,7A73,S LA BREA AV,WEST WASHINGTON BL,50,N,N,A,-,N,NA,NA,NA,NA,NA,NA,NA,NA,NA,N,4,0,1,2,A,-,07,21658,A,F,B,C,A,A,H,-,A,A,0,NA,NA,NA,NA,Y,NA,-,99,0,0,1,0,0,0,0,0,0,-,-,NA,NA,LOS ANGELES,LOS ANGELES,-118.34746551513672,34.040531158447266
8890478,2019,2019-07-18,1942,2019-06-12,1800,38028,0817,3,5,7,1942,0,0,0,H,0,8A34,WEYBURN AV,GAYLEY AV,10,W,N,A,-,N,NA,NA,NA,NA,NA,NA,NA,NA,NA,N,4,0,1,2,A,-,12,21453,A,N,D,C,A,A,H,-,A,A,0,NA,NA,NA,NA,Y,NA,M,94,0,0,1,0,0,0,0,0,0,-,-,NA,NA,LOS ANGELES,LOS ANGELES,-118.44799041748048,34.06196594238281
8890480,2019,2019-07-18,1900,2019-06-10,1900,523047,1333,1,5,5,1908,0,0,0,NA,0,133TZ,ALONDRA BL,MCNAB AV,30,E,N,A,-,N,NA,NA,NA,NA,NA,NA,NA,NA,NA,N,4,0,3,2,A,-,12,21453,A,N,D,C,A,A,H,-,A,A,0,NA,NA,NA,NA,Y,NA,-,-,0,0,3,0,0,0,0,0,0,-,-,NA,NA,LOS ANGELES,BELLFLOWER,-118.11293029785156,33.88833236694336
8890481,2019,2019-08-06,1975,2019-06-14,1757,436,WCPD,5,5,6,1975,0,0,0,NA,0,004,GLENDORA AV,MERCED AV,0,NA,Y,A,-,N,NA,NA,NA,NA,NA,NA,NA,NA,NA,Y,4,0,2,3,A,-,12,21453,A,N,D,C,A,A,H,-,A,A,0,NA,NA,NA,NA,Y,NA,A,01,0,0,2,0,0,0,0,0,0,-,-,NA,NA,LOS ANGELES,WEST COVINA,-117.93846893310548,34.05556106567383
8890483,2019,2019-07-16,1975,2019-06-13,2236,431,CITRU,4,5,6,1975,0,0,0,NA,0,004,FRANCISQUITO AV,WALNUT AV,0,NA,Y,A,-,N,NA,NA,NA,NA,NA,NA,NA,NA,NA,Y,4,0,2,2,A,-,12,22450,A,F,D,C,A,A,H,-,C,D,0,NA,NA,NA,NA,Y,NA,-,NA,0,0,2,0,0,0,0,0,0,-,-,NA,NA,LOS ANGELES,WEST COVINA,-117.93431854248048,34.05044937133789
8890484,2019,2019-07-16,1900,2019-06-14,0820,537036,0631,5,5,6,1985,0,0,0,NA,0,61T1,OAK SPRING CANYON RD,SOLEDAD CANYON RD,320,W,N,A,-,N,NA,NA,NA,NA,NA,NA,NA,NA,NA,N,2,0,1,2,A,-,03,22350,NA,N,G,C,A,A,H,-,A,D,0,NA,NA,Y,NA,Y,NA,C,02,1,0,0,0,0,0,0,0,1,-,-,NA,NA,LOS ANGELES,SANTA CLARITA,-118.41520690917967,34.42823028564453
8890485,2019,2019-07-16,1975,2019-06-22,1433,686,CITRU,6,5,6,1975,0,0,0,NA,0,005,NOGALES ST,FRANCESCA DR,0,NA,Y,A,-,N,NA,NA,NA,NA,NA,NA,NA,NA,NA,Y,4,0,1,2,D,-,00,NA,NA,N,-,C,A,A,H,-,A,A,0,NA,NA,NA,NA,Y,NA,-,-,0,0,1,0,0,0,0,0,0,-,-,NA,NA,LOS ANGELES,WEST COVINA,-117.89459991455078,34.024818420410156
8890486,2019,2019-07-16,1942,2019-06-01,2015,36733,1047,6,5,7,1942,0,0,0,J,0,17T17,BURBANK,ALDEA AV,75,W,N,A,-,N,NA,NA,NA,NA,NA,NA,NA,NA,NA,Y,3,0,3,2,A,-,08,22100,5,N,D,C,A,A,H,-,A,D,0,NA,NA,NA,NA,Y,NA,A,01,0,2,1,0,0,0,0,0,0,-,-,NA,NA,LOS ANGELES,LOS ANGELES,-118.5078582763672,34.172237396240234
8890487,2019,2019-07-16,1975,2019-06-12,1137,427,NA,3,5,6,1975,0,0,0,NA,0,003,VINCENT AV,WEST COVINA PKWY,0,NA,Y,A,-,N,NA,NA,NA,NA,NA,NA,NA,NA,NA,Y,4,0,2,2,A,-,12,21453,A,N,D,C,A,A,H,-,A,A,0,NA,NA,NA,NA,Y,NA,A,01,0,0,2,0,0,0,0,0,0,-,-,34.0678596496582,-117.93701934814452,LOS ANGELES,WEST COVINA,-117.92710113525392,34.067779541015625
8890488,2019,2019-07-16,1942,2019-06-19,1415,33143,1623,3,5,7,1942,0,0,0,P,0,16A23,VAN NUYS BL,RALSTON AV,0,NA,Y,A,-,N,NA,NA,NA,NA,NA,NA,NA,NA,NA,Y,4,0,1,2,A,-,09,21801,A,N,D,C,A,A,H,-,A,D,0,NA,NA,NA,NA,Y,NA,A,01,0,0,1,0,0,0,0,0,0,-,-,NA,NA,LOS ANGELES,LOS ANGELES,-118.42031097412108,34.267398834228516
8890489,2019,2019-07-16,1942,2019-06-13,2250,33504,1045,4,5,7,1942,0,0,0,J,0,10A83,WHITE OAK AV,BURBANK BL,0,NA,Y,A,-,N,NA,NA,NA,NA,NA,NA,NA,NA,NA,N,4,0,1,2,A,-,10,21950,A,N,G,B,B,A,H,-,C,A,0,Y,NA,NA,NA,Y,NA,A,01,0,0,1,0,1,0,0,0,0,-,-,NA,NA,LOS ANGELES,LOS ANGELES,-118.51853942871094,34.1722412109375
8890490,2019,2019-07-16,1942,2019-06-25,1320,38326,1079,2,5,7,1942,0,0,0,J,0,10A99,VENTURA BL,HASKELL AV,150,W,N,B,-,N,NA,NA,NA,NA,NA,NA,NA,NA,NA,N,4,0,2,2,A,-,09,21801,A,N,D,C,A,A,H,-,A,D,0,NA,NA,NA,NA,Y,NA,A,01,0,0,2,0,0,0,0,0,0,-,-,NA,NA,LOS ANGELES,LOS ANGELES,-118.47540283203124,34.155235290527344
8890491,2019,2019-11-25,1975,2019-06-02,2020,445,CITRU,7,5,6,1975,0,0,0,NA,0,002,VINCENT AV,RT 10,0,S,N,B,-,Y,LA,7,10,-,-,35.392,R,4,E,N,3,0,1,2,A,-,08,22107,NA,F,C,G,A,A,H,-,C,D,0,NA,Y,NA,NA,Y,NA,-,NA,0,1,0,0,0,0,1,0,0,-,-,NA,NA,LOS ANGELES,WEST COVINA,-117.92689514160156,34.07221221923828
8890492,2019,2019-07-16,1909,2019-06-16,1656,589,1909,7,5,4,1909,0,0,0,NA,0,NA,EASTERN AV,GAGE AV,196,S,N,A,-,N,NA,NA,NA,NA,NA,NA,NA,NA,NA,N,3,0,1,2,A,-,08,22107,NA,N,A,G,A,A,H,-,A,D,0,NA,Y,NA,NA,Y,NA,L,04,0,1,0,0,0,0,1,0,0,-,-,NA,NA,LOS ANGELES,BELL GARDENS,-118.16383361816406,33.97496795654297
8890493,2019,2019-07-16,1942,2019-06-15,1205,39085,1088,6,5,7,1942,0,0,0,J,0,10A99,PETIT AV,VENTURA BL,15,N,N,A,-,N,NA,NA,NA,NA,NA,NA,NA,NA,NA,N,3,0,1,2,A,-,09,21804,A,N,H,G,A,A,H,-,A,D,0,NA,Y,NA,NA,Y,NA,L,04,0,1,0,0,0,0,1,0,0,-,-,NA,NA,LOS ANGELES,LOS ANGELES,-118.4960708618164,34.158119201660156
8890494,2019,2019-07-16,1942,2019-06-08,0805,30452,1063,6,5,7,1942,0,0,0,J,0,10A83,BURBANK BL,RESEDA BL,0,NA,Y,A,-,N,NA,NA,NA,NA,NA,NA,NA,NA,NA,N,4,0,1,2,A,-,10,21950,A,N,G,B,B,A,H,-,A,A,0,Y,NA,NA,NA,Y,NA,A,07,0,0,1,0,1,0,0,0,0,-,-,NA,NA,LOS ANGELES,LOS ANGELES,-118.53600311279295,34.172340393066406
8890495,2019,2019-07-16,1975,2019-06-26,1807,400,NA,3,5,6,1975,0,0,0,NA,0,001,LARKE ELLEN AV,ROWLAND AV,0,NA,Y,A,-,N,NA,NA,NA,NA,NA,NA,NA,NA,NA,Y,4,0,2,3,A,-,09,21801,A,N,D,C,A,A,H,-,A,A,0,NA,NA,NA,NA,Y,NA,-,NA,0,0,2,0,0,0,0,0,0,-,-,NA,NA,LOS ANGELES,WEST COVINA,-117.91658782958984,34.07923889160156
8890496,2019,2019-07-16,1909,2019-06-21,2302,508,1909,5,5,4,1909,0,0,0,NA,0,NA,GAGE AV,AJAX AV,0,NA,Y,A,-,N,NA,NA,NA,NA,NA,NA,NA,NA,NA,Y,4,0,1,2,A,-,09,21800,A,N,D,C,A,A,H,-,C,A,0,NA,NA,NA,NA,Y,NA,-,NA,0,0,1,0,0,0,0,0,0,-,-,NA,NA,LOS ANGELES,BELL GARDENS,-118.16219329833984,33.97534942626953
8890497,2019,2019-08-06,1975,2019-06-13,1611,314,NA,4,5,6,1975,0,0,0,NA,0,001,LARK ELLEN AV,DANES DR,0,NA,Y,A,-,N,NA,NA,NA,NA,NA,NA,NA,NA,NA,Y,3,0,5,4,A,-,03,22350,NA,N,A,C,A,A,H,-,A,D,0,NA,NA,NA,NA,Y,NA,-,NA,0,2,3,0,0,0,0,0,0,-,-,NA,NA,LOS ANGELES,WEST COVINA,-117.91658020019533,34.08097839355469
8890498,2019,2019-07-16,1942,2019-06-10,1740,42916,1039,1,5,7,1942,0,0,0,J,0,10X8,VANOWEN ST,GLORIA AV,0,NA,-,A,-,N,NA,NA,NA,NA,NA,NA,NA,NA,NA,NA,4,0,1,2,A,-,04,21703,NA,N,B,C,A,A,H,-,A,B,0,NA,NA,NA,NA,Y,NA,-,NA,0,0,1,0,0,0,0,0,0,-,-,NA,NA,LOS ANGELES,LOS ANGELES,-118.47930145263672,34.19390869140625
8890499,2019,2019-07-16,1909,2019-06-21,2349,570,1909,5,5,4,1909,0,0,0,NA,0,NORTH,AJAX AV,FLORENCE AV,185,N,N,A,-,N,NA,NA,NA,NA,NA,NA,NA,NA,NA,N,4,0,1,2,A,-,06,21755,NA,N,B,C,A,A,H,-,C,D,0,NA,NA,NA,NA,Y,NA,A,01,0,0,1,0,0,0,0,0,0,-,-,NA,NA,LOS ANGELES,BELL GARDENS,-118.16323089599608,33.968143463134766
8890500,2019,2019-07-16,1900,2019-06-01,1625,625588,0628,6,5,6,1985,0,0,0,NA,0,6271,NEWHALL AV,9TH ST,24,S,N,A,-,N,NA,NA,NA,NA,NA,NA,NA,NA,NA,Y,4,0,3,2,A,-,07,21658,A,N,B,C,A,A,H,-,A,D,0,NA,NA,NA,NA,Y,NA,A,08,0,0,3,0,0,0,0,0,0,-,-,34.37900161743164,-118.53209686279295,LOS ANGELES,SANTA CLARITA,-118.53209686279295,34.37899398803711
8890522,2019,2019-07-09,1942,2019-05-01,1015,39817,1125,3,5,7,1942,0,0,0,K,0,1133,FLETCHER DR,CRYSTAL ST,90,W,N,A,-,N,NA,NA,NA,NA,NA,NA,NA,NA,NA,Y,4,0,1,2,A,-,08,22107,NA,N,D,C,A,A,H,-,A,D,0,NA,NA,NA,NA,Y,NA,A,01,0,0,1,0,0,0,0,0,0,-,-,NA,NA,LOS ANGELES,LOS ANGELES,-118.25465393066406,34.10758972167969
8890523,2019,2019-07-09,1942,2019-05-15,1625,42932,0285,3,5,7,1942,0,0,0,B,0,2A91,W PICO BL,S UNION AV,100,E,N,A,-,N,NA,NA,NA,NA,NA,NA,NA,NA,NA,N,4,0,1,2,A,-,04,21703,NA,N,C,C,A,A,H,-,A,D,0,NA,NA,NA,NA,Y,NA,A,01,0,0,1,0,0,0,0,0,0,-,-,NA,NA,LOS ANGELES,LOS ANGELES,-118.2766571044922,34.04452133178711
8890524,2019,2019-07-09,1900,2019-05-17,1740,623588,0629,5,5,6,1985,0,0,0,NA,0,62T1,LYONS AV,EVERETT DR,158,W,N,A,-,N,NA,NA,NA,NA,NA,NA,NA,NA,NA,N,4,0,1,2,A,-,05,21650,1,N,D,G,A,A,H,-,A,D,0,NA,Y,NA,NA,Y,NA,L,04,0,0,1,0,0,0,1,0,0,-,-,34.37900161743164,-118.55359649658205,LOS ANGELES,SANTA CLARITA,-118.55350494384766,34.37896728515625
8890526,2019,2019-07-09,1942,2019-05-01,1840,38176,1113,3,5,7,1942,0,0,0,K,0,1123,COLORADO BL,EL VERANO,100,E,N,A,-,N,NA,NA,NA,NA,NA,NA,NA,NA,NA,N,3,0,1,2,A,-,05,21650,1,N,D,G,A,A,H,-,A,D,0,NA,Y,NA,NA,Y,NA,L,04,0,1,0,0,0,0,1,0,0,-,-,NA,NA,LOS ANGELES,LOS ANGELES,-118.22566223144533,34.14276885986328
8890527,2019,2019-07-09,1942,2019-05-15,1250,31070,0216,3,5,7,1942,0,0,0,B,0,2A47,SUNSET BL,BEAUDRY AV,3,E,N,B,-,N,NA,NA,NA,NA,NA,NA,NA,NA,NA,N,4,0,1,2,A,-,10,21950,A,N,G,B,-,A,H,-,A,A,0,Y,NA,NA,NA,Y,NA,A,07,0,0,1,0,1,0,0,0,0,-,-,NA,NA,LOS ANGELES,LOS ANGELES,-118.24923706054688,34.065242767333984
8890528,2019,2019-07-09,1900,2019-05-29,1040,612439,0629,3,5,6,1985,0,0,0,NA,0,62T1,LYONS AV,WHEELER RD,450,E,N,A,-,N,NA,NA,NA,NA,NA,NA,NA,NA,NA,Y,3,0,1,2,A,-,08,22107,NA,N,A,C,A,A,H,-,A,D,0,NA,NA,NA,NA,Y,NA,A,01,0,1,0,0,0,0,0,0,0,-,-,34.379398345947266,-118.5468978881836,LOS ANGELES,SANTA CLARITA,-118.5495834350586,34.379310607910156
8890530,2019,2019-07-09,1942,2019-05-01,1150,43596,4211,3,5,7,1942,0,0,0,NA,0,11A58,RIVERSIDE DR,FLETCHER DR,5,E,N,A,-,N,NA,NA,NA,NA,NA,NA,NA,NA,NA,N,3,0,1,2,A,-,03,22350,NA,F,B,C,A,A,H,-,A,A,0,NA,NA,Y,NA,Y,NA,-,99,0,1,0,0,0,0,0,0,1,-,-,NA,NA,LOS ANGELES,LOS ANGELES,-118.25653839111328,34.105979919433594
8890531,2019,2019-07-09,1942,2019-05-16,1125,41876,0235,4,5,7,1942,0,0,0,B,0,2A92,ALVARADO ST,TEMPLE ST,0,NA,Y,A,-,N,NA,NA,NA,NA,NA,NA,NA,NA,NA,NA,3,0,4,3,A,-,12,21453,A,N,D,C,A,A,H,-,A,A,0,NA,NA,NA,NA,Y,NA,A,01,0,1,3,0,0,0,0,0,0,-,-,NA,NA,LOS ANGELES,LOS ANGELES,-118.26805114746094,34.07027053833008
8890532,2019,2019-07-09,1900,2019-05-01,1243,436136,1326,3,5,5,1935,0,0,0,NA,0,132T2,PALO VERDE AV,DEL AMO BL,0,NA,Y,A,-,N,NA,NA,NA,NA,NA,NA,NA,NA,NA,Y,4,0,1,3,A,-,00,21353,C,N,D,C,A,A,H,-,A,A,0,NA,NA,NA,NA,Y,NA,A,01,0,0,1,0,0,0,0,0,0,-,-,NA,NA,LOS ANGELES,LAKEWOOD,-118.10769653320313,33.84706115722656
8890534,2019,2019-11-25,1942,2019-05-01,1800,43763,1109,3,5,7,1942,0,0,0,K,0,11A17,FIGUEROA ST,RT 134,0,NA,Y,A,-,Y,LA,7,134,-,R,11.639,R,4,W,Y,4,0,2,4,A,-,12,21453,A,F,D,C,A,A,H,-,A,A,0,NA,NA,NA,NA,Y,Y,-,99,0,0,2,0,0,0,0,0,0,-,-,NA,NA,LOS ANGELES,LOS ANGELES,-118.18245697021484,34.14173889160156
8890535,2019,2019-07-09,1942,2019-05-17,0850,32973,0237,5,5,7,1942,0,0,0,B,0,2A39,COLTON ST,GLENDALE BL,0,NA,Y,A,-,N,NA,NA,NA,NA,NA,NA,NA,NA,NA,N,4,0,1,2,A,-,09,21802,A,N,D,C,A,A,H,-,A,A,0,NA,NA,NA,NA,Y,NA,A,01,0,0,1,0,0,0,0,0,0,-,-,NA,NA,LOS ANGELES,LOS ANGELES,-118.25997924804688,34.06435012817383
8890536,2019,2019-07-09,1900,2019-05-28,1738,600225,0453,2,5,6,1949,0,0,0,NA,0,43K2,PIONEER BL,UNION ST,170,N,N,A,-,N,NA,NA,NA,NA,NA,NA,NA,NA,NA,Y,4,0,1,2,A,-,08,22107,NA,M,C,C,A,A,H,-,A,A,0,NA,NA,NA,NA,Y,NA,A,01,0,0,1,0,0,0,0,0,0,-,-,NA,NA,LOS ANGELES,NORWALK,-118.08187103271484,33.913917541503906
8890537,2019,2019-07-09,1900,2019-05-23,1505,620723,0612,4,5,6,1985,0,0,0,NA,0,61P,PLEASANTDALE ST,WALNUT SPRINGS AV,65,E,N,B,-,N,NA,NA,NA,NA,NA,NA,NA,NA,NA,Y,4,0,2,2,A,-,08,22107,NA,N,B,E,A,A,H,-,A,D,0,NA,NA,NA,NA,Y,NA,A,01,0,0,2,0,0,0,0,0,0,-,-,34.4208984375,-118.47000122070313,LOS ANGELES,SANTA CLARITA,-118.4700927734375,34.420814514160156
8890538,2019,2019-07-09,1942,2019-05-02,1300,40099,1171,4,5,7,1942,0,0,0,K,0,2A5,W SUNSET BL,GOLDEN GATE AV,2,E,N,A,-,N,NA,NA,NA,NA,NA,NA,NA,NA,NA,Y,4,0,2,2,A,-,08,21460,5,N,D,C,A,B,H,-,A,D,0,NA,NA,NA,NA,Y,Y,A,01,0,0,2,0,0,0,0,0,0,-,-,NA,NA,LOS ANGELES,LOS ANGELES,-118.27640533447266,34.088714599609375
8890539,2019,2019-07-09,1942,2019-05-18,1430,40193,0205,6,5,7,1942,0,0,0,B,0,2A5,N VENDOME ST,SILVERLAKE BL,0,NA,Y,A,-,N,NA,NA,NA,NA,NA,NA,NA,NA,NA,N,3,0,2,2,A,-,21,22106,NA,N,C,C,A,A,H,-,A,A,0,NA,NA,NA,NA,Y,NA,A,01,0,1,1,0,0,0,0,0,0,-,-,NA,NA,LOS ANGELES,LOS ANGELES,-118.27681732177734,34.07976150512695
8890540,2019,2019-07-11,1900,2019-05-14,1740,622672,0453,2,5,6,1949,0,0,0,NA,0,43T1P,CURTIS AND KING RD,IMPERIAL HWY,0,NA,Y,A,-,N,NA,NA,NA,NA,NA,NA,NA,NA,NA,N,3,0,1,2,A,-,11,21456,B,N,G,B,B,A,H,-,A,A,0,Y,NA,NA,NA,Y,NA,N,60,0,1,0,0,1,0,0,0,0,-,-,NA,NA,LOS ANGELES,NORWALK,-118.10800170898438,33.917259216308594
8890559,2019,2019-07-16,1925,2019-06-28,1849,27896,5,5,5,6,1925,0,0,0,NA,0,130,BROADVIEW DR,VERDUGO RD,0,NA,Y,A,-,N,NA,NA,NA,NA,NA,NA,NA,NA,NA,N,3,0,1,2,A,-,10,21950,A,N,G,B,B,A,H,-,A,A,0,Y,NA,NA,NA,Y,NA,-,NA,0,1,0,0,1,0,0,0,0,-,-,NA,NA,LOS ANGELES,GLENDALE,-118.22606658935548,34.20370101928711
8890561,2019,2019-07-23,1942,2019-06-17,1340,42761,1067,1,5,7,1942,0,0,0,J,0,10X98,AMESTOY AV,OTSEGO ST,100,N,N,B,-,N,NA,NA,NA,NA,NA,NA,NA,NA,NA,Y,4,0,1,2,C,-,18,NA,NA,N,A,E,A,A,H,-,A,D,0,NA,NA,NA,NA,Y,NA,-,-,0,0,1,0,0,0,0,0,0,-,-,NA,NA,LOS ANGELES,LOS ANGELES,-118.50546264648438,34.16395568847656
8890562,2019,2019-07-11,1942,2019-06-09,1620,38687,1596,7,5,7,1942,0,0,0,O,0,15A85,VENTURA BL,VINELAND AV,0,NA,Y,A,-,N,NA,NA,NA,NA,NA,NA,NA,NA,NA,N,3,0,3,2,A,-,09,21801,A,N,D,C,A,A,H,-,A,A,0,NA,NA,NA,NA,Y,NA,A,01,0,2,1,0,0,0,0,0,0,-,-,NA,NA,LOS ANGELES,LOS ANGELES,-118.37020874023438,34.14044952392578
8890563,2019,2019-07-11,1942,2019-06-15,1212,38191,1595,6,5,7,1942,0,0,0,O,0,15A85,VENTURA BL,LAUREL CANYON BL,427,E,N,A,-,N,NA,NA,NA,NA,NA,NA,NA,NA,NA,N,4,0,1,3,B,-,22,NA,NA,N,B,B,F,A,H,-,A,D,0,Y,NA,NA,NA,Y,NA,A,07,0,0,1,0,1,0,0,0,0,-,-,NA,NA,LOS ANGELES,LOS ANGELES,-118.39385986328124,34.143680572509766
8890564,2019,2019-07-11,1942,2019-06-11,0110,39795,1539,2,5,7,1942,0,0,0,O,0,15A39,AUCKLAND AV,BURBANK BL,200,N,N,A,-,N,NA,NA,NA,NA,NA,NA,NA,NA,NA,Y,4,0,1,3,A,-,03,22350,NA,N,A,E,A,A,H,-,D,D,0,NA,NA,NA,NA,Y,NA,A,01,0,0,1,0,0,0,0,0,0,-,-,NA,NA,LOS ANGELES,LOS ANGELES,-118.36046600341795,34.17268753051758
8890565,2019,2019-07-23,1942,2019-06-06,2200,43427,1583,4,5,7,1942,0,0,0,O,0,15A85,VENTURA BL,COLFAX AV,0,NA,Y,A,-,N,NA,NA,NA,NA,NA,NA,NA,NA,NA,N,4,0,1,3,A,-,09,21804,A,N,B,C,A,A,H,-,B,D,0,NA,NA,NA,NA,Y,NA,A,08,0,0,1,0,0,0,0,0,0,-,-,NA,NA,LOS ANGELES,LOS ANGELES,-118.38773345947266,34.14128875732422
8890566,2019,2019-07-11,1900,2019-06-17,1226,407357,0625,1,5,6,1985,0,0,0,NA,0,62T1,RAILROAD AV,LYONS AV,6,E,N,A,-,N,NA,NA,NA,NA,NA,NA,NA,NA,NA,N,4,0,1,2,A,-,10,21950,A,N,G,B,B,A,H,-,A,A,0,Y,NA,NA,NA,Y,NA,A,07,0,0,1,0,1,0,0,0,0,-,-,34.381980895996094,-118.52924346923828,LOS ANGELES,SANTA CLARITA,-118.529052734375,34.381866455078125
8890567,2019,2019-07-12,1942,2019-06-13,1850,43165,1539,4,5,7,1942,0,0,0,O,0,15A39,CAHUENGA BL,WHITNALL HWY,0,NA,Y,A,-,N,NA,NA,NA,NA,NA,NA,NA,NA,NA,Y,4,0,2,2,A,-,09,21802,A,N,D,C,A,A,H,-,A,-,0,NA,NA,NA,NA,Y,NA,A,01,0,0,2,0,0,0,0,0,0,-,-,NA,NA,LOS ANGELES,LOS ANGELES,-118.361572265625,34.17613983154297
8890568,2019,2019-07-11,1942,2019-06-12,1505,27595,1506,3,5,7,1942,0,0,0,O,0,15A3,SATICOY ST,VINELAND AV,3,W,N,A,-,N,NA,NA,NA,NA,NA,NA,NA,NA,NA,N,4,0,1,2,A,-,09,21804,A,N,D,G,A,A,H,-,A,A,0,NA,Y,NA,NA,Y,NA,L,04,0,0,1,0,0,0,1,0,0,-,-,NA,NA,LOS ANGELES,LOS ANGELES,-118.3703384399414,34.208438873291016
8890569,2019,2019-07-11,1942,2019-06-10,1250,30830,1549,1,5,7,1942,0,0,0,O,0,15A39,BURBANK BL,FULCHER AV,0,NA,Y,A,-,N,NA,NA,NA,NA,NA,NA,NA,NA,NA,N,4,0,1,2,A,-,09,21802,A,N,D,C,A,A,H,-,A,D,0,NA,NA,NA,NA,Y,NA,A,01,0,0,1,0,0,0,0,0,0,-,-,NA,NA,LOS ANGELES,LOS ANGELES,-118.373046875,34.172149658203125
8890570,2019,2019-07-11,1942,2019-06-19,1000,33340,1063,3,5,7,1942,0,0,0,J,0,NA,VENTURA BL,YOLANDA AV,26,W,N,A,-,N,NA,NA,NA,NA,NA,NA,NA,NA,NA,Y,4,0,1,3,A,-,04,21703,NA,N,C,C,A,A,H,-,A,A,0,NA,NA,NA,NA,Y,NA,A,01,0,0,1,0,0,0,0,0,0,-,-,NA,NA,LOS ANGELES,LOS ANGELES,-118.54080963134766,34.170711517333984
8890571,2019,2019-07-11,1942,2019-06-12,1925,39746,1545,3,5,7,1942,0,0,0,O,0,15A43,RIVERSIDE DR,COLFAX AV,0,NA,Y,A,-,N,NA,NA,NA,NA,NA,NA,NA,NA,NA,N,4,0,2,2,A,-,09,21801,A,N,-,C,A,A,H,-,A,A,0,NA,NA,NA,NA,Y,NA,A,01,0,0,2,0,0,0,0,0,0,-,-,NA,NA,LOS ANGELES,LOS ANGELES,-118.38775634765624,34.157630920410156