CASE_ID,ACCIDENT_YEAR,PROC_DATE,JURIS,COLLISION_DATE,COLLISION_TIME,OFFICER_ID,REPORTING_DISTRICT,DAY_OF_WEEK,CHP_SHIFT,POPULATION,CNTY_CITY_LOC,SPECIAL_COND,BEAT_TYPE,CHP_BEAT_TYPE,CITY_DIVISION_LAPD,CHP_BEAT_CLASS,BEAT_NUMBER,PRIMARY_RD,SECONDARY_RD,DISTANCE,DIRECTION,INTERSECTION,WEATHER_1,WEATHER_2,STATE_HWY_IND,CALTRANS_COUNTY,CALTRANS_DISTRICT,STATE_ROUTE,ROUTE_SUFFIX,POSTMILE_PREFIX,POSTMILE,LOCATION_TYPE,RAMP_INTERSECTION,SIDE_OF_HWY,TOW_AWAY,COLLISION_SEVERITY,NUMBER_KILLED,NUMBER_INJURED,PARTY_COUNT,PRIMARY_COLL_FACTOR,PCF_CODE_OF_VIOL,PCF_VIOL_CATEGORY,PCF_VIOLATION,PCF_VIOL_SUBSECTION,HIT_AND_RUN,TYPE_OF_COLLISION,MVIW,PED_ACTION,ROAD_SURFACE,ROAD_COND_1,ROAD_COND_2,LIGHTING,CONTROL_DEVICE,CHP_ROAD_TYPE,PEDESTRIAN_ACCIDENT,BICYCLE_ACCIDENT,MOTORCYCLE_ACCIDENT,TRUCK_ACCIDENT,NOT_PRIVATE_PROPERTY,ALCOHOL_INVOLVED,STWD_VEHTYPE_AT_FAULT,CHP_VEHTYPE_AT_FAULT,COUNT_SEVERE_INJ,COUNT_VISIBLE_INJ,COUNT_COMPLAINT_PAIN,COUNT_PED_KILLED,COUNT_PED_INJURED,COUNT_BICYCLIST_KILLED,COUNT_BICYCLIST_INJURED,COUNT_MC_KILLED,COUNT_MC_INJURED,PRIMARY_RAMP,SECONDARY_RAMP,LATITUDE,LONGITUDE,COUNTY,CITY,POINT_X,POINT_Y
8893299,2019,2019-08-05,1942,2019-07-10,1545,36257,1531,3,5,7,1942,0,0,0,O,0,NA,COLDWATER CANYON AV,BURBANK BL,70,N,N,A,-,N,NA,NA,NA,NA,NA,NA,NA,NA,NA,Y,4,0,3,2,A,-,01,23152,A,N,C,C,A,A,H,-,A,D,0,NA,NA,NA,NA,Y,Y,A,01,0,0,3,0,0,0,0,0,0,-,-,NA,NA,LOS ANGELES,LOS ANGELES,-118.41362762451172,34.172298431396484
8893302,2019,2019-08-01,1941,2019-07-08,1615,11296,NA,1,5,7,1941,0,0,0,NA,0,NA,APPIAN WY,RAVENNA DR,0,NA,Y,A,-,N,NA,NA,NA,NA,NA,NA,NA,NA,NA,Y,3,0,1,2,A,-,09,21801,A,N,D,-,A,A,H,-,A,D,0,NA,NA,NA,NA,Y,NA,A,NA,0,1,0,0,0,0,0,0,0,-,-,NA,NA,LOS ANGELES,LONG BEACH,-118.12139892578124,33.75851058959961
8893306,2019,2019-08-01,1941,2019-07-01,1956,11352,NA,1,5,7,1941,0,0,0,NA,0,NA,PARAMOUNT BL,56TH ST,0,NA,Y,A,-,N,NA,NA,NA,NA,NA,NA,NA,NA,NA,Y,4,0,1,2,A,-,08,22107,NA,N,A,C,A,A,H,-,B,D,0,NA,NA,NA,NA,Y,NA,A,NA,0,0,1,0,0,0,0,0,0,-,-,NA,NA,LOS ANGELES,LONG BEACH,-118.1598892211914,33.857818603515625
8893345,2019,2019-08-01,1941,2019-07-07,1333,18996,NA,7,5,7,1941,0,0,0,NA,0,NA,ELM AV,HILL ST,60,S,N,A,-,N,NA,NA,NA,NA,NA,NA,NA,NA,NA,N,4,0,1,4,A,-,05,21651,C,F,B,B,E,A,H,-,A,D,0,Y,NA,NA,NA,Y,NA,A,NA,0,0,1,0,1,0,0,0,0,-,-,NA,NA,LOS ANGELES,LONG BEACH,-118.18826293945313,33.79695510864258
8893353,2019,2019-08-01,1941,2019-07-07,1700,10005,NA,7,5,7,1941,0,0,0,NA,0,NA,SHORELINE DR,SHORELINE VILLAGE DR,30,W,N,A,-,N,NA,NA,NA,NA,NA,NA,NA,NA,NA,Y,4,0,1,2,A,-,00,20001,A,M,C,C,A,A,H,-,A,A,0,NA,NA,NA,NA,Y,NA,A,NA,0,0,1,0,0,0,0,0,0,-,-,NA,NA,LOS ANGELES,LONG BEACH,-118.18941497802734,33.761802673339844
8893356,2019,2019-07-26,1942,2019-06-03,1147,43824,LOS A,1,5,7,1942,0,0,0,NA,0,16A77,SAN FERNANDO RD,PENROSE,20,S,N,A,-,N,NA,NA,NA,NA,NA,NA,NA,NA,NA,Y,4,0,1,3,A,-,12,21453,A,N,D,C,A,A,-,-,A,A,0,NA,NA,NA,NA,Y,NA,D,22,0,0,1,0,0,0,0,0,0,-,-,NA,NA,LOS ANGELES,LOS ANGELES,-118.37734222412108,34.22476577758789
8893357,2019,2019-08-01,1941,2019-07-07,0056,11409,NA,7,5,7,1941,0,0,0,NA,0,NA,8TH ST,MAGNOLIA AV,0,NA,Y,A,-,N,NA,NA,NA,NA,NA,NA,NA,NA,NA,Y,4,0,1,2,A,-,08,22107,NA,M,A,C,A,A,H,-,C,D,0,NA,NA,NA,NA,Y,Y,A,NA,0,0,1,0,0,0,0,0,0,-,-,NA,NA,LOS ANGELES,LONG BEACH,-118.1980438232422,33.776588439941406
8893360,2019,2019-09-25,1942,2019-06-05,1350,43824,LAPD,3,5,7,1942,0,0,0,NA,0,16A77,OSBORNE ST,HADDON ST,46,W,N,A,-,N,NA,NA,NA,NA,NA,NA,NA,NA,NA,Y,4,0,3,2,A,-,08,22103,NA,N,D,C,A,A,-,-,A,D,0,NA,NA,NA,Y,Y,NA,F,26,0,0,3,0,0,0,0,0,0,-,-,NA,NA,LOS ANGELES,LOS ANGELES,-118.41637420654295,34.249176025390625
8893369,2019,2019-07-29,1900,2019-06-01,1950,600059,1432,6,5,4,1937,0,0,0,NA,0,143T1,HACIENDA BL,FAIRGROVE AV,20,S,N,A,-,N,NA,NA,NA,NA,NA,NA,NA,NA,NA,N,3,0,1,2,A,-,05,21651,B,N,D,G,A,A,H,-,C,A,0,NA,Y,NA,NA,Y,NA,L,04,0,1,0,0,0,0,1,0,0,-,-,34.041988372802734,-117.94950103759766,LOS ANGELES,LA PUENTE,-117.94954681396484,34.042083740234375
8893397,2019,2019-07-23,1942,2019-06-28,1220,41729,0359,5,5,7,1942,0,0,0,C,0,25TL41,S FIGUEROA ST,38TH ST,0,NA,Y,A,-,N,NA,NA,NA,NA,NA,NA,NA,NA,NA,Y,4,0,2,2,A,-,09,21801,A,N,D,C,A,A,H,-,A,A,0,NA,NA,NA,NA,Y,NA,A,01,0,0,2,0,0,0,0,0,0,-,-,NA,NA,LOS ANGELES,LOS ANGELES,-118.2827606201172,34.015750885009766
8893401,2019,2019-08-15,1942,2019-07-02,1455,42011,0343,2,5,7,1942,0,0,0,C,0,25TL24,LA BREA AV,COLISEUM ST,200,N,N,A,-,N,NA,NA,NA,NA,NA,NA,NA,NA,NA,N,4,0,1,3,A,-,04,21703,NA,F,C,C,A,A,H,-,A,D,0,NA,NA,NA,NA,Y,NA,-,99,0,0,1,0,0,0,0,0,0,-,-,NA,NA,LOS ANGELES,LOS ANGELES,-118.3555908203125,34.01885986328125
8893405,2019,2019-08-15,1942,2019-07-01,1650,39745,0392,1,5,7,1942,0,0,0,C,0,3A73,ARLINGTON AV,W 48TH ST,301,N,N,A,-,N,NA,NA,NA,NA,NA,NA,NA,NA,NA,N,4,0,1,2,A,-,04,21703,NA,N,C,C,A,A,H,-,A,D,0,NA,NA,NA,NA,Y,NA,A,07,0,0,1,0,0,0,0,0,0,-,-,NA,NA,LOS ANGELES,LOS ANGELES,-118.31814575195313,34.00083541870117
8893409,2019,2019-08-15,1942,2019-07-03,0630,33599,0395,3,5,7,1942,0,0,0,C,0,12A3,W VERNON AV,S HOBART BL,0,NA,Y,A,-,N,NA,NA,NA,NA,NA,NA,NA,NA,NA,N,3,0,1,2,A,-,07,21658,A,N,D,G,A,A,H,-,A,A,0,NA,Y,NA,NA,Y,NA,L,04,0,1,0,0,0,0,1,0,0,-,-,NA,NA,LOS ANGELES,LOS ANGELES,-118.30780029296876,34.003719329833984
8893413,2019,2019-08-15,1942,2019-07-03,2050,37724,0325,3,5,7,1942,0,0,0,C,0,3A57,ELLENDALE PL,W 29TH ST,5,S,N,A,-,N,NA,NA,NA,NA,NA,NA,NA,NA,NA,N,4,0,1,2,A,-,10,21950,A,N,G,B,B,A,H,-,C,A,0,Y,NA,NA,NA,Y,NA,A,01,0,0,1,0,1,0,0,0,0,-,-,NA,NA,LOS ANGELES,LOS ANGELES,-118.2888412475586,34.02840042114258
8893442,2019,2019-08-01,1942,2019-07-09,1155,35257,1503,2,5,7,1942,0,0,0,O,0,NA,LAUREL CANYON BL,RUNNYMEDE ST,54,S,N,A,-,N,NA,NA,NA,NA,NA,NA,NA,NA,NA,N,4,0,1,2,A,-,09,21804,A,F,D,G,A,A,H,-,A,D,0,NA,Y,NA,NA,Y,NA,-,99,0,0,1,0,0,0,1,0,0,-,-,NA,NA,LOS ANGELES,LOS ANGELES,-118.3965301513672,34.20560073852539
8893446,2019,2019-08-01,1942,2019-07-08,0745,39217,1012,1,5,7,1942,0,0,0,J,0,10A3,WILBUR AV,SATICOY ST,40,S,N,A,-,N,NA,NA,NA,NA,NA,NA,NA,NA,NA,Y,3,0,1,2,A,-,03,22350,NA,N,D,C,A,A,H,-,A,D,0,NA,NA,NA,NA,Y,NA,A,01,0,1,0,0,0,0,0,0,0,-,-,NA,NA,LOS ANGELES,LOS ANGELES,-118.54478454589844,34.208251953125
8893450,2019,2020-03-05,1942,2019-07-08,2200,37613,1511,1,5,7,1942,0,0,0,O,0,15A21,ETHEL AV,SHERMAN WY,5,S,N,A,-,N,NA,NA,NA,NA,NA,NA,NA,NA,NA,N,4,0,1,2,A,-,08,22107,NA,F,H,G,A,A,H,-,C,A,0,NA,Y,NA,NA,Y,NA,-,99,0,0,1,0,0,0,1,0,0,-,-,NA,NA,LOS ANGELES,LOS ANGELES,-118.41815185546876,34.20118713378906
8893454,2019,2019-08-01,1942,2019-07-01,1811,34862,926,1,5,7,1942,0,0,0,NA,0,0LA,KITTRIDGE ST,SYLMAR AV,0,NA,Y,A,-,N,NA,NA,NA,NA,NA,NA,NA,NA,NA,N,4,0,2,2,A,-,12,22450,NA,F,D,C,A,A,H,-,A,D,0,NA,NA,NA,NA,Y,NA,-,99,0,0,2,0,0,0,0,0,0,-,-,NA,NA,LOS ANGELES,LOS ANGELES,-118.446533203125,34.190670013427734
8893458,2019,2019-08-01,1942,2019-07-09,0730,39473,1018,2,5,7,1942,0,0,0,J,0,15TL45,VICTORY BL,HAYVENHURST AV,50,E,N,A,-,N,NA,NA,NA,NA,NA,NA,NA,NA,NA,N,4,0,1,2,A,-,03,22350,NA,F,C,C,A,A,H,-,A,A,0,NA,NA,NA,NA,Y,NA,-,99,0,0,1,0,0,0,0,0,0,-,-,NA,NA,LOS ANGELES,LOS ANGELES,-118.4922332763672,34.18661117553711
8893462,2019,2019-08-01,1942,2019-07-09,2125,38613,1723,2,5,7,1942,0,0,0,Q,0,17A23,DE SOTO AV,RINALDI ST,60,S,N,A,-,N,NA,NA,NA,NA,NA,NA,NA,NA,NA,Y,4,0,1,2,A,-,03,22350,NA,F,C,C,A,A,H,-,C,A,0,NA,NA,NA,NA,Y,NA,A,01,0,0,1,0,0,0,0,0,0,-,-,NA,NA,LOS ANGELES,LOS ANGELES,-118.5885772705078,34.26985549926758
8893466,2019,2019-08-01,1942,2019-07-09,1300,38017,1008,2,5,7,1942,0,0,0,J,0,35M44W,ARMINTA ST,WOODLEY AV,30,E,N,A,-,N,NA,NA,NA,NA,NA,NA,NA,NA,NA,N,4,0,1,2,A,-,08,22107,NA,F,B,B,D,A,H,-,A,D,0,Y,NA,NA,NA,Y,NA,-,99,0,0,1,0,1,0,0,0,0,-,-,NA,NA,LOS ANGELES,LOS ANGELES,-118.48358917236328,34.213890075683594
8893510,2019,2019-08-01,1944,2019-07-09,0835,353,SB,2,5,4,1944,0,0,0,NA,0,004,MARINE AV,CEDAR AV,0,NA,Y,B,-,N,NA,NA,NA,NA,NA,NA,NA,NA,NA,Y,4,0,1,2,A,-,12,21453,A,N,D,C,A,A,H,-,A,A,0,NA,NA,NA,NA,Y,NA,A,07,0,0,1,0,0,0,0,0,0,-,-,NA,NA,LOS ANGELES,MANHATTAN BEACH,-118.39485168457033,33.894710540771484
8893519,2019,2019-08-14,1942,2019-07-05,1920,43515,0906,5,5,7,1942,0,0,0,I,0,9X84,LENNOX AV,SHERMAN WAY,170,N,N,A,-,N,NA,NA,NA,NA,NA,NA,NA,NA,NA,N,4,0,1,4,A,-,03,22350,NA,F,A,C,A,A,H,-,A,A,0,NA,NA,NA,NA,Y,NA,A,01,0,0,1,0,0,0,0,0,0,-,-,NA,NA,LOS ANGELES,LOS ANGELES,-118.44625091552734,34.20166778564453
8893522,2019,2019-08-12,1942,2019-06-02,0215,38049,1677,7,5,7,1942,0,0,0,P,0,16A77,GLENOAKS BL,GLENCREST DR,75,S,N,A,-,N,NA,NA,NA,NA,NA,NA,NA,NA,NA,Y,4,0,2,1,A,-,03,22350,NA,N,E,I,A,A,H,-,C,D,0,NA,NA,NA,NA,Y,NA,A,01,0,0,2,0,0,0,0,0,0,-,-,NA,NA,LOS ANGELES,LOS ANGELES,-118.34539794921876,34.210411071777344
8893526,2019,2019-08-12,1942,2019-06-03,1445,37330,LOS A,1,5,7,1942,0,0,0,NA,0,16A77,STONEHURST,ART,113,E,N,A,-,N,NA,NA,NA,NA,NA,NA,NA,NA,NA,N,4,0,2,2,A,-,21,22106,NA,N,C,C,A,A,H,-,A,D,0,NA,NA,NA,NA,Y,NA,A,01,0,0,2,0,0,0,0,0,0,-,-,NA,NA,LOS ANGELES,LOS ANGELES,-118.36936950683594,34.24875259399414
8893532,2019,2019-07-23,1942,2019-06-18,0810,27792,1747,2,5,7,1942,0,0,0,Q,0,17A49,HAYVENHURST AV,DEVONSHIRE ST,0,NA,Y,B,-,N,NA,NA,NA,NA,NA,NA,NA,NA,NA,Y,4,0,3,2,A,-,12,21453,A,N,D,C,A,A,H,-,A,A,0,NA,NA,NA,NA,Y,NA,A,01,0,0,3,0,0,0,0,0,0,-,-,NA,NA,LOS ANGELES,LOS ANGELES,-118.49359893798828,34.25746154785156
8893540,2019,2019-07-23,1942,2019-06-20,1920,40876,1782,4,5,7,1942,0,0,0,Q,0,NA,TAMPA AV,BUSINESS CENTER DR,0,NA,Y,A,-,N,NA,NA,NA,NA,NA,NA,NA,NA,NA,Y,3,0,2,2,D,-,00,NA,NA,N,D,C,A,A,H,-,A,A,0,NA,NA,NA,NA,Y,NA,-,-,0,2,0,0,0,0,0,0,0,-,-,NA,NA,LOS ANGELES,LOS ANGELES,-118.55355072021484,34.230960845947266
8893541,2019,2019-09-05,1942,2019-06-23,0915,38185,1777,7,5,7,1942,0,0,0,Q,0,17A95,WOODLEY AV,TUPPER ST,0,NA,Y,A,-,N,NA,NA,NA,NA,NA,NA,NA,NA,NA,Y,4,0,2,2,A,-,12,21453,A,N,D,C,A,A,H,-,A,A,0,NA,NA,NA,NA,Y,NA,-,-,0,0,2,0,0,0,0,0,0,-,-,NA,NA,LOS ANGELES,LOS ANGELES,-118.48503112792967,34.239288330078125
8893546,2019,2019-08-12,1942,2019-06-27,0520,33838,1602,4,5,7,1942,0,0,0,P,0,16A71,PAXTON ST,DRONFIELD,0,E,N,A,-,N,NA,NA,NA,NA,NA,NA,NA,NA,NA,N,3,0,1,2,A,-,08,22107,NA,N,B,E,A,A,H,-,B,A,0,NA,NA,NA,NA,Y,NA,-,NA,0,1,0,0,0,0,0,0,0,-,-,NA,NA,LOS ANGELES,LOS ANGELES,-118.41145324707033,34.284420013427734
8893549,2019,2019-08-12,1942,2019-06-19,0530,42408,1777,3,5,7,1942,0,0,0,Q,0,17A49,PLUMMER ST,WOODLEY AV,0,NA,Y,A,-,N,NA,NA,NA,NA,NA,NA,NA,NA,NA,Y,4,0,2,2,A,-,09,21804,A,N,B,C,A,A,H,-,A,D,0,NA,NA,NA,NA,Y,NA,A,01,0,0,2,0,0,0,0,0,0,-,-,34.24290084838867,-118.48560333251952,LOS ANGELES,LOS ANGELES,-118.48502349853516,34.2429084777832
8893550,2019,2019-08-12,1942,2019-06-29,1420,38017,1708,6,5,7,1942,0,0,0,Q,0,17A49,WOODLEY AV,HALSEY ST,0,NA,Y,A,-,N,NA,NA,NA,NA,NA,NA,NA,NA,NA,Y,4,0,3,2,A,-,09,21802,A,N,D,C,A,A,H,-,A,D,0,NA,NA,NA,NA,Y,NA,A,01,0,0,3,0,0,0,0,0,0,-,-,NA,NA,LOS ANGELES,LOS ANGELES,-118.48477935791016,34.27988815307617
8893553,2019,2019-08-12,1942,2019-06-21,1055,43766,1781,5,5,7,1942,0,0,0,Q,0,NA,DE SOTO AV,OSBORNE ST,0,NA,Y,A,-,N,NA,NA,NA,NA,NA,NA,NA,NA,NA,Y,4,0,1,3,A,-,09,21801,A,N,B,C,A,A,H,-,A,D,0,NA,NA,NA,NA,Y,NA,A,01,0,0,1,0,0,0,0,0,0,-,-,NA,NA,LOS ANGELES,LOS ANGELES,-118.58856201171876,34.23305130004883
8893554,2019,2019-08-12,1942,2019-06-05,1725,32372,1676,3,5,7,1942,0,0,0,P,0,16A77,GLENOAKS BL,ROSCOE BL,144,N,N,A,-,N,NA,NA,NA,NA,NA,NA,NA,NA,NA,N,3,0,1,1,A,-,03,22350,NA,N,E,I,A,A,H,-,A,D,0,NA,NA,NA,NA,Y,NA,A,01,0,1,0,0,0,0,0,0,0,-,-,NA,NA,LOS ANGELES,LOS ANGELES,-118.35954284667967,34.222721099853516
8893556,2019,2019-07-23,1944,2019-06-03,2004,365,I944,1,5,4,1944,0,0,0,NA,0,004,SEPULVEDA BL,MARINE AV,0,NA,Y,A,-,N,NA,NA,NA,NA,NA,NA,NA,NA,NA,N,4,0,1,2,A,-,08,22107,NA,N,B,C,A,A,H,-,B,A,0,NA,NA,Y,NA,Y,NA,A,01,0,0,1,0,0,0,0,0,1,-,-,NA,NA,LOS ANGELES,MANHATTAN BEACH,-118.39608001708984,33.89461898803711
8893558,2019,2019-08-12,1942,2019-06-09,1300,40165,1619,7,5,7,1942,0,0,0,P,0,16A59,BIG TUJUNGA CANYON RD,MOUNT GLEASON AV,3000,N,N,A,-,N,NA,NA,NA,NA,NA,NA,NA,NA,NA,Y,3,0,1,1,A,-,08,22107,NA,N,E,I,A,A,H,-,A,D,0,NA,NA,NA,NA,Y,NA,A,01,0,1,0,0,0,0,0,0,0,-,-,NA,NA,LOS ANGELES,LOS ANGELES,-118.29328155517578,34.28257751464844
8893560,2019,2019-07-23,1944,2019-06-18,1926,367,1944,2,5,4,1944,0,0,0,NA,0,NA,27TH ST,MANHATTAN AV,6,E,N,A,-,N,NA,NA,NA,NA,NA,NA,NA,NA,NA,N,4,0,1,2,A,-,09,21802,A,N,D,C,A,A,H,-,B,A,0,NA,NA,NA,NA,Y,NA,A,01,0,0,1,0,0,0,0,0,0,-,-,NA,NA,LOS ANGELES,MANHATTAN BEACH,-118.41614532470705,33.894466400146484
8893562,2019,2019-08-12,1942,2019-06-05,1420,32372,1641,3,5,7,1942,0,0,0,P,0,16A23,LAUREL CANYON BL,TERRA BELLA ST,2,N,N,A,-,N,NA,NA,NA,NA,NA,NA,NA,NA,NA,N,4,0,1,1,A,-,08,22107,NA,N,E,I,A,A,H,-,A,D,0,NA,NA,NA,NA,Y,NA,A,01,0,0,1,0,0,0,0,0,0,-,-,NA,NA,LOS ANGELES,LOS ANGELES,-118.4258041381836,34.25283432006836
8893564,2019,2019-07-23,1944,2019-07-01,1701,345,SOUTH,1,5,4,1944,0,0,0,NA,0,004,AVIATION BL,SPACE PARK DR,350,S,N,A,-,N,NA,NA,NA,NA,NA,NA,NA,NA,NA,Y,4,0,1,2,A,-,01,23152,F,N,A,C,A,A,H,-,A,D,0,NA,NA,NA,NA,Y,NA,A,01,0,0,1,0,0,0,0,0,0,-,-,NA,NA,LOS ANGELES,MANHATTAN BEACH,-118.37867736816406,33.89019012451172
8893565,2019,2019-08-12,1942,2019-06-19,1320,41729,0314,3,5,7,1942,0,0,0,C,0,3A15,W ADAMS BL,3RD AV,0,NA,Y,A,-,N,NA,NA,NA,NA,NA,NA,NA,NA,NA,Y,4,0,3,2,A,-,09,21802,A,N,D,C,A,A,H,-,A,D,0,NA,NA,NA,NA,Y,Y,A,01,0,0,3,0,0,0,0,0,0,-,-,NA,NA,LOS ANGELES,LOS ANGELES,-118.32003784179688,34.032630920410156
8893566,2019,2019-08-12,1942,2019-06-08,1155,32372,1656,6,5,7,1942,0,0,0,P,0,16A35,ELDORA AV,APPERSON ST,0,NA,Y,A,-,N,NA,NA,NA,NA,NA,NA,NA,NA,NA,N,3,0,2,3,A,-,12,22450,A,N,D,C,A,A,H,-,A,A,0,NA,NA,NA,NA,Y,NA,A,01,0,1,1,0,0,0,0,0,0,-,-,NA,NA,LOS ANGELES,LOS ANGELES,-118.31490325927734,34.25606155395508
8893568,2019,2019-07-23,1944,2019-07-03,2048,294,SOUTH,3,5,4,1944,0,0,0,NA,0,2T1,HIGHLAND AV,ROSECRANS AV,78,S,N,A,-,N,NA,NA,NA,NA,NA,NA,NA,NA,NA,Y,4,0,1,2,A,-,03,22350,NA,F,C,C,A,A,H,-,C,A,0,NA,NA,NA,NA,Y,NA,A,01,0,0,1,0,0,0,0,0,0,-,-,NA,NA,LOS ANGELES,MANHATTAN BEACH,-118.41773223876952,33.900787353515625
8893569,2019,2019-08-12,1900,2019-06-30,1536,506363,1413,7,5,1,1932,0,0,0,NA,0,141T5,DON JULIAN RD,7TH AV,30,E,N,A,-,N,NA,NA,NA,NA,NA,NA,NA,NA,NA,N,4,0,1,2,A,-,03,22350,NA,N,C,C,A,A,H,-,A,A,0,NA,NA,NA,NA,Y,NA,A,07,0,0,1,0,0,0,0,0,0,-,-,34.02886962890625,-117.98020935058594,LOS ANGELES,INDUSTRY,-117.9804458618164,34.02902603149414
8893570,2019,2019-08-12,1942,2019-06-29,1140,39048,1735,6,5,7,1942,0,0,0,Q,0,17A35,SAN FERNANDO MISSION BL,PASO ROBLES AV,183,W,N,A,-,N,NA,NA,NA,NA,NA,NA,NA,NA,NA,Y,2,0,1,3,A,-,09,21804,A,N,B,C,A,A,H,-,A,A,0,NA,NA,Y,NA,Y,NA,A,07,1,0,0,0,0,0,0,0,1,-,-,NA,NA,LOS ANGELES,LOS ANGELES,-118.50391387939452,34.27203369140625
8893573,2019,2019-08-12,1900,2019-06-19,0030,532991,1413,3,5,1,1932,0,0,0,NA,0,141T1,7TH AV,SALT LAKE AV,0,NA,Y,A,-,N,NA,NA,NA,NA,NA,NA,NA,NA,NA,Y,2,0,1,2,A,-,08,22107,NA,N,D,G,A,A,H,-,C,A,0,NA,Y,NA,NA,Y,NA,L,04,1,0,0,0,0,0,1,0,0,-,-,34.024681091308594,-117.98494720458984,LOS ANGELES,INDUSTRY,-117.98496246337892,34.02457046508789
8893574,2019,2019-08-12,1942,2019-06-25,0810,42296,1785,2,5,7,1942,0,0,0,Q,0,17A67,NORDHOFF ST,DARBY AV,0,NA,Y,B,-,N,NA,NA,NA,NA,NA,NA,NA,NA,NA,Y,4,0,2,2,A,-,09,21801,A,N,D,C,A,A,H,-,A,A,0,NA,NA,NA,NA,Y,NA,A,01,0,0,2,0,0,0,0,0,0,-,-,NA,NA,LOS ANGELES,LOS ANGELES,-118.53379058837892,34.235450744628906
8893577,2019,2019-08-12,1942,2019-06-28,1435,42011,0341,5,5,7,1942,0,0,0,C,0,25T22,OBAMA BL,KALSMAN DR,95,E,N,A,-,N,NA,NA,NA,NA,NA,NA,NA,NA,NA,N,4,0,1,2,A,-,08,22107,NA,N,B,C,A,A,H,-,A,A,0,NA,NA,NA,NA,Y,NA,A,01,0,0,1,0,0,0,0,0,0,-,-,NA,NA,LOS ANGELES,LOS ANGELES,-118.374373,34.021804
8893578,2019,2019-09-04,1942,2019-06-26,1055,31931,1767,3,5,7,1942,0,0,0,Q,0,35M28,RESEDA BL,PLUMMER ST,200,N,N,A,-,N,NA,NA,NA,NA,NA,NA,NA,NA,NA,N,3,0,2,2,A,-,09,21801,A,N,D,C,A,A,H,-,A,A,0,NA,NA,NA,NA,Y,NA,A,01,0,2,0,0,0,0,0,0,0,-,-,NA,NA,LOS ANGELES,LOS ANGELES,-118.53607940673828,34.243289947509766
8893581,2019,2019-09-04,1942,2019-06-28,0830,41729,0363,5,5,7,1942,0,0,0,C,0,3A63,STOCKER ST,ANGELES VISTA BL,0,NA,Y,A,-,N,NA,NA,NA,NA,NA,NA,NA,NA,NA,Y,4,0,2,2,A,-,09,21801,A,N,D,C,A,-,H,-,A,A,0,NA,NA,NA,NA,Y,NA,A,01,0,0,2,0,0,0,0,0,0,-,-,NA,NA,LOS ANGELES,LOS ANGELES,-118.33734893798828,34.007110595703125
8893582,2019,2019-08-12,1942,2019-06-28,1510,40574,1708,5,5,7,1942,0,0,0,Q,0,17A49,SAN FERNANDO RD,SEPULVEDA BL,0,NA,Y,A,-,N,NA,NA,NA,NA,NA,NA,NA,NA,NA,Y,3,0,2,2,A,-,09,21802,A,N,-,C,A,-,H,-,A,D,0,NA,NA,NA,NA,Y,NA,A,07,0,2,0,0,0,0,0,0,0,-,-,NA,NA,LOS ANGELES,LOS ANGELES,-118.49066162109376,34.31510925292969
8893585,2019,2019-08-12,1942,2019-06-25,0850,41747,0358,2,5,7,1942,0,0,0,C,0,3A57,DOWNEY WY,WATT WY,300,E,N,A,-,N,NA,NA,NA,NA,NA,NA,NA,NA,NA,N,3,0,1,2,A,-,08,22107,NA,N,H,G,A,A,H,-,A,D,0,NA,Y,NA,NA,Y,NA,M,96,0,1,0,0,0,0,1,0,0,-,-,NA,NA,LOS ANGELES,LOS ANGELES,-118.286866,34.019992
8893586,2019,2019-09-05,1942,2019-06-27,1245,38827,1717,4,5,7,1942,0,0,0,Q,0,17A67,WOODLEY AV,SAN FERNANDO MISSION BL,0,NA,Y,A,-,N,NA,NA,NA,NA,NA,NA,NA,NA,NA,N,4,0,3,2,A,-,12,21453,A,N,D,C,A,A,H,-,A,A,0,NA,NA,NA,NA,Y,NA,-,NA,0,0,3,0,0,0,0,0,0,-,-,NA,NA,LOS ANGELES,LOS ANGELES,-118.48470306396484,34.27191925048828
8893589,2019,2019-08-12,1942,2019-06-25,2106,41983,0362,2,5,7,1942,0,0,0,C,0,3A63,MARTIN LUTHER KING JR BL,COLISEUM ST,10,E,N,A,-,N,NA,NA,NA,NA,NA,NA,NA,NA,NA,Y,2,0,1,2,A,-,10,21950,A,F,G,B,E,A,H,-,C,D,0,Y,NA,NA,NA,Y,NA,-,99,1,0,0,0,1,0,0,0,0,-,-,NA,NA,LOS ANGELES,LOS ANGELES,-118.345947265625,34.01746368408203
8893590,2019,2019-08-12,1942,2019-06-23,0300,40029,1775,7,5,7,1942,0,0,0,Q,0,17A81,NORDHOFF ST,BALBOA BL,0,NA,Y,A,-,N,NA,NA,NA,NA,NA,NA,NA,NA,NA,N,3,0,1,2,A,-,12,21453,A,N,D,C,A,A,H,-,C,A,0,NA,NA,NA,NA,Y,NA,A,01,0,1,0,0,0,0,0,0,0,-,-,NA,NA,LOS ANGELES,LOS ANGELES,-118.50251007080078,34.235721588134766
8893593,2019,2019-08-12,1942,2019-06-27,1945,42665,0361,4,5,7,1942,0,0,0,C,0,25TL25,OBAMA BL,LA BREA AV,86,E,N,A,-,N,NA,NA,NA,NA,NA,NA,NA,NA,NA,N,4,0,1,2,B,-,22,NA,NA,N,G,B,F,A,H,-,C,D,0,Y,NA,NA,NA,Y,NA,A,07,0,0,1,0,1,0,0,0,0,-,-,NA,NA,LOS ANGELES,LOS ANGELES,-118.355321,34.021517