CASE_ID,ACCIDENT_YEAR,PROC_DATE,JURIS,COLLISION_DATE,COLLISION_TIME,OFFICER_ID,REPORTING_DISTRICT,DAY_OF_WEEK,CHP_SHIFT,POPULATION,CNTY_CITY_LOC,SPECIAL_COND,BEAT_TYPE,CHP_BEAT_TYPE,CITY_DIVISION_LAPD,CHP_BEAT_CLASS,BEAT_NUMBER,PRIMARY_RD,SECONDARY_RD,DISTANCE,DIRECTION,INTERSECTION,WEATHER_1,WEATHER_2,STATE_HWY_IND,CALTRANS_COUNTY,CALTRANS_DISTRICT,STATE_ROUTE,ROUTE_SUFFIX,POSTMILE_PREFIX,POSTMILE,LOCATION_TYPE,RAMP_INTERSECTION,SIDE_OF_HWY,TOW_AWAY,COLLISION_SEVERITY,NUMBER_KILLED,NUMBER_INJURED,PARTY_COUNT,PRIMARY_COLL_FACTOR,PCF_CODE_OF_VIOL,PCF_VIOL_CATEGORY,PCF_VIOLATION,PCF_VIOL_SUBSECTION,HIT_AND_RUN,TYPE_OF_COLLISION,MVIW,PED_ACTION,ROAD_SURFACE,ROAD_COND_1,ROAD_COND_2,LIGHTING,CONTROL_DEVICE,CHP_ROAD_TYPE,PEDESTRIAN_ACCIDENT,BICYCLE_ACCIDENT,MOTORCYCLE_ACCIDENT,TRUCK_ACCIDENT,NOT_PRIVATE_PROPERTY,ALCOHOL_INVOLVED,STWD_VEHTYPE_AT_FAULT,CHP_VEHTYPE_AT_FAULT,COUNT_SEVERE_INJ,COUNT_VISIBLE_INJ,COUNT_COMPLAINT_PAIN,COUNT_PED_KILLED,COUNT_PED_INJURED,COUNT_BICYCLIST_KILLED,COUNT_BICYCLIST_INJURED,COUNT_MC_KILLED,COUNT_MC_INJURED,PRIMARY_RAMP,SECONDARY_RAMP,LATITUDE,LONGITUDE,COUNTY,CITY,POINT_X,POINT_Y
8897897,2019,2019-08-07,1905,2019-04-17,2036,1161,445,3,5,4,1905,0,0,0,NA,0,001,E ARROW HWY,S CITRUS AV,39,W,N,A,-,N,NA,NA,NA,NA,NA,NA,NA,NA,NA,N,3,0,1,3,A,-,03,22350,NA,N,B,C,A,A,H,-,C,A,0,NA,NA,Y,NA,Y,NA,C,02,0,1,0,0,0,0,0,0,1,-,-,NA,NA,LOS ANGELES,AZUSA,-117.89039611816406,34.1068115234375
8897900,2019,2019-07-29,1900,2019-07-15,1745,618405,2114,1,5,5,1943,0,0,0,NA,0,212T3,MLK JR BL,MYRIEL DR,65,W,N,A,-,N,NA,NA,NA,NA,NA,NA,NA,NA,NA,Y,3,0,1,5,A,-,05,21651,B,N,D,C,A,A,H,-,A,A,0,NA,NA,NA,NA,Y,NA,A,01,0,1,0,0,0,0,0,0,0,-,-,NA,NA,LOS ANGELES,LYNWOOD,-118.19373321533205,33.92490768432617
8897907,2019,2019-07-29,1942,2019-06-19,1300,40141,2177,3,5,7,1942,0,0,0,NA,0,21A97,CANOGA AV,BURBANK BL,0,NA,Y,A,-,N,NA,NA,NA,NA,NA,NA,NA,NA,NA,Y,4,0,1,3,A,-,09,21801,A,N,D,C,A,A,H,-,A,A,0,NA,NA,NA,NA,Y,NA,A,01,0,0,1,0,0,0,0,0,0,-,-,NA,NA,LOS ANGELES,LOS ANGELES,-118.5974578857422,34.17327880859375
8897909,2019,2019-08-07,1905,2019-04-13,1827,1173,812,6,5,4,1905,0,0,0,NA,0,002,SAN GABRIEL CANYON RD,RANCH RD,0,NA,Y,A,-,N,NA,NA,NA,NA,NA,NA,NA,NA,NA,N,3,0,2,2,A,-,02,22400,A,N,C,C,A,A,H,-,A,A,0,NA,NA,Y,NA,Y,NA,A,01,0,1,1,0,0,0,0,0,1,-,-,NA,NA,LOS ANGELES,AZUSA,-117.91055297851564,34.15877151489258
8897911,2019,2019-07-26,1942,2019-06-07,1610,43062,2155,5,5,7,1942,0,0,0,NA,0,21A42,SHOUP AV,VICTORY BL,0,NA,Y,A,-,N,NA,NA,NA,NA,NA,NA,NA,NA,NA,N,4,0,1,2,A,-,08,22101,D,N,B,C,A,A,H,-,A,D,0,NA,NA,NA,NA,Y,NA,-,NA,0,0,1,0,0,0,0,0,0,-,-,NA,NA,LOS ANGELES,LOS ANGELES,-118.61457061767578,34.18645095825195
8897912,2019,2019-07-29,1900,2019-07-09,1553,520671,2925,2,5,5,1990,0,0,0,NA,0,292T1,DIAMOND BAR BL,MAPLE HILL RD,0,NA,Y,A,-,N,NA,NA,NA,NA,NA,NA,NA,NA,NA,Y,3,0,1,2,A,-,09,21801,A,N,D,C,A,A,H,-,A,A,0,NA,NA,NA,NA,Y,NA,A,01,0,1,0,0,0,0,0,0,0,-,-,33.9901008605957,-117.8198013305664,LOS ANGELES,DIAMOND BAR,-117.81989288330078,33.990081787109375
8897913,2019,2019-08-07,1905,2019-04-10,1533,1154,71,3,5,4,1905,0,0,0,NA,0,002,W SIERRA MADRE AV,SAN GABRIEL CANYON RD,0,NA,Y,A,-,N,NA,NA,NA,NA,NA,NA,NA,NA,NA,Y,2,0,2,2,A,-,12,21453,A,N,D,C,A,A,H,-,A,A,0,NA,NA,NA,NA,Y,NA,A,01,1,0,1,0,0,0,0,0,0,-,-,34.14664077758789,-117.90830230712892,LOS ANGELES,AZUSA,-117.9089813232422,34.14672088623047
8897915,2019,2019-07-29,1942,2019-06-14,1445,42460,2134,5,5,7,1942,0,0,0,NA,0,21A1,SHERMAN AV,FARRALONE AV,0,NA,Y,A,-,N,NA,NA,NA,NA,NA,NA,NA,NA,NA,N,3,0,1,2,A,-,09,21801,A,N,D,G,A,A,H,-,A,D,0,NA,Y,NA,Y,Y,NA,F,26,0,1,0,0,0,0,1,0,0,-,-,NA,NA,LOS ANGELES,LOS ANGELES,-118.61029815673828,34.201019287109375
8897917,2019,2019-08-02,1905,2019-04-25,1506,1176,316,4,5,4,1905,0,0,0,NA,0,002,W FOOTHILL BL,TODD AV,676,W,N,A,-,N,NA,NA,NA,NA,NA,NA,NA,NA,NA,Y,3,0,1,2,A,-,08,22101,D,N,D,C,A,A,H,-,A,A,0,NA,NA,NA,NA,Y,NA,A,08,0,1,0,0,0,0,0,0,0,-,-,34.133270263671875,-117.92693328857422,LOS ANGELES,AZUSA,-117.92710876464844,34.13357162475586
8897918,2019,2019-07-29,1900,2019-07-11,2015,614047,2814,4,5,5,1915,0,0,0,NA,0,283T1,ROSECRANS AV,ARANBE AV,50,W,N,A,-,N,NA,NA,NA,NA,NA,NA,NA,NA,NA,N,4,0,1,4,A,-,04,21703,NA,N,C,C,A,A,H,-,A,D,0,NA,NA,NA,NA,Y,NA,D,22,0,0,1,0,0,0,0,0,0,-,-,NA,NA,LOS ANGELES,COMPTON,-118.23251342773438,33.90336990356445
8897919,2019,2019-07-29,1942,2019-06-07,2020,36733,2136,5,5,7,1942,0,0,0,NA,0,21A5,VALERIO ST,ETON AV,0,NA,Y,A,-,N,NA,NA,NA,NA,NA,NA,NA,NA,NA,N,3,0,1,2,A,-,09,21801,A,N,H,G,A,A,H,-,D,D,0,NA,Y,NA,NA,Y,NA,D,22,0,1,0,0,0,0,1,0,0,-,-,NA,NA,LOS ANGELES,LOS ANGELES,-118.59546661376952,34.20465087890625
8898191,2019,2019-07-29,1976,2019-06-14,0729,370,NA,5,5,3,1964,0,0,0,NA,0,001,WASHINGTON BL,NORWALK BL,215,E,N,A,-,N,NA,NA,NA,NA,NA,NA,NA,NA,NA,Y,4,0,2,2,A,-,09,21801,A,N,D,C,A,A,H,-,A,D,0,NA,NA,NA,NA,Y,NA,A,01,0,0,2,0,0,0,0,0,0,-,-,NA,NA,LOS ANGELES,SANTA FE SPRINGS,-118.07330322265624,33.97235107421875
8898195,2019,2019-07-31,1976,2019-06-14,1137,423,1976,5,5,3,1964,0,0,0,NA,0,002,SORENSEN AV,JOHN ST,193,W,N,A,-,N,NA,NA,NA,NA,NA,NA,NA,NA,NA,Y,4,0,2,2,A,-,03,22350,NA,N,C,C,A,A,H,-,A,D,0,NA,NA,NA,NA,Y,NA,A,01,0,0,2,0,0,0,0,0,0,-,-,NA,NA,LOS ANGELES,SANTA FE SPRINGS,-118.06111907958984,33.955379486083984
8898203,2019,2019-07-31,1976,2019-06-24,1223,494,NA,1,5,3,1964,0,0,0,NA,0,NA,DICE RD,BURKE ST,348,S,N,A,-,N,NA,NA,NA,NA,NA,NA,NA,NA,NA,N,4,0,1,2,A,-,08,22102,NA,N,D,C,A,A,H,-,A,D,0,NA,NA,NA,NA,Y,NA,D,22,0,0,1,0,0,0,0,0,0,-,-,NA,NA,LOS ANGELES,SANTA FE SPRINGS,-118.06568145751952,33.96170425415039
8898206,2019,2019-07-29,1910,2019-06-27,0929,360,NA,4,5,4,1910,0,0,0,NA,0,005,W OLYMPIC BL,S BEDFORD DR,0,NA,Y,A,-,N,NA,NA,NA,NA,NA,NA,NA,NA,NA,Y,4,0,1,2,A,-,09,21801,A,N,D,C,A,A,H,-,A,D,0,NA,NA,NA,NA,Y,NA,D,22,0,0,1,0,0,0,0,0,0,-,-,34.05971145629883,-118.40457916259766,LOS ANGELES,BEVERLY HILLS,-118.40457153320313,34.0596809387207
8898207,2019,2019-08-20,1976,2019-06-27,1337,327,NA,4,5,3,1964,0,0,0,NA,0,001,WASHINGTON BL,SORENSEN AV,35,W,N,A,-,N,NA,NA,NA,NA,NA,NA,NA,NA,NA,Y,3,0,1,2,A,-,01,23152,A,N,C,C,A,A,H,-,A,A,0,NA,NA,NA,NA,Y,Y,A,01,0,1,0,0,0,0,0,0,0,-,-,NA,NA,LOS ANGELES,SANTA FE SPRINGS,-118.06012725830078,33.96939468383789
8898210,2019,2019-07-30,1910,2019-07-12,1639,04335,NA,5,5,4,1910,0,0,0,NA,0,005,E OLYMPIC BL,EL CAMINO DR,0,NA,Y,A,-,N,NA,NA,NA,NA,NA,NA,NA,NA,NA,N,4,0,2,3,A,-,08,22107,1,N,C,C,A,A,H,-,A,A,0,NA,NA,NA,NA,Y,NA,A,01,0,0,2,0,0,0,0,0,0,-,-,34.0596809387207,-118.4001693725586,LOS ANGELES,BEVERLY HILLS,-118.40020751953124,34.0596809387207
8898211,2019,2019-08-29,1976,2019-07-03,0749,597,NA,3,5,3,1964,0,0,0,NA,0,NA,LOS NIETOS RD,NORWALK BL,5,E,N,A,-,N,NA,NA,NA,NA,NA,NA,NA,NA,NA,Y,4,0,1,2,D,-,00,NA,NA,N,B,C,A,A,H,-,A,A,0,NA,NA,NA,Y,Y,NA,-,-,0,0,1,0,0,0,0,0,0,-,-,NA,NA,LOS ANGELES,SANTA FE SPRINGS,-118.07139587402344,33.95748519897461
8898253,2019,2019-07-25,1942,2019-06-26,1755,36552,2157,3,5,7,1942,0,0,0,NA,0,21A2,VANOWEN,INDEPENDENCE AV,0,NA,Y,A,-,N,NA,NA,NA,NA,NA,NA,NA,NA,NA,N,4,0,2,3,A,-,03,22350,NA,N,C,C,A,A,H,-,A,D,0,NA,NA,NA,NA,Y,NA,-,NA,0,0,2,0,0,0,0,0,0,-,-,NA,NA,LOS ANGELES,LOS ANGELES,-118.5905990600586,34.19377136230469
8898401,2019,2019-08-14,1942,2019-07-01,1005,41977,2097,1,5,7,1942,0,0,0,NA,0,20A71,S NORMANDIE AV,W 20TH ST,0,NA,Y,A,-,N,NA,NA,NA,NA,NA,NA,NA,NA,NA,N,4,0,1,2,A,-,09,21801,A,N,D,C,A,A,H,-,A,A,0,NA,NA,NA,NA,Y,NA,D,22,0,0,1,0,0,0,0,0,0,-,-,NA,NA,LOS ANGELES,LOS ANGELES,-118.30029296875,34.03818130493164
8898405,2019,2019-07-24,1942,2019-06-24,1012,41671,2029,1,5,7,1942,0,0,0,NA,0,20A29,S VIRGIL AV,3RD ST WEST,20,N,N,B,-,N,NA,NA,NA,NA,NA,NA,NA,NA,NA,Y,4,0,2,2,A,-,03,22350,NA,N,C,C,A,A,H,-,A,D,0,NA,NA,NA,NA,Y,NA,D,22,0,0,2,0,0,0,0,0,0,-,-,NA,NA,LOS ANGELES,LOS ANGELES,-118.2868194580078,34.069034576416016
8898408,2019,2019-07-26,1942,2019-05-14,2040,40325,0477,2,5,7,1942,0,0,0,D,0,24T33,WHITTIER BL,CAMULOS ST,190,W,N,A,-,N,NA,NA,NA,NA,NA,NA,NA,NA,NA,Y,4,0,1,2,A,-,08,22107,NA,N,B,C,A,A,H,-,C,A,0,NA,NA,NA,NA,Y,NA,D,22,0,0,1,0,0,0,0,0,0,-,-,NA,NA,LOS ANGELES,LOS ANGELES,-118.21072387695313,34.03214645385742
8898409,2019,2019-07-22,1942,2019-06-21,2320,42895,2088,5,5,7,1942,0,0,0,NA,0,20A97W,VERMONT AV,WASHINGTON BL,0,NA,Y,A,-,N,NA,NA,NA,NA,NA,NA,NA,NA,NA,Y,3,0,2,2,A,-,01,23152,A,N,C,C,A,A,H,-,C,A,0,NA,NA,NA,NA,Y,Y,A,08,0,1,1,0,0,0,0,0,0,-,-,NA,NA,LOS ANGELES,LOS ANGELES,-118.29157257080078,34.040008544921875
8898412,2019,2019-07-26,1942,2019-05-14,1145,37505,0445,2,5,7,1942,0,0,0,D,0,4A15,MARENGO ST,CORNWELL ST,35,S,N,A,-,N,NA,NA,NA,NA,NA,NA,NA,NA,NA,N,4,0,1,2,A,-,04,21703,NA,N,C,C,A,A,H,-,A,A,0,NA,NA,NA,NA,Y,NA,D,22,0,0,1,0,0,0,0,0,0,-,-,NA,NA,LOS ANGELES,LOS ANGELES,-118.20497131347656,34.0555534362793
8898428,2019,2019-07-26,1942,2019-05-10,1455,34458,0489,5,5,7,1942,0,0,0,D,0,24TL56,SOTO ST,SHORT ST,20,N,N,B,-,N,NA,NA,NA,NA,NA,NA,NA,NA,NA,N,4,0,1,2,A,-,04,21703,NA,N,C,C,A,A,H,-,A,D,0,NA,NA,NA,Y,Y,NA,F,76,0,0,1,0,0,0,0,0,0,-,-,NA,NA,LOS ANGELES,LOS ANGELES,-118.21965789794922,34.02633285522461
8898432,2019,2019-08-29,1942,2019-05-08,1805,37908,0411,3,5,7,1942,0,0,0,D,0,4A71,BROADWAY AV,AVENUE 19,0,NA,Y,B,-,N,NA,NA,NA,NA,NA,NA,NA,NA,NA,Y,3,0,2,3,A,-,12,21453,A,N,D,C,A,A,H,-,A,A,0,NA,NA,NA,NA,Y,NA,-,-,0,2,0,0,0,0,0,0,0,-,-,NA,NA,LOS ANGELES,LOS ANGELES,-118.2213134765625,34.07212829589844
8898448,2019,2019-07-26,1942,2019-05-03,1845,34426,0473,5,5,7,1942,0,0,0,D,0,4A71,7TH ST,BREED ST,0,NA,Y,A,-,N,NA,NA,NA,NA,NA,NA,NA,NA,NA,N,4,0,1,2,A,-,09,21801,A,N,A,C,A,A,H,-,A,D,0,NA,NA,NA,NA,Y,NA,A,01,0,0,1,0,0,0,0,0,0,-,-,NA,NA,LOS ANGELES,LOS ANGELES,-118.2182388305664,34.0328483581543
8898452,2019,2019-07-25,1942,2019-05-02,1540,40099,0466,4,5,7,1942,0,0,0,D,0,4A71,1ST ST,SOTO ST,0,NA,N,A,-,N,NA,NA,NA,NA,NA,NA,NA,NA,NA,Y,4,0,1,2,A,-,09,21801,A,N,D,C,A,A,H,-,A,A,0,NA,NA,NA,NA,Y,NA,A,01,0,0,1,0,0,0,0,0,0,-,-,NA,NA,LOS ANGELES,LOS ANGELES,-118.20977783203124,34.04375076293945
8898468,2019,2019-07-25,1942,2019-05-20,0005,37908,0437,1,5,7,1942,0,0,0,D,0,4A58,HICKS AV,HATFIELD PL,65,N,N,B,-,N,NA,NA,NA,NA,NA,NA,NA,NA,NA,Y,3,0,1,2,A,-,01,23152,A,N,B,E,A,A,H,-,C,D,0,NA,NA,NA,NA,Y,Y,D,22,0,1,0,0,0,0,0,0,0,-,-,NA,NA,LOS ANGELES,LOS ANGELES,-118.19082641601564,34.066837310791016
8898472,2019,2019-09-04,1942,2019-05-17,0600,42266,415,5,5,7,1942,0,0,0,NA,0,4A15,BROADWAY,DALY ST,0,NA,Y,A,-,N,NA,NA,NA,NA,NA,NA,NA,NA,NA,Y,4,0,2,2,A,-,12,21453,NA,N,D,C,A,B,H,-,A,A,0,NA,NA,NA,NA,Y,NA,D,22,0,0,2,0,0,0,0,0,0,-,-,NA,NA,LOS ANGELES,LOS ANGELES,-118.21560668945313,34.073638916015625
8898473,2019,2019-11-25,1972,2019-04-17,2010,17133,NA,3,5,6,1972,0,0,0,NA,0,NA,CRENSHAW BL,RT 405,0,NA,Y,A,-,Y,LA,7,405,-,-,15.514,R,4,S,N,4,0,1,2,A,-,09,21453,C,N,D,C,A,A,H,-,C,A,0,NA,NA,NA,Y,Y,NA,G,NA,0,0,1,0,0,0,0,0,0,-,SO,NA,NA,LOS ANGELES,TORRANCE,-118.32730865478516,33.86471176147461
8898476,2019,2019-07-29,1942,2019-06-03,1555,40275,0275,1,5,7,1942,0,0,0,B,0,2A75,BEACON AV,W OLYMPIC BL,8,S,N,A,-,N,NA,NA,NA,NA,NA,NA,NA,NA,NA,Y,4,0,1,2,A,-,10,21950,A,F,G,B,B,A,H,-,A,A,0,Y,NA,NA,NA,Y,NA,D,22,0,0,1,0,1,0,0,0,0,-,-,NA,NA,LOS ANGELES,LOS ANGELES,-118.2754364013672,34.04970169067383
8898481,2019,2019-07-19,1942,2019-06-29,2140,43354,0508,6,5,7,1942,0,0,0,E,0,5A15,SEPULVEDA BL,WESTERN AV,50,E,N,A,-,N,NA,NA,NA,NA,NA,NA,NA,NA,NA,Y,4,0,3,3,A,-,01,23152,A,N,C,C,A,A,H,-,C,A,0,NA,NA,NA,NA,Y,Y,A,01,0,0,3,0,0,0,0,0,0,-,-,NA,NA,LOS ANGELES,LOS ANGELES,-118.3087158203125,33.81703567504883
8898484,2019,2019-08-13,1941,2019-07-03,1743,5384,NA,3,5,7,1941,0,0,0,NA,0,NA,OLIVE AV,10TH ST,300,N,N,A,-,N,NA,NA,NA,NA,NA,NA,NA,NA,NA,N,3,0,1,2,A,-,11,21955,NA,N,G,B,D,A,H,-,A,D,0,Y,NA,NA,NA,Y,NA,N,NA,0,1,0,0,1,0,0,0,0,-,-,NA,NA,LOS ANGELES,LONG BEACH,-118.18285369873048,33.77980422973633
8898488,2019,2019-08-29,1941,2019-07-02,1555,11405,NA,2,5,7,1941,0,0,0,NA,0,NA,ATLANTIC AV,68TH ST,0,NA,Y,A,-,N,NA,NA,NA,NA,NA,NA,NA,NA,NA,Y,3,0,1,2,A,-,09,21801,A,N,A,C,A,A,H,-,A,D,0,NA,NA,NA,NA,Y,NA,E,NA,0,1,0,0,0,0,0,0,0,-,-,NA,NA,LOS ANGELES,LONG BEACH,-118.18605041503906,33.87818908691406
8898492,2019,2019-08-13,1941,2019-07-02,1552,5163,NA,2,5,7,1941,0,0,0,NA,0,NA,COVER ST,SCHAUFFER AV,0,NA,Y,A,-,N,NA,NA,NA,NA,NA,NA,NA,NA,NA,Y,4,0,1,2,A,-,09,21802,A,N,D,C,A,A,H,-,A,D,0,NA,NA,NA,NA,Y,NA,A,NA,0,0,1,0,0,0,0,0,0,-,-,NA,NA,LOS ANGELES,LONG BEACH,-118.148,33.827684
8898496,2019,2019-08-13,1941,2019-07-01,1127,10951,NA,1,5,7,1941,0,0,0,NA,0,NA,CHERRY AV,15TH ST,0,NA,Y,A,-,N,NA,NA,NA,NA,NA,NA,NA,NA,NA,N,4,0,1,2,D,-,00,NA,NA,N,D,C,A,A,H,-,A,A,0,NA,NA,NA,NA,Y,NA,-,-,0,0,1,0,0,0,0,0,0,-,-,NA,NA,LOS ANGELES,LONG BEACH,-118.16767120361328,33.786231994628906
8898500,2019,2019-08-13,1941,2019-07-02,1225,11349,NA,2,5,7,1941,0,0,0,NA,0,NA,EAST OCEAN BL,MOLINO AV,72,E,N,A,-,N,NA,NA,NA,NA,NA,NA,NA,NA,NA,Y,4,0,1,2,A,-,08,22107,NA,N,D,C,A,A,H,-,A,A,0,NA,NA,NA,NA,Y,NA,-,-,0,0,1,0,0,0,0,0,0,-,-,NA,NA,LOS ANGELES,LONG BEACH,-118.16121673583984,33.76278305053711
8898504,2019,2019-08-13,1941,2019-07-04,1532,10877,NA,4,5,7,1941,0,0,0,NA,0,NA,LONG BEACH BL,LONG BEACH BL 4663,0,NA,Y,-,-,N,NA,NA,NA,NA,NA,NA,NA,NA,NA,Y,3,0,2,2,A,-,09,21804,A,N,B,C,A,A,H,-,-,D,0,NA,NA,NA,NA,Y,NA,A,NA,0,1,1,0,0,0,0,0,0,-,-,NA,NA,LOS ANGELES,LONG BEACH,NA,NA
8898555,2019,2019-09-17,1941,2019-06-22,1310,11296,NA,6,5,7,1941,0,0,0,NA,0,NA,E 14TH ST,OHIO AV,146,E,N,A,-,N,NA,NA,NA,NA,NA,NA,NA,NA,NA,N,3,0,1,2,A,-,11,21954,A,N,G,B,D,A,H,-,A,D,0,Y,NA,NA,NA,Y,NA,N,NA,0,1,0,0,1,0,0,0,0,-,-,NA,NA,LOS ANGELES,LONG BEACH,-118.15956878662108,33.784423828125
8898556,2019,2019-08-14,1942,2019-07-01,1900,40209,2069,1,5,7,1942,0,0,0,NA,0,20A69,11TH ST,MENLO AV,0,NA,Y,A,-,N,NA,NA,NA,NA,NA,NA,NA,NA,NA,N,4,0,2,3,A,-,12,22450,A,N,G,B,B,A,H,-,B,D,0,Y,NA,NA,NA,Y,NA,A,01,0,0,2,0,2,0,0,0,0,-,-,NA,NA,LOS ANGELES,LOS ANGELES,-118.29071044921876,34.05078887939453
8898559,2019,2019-07-18,1941,2019-06-28,2055,6066,NA,5,5,7,1941,0,0,0,NA,0,NA,STUDEBAKER RD,LOYNES ST,280,S,N,A,-,N,NA,NA,NA,NA,NA,NA,NA,NA,NA,Y,4,0,1,1,A,-,05,21651,A,N,E,I,A,A,H,-,D,D,0,NA,NA,NA,NA,Y,Y,A,NA,0,0,1,0,0,0,0,0,0,-,-,NA,NA,LOS ANGELES,LONG BEACH,-118.10323333740234,33.7662353515625
8898560,2019,2019-08-14,1942,2019-07-03,1820,40209,1407,3,5,7,1942,0,0,0,N,0,7T23,PALMS BL,CLARINGTON AV,108,W,N,A,-,N,NA,NA,NA,NA,NA,NA,NA,NA,NA,N,4,0,1,2,A,-,05,21460,A,F,C,C,A,A,H,-,A,A,0,NA,NA,NA,NA,Y,NA,A,01,0,0,1,0,0,0,0,0,0,-,-,NA,NA,LOS ANGELES,LOS ANGELES,-118.40512847900392,34.028221130371094
8898575,2019,2019-08-01,1942,2019-06-02,1600,42970,216,7,5,7,1942,0,0,0,NA,0,2A75,N ALVARADO,KENT ST,70,S,N,A,-,N,NA,NA,NA,NA,NA,NA,NA,NA,NA,Y,4,0,1,2,A,-,09,21804,A,N,D,C,A,A,H,-,A,D,0,NA,NA,NA,NA,Y,NA,A,01,0,0,1,0,0,0,0,0,0,-,-,NA,NA,LOS ANGELES,LOS ANGELES,-118.26551055908205,34.07426834106445
8898577,2019,2019-07-19,1942,2019-05-18,0845,37540,0477,6,5,7,1942,0,0,0,D,0,4A71,S SOTO ST,WHITTIER BL,40,S,N,A,-,N,NA,NA,NA,NA,NA,NA,NA,NA,NA,N,4,0,1,1,A,-,03,22350,NA,N,H,I,A,A,H,-,A,D,0,NA,NA,Y,NA,Y,NA,C,02,0,0,1,0,0,0,0,0,1,-,-,NA,NA,LOS ANGELES,LOS ANGELES,-118.21575927734376,34.034271240234375
8898581,2019,2019-08-01,1942,2019-05-20,0837,39938,0411,1,5,7,1942,0,0,0,D,0,4A3,BROADWAY,AVE 20,0,NA,Y,A,-,N,NA,NA,NA,NA,NA,NA,NA,NA,NA,Y,4,0,3,2,A,-,12,21453,A,N,D,C,A,-,-,-,A,-,0,NA,NA,NA,NA,Y,NA,A,01,0,0,3,0,0,0,0,0,0,-,-,NA,NA,LOS ANGELES,LOS ANGELES,-118.22015380859376,34.07263946533203
8898585,2019,2019-07-19,1942,2019-05-20,1640,34426,0421,1,5,7,1942,0,0,0,D,0,4A15,BROADWAY,AVE 22,0,NA,Y,A,-,N,NA,NA,NA,NA,NA,NA,NA,NA,NA,N,4,0,1,2,A,-,09,21801,A,N,A,C,A,A,H,-,A,A,0,NA,NA,NA,NA,Y,NA,A,07,0,0,1,0,0,0,0,0,0,-,-,NA,NA,LOS ANGELES,LOS ANGELES,-118.2178192138672,34.0736083984375
8898589,2019,2019-07-19,1942,2019-05-03,0310,38330,0424,5,5,7,1942,0,0,0,D,0,4A53,N SOTO ST,MULTNOMAH ST,400,S,N,A,-,N,NA,NA,NA,NA,NA,NA,NA,NA,NA,Y,4,0,1,1,A,-,03,22350,NA,N,E,I,A,A,H,-,C,D,0,NA,NA,NA,NA,Y,NA,A,01,0,0,1,0,0,0,0,0,0,-,-,NA,NA,LOS ANGELES,LOS ANGELES,-118.19542694091795,34.067909240722656
8898593,2019,2019-07-19,1942,2019-05-01,1750,43782,0462,3,5,7,1942,0,0,0,D,0,4A15,MARENGO ST,BRITTANIA,200,E,N,A,-,N,NA,NA,NA,NA,NA,NA,NA,NA,NA,N,4,0,1,2,A,-,11,21955,NA,N,G,B,D,A,H,-,A,A,0,Y,NA,NA,NA,Y,NA,N,60,0,0,1,0,1,0,0,0,0,-,-,NA,NA,LOS ANGELES,LOS ANGELES,-118.20783233642578,34.05681610107422
8898597,2019,2019-07-19,1942,2019-05-03,0929,37540,0438,5,5,7,1942,0,0,0,D,0,4A9,ALHAMBRA AV,DRUID ST,0,NA,Y,A,-,N,NA,NA,NA,NA,NA,NA,NA,NA,NA,Y,3,0,1,3,A,-,03,22350,NA,N,D,E,A,A,H,-,A,-,0,NA,NA,NA,NA,Y,NA,A,01,0,1,0,0,0,0,0,0,0,-,-,NA,NA,LOS ANGELES,LOS ANGELES,-118.17672729492188,34.06919860839844
8898601,2019,2019-08-01,1942,2019-05-03,1553,43782,0462,5,5,7,1942,0,0,0,D,0,4A15,BROADWAY,AVE 22,0,NA,Y,A,-,N,NA,NA,NA,NA,NA,NA,NA,NA,NA,Y,3,0,3,2,A,-,08,22107,NA,N,A,C,A,A,H,-,A,A,0,NA,NA,NA,NA,Y,NA,A,01,0,1,2,0,0,0,0,0,0,-,-,NA,NA,LOS ANGELES,LOS ANGELES,-118.2178192138672,34.0736083984375
8898609,2019,2019-07-19,1942,2019-05-04,0205,43285,0424,6,5,7,1942,0,0,0,D,0,4A3,MANITOU AV,THOMAS ST,0,NA,Y,A,-,N,NA,NA,NA,NA,NA,NA,NA,NA,NA,Y,2,0,1,2,A,-,12,22450,A,F,D,C,A,A,-,-,B,A,0,NA,NA,Y,NA,Y,NA,-,99,1,0,0,0,0,0,0,0,1,-,-,NA,NA,LOS ANGELES,LOS ANGELES,-118.2052001953125,34.0720100402832
8898613,2019,2019-07-19,1942,2019-05-05,0700,38357,0468,7,5,7,1942,0,0,0,D,0,4A59,EAST 2ND ST,S CONCORD ST,0,NA,Y,A,-,N,NA,NA,NA,NA,NA,NA,NA,NA,NA,N,3,0,1,2,A,-,09,21802,A,F,H,G,A,A,H,-,A,D,0,NA,Y,NA,NA,Y,NA,L,04,0,1,0,0,0,0,1,0,0,-,-,NA,NA,LOS ANGELES,LOS ANGELES,-118.19766235351564,34.03636169433594
8898617,2019,2019-07-19,1942,2019-05-06,1155,42552,HOLLE,1,5,7,1942,0,0,0,NA,0,RD438,VALLEY BL,EASTERN AV,100,E,N,A,-,N,NA,NA,NA,NA,NA,NA,NA,NA,NA,N,2,0,1,2,A,-,09,21804,NA,N,D,C,A,A,H,-,A,D,0,NA,NA,Y,NA,Y,NA,A,01,1,0,0,0,0,0,0,0,1,-,-,NA,NA,LOS ANGELES,LOS ANGELES,-118.1799774169922,34.066078186035156
8898621,2019,2019-07-19,1942,2019-05-06,1645,32647,0451,1,5,7,1942,0,0,0,D,0,4A97,CESAR CHAVEZ AV,MISSION RD,0,NA,Y,B,-,N,NA,NA,NA,NA,NA,NA,NA,NA,NA,N,3,0,1,2,A,-,09,21801,A,N,-,G,A,A,H,-,A,A,0,NA,Y,NA,NA,Y,NA,A,01,0,1,0,0,0,0,1,0,0,-,-,NA,NA,LOS ANGELES,LOS ANGELES,-118.22577,34.05434