CASE_ID,ACCIDENT_YEAR,PROC_DATE,JURIS,COLLISION_DATE,COLLISION_TIME,OFFICER_ID,REPORTING_DISTRICT,DAY_OF_WEEK,CHP_SHIFT,POPULATION,CNTY_CITY_LOC,SPECIAL_COND,BEAT_TYPE,CHP_BEAT_TYPE,CITY_DIVISION_LAPD,CHP_BEAT_CLASS,BEAT_NUMBER,PRIMARY_RD,SECONDARY_RD,DISTANCE,DIRECTION,INTERSECTION,WEATHER_1,WEATHER_2,STATE_HWY_IND,CALTRANS_COUNTY,CALTRANS_DISTRICT,STATE_ROUTE,ROUTE_SUFFIX,POSTMILE_PREFIX,POSTMILE,LOCATION_TYPE,RAMP_INTERSECTION,SIDE_OF_HWY,TOW_AWAY,COLLISION_SEVERITY,NUMBER_KILLED,NUMBER_INJURED,PARTY_COUNT,PRIMARY_COLL_FACTOR,PCF_CODE_OF_VIOL,PCF_VIOL_CATEGORY,PCF_VIOLATION,PCF_VIOL_SUBSECTION,HIT_AND_RUN,TYPE_OF_COLLISION,MVIW,PED_ACTION,ROAD_SURFACE,ROAD_COND_1,ROAD_COND_2,LIGHTING,CONTROL_DEVICE,CHP_ROAD_TYPE,PEDESTRIAN_ACCIDENT,BICYCLE_ACCIDENT,MOTORCYCLE_ACCIDENT,TRUCK_ACCIDENT,NOT_PRIVATE_PROPERTY,ALCOHOL_INVOLVED,STWD_VEHTYPE_AT_FAULT,CHP_VEHTYPE_AT_FAULT,COUNT_SEVERE_INJ,COUNT_VISIBLE_INJ,COUNT_COMPLAINT_PAIN,COUNT_PED_KILLED,COUNT_PED_INJURED,COUNT_BICYCLIST_KILLED,COUNT_BICYCLIST_INJURED,COUNT_MC_KILLED,COUNT_MC_INJURED,PRIMARY_RAMP,SECONDARY_RAMP,LATITUDE,LONGITUDE,COUNTY,CITY,POINT_X,POINT_Y
8903606,2019,2019-08-16,1942,2019-05-21,1110,43754,1881,2,5,7,1942,0,0,0,R,0,18A1,FIGUEROA ST,REDONDO BEACH BL,50,N,N,A,-,N,NA,NA,NA,NA,NA,NA,NA,NA,NA,N,4,0,1,2,A,-,03,22350,NA,F,C,C,A,A,H,-,A,A,0,NA,NA,NA,NA,Y,NA,-,99,0,0,1,0,0,0,0,0,0,-,-,NA,NA,LOS ANGELES,LOS ANGELES,-118.28305816650392,33.89285659790039
8903607,2019,2019-08-07,1948,2019-06-30,1400,420,1948,7,5,5,1948,0,0,0,NA,0,002,HELLMAN AV,CHANDLER AV,0,NA,Y,A,-,N,NA,NA,NA,NA,NA,NA,NA,NA,NA,Y,3,0,1,2,A,-,09,21802,A,N,D,C,A,A,H,-,A,A,0,NA,NA,Y,NA,Y,NA,A,01,0,1,0,0,0,0,0,0,1,-,-,NA,NA,LOS ANGELES,MONTEREY PARK,-118.13214111328124,34.06975173950195
8903608,2019,2019-08-05,1942,2019-07-12,1805,42814,0666,5,5,7,1942,0,0,0,F,0,7EL2,FOUNTAIN AV,EL CENTRO AV,60,W,N,A,-,N,NA,NA,NA,NA,NA,NA,NA,NA,NA,N,4,0,1,2,A,-,21,22106,NA,N,C,G,A,A,H,-,A,A,0,NA,Y,NA,NA,Y,NA,A,01,0,0,1,0,0,0,1,0,0,-,-,NA,NA,LOS ANGELES,LOS ANGELES,-118.32466888427734,34.09437942504883
8903610,2019,2019-07-31,1942,2019-05-22,0105,42118,1267,3,5,7,1942,0,0,0,L,0,18A1,W MANCHESTER AV,S HOOVER ST,34,W,N,A,-,N,NA,NA,NA,NA,NA,NA,NA,NA,NA,Y,4,0,1,2,A,-,09,21801,A,N,D,C,A,A,H,-,D,D,0,NA,NA,NA,NA,Y,NA,A,01,0,0,1,0,0,0,0,0,0,-,-,NA,NA,LOS ANGELES,LOS ANGELES,-118.28717041015624,33.96004867553711
8903611,2019,2019-08-07,1948,2019-06-03,0832,464,1948,1,5,5,1948,0,0,0,NA,0,002,NORTH GARFIELD AV,E EMERSON AV,0,NA,Y,B,-,N,NA,NA,NA,NA,NA,NA,NA,NA,NA,Y,4,0,3,2,A,-,12,21453,A,N,D,C,A,A,H,-,A,A,0,NA,NA,NA,NA,Y,NA,A,01,0,0,3,0,0,0,0,0,0,-,-,NA,NA,LOS ANGELES,MONTEREY PARK,-118.12287902832033,34.066131591796875
8903612,2019,2020-01-24,1942,2019-07-04,1940,42666,0636,4,5,7,1942,0,0,0,F,0,6A15,MCCADDEN PL,YUCCA ST,150,S,N,A,-,N,NA,NA,NA,NA,NA,NA,NA,NA,NA,Y,3,0,2,3,A,-,03,22350,NA,N,C,B,E,A,H,-,A,D,0,Y,NA,NA,NA,Y,NA,A,01,0,2,0,0,1,0,0,0,0,-,-,NA,NA,LOS ANGELES,LOS ANGELES,-118.3374481201172,34.102787017822266
8903616,2019,2019-08-05,1942,2019-07-04,1425,40244,0622,4,5,7,1942,0,0,0,F,0,6A22,LAUREL CANYON BL,EL RITA DR,30,N,N,A,-,N,NA,NA,NA,NA,NA,NA,NA,NA,NA,Y,3,0,1,2,A,-,05,21460,A,F,B,C,A,A,H,-,A,D,0,NA,NA,Y,NA,Y,NA,-,99,0,1,0,0,0,0,0,0,1,-,-,NA,NA,LOS ANGELES,LOS ANGELES,-118.37556457519533,34.11960983276367
8903620,2019,2019-08-05,1942,2019-07-08,1615,43480,0677,1,5,7,1942,0,0,0,F,0,6A68,SANTA MONICA BL,GOWER ST,20,E,N,A,-,N,NA,NA,NA,NA,NA,NA,NA,NA,NA,N,4,0,1,2,A,-,09,21804,A,F,A,G,A,A,H,-,A,D,0,NA,Y,NA,NA,Y,NA,-,99,0,0,1,0,0,0,1,0,0,-,-,NA,NA,LOS ANGELES,LOS ANGELES,-118.32221221923828,34.09075164794922
8903624,2019,2019-08-05,1942,2019-07-14,1516,41671,0625,7,5,7,1942,0,0,0,F,0,6A31,HIGHLAND AV,PAT MOORE WY,115,S,N,A,-,N,NA,NA,NA,NA,NA,NA,NA,NA,NA,Y,4,0,1,2,A,-,03,22350,NA,N,C,C,A,A,H,-,A,D,0,NA,NA,NA,NA,Y,NA,A,01,0,0,1,0,0,0,0,0,0,-,-,NA,NA,LOS ANGELES,LOS ANGELES,-118.33627319335938,34.11107635498047
8903631,2019,2019-08-07,1900,2019-06-10,1255,540399,0464,1,5,4,1936,0,0,0,NA,0,46T1,ADELFA DR,OCASO AV,8,E,N,A,-,N,NA,NA,NA,NA,NA,NA,NA,NA,NA,Y,4,0,1,2,A,-,03,22350,NA,N,C,C,A,A,H,-,A,D,0,NA,NA,Y,NA,Y,NA,C,02,0,0,1,0,0,0,0,0,1,-,-,NA,NA,LOS ANGELES,LA MIRADA,-118.001708984375,33.89461898803711
8903632,2019,2019-07-31,1942,2019-04-08,1120,43467,1802,1,5,7,1942,0,0,0,R,0,18A1,MANCHESTER AV,BROADWAY,0,NA,Y,A,-,N,NA,NA,NA,NA,NA,NA,NA,NA,NA,Y,3,0,2,3,A,-,12,21453,A,F,D,C,A,A,H,-,A,A,0,NA,NA,NA,NA,Y,NA,A,01,0,1,1,0,0,0,0,0,0,-,-,NA,NA,LOS ANGELES,LOS ANGELES,-118.27828216552734,33.960079193115234
8903636,2019,2019-07-31,1942,2019-04-09,1230,42281,1849,2,5,7,1942,0,0,0,R,0,18X48,WILMINGTON AV,109TH PL,0,NA,Y,A,-,N,NA,NA,NA,NA,NA,NA,NA,NA,NA,N,4,0,1,2,A,-,09,21801,A,N,A,C,A,A,H,-,A,D,0,NA,NA,NA,NA,Y,NA,A,01,0,0,1,0,0,0,0,0,0,-,-,NA,NA,LOS ANGELES,LOS ANGELES,-118.2390365600586,33.93619918823242
8903638,2019,2019-07-31,1942,2019-05-09,1715,41491,1754,4,5,7,1942,0,0,0,Q,0,17X82,DEVONSHIRE ST,ETIWANDA AV,0,NA,Y,A,-,N,NA,NA,NA,NA,NA,NA,NA,NA,NA,N,4,0,1,2,A,-,03,22350,NA,N,C,C,A,A,H,-,A,A,0,NA,NA,NA,NA,Y,NA,-,NA,0,0,1,0,0,0,0,0,0,-,-,NA,NA,LOS ANGELES,LOS ANGELES,-118.53172302246094,34.25727844238281
8903640,2019,2019-07-31,1942,2019-04-13,2020,41801,1844,6,5,7,1942,0,0,0,R,0,18A44,AVALON BL,111TH ST,5,W,N,A,-,N,NA,NA,NA,NA,NA,NA,NA,NA,NA,Y,4,0,2,2,A,-,03,22350,NA,N,C,C,A,A,H,-,C,A,0,NA,NA,NA,NA,Y,NA,A,01,0,0,2,0,0,0,0,0,0,-,-,NA,NA,LOS ANGELES,LOS ANGELES,-118.26519012451172,33.934810638427734
8903643,2019,2019-08-05,1942,2019-07-09,1936,43627,1204,2,5,7,1942,0,0,0,L,0,12A15,47TH ST,NORMANDIE AV,3,W,N,A,-,N,NA,NA,NA,NA,NA,NA,NA,NA,NA,N,3,0,1,2,A,-,05,21650,1,N,H,G,A,A,H,-,A,A,0,NA,Y,NA,NA,Y,NA,L,04,0,1,0,0,0,0,1,0,0,-,-,NA,NA,LOS ANGELES,LOS ANGELES,-118.30020141601564,34.00101852416992
8903644,2019,2019-07-31,1942,2019-04-15,1940,43209,1881,1,5,7,1942,0,0,0,R,0,18A97,REDONDO BEACH BL,ORCHARD,0,NA,Y,A,-,N,NA,NA,NA,NA,NA,NA,NA,NA,NA,Y,4,0,2,3,A,-,08,22107,NA,N,A,C,A,A,H,-,B,A,0,NA,NA,NA,NA,Y,NA,A,01,0,0,2,0,0,0,0,0,0,-,-,NA,NA,LOS ANGELES,LOS ANGELES,-118.288330078125,33.892578125
8903647,2019,2019-08-05,1942,2019-07-13,1855,39360,1256,6,5,7,1942,0,0,0,L,0,25T29,HOOVER ST,FLORENCE AV,35,S,N,A,-,N,NA,NA,NA,NA,NA,NA,NA,NA,NA,Y,4,0,2,2,A,-,03,22350,NA,N,C,C,A,A,H,-,A,D,0,NA,NA,NA,NA,Y,NA,A,01,0,0,2,0,0,0,0,0,0,-,-,NA,NA,LOS ANGELES,LOS ANGELES,-118.287109375,33.974544525146484
8903648,2019,2019-07-31,1942,2019-04-12,1835,42037,1804,5,5,7,1942,0,0,0,R,0,12A69,MANCHESTER AV,STANFORD AV,50,E,N,A,-,N,NA,NA,NA,NA,NA,NA,NA,NA,NA,N,4,0,3,2,A,-,05,21650,NA,N,A,C,A,A,H,-,A,A,0,NA,NA,NA,NA,Y,NA,A,01,0,0,3,0,0,0,0,0,0,-,-,NA,NA,LOS ANGELES,LOS ANGELES,-118.26277923583984,33.96013259887695
8903650,2019,2019-07-31,1900,2019-05-27,1146,640404,1331,1,5,5,1908,0,0,0,NA,0,132,STANBRIDGE AV,ARTHURDALE ST,50,N,N,A,-,N,NA,NA,NA,NA,NA,NA,NA,NA,NA,N,3,0,1,3,A,-,01,23152,A,N,A,E,A,A,H,-,A,D,0,NA,NA,NA,NA,Y,Y,A,07,0,1,0,0,0,0,0,0,0,-,-,33.906551361083984,-118.12747192382813,LOS ANGELES,BELLFLOWER,-118.12754821777344,33.90631866455078
8903651,2019,2019-08-05,1942,2019-07-16,0810,41747,1266,2,5,7,1942,0,0,0,L,0,12A67,S FIGUEROA ST,W 83RD ST,120,S,N,A,-,N,NA,NA,NA,NA,NA,NA,NA,NA,NA,Y,4,0,1,3,A,-,08,22103,NA,F,D,C,A,A,H,-,A,A,0,NA,NA,NA,NA,Y,NA,-,99,0,0,1,0,0,0,0,0,0,-,-,NA,NA,LOS ANGELES,LOS ANGELES,-118.28272247314452,33.96382141113281
8903652,2019,2019-07-31,1942,2019-04-22,1450,38732,1834,1,5,7,1942,0,0,0,R,0,18H33,SAN PEDRO ST,111TH PL,5,N,N,A,-,N,NA,NA,NA,NA,NA,NA,NA,NA,NA,N,4,0,1,2,A,-,10,21950,A,N,G,B,C,A,H,-,A,A,0,Y,NA,NA,NA,Y,NA,A,07,0,0,1,0,1,0,0,0,0,-,-,NA,NA,LOS ANGELES,LOS ANGELES,-118.26953887939452,33.93394470214844
8903655,2019,2019-08-05,1942,2019-07-09,1150,38503,1219,2,5,7,1942,0,0,0,L,0,25TL27,54TH ST,FIGUEROA ST,0,NA,Y,A,-,N,NA,NA,NA,NA,NA,NA,NA,NA,NA,N,3,0,1,2,A,-,09,21802,A,F,D,C,A,A,H,-,A,A,0,NA,NA,Y,NA,Y,NA,-,99,0,1,0,0,0,0,0,0,1,-,-,NA,NA,LOS ANGELES,LOS ANGELES,-118.28267669677734,33.993289947509766
8903659,2019,2019-08-05,1942,2019-07-14,2145,42665,1249,7,5,7,1942,0,0,0,L,0,25TL25,GAGE AV,FIGUEROA ST,45,W,N,A,-,N,NA,NA,NA,NA,NA,NA,NA,NA,NA,N,4,0,1,2,A,-,03,22350,NA,F,C,C,A,A,H,-,C,D,0,NA,NA,NA,NA,Y,NA,-,99,0,0,1,0,0,0,0,0,0,-,-,NA,NA,LOS ANGELES,LOS ANGELES,-118.28282165527344,33.98237991333008
8903663,2019,2019-08-05,1942,2019-07-07,0210,42665,1871,7,5,7,1942,0,0,0,R,0,18A97,W ROSECRANS AV,S DENVER AV,275,W,N,A,-,N,NA,NA,NA,NA,NA,NA,NA,NA,NA,Y,4,0,2,2,A,-,03,22350,NA,N,C,C,A,A,H,-,C,A,0,NA,NA,NA,NA,Y,NA,A,01,0,0,2,0,0,0,0,0,0,-,-,NA,NA,LOS ANGELES,LOS ANGELES,-118.28525543212892,33.90187072753906
8903667,2019,2019-08-05,1942,2019-07-08,1535,39177,1822,1,5,7,1942,0,0,0,R,0,18A17,S OLIVE ST,CENTURY BL,50,S,N,A,-,N,NA,NA,NA,NA,NA,NA,NA,NA,NA,N,4,0,4,2,A,-,03,22350,NA,F,C,C,A,A,H,-,A,D,0,NA,NA,NA,NA,Y,NA,-,99,0,0,4,0,0,0,0,0,0,-,-,NA,NA,LOS ANGELES,LOS ANGELES,-118.2791748046875,33.94541549682617
8903671,2019,2019-08-05,1942,2019-07-08,1700,42011,1849,1,5,7,1942,0,0,0,R,0,25T24,114TH ST,CROESUS AV,68,W,N,A,-,N,NA,NA,NA,NA,NA,NA,NA,NA,NA,N,3,0,1,2,A,-,11,21954,A,N,G,B,D,A,H,-,A,D,0,Y,NA,NA,NA,Y,NA,N,60,0,1,0,0,1,0,0,0,0,-,-,NA,NA,LOS ANGELES,LOS ANGELES,-118.23379516601564,33.931480407714844
8903675,2019,2019-08-05,1942,2019-07-04,0205,43330,2093,4,5,7,1942,0,0,0,NA,0,20A45,WASHINGTON BL,NORMANDIE AV,150,E,N,A,-,N,NA,NA,NA,NA,NA,NA,NA,NA,NA,N,3,0,1,2,A,-,07,21658,A,F,H,G,A,A,H,-,C,A,0,NA,Y,NA,NA,Y,NA,-,99,0,1,0,0,0,0,1,0,0,-,-,NA,NA,LOS ANGELES,LOS ANGELES,-118.30034637451172,34.03998947143555
8903679,2019,2019-08-05,1942,2019-07-13,1430,40346,0642,6,5,7,1942,0,0,0,F,0,6A46,SUNSET BL,COURTNEY AV,0,NA,Y,A,-,N,NA,NA,NA,NA,NA,NA,NA,NA,NA,Y,3,0,1,2,A,-,09,21801,A,N,D,C,A,A,H,-,A,D,0,NA,NA,Y,NA,Y,NA,A,01,0,1,0,0,0,0,0,0,1,-,-,NA,NA,LOS ANGELES,LOS ANGELES,-118.3572235107422,34.098060607910156
8903695,2019,2019-08-09,1942,2019-07-11,1135,37330,LA,4,5,7,1942,0,0,0,NA,0,16A77,TUXFORD,NORRIS,11,E,N,A,-,N,NA,NA,NA,NA,NA,NA,NA,NA,NA,N,3,0,1,2,A,-,09,21802,A,F,D,C,A,A,H,-,A,D,0,NA,NA,NA,NA,Y,NA,-,99,0,1,0,0,0,0,0,0,0,-,-,NA,NA,LOS ANGELES,LOS ANGELES,-118.37525939941406,34.23167037963867
8903719,2019,2019-08-06,1900,2019-05-09,2130,609125,0975,4,5,4,1979,0,0,0,NA,0,93T4,SANTA MONICA BL,HAYWORTH AV,0,NA,Y,A,-,N,NA,NA,NA,NA,NA,NA,NA,NA,NA,N,3,0,1,2,A,-,07,21658,A,F,-,C,A,A,H,-,C,A,0,NA,NA,NA,NA,Y,NA,-,99,0,1,0,0,0,0,0,0,0,-,-,NA,NA,LOS ANGELES,WEST HOLLYWOOD,-118.3629913330078,34.0908203125
8903750,2019,2019-08-07,1942,2019-07-01,1610,40165,2144,1,5,7,1942,0,0,0,NA,0,21A43,FALLBROOK AV,ERWIN ST,290,S,N,A,-,N,NA,NA,NA,NA,NA,NA,NA,NA,NA,Y,4,0,2,2,A,-,07,21658,A,N,B,C,A,A,H,-,A,A,0,NA,NA,NA,NA,Y,NA,A,08,0,0,2,0,0,0,0,0,0,-,-,NA,NA,LOS ANGELES,LOS ANGELES,-118.62335968017578,34.1819953918457
8903754,2019,2019-08-07,1942,2019-07-03,1210,38326,2144,3,5,7,1942,0,0,0,NA,0,21A43,VICTORY BL,SALE AV,50,E,N,A,-,N,NA,NA,NA,NA,NA,NA,NA,NA,NA,N,4,0,5,3,A,-,03,22350,NA,N,C,C,A,A,H,-,A,A,0,NA,NA,NA,NA,Y,NA,D,22,0,0,5,0,0,0,0,0,0,-,-,NA,NA,LOS ANGELES,LOS ANGELES,-118.61886596679688,34.18645095825195
8903758,2019,2019-08-07,1942,2019-07-15,1130,40141,2169,1,5,7,1942,0,0,0,NA,0,21A29,VICTORY BL,TOPHAM ST,75,E,N,A,-,N,NA,NA,NA,NA,NA,NA,NA,NA,NA,Y,3,0,1,1,A,-,03,22350,NA,N,E,I,A,A,H,-,A,D,0,NA,NA,NA,NA,Y,NA,D,22,0,1,0,0,0,0,0,0,0,-,-,NA,NA,LOS ANGELES,LOS ANGELES,-118.56755065917967,34.185970306396484
8903761,2019,2019-11-25,1900,2019-06-20,1820,622672,0454,4,5,6,1949,0,0,0,NA,0,43T1P,SAN ANTONIO DR,RT 5,0,NA,Y,A,-,Y,LA,7,5,-,-,4.218,R,4,S,N,4,0,2,2,D,-,00,NA,NA,N,D,C,A,A,H,-,A,A,0,NA,NA,NA,NA,Y,NA,-,-,0,0,2,0,0,0,0,0,0,-,-,NA,NA,LOS ANGELES,NORWALK,-118.07072448730467,33.9104118347168
8903762,2019,2019-08-02,1942,2019-06-28,0400,42471,1844,5,5,7,1942,0,0,0,R,0,1844,AVALON BL,110TH ST,120,N,N,A,-,N,NA,NA,NA,NA,NA,NA,NA,NA,NA,Y,3,0,1,2,A,-,05,21651,A,N,A,E,A,A,H,-,C,D,0,NA,NA,NA,NA,Y,NA,A,01,0,1,0,0,0,0,0,0,0,-,-,NA,NA,LOS ANGELES,LOS ANGELES,-118.26519775390624,33.935970306396484
8903763,2019,2019-08-05,1942,2019-07-14,1355,34882,0666,7,5,7,1942,0,0,0,F,0,6A67,SUNSET BL,IVAR AV,0,NA,Y,A,-,N,NA,NA,NA,NA,NA,NA,NA,NA,NA,N,4,0,2,2,A,-,04,21703,NA,N,-,C,A,A,H,-,A,D,0,NA,NA,NA,NA,Y,NA,A,01,0,0,2,0,0,0,0,0,0,-,-,NA,NA,LOS ANGELES,LOS ANGELES,-118.32879638671876,34.097999572753906
8903764,2019,2019-08-05,1900,2019-07-18,0751,527065,2607,4,5,6,1950,0,0,0,NA,0,261T1,CALLE MAZATLAN,SCALEA CT,120,S,N,A,-,N,NA,NA,NA,NA,NA,NA,NA,NA,NA,Y,4,0,3,2,D,-,00,NA,NA,N,D,C,A,A,H,-,A,D,0,NA,NA,NA,NA,Y,NA,-,-,0,0,3,0,0,0,0,0,0,-,-,NA,NA,LOS ANGELES,PALMDALE,-118.02153778076172,34.56071090698242
8903765,2019,2019-08-02,1900,2019-06-26,1700,622672,0452,3,5,6,1949,0,0,0,NA,0,43T1P,IMPERIAL HWY,VOLUNTEER AV,10,N,N,A,-,N,NA,NA,NA,NA,NA,NA,NA,NA,NA,N,3,0,1,2,A,-,12,21453,A,N,G,B,B,A,H,-,A,A,0,Y,NA,NA,NA,Y,NA,A,01,0,1,0,0,1,0,0,0,0,-,-,NA,NA,LOS ANGELES,NORWALK,-118.06868743896484,33.917198181152344
8903766,2019,2019-08-02,1942,2019-06-27,1930,42471,1837,4,5,7,1942,0,0,0,R,0,18A35,E 108TH ST,S GRANDEE AV,100,W,N,A,-,N,NA,NA,NA,NA,NA,NA,NA,NA,NA,Y,3,0,2,3,A,-,03,22350,NA,N,B,E,A,A,H,-,A,D,0,NA,NA,NA,NA,Y,NA,A,01,0,1,1,0,0,0,0,0,0,-,-,NA,NA,LOS ANGELES,LOS ANGELES,-118.2443618774414,33.93785858154297
8903767,2019,2019-08-05,1942,2019-07-06,1715,36940,0857,6,5,7,1942,0,0,0,H,0,8A95,REXFORD DR,W PICO BL,0,NA,Y,A,-,N,NA,NA,NA,NA,NA,NA,NA,NA,NA,N,4,0,1,2,A,-,21,22106,NA,N,G,-,B,A,H,-,A,A,0,Y,NA,NA,NA,Y,NA,A,01,0,0,1,0,1,0,0,0,0,-,-,NA,NA,LOS ANGELES,LOS ANGELES,-118.39430236816406,34.05527114868164
8903768,2019,2019-08-05,1900,2019-07-19,1502,615106,2619,5,5,6,1950,0,0,0,NA,0,262T1,SIERRA HWY,AVENUE M,1,S,N,A,-,N,NA,NA,NA,NA,NA,NA,NA,NA,NA,Y,4,0,2,2,C,-,18,NA,NA,N,D,C,A,A,H,-,A,D,0,NA,NA,NA,NA,Y,NA,-,-,0,0,2,0,0,0,0,0,0,-,-,34.63859939575195,-118.12722778320313,LOS ANGELES,PALMDALE,-118.12825012207033,34.64585876464844
8903770,2019,2019-08-20,1942,2019-06-26,0540,36238,1826,3,5,7,1942,0,0,0,R,0,18A26,SUCCESS AV,E CENTURY BL,0,NA,Y,A,-,N,NA,NA,NA,NA,NA,NA,NA,NA,NA,N,4,0,1,2,A,-,09,21802,A,F,D,C,A,A,H,-,B,A,0,NA,NA,NA,NA,Y,NA,-,-,0,0,1,0,0,0,0,0,0,-,-,NA,NA,LOS ANGELES,LOS ANGELES,-118.24915313720705,33.94561004638672
8903771,2019,2019-08-05,1942,2019-07-02,0747,41671,0817,2,5,7,1942,0,0,0,H,0,8A29,GAYLEY AV,LINDBROOK DR,0,NA,Y,A,-,N,NA,NA,NA,NA,NA,NA,NA,NA,NA,Y,4,0,1,2,A,-,09,21801,A,N,D,C,A,A,H,-,A,A,0,NA,NA,Y,NA,Y,NA,A,07,0,0,1,0,0,0,0,0,1,-,-,NA,NA,LOS ANGELES,LOS ANGELES,-118.44570159912108,34.05931854248047
8903772,2019,2019-08-05,1900,2019-07-20,1145,478092,2608,6,5,6,1950,0,0,0,NA,0,263T1,AVENUE R,30TH ST EAST,40,W,N,A,-,N,NA,NA,NA,NA,NA,NA,NA,NA,NA,Y,3,0,1,2,A,-,08,22107,NA,N,B,C,A,A,H,-,A,A,0,NA,NA,Y,NA,Y,NA,C,02,0,1,0,0,0,0,0,0,1,-,-,NA,NA,LOS ANGELES,PALMDALE,-118.0762939453125,34.57278823852539
8903773,2019,2019-08-02,1941,2019-06-27,2157,10860,NA,4,5,7,1941,0,0,0,NA,0,NA,MARTIN LUTHER KING AV,MARTIN LUTHER KING AV 1135,0,NA,Y,F,-,N,NA,NA,NA,NA,NA,NA,NA,NA,NA,N,3,0,1,2,A,-,06,21755,NA,N,B,C,A,A,H,-,C,D,0,NA,NA,Y,NA,Y,NA,C,NA,0,1,0,0,0,0,0,0,1,-,-,NA,NA,LOS ANGELES,LONG BEACH,-118.180675,33.78135
8903774,2019,2019-08-02,1942,2019-06-23,0030,43631,NA,7,5,7,1942,0,0,0,NA,0,13A49,WILMINGTON,109TH PL,0,NA,Y,A,-,N,NA,NA,NA,NA,NA,NA,NA,NA,NA,N,4,0,1,3,A,-,01,23152,A,F,C,C,A,A,H,-,B,A,0,NA,NA,NA,NA,Y,Y,A,01,0,0,1,0,0,0,0,0,0,-,-,NA,NA,LOS ANGELES,LOS ANGELES,-118.2390365600586,33.93619918823242
8903775,2019,2019-08-05,1942,2019-07-13,1745,43829,0811,6,5,7,1942,0,0,0,H,0,8A14,PACIFIC COAST HWY,SUNSET BL,100,N,N,A,-,N,NA,NA,NA,NA,NA,NA,NA,NA,NA,N,3,0,1,2,A,-,07,21658,A,N,G,B,E,A,H,-,B,D,0,Y,NA,NA,NA,Y,NA,M,47,0,1,0,0,1,0,0,0,0,-,-,NA,NA,LOS ANGELES,LOS ANGELES,-118.55563354492188,34.038490295410156
8903776,2019,2019-08-05,1900,2019-07-07,1545,606079,2607,7,5,6,1950,0,0,0,NA,0,264,47TH ST EAST,AVENUE R,0,NA,Y,A,-,N,NA,NA,138,NA,NA,NA,NA,NA,NA,N,4,0,1,2,A,-,17,21702,NA,N,C,D,A,A,H,-,A,A,0,NA,NA,NA,NA,Y,NA,A,07,0,0,1,0,0,0,0,0,0,-,-,34.5731086730957,-118.04508209228516,LOS ANGELES,PALMDALE,-118.04500579833984,34.57311248779297
8903777,2019,2019-11-07,1941,2019-06-22,1710,10847,NA,6,5,7,1941,0,0,0,NA,0,NA,PARAMOUNT BL,RT 91,0,NA,Y,A,-,Y,LA,7,91,-,R,13.452,R,4,E,N,4,0,1,2,A,-,03,22350,NA,F,C,C,A,A,H,-,A,A,0,NA,NA,NA,NA,Y,Y,E,NA,0,0,1,0,0,0,0,0,0,-,-,NA,NA,LOS ANGELES,LONG BEACH,-118.16278076171876,33.87601089477539
8903778,2019,2019-08-20,1942,2019-06-22,0240,43106,1862,6,5,7,1942,0,0,0,R,0,18A1,IMPERIAL HWY,FIGUEROA AV,0,NA,Y,A,-,N,NA,NA,NA,NA,NA,NA,NA,NA,NA,Y,3,0,3,2,A,-,08,22107,NA,N,A,C,A,A,H,-,C,A,0,NA,NA,NA,NA,Y,Y,A,01,0,2,1,0,0,0,0,0,0,-,-,NA,NA,LOS ANGELES,LOS ANGELES,-118.28260040283205,33.930999755859375
8903779,2019,2019-08-05,1942,2019-07-10,1710,38028,0855,3,5,7,1942,0,0,0,H,0,8X56,OHIO AV,KELTON AV,0,NA,Y,A,-,N,NA,NA,NA,NA,NA,NA,NA,NA,NA,N,3,0,1,3,A,-,12,21453,A,N,D,C,A,A,H,-,A,A,0,NA,NA,NA,NA,Y,NA,M,94,0,1,0,0,0,0,0,0,0,-,-,NA,NA,LOS ANGELES,LOS ANGELES,-118.44235229492188,34.053070068359375
8903781,2019,2019-08-02,1900,2019-06-16,0300,642787,1137,7,5,6,1992,0,0,0,NA,0,111A,AVENUE J,11TH ST EAST,223,E,N,-,-,N,NA,NA,NA,NA,NA,NA,NA,NA,NA,Y,4,0,2,1,A,-,08,22107,NA,N,E,I,A,A,H,-,C,D,0,NA,NA,NA,NA,Y,NA,A,01,0,0,2,0,0,0,0,0,0,-,-,NA,NA,LOS ANGELES,LANCASTER,-118.10923767089844,34.68949890136719
8903782,2019,2019-08-02,1942,2019-06-20,1428,39889,1831,4,5,7,1942,0,0,0,R,0,18A31,EL SEGUNDO BL,FIGUEROA ST,144,E,N,A,-,N,NA,NA,NA,NA,NA,NA,NA,NA,NA,N,3,0,2,2,A,-,09,21804,A,N,D,C,A,A,H,-,A,D,0,NA,NA,NA,NA,Y,NA,A,01,0,1,1,0,0,0,0,0,0,-,-,NA,NA,LOS ANGELES,LOS ANGELES,-118.28227996826172,33.916419982910156
8903783,2019,2019-08-05,1942,2019-07-11,0950,43684,0885,4,5,7,1942,0,0,0,H,0,7A73,OVERLAND AV,BLYTHE AV,0,NA,Y,A,-,N,NA,NA,NA,NA,NA,NA,NA,NA,NA,Y,4,0,1,2,A,-,04,21703,NA,N,C,C,A,A,H,-,A,D,0,NA,NA,Y,NA,Y,NA,C,02,0,0,1,0,0,0,0,0,1,-,-,NA,NA,LOS ANGELES,LOS ANGELES,-118.42371368408205,34.04037094116211