CASE_ID,ACCIDENT_YEAR,PROC_DATE,JURIS,COLLISION_DATE,COLLISION_TIME,OFFICER_ID,REPORTING_DISTRICT,DAY_OF_WEEK,CHP_SHIFT,POPULATION,CNTY_CITY_LOC,SPECIAL_COND,BEAT_TYPE,CHP_BEAT_TYPE,CITY_DIVISION_LAPD,CHP_BEAT_CLASS,BEAT_NUMBER,PRIMARY_RD,SECONDARY_RD,DISTANCE,DIRECTION,INTERSECTION,WEATHER_1,WEATHER_2,STATE_HWY_IND,CALTRANS_COUNTY,CALTRANS_DISTRICT,STATE_ROUTE,ROUTE_SUFFIX,POSTMILE_PREFIX,POSTMILE,LOCATION_TYPE,RAMP_INTERSECTION,SIDE_OF_HWY,TOW_AWAY,COLLISION_SEVERITY,NUMBER_KILLED,NUMBER_INJURED,PARTY_COUNT,PRIMARY_COLL_FACTOR,PCF_CODE_OF_VIOL,PCF_VIOL_CATEGORY,PCF_VIOLATION,PCF_VIOL_SUBSECTION,HIT_AND_RUN,TYPE_OF_COLLISION,MVIW,PED_ACTION,ROAD_SURFACE,ROAD_COND_1,ROAD_COND_2,LIGHTING,CONTROL_DEVICE,CHP_ROAD_TYPE,PEDESTRIAN_ACCIDENT,BICYCLE_ACCIDENT,MOTORCYCLE_ACCIDENT,TRUCK_ACCIDENT,NOT_PRIVATE_PROPERTY,ALCOHOL_INVOLVED,STWD_VEHTYPE_AT_FAULT,CHP_VEHTYPE_AT_FAULT,COUNT_SEVERE_INJ,COUNT_VISIBLE_INJ,COUNT_COMPLAINT_PAIN,COUNT_PED_KILLED,COUNT_PED_INJURED,COUNT_BICYCLIST_KILLED,COUNT_BICYCLIST_INJURED,COUNT_MC_KILLED,COUNT_MC_INJURED,PRIMARY_RAMP,SECONDARY_RAMP,LATITUDE,LONGITUDE,COUNTY,CITY,POINT_X,POINT_Y
8906380,2019,2019-08-16,1925,2019-07-15,1636,22598,197,1,5,6,1925,0,0,0,NA,0,001,ROSEDALE AV,GLENOAKS BL,0,NA,Y,A,-,N,NA,NA,NA,NA,NA,NA,NA,NA,NA,N,4,0,1,2,A,-,03,22350,NA,N,C,C,A,A,H,-,A,D,0,NA,NA,NA,NA,Y,NA,A,01,0,0,1,0,0,0,0,0,0,-,-,NA,NA,LOS ANGELES,GLENDALE,-118.28339385986328,34.166419982910156
8906531,2019,2019-08-02,1942,2019-06-24,1145,37792,1265,1,5,7,1942,0,0,0,L,0,12A73,MANCHESTER AV,NORMANDIE AV,225,W,N,A,-,N,NA,NA,NA,NA,NA,NA,NA,NA,NA,N,4,0,1,2,A,-,09,21804,A,M,B,-,A,A,H,-,A,D,0,NA,NA,NA,NA,Y,NA,A,01,0,0,1,0,0,0,0,0,0,-,-,NA,NA,LOS ANGELES,LOS ANGELES,-118.30101013183594,33.96001052856445
8906582,2019,2019-08-06,1956,2019-07-18,1103,1244,46,4,5,5,1956,0,0,0,NA,0,003,190TH ST,INGLEWOOD AV,0,NA,Y,A,-,N,NA,NA,NA,NA,NA,NA,NA,NA,NA,Y,4,0,1,2,A,-,12,21453,A,N,D,C,A,A,H,-,A,A,0,NA,NA,NA,NA,Y,NA,D,22,0,0,1,0,0,0,0,0,0,-,-,NA,NA,LOS ANGELES,REDONDO BEACH,-118.36142730712892,33.85829162597656
8906586,2019,2019-08-06,1956,2019-07-17,0734,1183,26,3,5,5,1956,0,0,0,NA,0,002,PROSPECT AV,DEL AMO BL,0,S,N,A,-,N,NA,NA,NA,NA,NA,NA,NA,NA,NA,N,4,0,1,3,A,-,03,22350,NA,N,C,C,A,A,H,-,A,A,0,NA,NA,NA,NA,Y,NA,D,22,0,0,1,0,0,0,0,0,0,-,-,NA,NA,LOS ANGELES,REDONDO BEACH,-118.37754821777344,33.848480224609375
8906641,2019,2019-08-05,1942,2019-07-21,1100,38940,2147,7,5,7,1942,0,0,0,NA,0,NA,LURLINE AV,SHERMAN WY,7,S,N,A,-,N,NA,NA,NA,NA,NA,NA,NA,NA,NA,N,4,0,1,2,A,-,09,21804,A,N,G,G,A,A,H,-,A,A,0,NA,Y,NA,NA,Y,NA,L,04,0,0,1,0,0,0,1,0,0,-,-,NA,NA,LOS ANGELES,LOS ANGELES,-118.58413696289064,34.20109176635742
8906645,2019,2019-08-05,1942,2019-07-19,1515,38956,2187,5,5,7,1942,0,0,0,NA,0,21A73,VENTURA BL,TOPANGA CANYON BL,0,NA,N,A,-,N,NA,NA,NA,NA,NA,NA,NA,NA,NA,Y,4,0,3,2,A,-,09,21801,A,N,D,C,A,A,H,-,A,D,0,NA,NA,NA,NA,Y,NA,A,01,0,0,3,0,0,0,0,0,0,-,-,NA,NA,LOS ANGELES,LOS ANGELES,-118.6059112548828,34.16851043701172
8906649,2019,2019-08-06,1942,2019-07-18,0905,27260,1981,4,5,7,1942,0,0,0,NA,0,19A61,LANGDON AV,RAYEN ST,0,NA,Y,A,-,N,NA,NA,NA,NA,NA,NA,NA,NA,NA,N,4,0,1,2,A,-,10,21950,A,F,G,B,B,A,H,-,A,A,0,Y,NA,NA,NA,Y,NA,A,01,0,0,1,0,1,0,0,0,0,-,-,NA,NA,LOS ANGELES,LOS ANGELES,-118.46978759765624,34.23189926147461
8906653,2019,2019-08-06,1942,2019-07-23,2100,32774,2129,2,5,7,1942,0,0,0,NA,0,21A29,INGOMAR ST,OAKDALE AV,0,NA,Y,A,-,N,NA,NA,NA,NA,NA,NA,NA,NA,NA,N,4,0,1,2,A,-,10,21950,A,F,G,B,B,A,H,-,C,D,0,Y,NA,NA,NA,Y,NA,-,99,0,0,1,0,1,0,0,0,0,-,-,NA,NA,LOS ANGELES,LOS ANGELES,-118.5666732788086,34.21240997314453
8906654,2019,2019-08-05,1956,2019-07-20,1353,1340,07,6,5,5,1956,0,0,0,NA,0,001,S PROSPECT AV,IRENA AV,110,S,N,A,-,N,NA,NA,NA,NA,NA,NA,NA,NA,NA,Y,2,0,1,1,A,-,08,22107,NA,N,E,I,A,A,H,-,A,D,0,NA,NA,NA,NA,Y,Y,A,01,1,0,0,0,0,0,0,0,0,-,-,NA,NA,LOS ANGELES,REDONDO BEACH,-118.37689971923828,33.82154846191406
8906657,2019,2019-11-16,1942,2019-07-21,1745,37304,1651,7,5,7,1942,0,0,0,P,0,9TL52W,LAUREL CANYON BL,MONTAGUE ST,30,S,N,A,-,N,NA,NA,NA,NA,NA,NA,NA,NA,NA,N,4,0,2,2,A,-,03,22350,NA,F,C,C,A,A,H,-,A,A,0,NA,NA,NA,NA,Y,NA,-,99,0,0,2,0,0,0,0,0,0,-,-,NA,NA,LOS ANGELES,LOS ANGELES,-118.41626739501952,34.24382019042969
8906659,2019,2019-08-05,1900,2019-07-23,1340,618405,2112,2,5,5,1943,0,0,0,NA,0,212T3,LONG BEACH BL,NORTON AV,0,NA,Y,A,-,N,NA,NA,NA,NA,NA,NA,NA,NA,NA,N,3,0,1,3,A,-,08,22100,B,N,A,C,A,A,H,-,A,A,0,NA,NA,NA,NA,Y,NA,A,07,0,1,0,0,0,0,0,0,0,-,-,NA,NA,LOS ANGELES,LYNWOOD,-118.21246337890624,33.933231353759766
8906661,2019,2019-08-06,1942,2019-07-16,0915,27792,2144,2,5,7,1942,0,0,0,NA,0,21A43,VICTORY BL,SHOUP AV,0,NA,Y,A,-,N,NA,NA,NA,NA,NA,NA,NA,NA,NA,Y,4,0,2,3,A,-,12,21453,A,N,D,C,A,A,H,-,A,A,0,NA,NA,NA,NA,Y,NA,A,01,0,0,2,0,0,0,0,0,0,-,-,NA,NA,LOS ANGELES,LOS ANGELES,-118.61457061767578,34.18645095825195
8906663,2019,2019-08-05,1900,2019-07-22,0816,614589,2111,1,5,5,1943,0,0,0,NA,0,212T4,IMPERIAL HWY,LONG BEACH BL,0,NA,Y,A,-,N,NA,NA,NA,NA,NA,NA,NA,NA,NA,N,4,0,1,2,A,-,10,21950,A,N,G,B,B,A,H,-,A,A,0,Y,NA,NA,NA,Y,NA,A,01,0,0,1,0,1,0,0,0,0,-,-,NA,NA,LOS ANGELES,LYNWOOD,-118.2116470336914,33.93050003051758
8906665,2019,2019-08-06,1942,2019-07-06,2345,43395,2107,6,5,7,1942,0,0,0,NA,0,21A1,ROSCOE BL,DE SOTO AV,100,W,N,A,-,N,NA,NA,NA,NA,NA,NA,NA,NA,NA,N,4,0,1,3,B,-,22,NA,NA,F,C,E,A,A,-,-,C,D,0,NA,NA,NA,NA,Y,Y,-,99,0,0,1,0,0,0,0,0,0,-,-,NA,NA,LOS ANGELES,LOS ANGELES,-118.5888214111328,34.219940185546875
8906666,2019,2019-08-05,1925,2019-07-11,2351,20886,246,4,5,6,1925,0,0,0,NA,0,003,VERDUGO RD,ACACIA AV,0,NA,Y,A,-,N,NA,NA,NA,NA,NA,NA,NA,NA,NA,Y,4,0,2,2,A,-,01,23152,A,N,C,C,A,A,H,-,C,A,0,NA,NA,NA,NA,Y,NA,A,01,0,0,2,0,0,0,0,0,0,-,-,NA,NA,LOS ANGELES,GLENDALE,-118.2336196899414,34.1361083984375
8906669,2019,2019-08-05,1942,2019-07-15,1740,40141,2158,1,5,7,1942,0,0,0,NA,0,21A97,VICTORY BL,INDEPENDENCE AV,0,NA,Y,A,-,N,NA,NA,NA,NA,NA,NA,NA,NA,NA,Y,4,0,2,2,A,-,09,21801,A,N,D,C,A,A,H,-,A,D,0,NA,NA,NA,NA,Y,NA,A,01,0,0,2,0,0,0,0,0,0,-,-,NA,NA,LOS ANGELES,LOS ANGELES,-118.59060668945313,34.188358306884766
8906670,2019,2019-08-05,1925,2019-07-22,0925,21995,159,1,5,6,1925,0,0,0,NA,0,004,CHEVY CHASE DR,CORWIN AV,0,NA,Y,A,-,N,NA,NA,NA,NA,NA,NA,NA,NA,NA,Y,4,0,1,2,A,-,05,21752,D,N,B,C,A,A,H,-,A,D,0,NA,NA,Y,NA,Y,NA,C,02,0,0,1,0,0,0,0,0,1,-,-,NA,NA,LOS ANGELES,GLENDALE,-118.22691345214844,34.154510498046875
8906673,2019,2019-08-08,1942,2019-07-14,0710,39281,2139,7,5,7,1942,0,0,0,NA,0,21A29,SHERMAN WY,CORBIN AV,0,NA,Y,A,-,N,NA,NA,NA,NA,NA,NA,NA,NA,NA,Y,3,0,1,2,A,-,12,21453,A,N,D,C,A,A,H,-,A,A,0,NA,NA,NA,NA,Y,NA,-,-,0,1,0,0,0,0,0,0,0,-,-,NA,NA,LOS ANGELES,LOS ANGELES,-118.56224060058594,34.201148986816406
8906674,2019,2019-08-05,1925,2019-07-18,1047,19167,214,4,5,6,1925,0,0,0,NA,0,001,PACIFIC AV,BURCHETT ST,75,S,N,A,-,N,NA,NA,NA,NA,NA,NA,NA,NA,NA,N,4,0,1,3,A,-,03,22350,NA,N,C,C,A,A,H,-,A,A,0,NA,NA,NA,NA,Y,NA,A,01,0,0,1,0,0,0,0,0,0,-,-,NA,NA,LOS ANGELES,GLENDALE,-118.26415252685548,34.157230377197266
8906677,2019,2019-08-05,1942,2019-07-19,1515,36733,2149,5,5,7,1942,0,0,0,NA,0,17TL14,VANOWEN ST,HATILLO AV,200,E,N,A,-,N,NA,NA,NA,NA,NA,NA,NA,NA,NA,Y,4,0,2,2,A,-,09,21804,A,N,D,C,A,A,H,-,A,D,0,NA,NA,NA,NA,Y,NA,A,01,0,0,2,0,0,0,0,0,0,-,-,NA,NA,LOS ANGELES,LOS ANGELES,-118.56421661376952,34.193809509277344
8906678,2019,2019-08-05,1925,2019-07-16,1357,22598,242,2,5,6,1925,0,0,0,NA,0,003,COLORADO ST,VERDUGO RD,106,W,N,A,-,N,NA,NA,NA,NA,NA,NA,NA,NA,NA,Y,3,0,2,2,A,-,08,22102,NA,N,D,C,A,A,H,-,A,D,0,NA,NA,NA,NA,Y,NA,A,01,0,2,0,0,0,0,0,0,0,-,-,NA,NA,LOS ANGELES,GLENDALE,-118.2344207763672,34.14274215698242
8906681,2019,2019-08-05,1942,2019-07-16,1130,39746,2148,2,5,7,1942,0,0,0,NA,0,21A29,SHERMAN WY,MASON AV,24,W,N,A,-,N,NA,NA,NA,NA,NA,NA,NA,NA,NA,Y,4,0,3,3,A,-,03,22350,NA,N,C,C,A,A,H,-,A,A,0,NA,NA,NA,NA,Y,NA,A,01,0,0,3,0,0,0,0,0,0,-,-,NA,NA,LOS ANGELES,LOS ANGELES,-118.5798110961914,34.20100784301758
8906685,2019,2019-08-05,1942,2019-07-14,1355,39085,2136,7,5,7,1942,0,0,0,NA,0,21A5,SATICOY ST,DEERING AV,95,E,N,A,-,N,NA,NA,NA,NA,NA,NA,NA,NA,NA,N,3,0,2,2,A,-,03,22350,NA,N,C,C,A,A,H,-,A,D,0,NA,NA,NA,NA,Y,NA,A,08,0,1,1,0,0,0,0,0,0,-,-,NA,NA,LOS ANGELES,LOS ANGELES,-118.59634399414064,34.208309173583984
8906686,2019,2019-08-05,1925,2019-07-11,1918,22249,218,4,5,6,1925,0,0,0,NA,0,002,PACIFIC AV,SALEM ST,0,NA,Y,A,-,N,NA,NA,NA,NA,NA,NA,NA,NA,NA,N,3,0,1,2,A,-,10,21950,A,F,G,B,B,A,H,-,A,A,0,Y,NA,NA,NA,Y,NA,A,07,0,1,0,0,1,0,0,0,0,-,-,NA,NA,LOS ANGELES,GLENDALE,-118.26451873779295,34.14891052246094
8906689,2019,2019-08-05,1942,2019-07-15,1510,36678,2105,1,5,7,1942,0,0,0,NA,0,21A1,SCHOENBORN ST,TOPANGA CANYON BL,0,NA,Y,A,-,N,NA,NA,NA,NA,NA,NA,NA,NA,NA,Y,3,0,1,2,A,-,12,21453,A,N,C,C,A,A,H,-,A,A,0,NA,NA,NA,NA,Y,NA,A,01,0,1,0,0,0,0,0,0,0,-,-,NA,NA,LOS ANGELES,LOS ANGELES,-118.6060028076172,34.22092056274414
8906690,2019,2019-08-05,1925,2019-07-18,1006,20089,150,4,5,6,1925,0,0,0,NA,0,004,CANADA BL,TOWNE ST,0,NA,Y,A,-,N,NA,NA,NA,NA,NA,NA,NA,NA,NA,Y,4,0,2,2,A,-,09,21802,A,N,D,C,A,A,H,-,A,A,0,NA,NA,NA,NA,Y,NA,A,01,0,0,2,0,0,0,0,0,0,-,-,NA,NA,LOS ANGELES,GLENDALE,-118.22908020019533,34.16960144042969
8906693,2019,2019-08-05,1942,2019-07-19,0910,42296,1602,5,5,7,1942,0,0,0,P,0,NA,GLENOAKS BL,PAXTON ST,160,S,N,A,-,N,NA,NA,NA,NA,NA,NA,NA,NA,NA,N,4,0,1,2,A,-,03,22350,NA,F,C,C,A,A,H,-,A,A,0,NA,NA,NA,NA,Y,NA,-,99,0,0,1,0,0,0,0,0,0,-,-,NA,NA,LOS ANGELES,LOS ANGELES,-118.41766357421876,34.279319763183594
8906694,2019,2019-08-08,1925,2019-07-24,1304,14089,159,3,5,6,1925,0,0,0,NA,0,004,GLENDALE AV,GLENOAKS BL,0,NA,Y,A,-,N,NA,NA,NA,NA,NA,NA,NA,NA,NA,Y,4,0,1,2,A,-,09,21800,D,N,D,C,A,A,H,-,A,B,0,NA,NA,NA,NA,Y,NA,-,-,0,0,1,0,0,0,0,0,0,-,-,NA,NA,LOS ANGELES,GLENDALE,-118.23995971679688,34.158851623535156
8906695,2019,2019-09-19,1956,2019-07-15,1114,1133,52,1,5,5,1956,0,0,0,NA,0,004,RUHLAND AV,AVIATION BL,0,E,N,A,-,N,NA,NA,NA,NA,NA,NA,NA,NA,NA,Y,3,0,1,1,A,-,03,22350,NA,N,E,I,A,A,H,-,A,D,0,NA,NA,NA,NA,Y,NA,A,01,0,1,0,0,0,0,0,0,0,-,-,NA,NA,LOS ANGELES,REDONDO BEACH,-118.3800811767578,33.87567138671875
8906697,2019,2019-08-05,1942,2019-07-02,0645,27792,2129,2,5,7,1942,0,0,0,NA,0,21A29,SATICOY ST,WINNETKA AV,600,W,N,B,-,N,NA,NA,NA,NA,NA,NA,NA,NA,NA,N,4,0,1,2,B,-,22,NA,NA,F,C,C,A,A,H,-,A,-,0,NA,NA,NA,NA,Y,NA,-,99,0,0,1,0,0,0,0,0,0,-,-,NA,NA,LOS ANGELES,LOS ANGELES,-118.57298278808594,34.20836639404297
8906698,2019,2019-08-05,1942,2019-07-18,1915,31652,1599,4,5,7,1942,0,0,0,O,0,19T73,UNIVERSAL STUDIO BL,CAHUENGA BL,40,N,N,A,-,N,NA,NA,NA,NA,NA,NA,NA,NA,NA,N,4,0,1,2,A,-,03,22350,NA,F,C,C,A,A,H,-,A,A,0,NA,NA,NA,NA,Y,NA,-,99,0,0,1,0,0,0,0,0,0,-,-,NA,NA,LOS ANGELES,LOS ANGELES,-118.35282135009766,34.13219451904297
8906699,2019,2020-02-04,1956,2019-07-16,2110,1356,630,2,5,5,1956,0,0,0,NA,0,002,ANITA ST,RT 1,70,E,N,A,-,Y,LA,7,1,-,-,20.621,I,6,N,NA,4,0,1,2,A,-,03,22350,NA,N,C,C,A,A,H,-,C,A,0,NA,NA,NA,NA,Y,NA,A,01,0,0,1,0,0,0,0,0,0,-,-,NA,NA,LOS ANGELES,REDONDO BEACH,-118.39012145996094,33.8543701171875
8906701,2019,2019-08-05,1942,2019-07-15,1850,37680,2145,1,5,7,1942,0,0,0,NA,0,21A42,BASSETT ST,TOPANGA CANYON,0,NA,Y,A,-,N,NA,NA,NA,NA,NA,NA,NA,NA,NA,N,4,0,1,2,A,-,21,22106,NA,N,C,-,A,A,H,-,A,B,0,NA,NA,NA,NA,Y,NA,A,01,0,0,1,0,0,0,0,0,0,-,-,NA,NA,LOS ANGELES,LOS ANGELES,-118.60592651367188,34.19554901123047
8906702,2019,2019-08-05,1925,2019-07-17,0931,26039,228,3,5,6,1925,0,0,0,NA,0,004,MONTEREY RD,JACKSON ST,0,NA,Y,A,-,N,NA,NA,NA,NA,NA,NA,NA,NA,NA,Y,3,0,2,2,A,-,12,21453,A,N,D,C,A,A,H,-,A,A,0,NA,NA,NA,NA,Y,NA,A,01,0,1,1,0,0,0,0,0,0,-,-,NA,NA,LOS ANGELES,GLENDALE,-118.25025177001952,34.15748977661133
8906705,2019,2019-08-15,1942,2019-07-16,1050,41496,2149,2,5,7,1942,0,0,0,NA,0,21957,SHERMAN WY,CORBIN AV,0,NA,Y,A,-,N,NA,NA,NA,NA,NA,NA,NA,NA,NA,Y,4,0,1,2,A,-,09,21801,A,N,A,D,A,A,H,-,A,A,0,NA,NA,NA,NA,Y,NA,A,01,0,0,1,0,0,0,0,0,0,-,-,NA,NA,LOS ANGELES,LOS ANGELES,-118.56224060058594,34.201148986816406
8906706,2019,2019-08-05,1925,2019-07-23,1344,21995,217,2,5,6,1925,0,0,0,NA,0,002,CALIFORNIA AV,SAN FERNANDO RD,351,E,N,A,-,N,NA,NA,NA,NA,NA,NA,NA,NA,NA,Y,3,0,2,3,A,-,09,21804,A,N,D,C,A,A,H,-,A,D,0,NA,NA,NA,NA,Y,NA,A,01,0,2,0,0,0,0,0,0,0,-,-,NA,NA,LOS ANGELES,GLENDALE,-118.27228546142578,34.14997482299805
8906709,2019,2019-08-08,1942,2019-07-15,2030,43690,TOPAN,1,5,7,1942,0,0,0,NA,0,21A97,SHERMAN WY,JORDAN AV,0,NA,Y,A,-,N,NA,NA,NA,NA,NA,NA,NA,NA,NA,N,4,0,1,2,A,-,09,21801,A,N,D,G,A,A,H,-,B,A,0,NA,Y,NA,NA,Y,NA,A,01,0,0,1,0,0,0,1,0,0,-,-,NA,NA,LOS ANGELES,LOS ANGELES,-118.60285186767578,34.201019287109375
8906710,2019,2019-08-05,1925,2019-07-19,1351,20089,138,5,5,6,1925,0,0,0,NA,0,005,CANADA BL,EL RITO AV,0,NA,Y,A,-,N,NA,NA,NA,NA,NA,NA,NA,NA,NA,Y,3,0,2,2,A,-,09,21801,A,N,A,C,A,A,H,-,A,A,0,NA,NA,NA,NA,Y,NA,A,07,0,1,1,0,0,0,0,0,0,-,-,NA,NA,LOS ANGELES,GLENDALE,-118.22905731201172,34.18299865722656
8906712,2019,2019-08-02,1956,2019-07-16,1530,1352/120,30,2,5,5,1956,0,0,0,NA,0,002,PROSPECT AV,BERYL ST,66,S,N,A,-,N,NA,NA,NA,NA,NA,NA,NA,NA,NA,N,4,0,1,3,A,-,03,22350,NA,N,C,C,A,A,H,-,A,A,0,NA,NA,NA,NA,Y,NA,A,07,0,0,1,0,0,0,0,0,0,-,-,NA,NA,LOS ANGELES,REDONDO BEACH,-118.38182067871094,33.854026794433594
8906713,2019,2019-08-05,1942,2019-07-21,2040,40165,2162,7,5,7,1942,0,0,0,NA,0,21A73,CALIFA ST,FALLBROOK AV,1520,W,N,A,-,N,NA,NA,NA,NA,NA,NA,NA,NA,NA,Y,4,0,1,2,A,-,01,23152,A,N,C,E,A,A,H,-,D,D,0,NA,NA,NA,NA,Y,Y,A,08,0,0,1,0,0,0,0,0,0,-,-,NA,NA,LOS ANGELES,LOS ANGELES,-118.62835693359376,34.17735290527344
8906714,2019,2019-08-08,1925,2019-07-24,1339,21995,239,3,5,6,1925,0,0,0,NA,0,003,CHEVY CHASE DR,BROADWAY,0,NA,Y,A,-,N,NA,NA,NA,NA,NA,NA,NA,NA,NA,Y,3,0,1,2,A,-,12,21457,A,N,D,C,A,-,H,-,A,B,0,NA,NA,NA,NA,Y,NA,-,-,0,1,0,0,0,0,0,0,0,-,-,NA,NA,LOS ANGELES,GLENDALE,-118.23961639404295,34.14619827270508
8906717,2019,2019-08-23,1942,2019-07-23,0735,38349,2145,2,5,7,1942,0,0,0,NA,0,21A43,TOPANGA CANYON BL,BASSETT ST,160,S,N,A,-,N,NA,NA,NA,NA,NA,NA,NA,NA,NA,Y,4,0,1,2,A,-,09,21801,A,N,B,C,A,A,H,-,A,A,0,NA,NA,NA,NA,Y,NA,A,01,0,0,1,0,0,0,0,0,0,-,-,NA,NA,LOS ANGELES,LOS ANGELES,-118.60592651367188,34.19511032104492
8906718,2019,2019-08-05,1925,2019-07-22,1756,22249,248,1,5,6,1925,0,0,0,NA,0,003,LOUISE ST,COLORADO ST,12,S,N,A,-,N,NA,NA,NA,NA,NA,NA,NA,NA,NA,N,4,0,1,2,A,-,10,21950,A,N,G,B,B,A,H,-,A,A,0,Y,NA,NA,NA,Y,NA,A,07,0,0,1,0,1,0,0,0,0,-,-,NA,NA,LOS ANGELES,GLENDALE,-118.25260162353516,34.1425666809082
8906728,2019,2019-09-06,1955,2019-06-04,2054,40386,82,2,5,6,1955,0,0,0,NA,0,005,PHILLIPS BL,WHITE AV,380,W,N,A,-,N,NA,NA,NA,NA,NA,NA,NA,NA,NA,N,3,0,1,2,A,-,11,21954,A,N,G,B,E,A,H,-,C,A,0,Y,NA,NA,NA,Y,NA,N,60,0,1,0,0,1,0,0,0,0,-,-,NA,NA,LOS ANGELES,POMONA,-117.7596435546875,34.04395294189453
8906731,2019,2019-08-07,1942,2019-07-06,0130,26347,1721,6,5,7,1942,0,0,0,Q,0,17A23,ANDORA AV,CHATSWORTH ST,400,N,N,A,-,N,NA,NA,NA,NA,NA,NA,NA,NA,NA,N,2,0,1,2,A,-,08,22107,NA,F,B,G,A,A,H,-,D,D,0,NA,Y,NA,NA,Y,NA,-,99,1,0,0,0,0,0,1,0,0,-,-,NA,NA,LOS ANGELES,LOS ANGELES,-118.60472106933594,34.2653694152832
8906732,2019,2019-08-01,1955,2019-06-07,1117,42045,92,5,5,6,1955,0,0,0,NA,0,004,RESERVOIR ST,TRANSIT DR,70,N,N,A,-,N,NA,NA,NA,NA,NA,NA,NA,NA,NA,Y,4,0,2,3,A,-,08,22107,NA,N,C,E,A,-,H,-,A,A,0,NA,NA,NA,NA,Y,NA,A,07,0,0,2,0,0,0,0,0,0,-,-,NA,NA,LOS ANGELES,POMONA,-117.73242950439452,34.05064010620117
8906735,2019,2019-08-07,1900,2019-07-11,0725,529380,1419,4,5,1,1932,0,0,0,NA,0,141T2,NOGALES ST,ARENTH AV,0,NA,Y,A,-,N,NA,NA,NA,NA,NA,NA,NA,NA,NA,N,3,0,1,2,A,-,09,21801,A,N,D,C,A,A,H,-,A,A,0,NA,NA,NA,NA,Y,NA,A,01,0,1,0,0,0,0,0,0,0,-,-,34.00130844116211,-117.88796997070313,LOS ANGELES,INDUSTRY,-117.88787078857422,34.00123977661133
8906736,2019,2019-08-01,1955,2019-06-16,1608,42297,78,7,5,6,1955,0,0,0,NA,0,001,MISSION BL,CURRAN PL,0,NA,N,A,-,N,NA,NA,NA,NA,NA,NA,NA,NA,NA,Y,4,0,1,2,A,-,09,21801,A,N,D,C,A,A,H,-,A,A,0,NA,NA,NA,NA,Y,NA,A,01,0,0,1,0,0,0,0,0,0,-,-,NA,NA,LOS ANGELES,POMONA,-117.77523803710938,34.05397033691406
8906739,2019,2019-08-07,1942,2019-07-03,1410,42367,2147,3,5,7,1942,0,0,0,NA,0,21A29,SHERMAN WY,DE SOTO AV,0,NA,Y,A,-,N,NA,NA,NA,NA,NA,NA,NA,NA,NA,N,4,0,3,3,A,-,03,22350,NA,F,C,C,A,A,-,-,A,A,0,NA,NA,NA,NA,Y,NA,-,99,0,0,3,0,0,0,0,0,0,-,-,NA,NA,LOS ANGELES,LOS ANGELES,-118.58844757080078,34.20111846923828
8906740,2019,2019-08-01,1955,2019-06-28,1210,40386,46,5,5,6,1955,0,0,0,NA,0,001,HAMILTON BL,ORANGE GROVE AV,136,S,N,A,-,N,NA,NA,NA,NA,NA,NA,NA,NA,NA,N,4,0,1,2,A,-,09,21804,A,N,B,C,A,A,H,-,A,A,0,NA,NA,NA,NA,Y,NA,A,01,0,0,1,0,0,0,0,0,0,-,-,NA,NA,LOS ANGELES,POMONA,-117.76360321044922,34.06770706176758
8906742,2019,2019-08-06,1928,2019-07-12,0507,416,516,5,5,5,1928,0,0,0,NA,0,503,WASHINGTON AV,135TH ST,80,S,N,A,-,N,NA,NA,NA,NA,NA,NA,NA,NA,NA,Y,4,0,1,4,A,-,01,23152,A,N,B,E,A,A,H,-,B,D,0,NA,NA,NA,NA,Y,Y,A,01,0,0,1,0,0,0,0,0,0,-,-,33.90980911254883,-118.34954833984376,LOS ANGELES,HAWTHORNE,-118.34954833984376,33.90950012207031
8906743,2019,2019-08-07,1942,2019-07-16,1530,40700,1851,2,5,7,1942,0,0,0,R,0,NA,EL SEGUNDO BL,MENLO AV,0,NA,Y,A,-,N,NA,NA,NA,NA,NA,NA,NA,NA,NA,Y,4,0,1,2,A,-,03,22350,NA,N,C,C,A,A,H,-,A,D,0,NA,NA,NA,NA,Y,NA,A,07,0,0,1,0,0,0,0,0,0,-,-,NA,NA,LOS ANGELES,LOS ANGELES,-118.28938293457033,33.916419982910156
8906744,2019,2019-08-01,1955,2019-06-02,1419,41897,92,7,5,6,1955,0,0,0,NA,0,004,SAN ANTONIO AV,GRAND AV,300,S,N,B,-,N,NA,NA,NA,NA,NA,NA,NA,NA,NA,Y,4,0,2,2,A,-,21,22106,NA,N,D,C,A,A,H,-,A,D,0,NA,NA,NA,NA,Y,NA,A,01,0,0,2,0,0,0,0,0,0,-,-,NA,NA,LOS ANGELES,POMONA,-117.73664093017578,34.04732894897461
8906746,2019,2019-08-06,1928,2019-07-08,0828,239,501,1,5,5,1928,0,0,0,NA,0,501,INGLEWOOD AV,119TH ST,0,NA,Y,B,-,N,NA,NA,NA,NA,NA,NA,NA,NA,NA,Y,4,0,1,2,A,-,09,21802,A,N,D,C,A,A,H,-,A,A,0,NA,NA,NA,NA,Y,NA,A,08,0,0,1,0,0,0,0,0,0,-,-,NA,NA,LOS ANGELES,HAWTHORNE,-118.36132049560548,33.92546844482422