CASE_ID,ACCIDENT_YEAR,PROC_DATE,JURIS,COLLISION_DATE,COLLISION_TIME,OFFICER_ID,REPORTING_DISTRICT,DAY_OF_WEEK,CHP_SHIFT,POPULATION,CNTY_CITY_LOC,SPECIAL_COND,BEAT_TYPE,CHP_BEAT_TYPE,CITY_DIVISION_LAPD,CHP_BEAT_CLASS,BEAT_NUMBER,PRIMARY_RD,SECONDARY_RD,DISTANCE,DIRECTION,INTERSECTION,WEATHER_1,WEATHER_2,STATE_HWY_IND,CALTRANS_COUNTY,CALTRANS_DISTRICT,STATE_ROUTE,ROUTE_SUFFIX,POSTMILE_PREFIX,POSTMILE,LOCATION_TYPE,RAMP_INTERSECTION,SIDE_OF_HWY,TOW_AWAY,COLLISION_SEVERITY,NUMBER_KILLED,NUMBER_INJURED,PARTY_COUNT,PRIMARY_COLL_FACTOR,PCF_CODE_OF_VIOL,PCF_VIOL_CATEGORY,PCF_VIOLATION,PCF_VIOL_SUBSECTION,HIT_AND_RUN,TYPE_OF_COLLISION,MVIW,PED_ACTION,ROAD_SURFACE,ROAD_COND_1,ROAD_COND_2,LIGHTING,CONTROL_DEVICE,CHP_ROAD_TYPE,PEDESTRIAN_ACCIDENT,BICYCLE_ACCIDENT,MOTORCYCLE_ACCIDENT,TRUCK_ACCIDENT,NOT_PRIVATE_PROPERTY,ALCOHOL_INVOLVED,STWD_VEHTYPE_AT_FAULT,CHP_VEHTYPE_AT_FAULT,COUNT_SEVERE_INJ,COUNT_VISIBLE_INJ,COUNT_COMPLAINT_PAIN,COUNT_PED_KILLED,COUNT_PED_INJURED,COUNT_BICYCLIST_KILLED,COUNT_BICYCLIST_INJURED,COUNT_MC_KILLED,COUNT_MC_INJURED,PRIMARY_RAMP,SECONDARY_RAMP,LATITUDE,LONGITUDE,COUNTY,CITY,POINT_X,POINT_Y
8910861,2019,2020-03-23,1942,2019-08-15,1200,41498,0111,4,5,7,1942,0,0,0,A,0,1A1,BROADWAY,COLLEGE,0,NA,Y,A,-,N,NA,NA,NA,NA,NA,NA,NA,NA,NA,Y,4,0,1,3,A,-,21,22106,NA,N,B,C,A,A,H,-,A,D,0,NA,NA,NA,NA,Y,NA,A,01,0,0,1,0,0,0,0,0,0,-,-,NA,NA,LOS ANGELES,LOS ANGELES,-118.23748016357422,34.064029693603516
8910862,2019,2020-03-23,1942,2019-03-29,1945,35410,2105,5,5,7,1942,0,0,0,NA,0,21A29,OWENSMOUTH AV,PARTHENIA ST,25,S,N,A,-,N,NA,NA,NA,NA,NA,NA,NA,NA,NA,N,4,0,1,2,A,-,04,21703,NA,N,C,-,A,A,H,-,C,A,0,NA,NA,NA,NA,Y,NA,D,22,0,0,1,0,0,0,0,0,0,-,-,NA,NA,LOS ANGELES,LOS ANGELES,-118.60166931152344,34.228111267089844
8910863,2019,2020-03-23,1900,2019-06-29,1550,541248,2118,6,5,5,1943,0,0,0,NA,0,212D,ATLANTIC AV,ARLINGTON AV,0,NA,Y,A,-,N,NA,NA,NA,NA,NA,NA,NA,NA,NA,N,4,0,2,2,A,-,09,21802,A,N,C,C,A,A,H,-,A,A,0,NA,NA,NA,NA,Y,NA,D,22,0,0,2,0,0,0,0,0,0,-,-,NA,NA,LOS ANGELES,LYNWOOD,-118.19344329833984,33.90690994262695
8910867,2019,2021-06-02,1965,2019-11-17,0049,3553,0B1J,7,5,5,1965,0,0,0,NA,0,B001,ARIZONA AV,5TH ST,9,E,N,A,-,N,NA,NA,NA,NA,NA,NA,NA,NA,NA,Y,1,1,0,2,A,-,01,23152,A,F,G,B,B,A,H,-,C,A,0,Y,NA,NA,NA,Y,Y,A,07,0,0,0,1,0,0,0,0,0,-,-,NA,NA,LOS ANGELES,SANTA MONICA,-118.49579620361328,34.018558502197266
8910875,2019,2020-05-15,1929,2019-10-23,0142,924,NA,3,5,3,1929,0,0,0,NA,0,NA,RT 1,ARTESIA BL,66,S,N,A,-,Y,LA,7,1,-,-,21.9,H,-,N,Y,1,1,0,2,A,-,01,23152,G,N,D,C,A,A,H,-,C,A,0,NA,NA,NA,NA,Y,Y,A,01,0,0,0,0,0,0,0,0,0,-,-,NA,NA,LOS ANGELES,HERMOSA BEACH,-118.39533996582033,33.87260818481445
8910890,2020,2022-06-14,1942,2020-01-24,0745,37540,0218,5,5,7,1942,0,0,0,B,0,2A39,SUNSET BL,DOUGLAS ST,33,W,N,A,-,N,NA,NA,NA,NA,NA,NA,NA,NA,NA,Y,1,1,0,2,A,-,05,21460,A,F,A,C,A,A,H,-,A,D,0,NA,NA,NA,NA,Y,NA,A,01,0,0,0,0,0,0,0,0,0,-,-,NA,NA,LOS ANGELES,LOS ANGELES,-118.25204467773438,34.07426071166992
8910893,2020,2022-06-11,1942,2020-02-01,2355,42876,1135,6,5,7,1942,0,0,0,K,0,11A89,EAGLE ROCK BL,VERDUGO RD,258,E,N,A,-,N,NA,NA,NA,NA,NA,NA,NA,NA,NA,Y,1,1,0,2,A,-,11,21954,A,N,G,B,D,A,H,-,C,A,0,Y,NA,NA,NA,Y,Y,N,60,0,0,0,1,0,0,0,0,0,-,-,NA,NA,LOS ANGELES,LOS ANGELES,-118.23792266845705,34.10466003417969
8910896,2020,2022-06-11,1942,2020-02-16,0145,43432,1265,7,5,7,1942,0,0,0,L,0,12A53,W MANCHESTER AV,S BUDLONG AV,0,NA,Y,A,-,N,NA,NA,NA,NA,NA,NA,NA,NA,NA,Y,1,1,2,2,A,-,09,21801,A,N,A,C,A,A,H,-,C,A,0,NA,NA,NA,NA,Y,Y,A,01,0,0,2,0,0,0,0,0,0,-,-,NA,NA,LOS ANGELES,LOS ANGELES,-118.2959213256836,33.96001052856445
8910901,2020,2022-06-11,1942,2020-03-10,2130,41198,1723,2,5,7,1942,0,0,0,Q,0,17A23,DEVONSHIRE ST,MASON AV,0,NA,Y,B,-,N,NA,NA,NA,NA,NA,NA,NA,NA,NA,Y,1,1,1,2,A,-,09,21801,A,N,D,C,A,B,H,-,C,A,0,NA,NA,Y,NA,Y,NA,A,01,0,1,0,0,0,0,0,1,0,-,-,NA,NA,LOS ANGELES,LOS ANGELES,-118.57984161376952,34.257259368896484
8910920,2019,2020-04-07,1942,2019-12-30,1629,34458,1128,1,5,7,1942,0,0,0,K,0,11A25,LEWIS ST,MERIDIAN ST,521,N,N,A,-,N,NA,NA,NA,NA,NA,NA,NA,NA,NA,Y,1,1,0,4,A,-,21,22106,NA,N,G,B,E,A,H,-,A,D,0,Y,NA,NA,NA,Y,NA,A,01,0,0,0,1,0,0,0,0,0,-,-,NA,NA,LOS ANGELES,LOS ANGELES,-118.18010711669922,34.12154769897461
8910923,2020,2020-04-10,1900,2020-01-10,1457,527449,1516,5,5,5,1954,0,0,0,NA,0,151T2,SLAUSON AV,PARAMOUNT BL,0,NA,Y,A,-,N,NA,NA,NA,NA,NA,NA,NA,NA,NA,N,1,1,0,2,A,-,11,21950,B,F,B,B,D,A,-,-,A,A,0,Y,NA,NA,Y,Y,NA,N,60,0,0,0,1,0,0,0,0,0,-,-,33.97346878051758,-118.1130599975586,LOS ANGELES,PICO RIVERA,-118.11299896240234,33.973411560058594
8910927,2020,2020-04-10,1900,2020-01-23,2025,633029,2822,4,5,5,1915,0,0,0,NA,0,283T3,ALAMEDA ST,ELM ST,12,N,N,A,-,N,NA,NA,NA,NA,NA,NA,NA,NA,NA,Y,1,1,0,2,A,-,11,21950,B,N,G,B,D,A,H,-,C,A,0,Y,NA,NA,NA,Y,NA,N,60,0,0,0,1,0,0,0,0,0,-,-,NA,NA,LOS ANGELES,COMPTON,-118.2211456298828,33.900691986083984
8910932,2020,2020-04-10,1941,2020-02-02,1724,5660,NA,7,5,7,1941,0,0,0,NA,0,NA,ATLANTIC AV,ATLANTIC AV 675,0,NA,N,A,-,N,NA,NA,NA,NA,NA,NA,NA,NA,NA,Y,1,1,0,3,A,-,01,23152,A,N,C,E,A,A,H,-,A,D,0,NA,NA,NA,NA,Y,Y,D,NA,0,0,0,0,0,0,0,0,0,-,-,NA,NA,LOS ANGELES,LONG BEACH,-118.185098,33.775265
8910933,2020,2022-06-11,1942,2020-02-06,0100,39062,1331,4,5,7,1942,0,0,0,M,0,13A41,S HILL ST,W ADAMS BL,87,S,N,A,-,N,NA,NA,NA,NA,NA,NA,NA,NA,NA,Y,1,1,1,2,A,-,11,21954,A,N,G,B,D,A,H,-,C,D,0,Y,NA,NA,NA,Y,Y,N,60,0,1,0,1,0,0,0,0,0,-,-,NA,NA,LOS ANGELES,LOS ANGELES,-118.27098083496094,34.025611877441406
8910934,2020,2022-06-11,1942,2020-02-06,0606,38556,0517,4,5,7,1942,0,0,0,E,0,5A15,N AVALON BL,N ST,146,S,N,A,-,N,NA,NA,NA,NA,NA,NA,NA,NA,NA,Y,1,1,0,2,A,-,11,21956,A,N,G,B,D,A,H,-,A,A,0,Y,NA,NA,NA,Y,NA,N,60,0,0,0,1,0,0,0,0,0,-,-,NA,NA,LOS ANGELES,LOS ANGELES,-118.2632064819336,33.78961944580078
8910938,2020,2022-06-18,1900,2020-02-18,2019,489533,0453,2,5,6,1949,0,0,0,NA,0,DET,ROSECRANS AV,FLATBUSH AV,0,NA,Y,A,-,N,NA,NA,NA,NA,NA,NA,NA,NA,NA,Y,1,1,0,4,A,-,01,23153,A,N,D,C,A,A,H,-,C,A,0,NA,NA,NA,NA,Y,Y,A,01,0,0,0,0,0,0,0,0,0,-,-,NA,NA,LOS ANGELES,NORWALK,-118.10662078857422,33.90208053588867
8910942,2020,2020-05-15,1942,2020-02-23,0049,38265,0101,7,5,7,1942,0,0,0,A,0,1A1,SUNSET BL,WHITE KNOLL DR,81,E,N,A,-,N,NA,NA,NA,NA,NA,NA,NA,NA,NA,N,1,1,1,3,A,-,11,21956,A,F,G,B,D,A,H,-,C,A,0,Y,NA,NA,NA,Y,NA,N,60,1,0,0,1,1,0,0,0,0,-,-,NA,NA,LOS ANGELES,LOS ANGELES,-118.24967956542967,34.06662368774414
8910943,2020,2020-04-13,1905,2020-02-23,1726,2019,801,7,5,4,1905,0,0,0,NA,0,003,AZUSA VETERANS WY,BARBERRY WY,383,N,N,A,-,N,NA,NA,NA,NA,NA,NA,NA,NA,NA,Y,1,1,0,1,A,-,08,22107,NA,N,A,I,A,A,H,-,A,A,0,NA,NA,Y,NA,Y,NA,C,02,0,0,0,0,0,0,0,1,0,-,-,34.14011001586914,-117.89662933349608,LOS ANGELES,AZUSA,-117.89714813232422,34.139705657958984
8910944,2020,2022-06-11,1942,2020-02-24,2300,42876,0271,1,5,7,1942,0,0,0,B,0,2A75,ALVARADO ST,OLYMPIC BL,0,NA,Y,A,-,N,NA,NA,NA,NA,NA,NA,NA,NA,NA,Y,1,1,1,2,A,-,12,21453,A,N,D,C,A,A,H,-,C,A,0,NA,NA,NA,NA,Y,Y,-,-,0,1,0,0,0,0,0,0,0,-,-,NA,NA,LOS ANGELES,LOS ANGELES,-118.2798309326172,34.05173873901367
8910945,2020,2022-06-18,1976,2020-02-25,2248,376,NA,2,5,3,1964,0,0,0,NA,0,002,FLORENCE AV,ROSETON AV,532,E,N,A,-,N,NA,NA,NA,NA,NA,NA,NA,NA,NA,Y,1,1,0,1,A,-,08,22107,A,N,H,I,A,A,H,-,C,D,0,NA,NA,NA,NA,Y,Y,A,07,0,0,0,0,0,0,0,0,0,-,-,NA,NA,LOS ANGELES,SANTA FE SPRINGS,-118.08625030517578,33.93513107299805
8910947,2020,2020-04-13,1900,2020-02-28,1815,623588,0641,5,5,6,1985,0,0,0,NA,0,64T1,COPPER HILL DR,TAMARACK LN,23,E,N,A,-,N,NA,NA,NA,NA,NA,NA,NA,NA,NA,Y,1,1,1,2,A,-,09,21801,A,N,D,C,A,A,H,-,C,D,0,NA,NA,Y,NA,Y,NA,A,01,0,1,0,0,0,0,0,1,0,-,-,34.46051025390625,-118.53060913085938,LOS ANGELES,SANTA CLARITA,-118.53048706054688,34.460479736328125
8910948,2020,2020-04-13,1900,2020-02-28,1908,610418,1123,5,5,6,1992,0,0,0,NA,0,111T1,10TH ST WEST,AVENUE J-14,27,S,N,A,-,N,NA,NA,NA,NA,NA,NA,NA,NA,NA,N,1,1,1,4,A,-,11,21954,A,N,G,B,D,A,H,-,D,D,0,Y,NA,NA,NA,Y,NA,N,60,0,1,0,1,1,0,0,0,0,-,-,NA,NA,LOS ANGELES,LANCASTER,-118.14788055419922,34.67643737792969
8910949,2020,2020-05-15,1900,2020-02-29,0845,651578,1011,6,5,3,1995,0,0,0,NA,0,101T3,RT 1,BROAD BEACH LN,10,E,N,A,-,Y,LA,7,1,-,-,56.82,H,-,N,Y,1,1,0,1,A,-,08,22107,NA,N,E,I,A,A,H,-,A,D,0,NA,NA,NA,NA,Y,NA,A,01,0,0,0,0,0,0,0,0,0,-,-,34.030330657958984,-118.84253692626952,LOS ANGELES,MALIBU,-118.8432159423828,34.0308952331543
8910951,2020,2020-04-13,1942,2020-03-02,0955,37575,2022,1,5,7,1942,0,0,0,NA,0,27TL25,S WESTERN AV,W 4TH ST,0,NA,Y,A,-,N,NA,NA,NA,NA,NA,NA,NA,NA,NA,Y,1,1,0,2,A,-,10,21950,A,N,G,B,B,A,H,-,A,A,0,Y,NA,NA,NA,Y,NA,A,01,0,0,0,1,0,0,0,0,0,-,-,NA,NA,LOS ANGELES,LOS ANGELES,-118.30911254882813,34.067138671875
8910952,2020,2022-06-11,1942,2020-03-02,1857,42460,1023,1,5,7,1942,0,0,0,J,0,10A21,TAMPA AV,HART ST,17,S,N,A,-,N,NA,NA,NA,NA,NA,NA,NA,NA,NA,Y,1,1,0,3,A,-,11,21453,D,F,G,B,B,A,H,-,B,D,0,Y,NA,NA,NA,Y,Y,N,60,0,0,0,1,0,0,0,0,0,-,-,NA,NA,LOS ANGELES,LOS ANGELES,-118.55345916748048,34.19741439819336
8910954,2020,2020-04-13,1942,2020-03-06,0740,40899+,2088,5,5,7,1942,0,0,0,NA,0,20A97,WEST WASHINGTON BL,MAGNOLIA AV,63,E,N,A,-,N,NA,NA,NA,NA,NA,NA,NA,NA,NA,N,1,1,0,3,A,-,11,21954,A,N,G,B,E,A,H,-,A,D,0,Y,NA,NA,Y,Y,NA,N,60,0,0,0,1,0,0,0,0,0,-,-,NA,NA,LOS ANGELES,LOS ANGELES,-118.28620910644533,34.040042877197266
8910956,2020,2020-04-13,1942,2020-03-09,2354,42460,1962,1,5,7,1942,0,0,0,NA,0,19A61,NORDHOFF ST,BURNET AV,363,W,N,B,-,N,NA,NA,NA,NA,NA,NA,NA,NA,NA,Y,1,1,4,4,A,-,01,23152,A,N,A,C,A,A,H,-,C,A,0,NA,NA,NA,NA,Y,Y,A,07,3,1,0,0,0,0,0,0,0,-,-,NA,NA,LOS ANGELES,LOS ANGELES,-118.46444702148438,34.235504150390625
8910957,2020,2020-04-13,1942,2020-03-11,0733,37575,0663,3,5,7,1942,0,0,0,F,0,27T25,HIGHLAND AV,ROMAINE ST,0,NA,Y,A,-,N,NA,NA,NA,NA,NA,NA,NA,NA,NA,Y,2,0,1,1,C,-,18,NA,NA,N,E,I,A,A,H,-,A,D,0,NA,NA,NA,Y,Y,NA,-,-,1,0,0,0,0,0,0,0,0,-,-,NA,NA,LOS ANGELES,LOS ANGELES,-118.33859252929688,34.08890151977539
8910958,2020,2020-04-13,1942,2020-03-16,0350,33452,1383,1,5,7,1942,0,0,0,M,0,13A93,S BROADWAY,W GAGE AV,0,NA,Y,B,-,N,NA,NA,NA,NA,NA,NA,NA,NA,NA,Y,1,1,1,2,A,-,12,21453,A,N,D,C,A,A,H,-,C,A,0,NA,NA,Y,Y,Y,NA,C,03,1,0,0,0,0,0,0,1,1,-,-,NA,NA,LOS ANGELES,LOS ANGELES,-118.2782974243164,33.98236846923828
8910959,2020,2020-05-15,1941,2020-03-23,0621,6308,NA,1,5,7,1941,0,0,0,NA,0,NA,RT 1,ANAHEIM ST,0,NA,Y,B,-,Y,LA,7,1,-,-,2.74,H,-,N,Y,1,1,2,2,A,-,01,23152,A,N,D,C,A,B,H,-,C,A,0,NA,NA,NA,NA,Y,NA,A,NA,2,0,0,0,0,0,0,0,0,-,-,NA,NA,LOS ANGELES,LONG BEACH,-118.13246917724608,33.782623291015625
8910960,2020,2022-06-11,1942,2020-03-26,1950,42251,1034,4,5,7,1942,0,0,0,J,0,10A21,RESEDA BL,VICTORY BL,336,N,N,B,-,N,NA,NA,NA,NA,NA,NA,NA,NA,NA,N,1,1,0,3,A,-,11,21954,A,N,G,B,D,A,H,-,C,D,0,Y,NA,NA,NA,Y,Y,N,60,0,0,0,1,0,0,0,0,0,-,-,NA,NA,LOS ANGELES,LOS ANGELES,-118.53601837158205,34.18749237060547
8910962,2019,2020-05-15,1955,2019-12-09,0021,30354,58,1,5,6,1955,0,0,0,NA,0,001,TEMPLE AV,RT 57,0,NA,Y,B,-,Y,LA,7,57,-,R,6.489,R,4,S,Y,1,1,0,2,A,-,11,21950,B,N,G,B,B,A,H,-,A,A,0,Y,NA,NA,NA,Y,NA,N,60,0,0,0,1,0,0,0,0,0,-,SF,NA,NA,LOS ANGELES,POMONA,-117.802454,34.045294
8910965,2019,2020-04-16,1942,2019-02-28,2230,41125,0811,4,5,7,1942,0,0,0,H,0,8A23,VANOWEN ST,SEPULVEDA BL,47,E,N,A,-,N,NA,NA,NA,NA,NA,NA,NA,NA,NA,Y,1,1,0,4,A,-,03,22350,NA,N,G,B,F,A,H,-,A,A,0,Y,NA,NA,NA,Y,NA,A,01,0,0,0,1,0,0,0,0,0,-,-,NA,NA,LOS ANGELES,LOS ANGELES,-118.46602630615234,34.19392013549805
8910979,2019,2021-05-19,1942,2019-10-04,0150,42640,1602,5,5,7,1942,0,0,0,P,0,16A11,GLENOAKS BL,VAN NUYS BL,240,N,N,A,-,N,NA,NA,NA,NA,NA,NA,NA,NA,NA,Y,1,1,0,1,A,-,03,22350,NA,N,E,I,A,A,H,-,C,D,0,NA,NA,NA,NA,Y,Y,A,01,0,0,0,0,0,0,0,0,0,-,-,NA,NA,LOS ANGELES,LOS ANGELES,-118.41220855712892,34.27418899536133
8910981,2019,2020-04-16,1942,2019-10-28,1400,40634,2156,1,5,7,1942,0,0,0,NA,0,21A43,VANOWEN ST,TOPANGA CANYON BL,246,W,N,A,-,N,NA,NA,NA,NA,NA,NA,NA,NA,NA,Y,1,1,0,2,A,-,03,22350,NA,N,C,C,A,A,H,-,A,A,0,NA,NA,NA,NA,Y,NA,A,01,0,0,0,0,0,0,0,0,0,-,-,NA,NA,LOS ANGELES,LOS ANGELES,-118.60671997070313,34.193748474121094
8910988,2019,2021-05-24,1905,2019-08-04,0826,1110,424,7,5,4,1905,0,0,0,NA,0,003,CITRUS AV,FOOTHILL BL,0,NA,Y,A,-,N,NA,NA,NA,NA,NA,NA,NA,NA,NA,Y,1,1,0,1,A,-,03,22350,NA,N,E,I,A,A,H,-,A,A,0,NA,NA,NA,NA,Y,Y,D,22,0,0,0,0,0,0,0,0,0,-,-,NA,NA,LOS ANGELES,AZUSA,-117.89006042480467,34.133460998535156
8910989,2019,2020-04-16,1918,2019-07-18,0045,839,1918,4,5,4,1918,0,0,0,NA,0,4T21,LA CIENEGA BL,WRIGHTCREST DR,480,N,N,A,-,N,NA,NA,NA,NA,NA,NA,NA,NA,NA,Y,1,1,1,3,A,-,03,22350,NA,N,C,C,A,A,H,-,C,D,0,NA,NA,Y,NA,Y,NA,C,02,0,0,1,0,0,0,0,1,1,-,-,34.0175895690918,-118.36952972412108,LOS ANGELES,CULVER CITY,-118.37325286865234,34.01742935180664
8911012,2019,2020-05-05,1900,2019-06-04,0640,451343,2310,2,5,5,1919,0,0,0,NA,0,230M3,ARTESIA BL,DUMONT AV,0,NA,Y,B,-,N,NA,NA,NA,NA,NA,NA,NA,NA,NA,Y,1,1,0,2,A,-,03,22350,NA,N,C,G,A,A,H,-,A,D,0,NA,Y,NA,NA,Y,NA,A,01,0,0,0,0,0,1,0,0,0,-,-,NA,NA,LOS ANGELES,CERRITOS,-118.10334777832033,33.872989654541016
8911017,2019,2020-05-05,1928,2019-12-25,0016,50415,514,3,5,5,1928,0,0,0,NA,0,504,HAWTHORNE BL,137TH ST,0,NA,Y,A,-,N,NA,NA,NA,NA,NA,NA,NA,NA,NA,Y,1,1,1,2,A,-,01,23153,A,N,D,C,A,A,H,-,C,A,0,NA,NA,NA,NA,Y,Y,A,01,0,1,0,0,0,0,0,0,0,-,-,33.907508850097656,-118.35285186767578,LOS ANGELES,HAWTHORNE,-118.3527603149414,33.90793991088867
8911020,2020,2020-05-08,1942,2020-04-11,1800,35471,1021,6,5,7,1942,0,0,0,J,0,10A21,VANOWEN ST,CORBIN AV,212,E,N,A,-,N,NA,NA,NA,NA,NA,NA,NA,NA,NA,Y,1,1,0,1,A,-,03,22350,NA,N,F,I,A,A,H,-,A,A,0,NA,NA,Y,NA,Y,NA,C,02,0,0,0,0,0,0,0,1,0,-,-,NA,NA,LOS ANGELES,LOS ANGELES,-118.5615463256836,34.19382095336914
8911025,2020,2020-05-08,1913,2020-02-22,0652,3679,NA,6,5,4,1913,0,0,0,NA,0,NA,INDIAN HILL BL,SANTA FE,59,N,N,B,-,N,NA,NA,NA,NA,NA,NA,NA,NA,NA,Y,1,1,0,2,A,-,11,21954,A,N,G,B,D,A,H,-,A,D,0,Y,NA,NA,NA,Y,NA,N,60,0,0,0,1,0,0,0,0,0,-,-,NA,NA,LOS ANGELES,CLAREMONT,-117.71929931640624,34.09389114379883
8911027,2020,2020-05-08,1942,2020-03-10,0731,38357,1354,2,5,7,1942,0,0,0,M,0,13A41,WOODLAWN AV,E MARTIN LUTHER KING BL,0,NA,Y,C,-,N,NA,NA,NA,NA,NA,NA,NA,NA,NA,N,1,1,0,2,A,-,10,21950,A,N,G,B,B,B,H,-,A,A,0,Y,NA,NA,NA,Y,NA,A,07,0,0,0,1,0,0,0,0,0,-,-,NA,NA,LOS ANGELES,LOS ANGELES,-118.2728271484375,34.01115036010742
8911030,2020,2022-06-18,1900,2020-02-05,1920,643702,1335,3,5,5,1908,0,0,0,NA,0,133D,CLARK AV,ROSE ST,40,N,N,A,-,N,NA,NA,NA,NA,NA,NA,NA,NA,NA,Y,1,1,0,2,A,-,11,21954,A,N,G,B,D,A,H,-,C,D,0,Y,NA,NA,NA,Y,Y,N,60,0,0,0,1,0,0,0,0,0,-,-,NA,NA,LOS ANGELES,BELLFLOWER,-118.13387298583984,33.86970901489258
8911033,2020,2020-05-08,1942,2020-03-06,0515,33599,0311,5,5,7,1942,0,0,0,C,0,3A1,W JEFFERSON BL,S LA CIENEGA BL,0,NA,Y,B,-,N,NA,NA,NA,NA,NA,NA,NA,NA,NA,Y,1,1,1,2,A,-,11,21954,A,N,G,B,D,A,H,-,B,A,0,Y,NA,NA,NA,Y,NA,N,60,0,1,0,1,0,0,0,0,0,-,-,NA,NA,LOS ANGELES,LOS ANGELES,-118.37207794189452,34.02653121948242
8911034,2020,2020-05-08,1942,2020-03-06,0710,41729,0312,5,5,7,1942,0,0,0,C,0,3A31,S LA BREA AV,FERNDALE ST,0,NA,Y,A,-,N,NA,NA,NA,NA,NA,NA,NA,NA,NA,Y,1,1,0,2,A,-,09,21802,A,N,D,C,A,A,H,-,A,A,0,NA,NA,NA,NA,Y,NA,A,01,0,0,0,0,0,0,0,0,0,-,-,NA,NA,LOS ANGELES,LOS ANGELES,-118.3519287109375,34.03050994873047
8911035,2020,2022-06-11,1942,2020-04-05,0500,27792,1777,7,5,7,1942,0,0,0,Q,0,17A95,NORDHOFF ST,GOTHIC AV,99,E,N,B,-,N,NA,NA,NA,NA,NA,NA,NA,NA,NA,Y,1,1,0,1,A,-,03,22350,NA,N,E,I,A,A,H,-,C,A,0,NA,NA,NA,NA,Y,NA,A,01,0,0,0,0,0,0,0,0,0,-,-,NA,NA,LOS ANGELES,LOS ANGELES,-118.48918151855467,34.23565673828125
8911036,2020,2020-05-08,1942,2020-01-12,1100,41054,1544,7,5,7,1942,0,0,0,O,0,15A43,RIVERSIDE DR,WHITSETT AV,23,E,N,A,-,N,NA,NA,NA,NA,NA,NA,NA,NA,NA,Y,1,1,0,2,A,-,11,21950,B,N,G,B,B,A,H,-,A,A,0,Y,NA,NA,NA,Y,NA,N,60,0,0,0,1,0,0,0,0,0,-,-,NA,NA,LOS ANGELES,LOS ANGELES,-118.40518188476564,34.15761184692383
8911042,2020,2020-05-12,1942,2020-04-01,2230,43371,2081,3,5,7,1942,0,0,0,NA,0,20A71,WEST WASHINGTON BL,S GRAMERCY PL,76,E,N,A,-,N,NA,NA,NA,NA,NA,NA,NA,NA,NA,N,1,1,0,2,A,-,11,21954,A,N,G,B,D,A,H,-,C,A,0,Y,NA,NA,NA,Y,NA,N,60,0,0,0,1,0,0,0,0,0,-,-,NA,NA,LOS ANGELES,LOS ANGELES,-118.31307220458984,34.03990936279297
8911043,2020,2020-05-12,1941,2020-03-16,2153,5660,NA,1,5,7,1941,0,0,0,NA,0,NA,EAST 7TH ST,ULTIMO AV,0,NA,Y,A,-,N,NA,NA,NA,NA,NA,NA,NA,NA,NA,Y,1,1,0,4,A,-,11,21954,A,F,H,B,B,B,H,-,C,D,0,Y,NA,NA,NA,Y,Y,-,NA,0,0,0,1,0,0,0,0,0,-,-,NA,NA,LOS ANGELES,LONG BEACH,-118.12419128417967,33.77532958984375
8911051,2020,2022-06-11,1942,2020-04-25,2035,40388,1621,6,5,7,1942,0,0,0,P,0,16A11,LAUREL CANYON BL,DAVENTRY ST,81,S,N,A,-,N,NA,NA,NA,NA,NA,NA,NA,NA,NA,Y,1,1,0,2,A,-,08,22103,NA,F,D,C,A,A,H,-,E,A,0,NA,NA,NA,NA,Y,Y,A,01,0,0,0,0,0,0,0,0,0,-,-,NA,NA,LOS ANGELES,LOS ANGELES,-118.43743896484376,34.263824462890625
8911060,2020,2022-06-11,1942,2020-04-22,1110,3826,1516,3,5,7,1942,0,0,0,O,0,15A3,KITTRIDGE ST,LANKERSHIM BL,0,NA,Y,A,-,N,NA,NA,NA,NA,NA,NA,NA,NA,NA,N,1,1,0,2,A,-,12,21453,A,N,D,C,A,A,H,-,A,A,0,NA,NA,NA,NA,Y,NA,A,01,0,0,0,0,0,0,0,0,0,-,-,NA,NA,LOS ANGELES,LOS ANGELES,-118.38780212402344,34.19028854370117
8911061,2020,2020-05-12,1900,2020-03-16,1920,618888,1614,1,5,5,1977,0,0,0,NA,0,164T1,AVALON BL,184TH ST,296,S,N,C,-,N,NA,NA,NA,NA,NA,NA,NA,NA,NA,Y,1,1,0,2,A,-,11,21954,A,N,G,B,D,B,H,-,C,D,0,Y,NA,NA,NA,Y,NA,N,60,0,0,0,1,0,0,0,0,0,-,-,33.86240005493164,-118.26599884033205,LOS ANGELES,CARSON,-118.26627349853516,33.86222457885742
8911065,2020,2020-05-12,1942,2020-03-04,1650,41003,0881,3,5,7,1942,0,0,0,H,0,8A53,W OLYMPIC BL,S BARRINGTON AV,0,NA,Y,A,-,N,NA,NA,NA,NA,NA,NA,NA,NA,NA,Y,1,1,0,2,A,-,09,21801,B,N,D,C,A,A,H,-,A,A,0,NA,NA,Y,NA,Y,NA,C,03,0,0,0,0,0,0,0,0,0,-,-,NA,NA,LOS ANGELES,LOS ANGELES,-118.44785308837892,34.03422927856445
8911070,2020,2020-05-12,1942,2020-03-30,1330,37336,0811,1,5,7,1942,0,0,0,H,0,27T41,PALISADES DR,W SUNSET BL,6100,N,N,A,-,N,NA,NA,NA,NA,NA,NA,NA,NA,NA,Y,1,1,1,2,A,-,05,21460,A,N,A,C,A,A,H,-,A,D,0,NA,NA,NA,NA,Y,NA,A,01,1,0,0,0,0,0,0,0,0,-,-,NA,NA,LOS ANGELES,LOS ANGELES,-118.55242919921876,34.04629135131836