CASE_ID,ACCIDENT_YEAR,PROC_DATE,JURIS,COLLISION_DATE,COLLISION_TIME,OFFICER_ID,REPORTING_DISTRICT,DAY_OF_WEEK,CHP_SHIFT,POPULATION,CNTY_CITY_LOC,SPECIAL_COND,BEAT_TYPE,CHP_BEAT_TYPE,CITY_DIVISION_LAPD,CHP_BEAT_CLASS,BEAT_NUMBER,PRIMARY_RD,SECONDARY_RD,DISTANCE,DIRECTION,INTERSECTION,WEATHER_1,WEATHER_2,STATE_HWY_IND,CALTRANS_COUNTY,CALTRANS_DISTRICT,STATE_ROUTE,ROUTE_SUFFIX,POSTMILE_PREFIX,POSTMILE,LOCATION_TYPE,RAMP_INTERSECTION,SIDE_OF_HWY,TOW_AWAY,COLLISION_SEVERITY,NUMBER_KILLED,NUMBER_INJURED,PARTY_COUNT,PRIMARY_COLL_FACTOR,PCF_CODE_OF_VIOL,PCF_VIOL_CATEGORY,PCF_VIOLATION,PCF_VIOL_SUBSECTION,HIT_AND_RUN,TYPE_OF_COLLISION,MVIW,PED_ACTION,ROAD_SURFACE,ROAD_COND_1,ROAD_COND_2,LIGHTING,CONTROL_DEVICE,CHP_ROAD_TYPE,PEDESTRIAN_ACCIDENT,BICYCLE_ACCIDENT,MOTORCYCLE_ACCIDENT,TRUCK_ACCIDENT,NOT_PRIVATE_PROPERTY,ALCOHOL_INVOLVED,STWD_VEHTYPE_AT_FAULT,CHP_VEHTYPE_AT_FAULT,COUNT_SEVERE_INJ,COUNT_VISIBLE_INJ,COUNT_COMPLAINT_PAIN,COUNT_PED_KILLED,COUNT_PED_INJURED,COUNT_BICYCLIST_KILLED,COUNT_BICYCLIST_INJURED,COUNT_MC_KILLED,COUNT_MC_INJURED,PRIMARY_RAMP,SECONDARY_RAMP,LATITUDE,LONGITUDE,COUNTY,CITY,POINT_X,POINT_Y
8911074,2020,2022-06-11,1942,2020-03-30,0155,41376,0706,1,5,7,1942,0,0,0,G,0,7A17,N HIGHLAND AV,CLINTON ST,300,N,N,A,-,N,NA,NA,NA,NA,NA,NA,NA,NA,NA,Y,1,3,1,2,A,-,03,22350,NA,N,D,C,A,A,H,-,C,D,0,NA,NA,NA,NA,Y,Y,A,01,0,0,1,0,0,0,0,0,0,-,-,NA,NA,LOS ANGELES,LOS ANGELES,-118.33865356445313,34.08269119262695
8911075,2020,2021-05-27,1900,2020-03-21,2351,538648,2619,6,5,6,1950,0,0,0,NA,0,264T1,SIERRA HWY,TECHNOLOGY DR,192,S,N,A,-,N,NA,NA,NA,NA,NA,NA,NA,NA,NA,Y,1,1,0,1,A,-,01,23152,G,N,F,I,A,A,H,-,C,D,0,NA,NA,NA,NA,Y,Y,A,07,0,0,0,0,0,0,0,0,0,-,-,34.35380935668945,-118.71441650390624,LOS ANGELES,PALMDALE,-118.12041473388672,34.59395980834961
8911077,2020,2020-05-12,1955,2020-02-18,0158,41871,NA,2,5,6,1955,0,0,0,NA,0,NA,GAREY AV,PENFIELD ST,179,N,N,A,-,N,NA,NA,NA,NA,NA,NA,NA,NA,NA,Y,1,1,2,1,A,-,01,23152,G,N,E,I,A,A,H,-,C,A,0,NA,NA,NA,NA,Y,Y,A,01,2,0,0,0,0,0,0,0,0,-,-,NA,NA,LOS ANGELES,POMONA,-117.7528839111328,34.082759857177734
8911097,2019,2021-06-02,1956,2019-11-09,0006,1360,37,6,5,5,1956,0,0,0,NA,0,004,AVIATION BL,CARNEGIE LN,40,N,N,A,-,N,NA,NA,NA,NA,NA,NA,NA,NA,NA,Y,1,1,1,2,A,-,01,23152,A,N,B,C,A,A,H,-,C,D,0,NA,NA,Y,NA,Y,Y,C,02,1,0,0,0,0,0,0,1,1,-,-,NA,NA,LOS ANGELES,REDONDO BEACH,-118.38243103027344,33.8707275390625
8911106,2019,2021-05-20,1933,2019-02-09,0220,NA,NA,6,5,6,1933,0,0,0,NA,0,NA,ROSEWOOD AV,CENTURY BL,14,N,N,B,-,N,NA,NA,NA,NA,NA,NA,NA,NA,NA,Y,1,1,0,6,A,-,08,22107,NA,N,E,I,A,A,D,-,C,A,0,NA,NA,NA,NA,Y,Y,A,01,0,0,0,0,0,0,0,0,0,-,-,33.94585037231445,-118.36016082763672,LOS ANGELES,INGLEWOOD,-118.36019134521484,33.94547653198242
8911109,2019,2020-06-04,1942,2019-07-05,1725,37737,1203,5,5,7,1942,0,0,0,L,0,31B123,VERNON AV,WESTERN AV,0,NA,Y,A,-,N,NA,NA,NA,NA,NA,NA,NA,NA,NA,Y,1,1,3,4,A,-,12,21453,A,N,D,C,A,A,H,-,A,A,0,NA,NA,NA,NA,Y,Y,A,07,1,0,2,0,0,0,0,0,0,-,-,NA,NA,LOS ANGELES,LOS ANGELES,-118.30892944335938,34.003719329833984
8911133,2020,2022-06-15,1955,2020-02-06,1315,30354,52,4,5,6,1955,0,0,0,NA,0,001,MISSION BL,DUDLEY ST,100,E,N,A,-,N,NA,NA,NA,NA,NA,NA,NA,NA,NA,Y,1,1,0,2,A,-,11,21954,A,N,G,B,D,A,H,-,A,A,0,Y,NA,NA,NA,Y,NA,N,60,0,0,0,1,0,0,0,0,0,-,-,NA,NA,LOS ANGELES,POMONA,-117.77327728271484,34.054569244384766
8911136,2020,2021-03-10,1931,2020-02-26,0513,5258,1931,3,5,5,1931,0,0,0,NA,0,004,CALIFORNIA ST,CALIFORNIA AV,2,W,N,A,-,N,NA,NA,NA,NA,NA,NA,NA,NA,NA,N,1,1,0,2,A,-,10,21950,A,N,G,B,B,A,H,-,C,A,0,Y,NA,NA,NA,Y,NA,D,22,0,0,0,1,0,0,0,0,0,-,-,NA,NA,LOS ANGELES,HUNTINGTON PARK,-118.20368957519533,33.97023010253906
8911139,2020,2022-06-11,1941,2020-03-26,0206,5660,NA,4,5,7,1941,0,0,0,NA,0,NA,BELLFLOWER BL,EAST 7TH ST,0,NA,Y,A,-,N,NA,NA,NA,NA,NA,NA,NA,NA,NA,Y,1,1,0,1,A,-,03,22350,NA,N,E,I,A,A,H,-,C,A,0,NA,NA,NA,NA,Y,Y,A,NA,0,0,0,0,0,0,0,0,0,-,-,NA,NA,LOS ANGELES,LONG BEACH,-118.12132263183594,33.775299072265625
8911141,2020,2020-06-09,1942,2020-04-02,1450,37336,0782,4,5,7,1942,0,0,0,G,0,27TL41,COMEY AV,VENICE BL,456,S,N,A,-,N,NA,NA,NA,NA,NA,NA,NA,NA,NA,Y,1,1,1,2,C,-,18,NA,NA,N,E,I,E,A,H,-,A,D,0,Y,NA,NA,NA,Y,NA,-,-,0,1,0,1,0,0,0,0,0,-,-,NA,NA,LOS ANGELES,LOS ANGELES,-118.37606811523438,34.034767150878906
8911143,2020,2022-06-18,1942,2020-04-04,1550,41579,1213,6,5,7,1942,0,0,0,L,0,12A3,W 54TH ST,S WESTERN AV,150,W,N,A,-,N,NA,NA,NA,NA,NA,NA,NA,NA,NA,Y,1,1,0,2,A,-,11,21954,A,F,G,B,D,A,H,-,A,D,0,Y,NA,NA,NA,Y,Y,N,60,0,0,0,1,0,0,0,0,0,-,-,NA,NA,LOS ANGELES,LOS ANGELES,-118.30943298339844,33.99325180053711
8911144,2020,2021-01-26,1900,2020-04-06,1844,442490,2619,1,5,6,1950,0,0,0,NA,0,262T1,SIERRA HWY,AVENUE O-8,1341,S,N,B,-,N,NA,NA,NA,NA,NA,NA,NA,NA,NA,Y,1,2,0,2,A,-,01,23152,F,N,A,C,A,A,H,-,B,D,0,NA,NA,NA,NA,Y,NA,A,01,0,0,0,0,0,0,0,0,0,-,-,34.60538864135742,-118.12184143066406,LOS ANGELES,PALMDALE,-118.12187957763672,34.605506896972656
8911150,2020,2022-06-11,1942,2020-04-17,2105,40105,1267,5,5,7,1942,0,0,0,L,0,18A1,W MANCHESTER AV,S OLIVE ST,0,NA,Y,A,-,N,NA,NA,NA,NA,NA,NA,NA,NA,NA,N,1,1,0,2,A,-,11,21954,A,N,G,B,E,A,H,-,C,A,0,Y,NA,NA,NA,Y,Y,N,60,0,0,0,1,0,0,0,0,0,-,-,NA,NA,LOS ANGELES,LOS ANGELES,-118.27928924560548,33.96009063720703
8911151,2020,2022-06-18,1900,2020-04-19,0148,638628,1332,7,5,5,1908,0,0,0,NA,0,133A,ALONDRA BL,CLARK AV,0,NA,Y,A,-,N,NA,NA,NA,NA,NA,NA,NA,NA,NA,Y,1,1,0,2,A,-,11,21456,B,N,G,B,B,A,H,-,C,A,0,Y,NA,NA,NA,Y,Y,N,60,0,0,0,1,0,0,0,0,0,-,-,NA,NA,LOS ANGELES,BELLFLOWER,-118.13397979736328,33.88930130004883
8911152,2020,2022-06-11,1942,2020-04-19,0315,41536,1822,7,5,7,1942,0,0,0,R,0,18A17,CENTURY BL,S OLIVE ST,0,NA,Y,A,-,N,NA,NA,NA,NA,NA,NA,NA,NA,NA,Y,1,1,1,3,A,-,01,23152,F,F,D,C,A,A,H,-,C,A,0,NA,NA,NA,NA,Y,NA,D,22,0,1,0,0,0,0,0,0,0,-,-,NA,NA,LOS ANGELES,LOS ANGELES,-118.27915954589844,33.94554901123047
8911153,2020,2020-06-09,1942,2020-04-21,1255,27259,1283,2,5,7,1942,0,0,0,L,0,25TL23,CENTURY BL,HALLDALE AV,0,NA,Y,A,-,N,NA,NA,NA,NA,NA,NA,NA,NA,NA,Y,1,1,2,3,A,-,05,21650,NA,N,A,C,A,A,H,-,A,A,0,NA,NA,NA,NA,Y,NA,A,01,1,0,1,0,0,0,0,0,0,-,-,NA,NA,LOS ANGELES,LOS ANGELES,-118.30252075195313,33.94546890258789
8911154,2020,2022-06-11,1942,2020-04-22,2000,41844,0333,3,5,7,1942,0,0,0,C,0,3A31,CRENSHAW BL,W 28TH ST,189,N,N,A,-,N,NA,NA,NA,NA,NA,NA,NA,NA,NA,Y,1,2,1,4,A,-,01,23152,A,N,C,B,E,A,H,-,C,A,0,Y,NA,NA,NA,Y,Y,A,07,0,0,1,2,0,0,0,0,0,-,-,NA,NA,LOS ANGELES,LOS ANGELES,-118.33512115478516,34.031646728515625
8911155,2020,2022-06-18,1900,2020-04-26,2132,538684,2608,7,5,6,1950,0,0,0,NA,0,264T1,AVENUE R,HASTINGS ST,288,E,N,A,-,N,NA,NA,NA,NA,NA,NA,NA,NA,NA,Y,1,1,0,2,A,-,11,21954,A,N,G,B,D,A,H,-,C,D,0,Y,NA,NA,NA,Y,Y,N,60,0,0,0,1,0,0,0,0,0,-,-,34.57270050048828,-118.0903778076172,LOS ANGELES,PALMDALE,-118.0905532836914,34.57270812988281
8911156,2020,2022-06-11,1942,2020-04-26,2220,35936,1837,7,5,7,1942,0,0,0,R,0,18A35,IMPERIAL HWY,COMPTON AV,11,E,N,A,-,N,NA,NA,NA,NA,NA,NA,NA,NA,NA,N,1,1,0,2,A,-,11,21456,B,N,G,B,B,A,H,-,C,A,0,Y,NA,NA,NA,Y,NA,N,60,0,0,0,1,0,0,0,0,0,-,-,NA,NA,LOS ANGELES,LOS ANGELES,-118.24624633789064,33.92948913574219
8911157,2020,2022-06-11,1942,2020-05-01,0352,42118,1273,5,5,7,1942,0,0,0,L,0,12A73,S WESTERN AV,W 92ND ST,0,NA,Y,A,-,N,NA,NA,NA,NA,NA,NA,NA,NA,NA,N,1,1,0,2,A,-,11,21456,B,F,G,B,B,A,H,-,C,A,0,Y,NA,NA,NA,Y,NA,A,01,0,0,0,1,0,0,0,0,0,-,-,NA,NA,LOS ANGELES,LOS ANGELES,-118.30901336669922,33.95270919799805
8911158,2020,2020-06-09,1942,2020-05-04,1130,37611,0139,1,5,7,1942,0,0,0,A,0,1A29,S SANTA FE AV,E 3RD ST,730,S,N,A,-,N,NA,NA,NA,NA,NA,NA,NA,NA,NA,Y,1,1,0,8,A,-,03,22350,NA,N,G,B,E,A,H,-,A,D,0,Y,NA,NA,NA,Y,NA,A,01,0,0,0,1,0,0,0,0,0,-,-,NA,NA,LOS ANGELES,LOS ANGELES,-118.23258972167967,34.04398727416992
8911159,2020,2020-06-09,1942,2020-05-04,2025,38185,0915,1,5,7,1942,0,0,0,I,0,9A19,SHERMAN WY,LENNOX AV,82,E,N,A,-,N,NA,NA,NA,NA,NA,NA,NA,NA,NA,N,1,1,0,2,A,-,11,21954,A,N,G,B,D,A,H,-,C,A,0,Y,NA,NA,NA,Y,NA,N,60,0,0,0,1,0,0,0,0,0,-,-,NA,NA,LOS ANGELES,LOS ANGELES,-118.44597625732422,34.20119857788086
8911160,2020,2020-06-09,1942,2020-05-05,0915,30452,1777,2,5,7,1942,0,0,0,Q,0,17A95,HAYVENHURST AV,PLUMMER ST,508,S,N,A,-,N,NA,NA,NA,NA,NA,NA,NA,NA,NA,Y,1,1,0,1,A,-,08,22107,NA,N,E,I,A,A,H,-,A,D,0,NA,NA,NA,NA,Y,NA,D,22,0,0,0,0,0,0,0,0,0,-,-,NA,NA,LOS ANGELES,LOS ANGELES,-118.49375915527344,34.2415771484375
8911164,2020,2022-06-11,1942,2020-05-06,1655,38947,1776,3,5,7,1942,0,0,0,Q,0,17A95,BALBOA BL,NORDHOFF ST,370,S,N,A,-,N,NA,NA,NA,NA,NA,NA,NA,NA,NA,Y,1,1,0,2,A,-,09,21804,A,N,D,C,A,A,H,-,A,A,0,NA,NA,Y,NA,Y,Y,A,01,0,0,0,0,0,0,0,1,0,-,-,NA,NA,LOS ANGELES,LOS ANGELES,-118.50253295898438,34.23470687866211
8911165,2020,2022-06-11,1942,2020-05-07,0155,31713,1309,4,5,7,1942,0,0,0,M,0,13A9,EAST 7TH ST,LAWRENCE ST,80,W,N,A,-,N,NA,NA,NA,NA,NA,NA,NA,NA,NA,N,1,1,0,2,A,-,11,21954,A,F,G,B,E,A,H,-,C,D,0,Y,NA,NA,NA,Y,NA,N,60,0,0,0,1,0,0,0,0,0,-,-,NA,NA,LOS ANGELES,LOS ANGELES,-118.23649597167967,34.03485870361328
8911167,2020,2020-06-09,1900,2020-05-09,1922,610418,1134,6,5,6,1992,0,0,0,NA,0,111T1,AVENUE L,8TH ST EAST,258,W,N,A,-,N,NA,NA,NA,NA,NA,NA,NA,NA,NA,Y,1,1,0,2,D,-,00,NA,NA,F,G,B,E,A,H,-,A,D,0,Y,NA,NA,NA,Y,NA,-,-,0,0,0,1,0,0,0,0,0,-,-,NA,NA,LOS ANGELES,LANCASTER,-118.11536407470705,34.660457611083984
8911168,2020,2022-06-11,1942,2020-05-09,2120,40325,0245,6,5,7,1942,0,0,0,B,0,2A45,WILSHIRE BL,ALVARADO ST,387,W,N,A,-,N,NA,NA,NA,NA,NA,NA,NA,NA,NA,N,1,1,0,2,A,-,11,21954,A,N,G,B,D,A,H,-,C,A,0,Y,NA,NA,NA,Y,Y,N,60,0,0,0,1,0,0,0,0,0,-,-,NA,NA,LOS ANGELES,LOS ANGELES,-118.27674102783205,34.0587158203125
8911169,2020,2022-06-11,1942,2020-05-10,2315,41844,1269,7,5,7,1942,0,0,0,L,0,12A69,S CENTRAL AV,E 83RD ST,0,NA,Y,A,-,N,NA,NA,NA,NA,NA,NA,NA,NA,NA,Y,1,1,1,3,A,-,01,23152,A,N,D,C,A,A,H,-,C,A,0,NA,NA,NA,NA,Y,Y,A,07,0,1,0,0,0,0,0,0,0,-,-,NA,NA,LOS ANGELES,LOS ANGELES,-118.25643157958984,33.96379852294922
8911170,2020,2020-06-09,1942,2020-05-10,2139,38857,1545,7,5,7,1942,0,0,0,O,0,15A43,HUSTON ST,CARPENTER AV,20,E,N,B,-,N,NA,NA,NA,NA,NA,NA,NA,NA,NA,Y,1,1,1,1,A,-,01,23152,A,F,E,I,A,A,H,-,C,A,0,NA,NA,NA,NA,Y,Y,A,01,1,0,0,0,0,0,0,0,0,-,-,NA,NA,LOS ANGELES,LOS ANGELES,-118.3909912109375,34.159481048583984
8911171,2020,2022-06-18,1900,2020-05-12,0100,625432,1135,2,5,6,1992,0,0,0,NA,0,112T2,AVENUE I,26TH ST EAST,268,W,N,A,-,N,NA,NA,NA,NA,NA,NA,NA,NA,NA,N,1,1,0,2,D,-,00,NA,NA,F,G,B,D,A,H,-,C,D,0,Y,NA,NA,NA,Y,NA,-,-,0,0,0,1,0,0,0,0,0,-,-,NA,NA,LOS ANGELES,LANCASTER,-118.08466339111328,34.70436096191406
8911172,2020,2022-06-11,1900,2020-05-12,0445,637294,2627,2,5,6,1950,0,0,0,NA,0,261T1,AVENUE M,20TH ST EAST,866,W,N,A,G,N,NA,NA,NA,NA,NA,NA,NA,NA,NA,Y,1,1,2,2,A,-,08,22107,NA,N,D,C,A,A,H,-,D,D,0,NA,NA,NA,NA,Y,NA,A,01,2,0,0,0,0,0,0,0,0,-,-,34.384498596191406,-118.05500030517578,LOS ANGELES,PALMDALE,-118.0972900390625,34.64597702026367
8911175,2020,2022-06-11,1942,2020-05-22,0115,31713,1186,5,5,7,1942,0,0,0,K,0,1195,STADIUM WY,ANGELS POINT DR,978,N,N,A,-,N,NA,NA,NA,NA,NA,NA,NA,NA,NA,Y,1,1,0,1,A,-,03,22350,NA,N,E,I,A,A,H,-,C,D,0,NA,NA,Y,NA,Y,Y,C,02,0,0,0,0,0,0,0,1,0,-,-,NA,NA,LOS ANGELES,LOS ANGELES,-118.2410125732422,34.0881462097168
8911193,2019,2021-06-02,1934,2019-04-24,1723,514,1934,3,5,1,1934,0,0,0,NA,0,B-4,ARROW HIGHWAY,RT 605,0,NA,Y,A,-,Y,LA,7,605,-,-,24.058,R,4,S,Y,1,1,0,2,A,-,12,21453,A,N,D,C,A,A,H,-,A,A,0,NA,NA,NA,NA,Y,NA,A,08,0,0,0,0,0,0,0,0,0,-,SF,NA,NA,LOS ANGELES,IRWINDALE,-117.9768524169922,34.11608123779297
8911196,2019,2021-05-20,1942,2019-07-05,0109,NA,NA,5,5,7,1942,0,0,0,NA,0,NA,RESEDA BL,DEVONSHIRE ST,9,S,N,A,-,N,NA,NA,NA,NA,NA,NA,NA,NA,NA,Y,1,2,1,4,A,-,00,22360,NA,N,E,I,A,A,H,-,C,A,0,NA,NA,NA,NA,Y,NA,A,01,1,0,0,0,0,0,0,0,0,-,-,34.25580978393555,-118.53621673583984,LOS ANGELES,LOS ANGELES,-118.5360870361328,34.25723648071289
8911204,2019,2020-06-16,1955,2019-12-15,2226,30354,99,7,5,6,1955,0,0,0,NA,0,003,HOLT AV,RESERVOIR ST,93,E,N,A,-,N,NA,NA,NA,NA,NA,NA,NA,NA,NA,Y,1,1,0,2,A,-,11,21954,A,N,G,-,E,A,H,-,C,A,0,Y,NA,NA,NA,Y,NA,N,60,0,0,0,1,0,0,0,0,0,-,-,NA,NA,LOS ANGELES,POMONA,-117.73251342773438,34.062808990478516
8911206,2019,2021-06-02,1900,2019-12-21,1930,551907,1742,6,5,4,1980,0,0,0,NA,0,171,PALOS VERDES DR E,PALOS VERDES DR S,800,E,N,A,-,N,NA,NA,NA,NA,NA,NA,NA,NA,NA,Y,1,1,2,2,A,-,03,22350,NA,N,A,C,A,A,H,-,D,A,0,NA,NA,NA,NA,Y,NA,A,01,0,2,0,0,0,0,0,0,0,-,-,NA,NA,LOS ANGELES,RANCHO PALOS VERDES,-118.33584594726564,33.727813720703125
8911210,2020,2020-06-18,1942,2020-01-28,1959,37737,1243,2,5,7,1942,0,0,0,L,0,31B123,62ND ST,SAINT ANDREWS PL,0,E,N,A,-,N,NA,NA,NA,NA,NA,NA,NA,NA,NA,Y,1,2,0,1,A,-,12,22450,A,N,E,I,A,A,H,-,C,A,0,NA,NA,Y,NA,Y,NA,C,02,0,0,0,0,0,0,0,2,0,-,-,NA,NA,LOS ANGELES,LOS ANGELES,-118.3114776611328,33.983360290527344
8911212,2020,2022-06-11,1941,2020-02-03,2058,5998,NA,1,5,7,1941,0,0,0,NA,0,NA,HARBOR SCENIC DR,RT 710,0,NA,-,A,G,N,NA,NA,NA,NA,NA,NA,NA,NA,NA,Y,1,1,0,1,A,-,05,21651,B,N,E,I,A,A,H,-,C,D,0,NA,NA,NA,NA,Y,Y,A,NA,0,0,0,0,0,0,0,0,0,-,-,NA,NA,LOS ANGELES,LONG BEACH,-118.20767211914064,33.76805114746094
8911220,2020,2020-06-24,1900,2020-02-22,1826,609960,1713,6,5,3,1940,0,0,0,NA,0,171K,WESTERN AV,LEESDALE AV,0,NA,Y,A,-,Y,LA,7,213,-,-,4.44,I,5,S,Y,1,1,0,2,A,-,11,21954,A,N,G,B,D,A,H,-,C,A,0,Y,NA,NA,NA,Y,NA,N,60,0,0,0,1,0,0,0,0,0,-,-,NA,NA,LOS ANGELES,LOMITA,-118.30977630615234,33.78083419799805
8911225,2020,2022-06-28,1942,2020-05-01,0250,43133,1219,5,5,7,1942,0,0,0,L,0,12A15,S FLOWER ST,W 52ND PL,50,N,N,A,-,N,NA,NA,NA,NA,NA,NA,NA,NA,NA,Y,1,1,2,3,A,-,01,23152,A,N,G,B,F,A,H,-,D,D,0,Y,NA,NA,NA,Y,Y,A,01,1,0,1,1,1,0,0,0,0,-,-,NA,NA,LOS ANGELES,LOS ANGELES,-118.28094482421876,33.99513626098633
8911226,2020,2022-06-11,1942,2020-05-01,1905,43270,1837,5,5,7,1942,0,0,0,R,0,25T52,IMPERIAL HWY,GRANDEE AV,158,W,N,A,-,N,NA,NA,NA,NA,NA,NA,NA,NA,NA,Y,1,3,0,5,A,-,03,22350,NA,N,C,C,A,A,H,-,C,A,0,NA,NA,NA,NA,Y,Y,A,01,0,0,0,0,0,0,0,0,0,-,-,NA,NA,LOS ANGELES,LOS ANGELES,-118.24401092529295,33.929508209228516
8911227,2020,2022-06-11,1942,2020-05-04,0330,35936,1835,1,5,7,1942,0,0,0,R,0,18A35,S CENTRAL AV,E 103RD ST,120,S,N,A,-,N,NA,NA,NA,NA,NA,NA,NA,NA,NA,N,1,1,0,2,A,-,11,21954,A,N,G,B,D,A,H,-,C,D,0,Y,NA,NA,NA,Y,NA,N,60,0,0,0,1,0,0,0,0,0,-,-,NA,NA,LOS ANGELES,LOS ANGELES,-118.2541275024414,33.94293975830078
8911228,2020,2022-06-18,1942,2020-05-07,2120,41579,0395,4,5,7,1942,0,0,0,C,0,25T52,W VERNON AV,CIMARRON ST,152,E,N,A,-,N,NA,NA,NA,NA,NA,NA,NA,NA,NA,Y,1,1,0,2,A,-,11,21956,A,N,G,B,D,A,H,-,C,D,0,Y,NA,NA,NA,Y,Y,A,01,0,0,0,1,0,0,0,0,0,-,-,NA,NA,LOS ANGELES,LOS ANGELES,-118.31552886962892,34.00371170043945
8911229,2020,2020-06-24,1900,2020-05-08,0640,637294,2607,5,5,6,1950,0,0,0,NA,0,261T1,PEARBLOSSOM HIGHWAY,62ND ST E,1531,E,N,A,-,Y,LA,7,138,-,-,52.54,H,-,W,Y,1,1,1,1,A,-,08,22107,NA,N,E,I,A,A,H,-,A,D,0,NA,NA,NA,NA,Y,NA,A,01,0,1,0,0,0,0,0,0,0,-,-,34.53213882446289,-118.01508331298828,LOS ANGELES,PALMDALE,-118.01554870605467,34.532169342041016
8911230,2020,2020-06-19,1913,2020-05-13,1642,4184,70,3,5,4,1913,0,0,0,NA,0,004,MT BALDY RT,FERGUS FALLS,753,N,N,A,-,N,NA,NA,NA,NA,NA,NA,NA,NA,NA,Y,1,1,0,1,A,-,03,22350,A,N,F,I,A,A,H,-,A,D,0,NA,NA,NA,NA,Y,NA,A,01,0,0,0,0,0,0,0,0,0,-,-,NA,NA,LOS ANGELES,CLAREMONT,-117.6852569580078,34.15486145019531
8911234,2020,2020-06-19,1942,2020-05-23,1025,34959,0628,6,5,7,1942,0,0,0,F,0,6A15,FRANKLIN AV,BEACHWOOD DR,0,NA,Y,A,-,N,NA,NA,NA,NA,NA,NA,NA,NA,NA,Y,1,1,1,2,A,-,09,21801,A,N,D,C,A,A,H,-,A,D,0,NA,NA,Y,NA,Y,NA,A,01,0,0,1,0,0,0,0,1,0,-,-,NA,NA,LOS ANGELES,LOS ANGELES,-118.32125854492188,34.10523986816406
8911235,2020,2020-06-19,1942,2020-05-24,0515,39217,1601,7,5,7,1942,0,0,0,P,0,16A11,FOOTHILL BL,ARROYO ST,292,N,N,A,-,Y,NA,NA,NA,NA,NA,NA,NA,NA,NA,N,1,1,1,2,A,-,01,23152,F,N,C,E,A,A,H,-,C,D,0,NA,NA,NA,NA,Y,NA,A,01,0,0,1,0,0,0,0,0,0,-,-,NA,NA,LOS ANGELES,LOS ANGELES,-118.41505432128906,34.29338073730469
8911237,2020,2020-06-19,1920,2020-05-28,1309,11792,1920,4,5,6,1920,0,0,0,NA,0,006,IMPERIAL HWY,DOWNEY AV,0,NA,Y,A,-,N,NA,NA,NA,NA,NA,NA,NA,NA,NA,Y,1,1,3,2,A,-,09,21801,NA,N,D,C,A,A,H,-,A,A,0,NA,NA,NA,NA,Y,NA,A,01,0,2,1,0,0,0,0,0,0,-,-,NA,NA,LOS ANGELES,DOWNEY,-118.14688110351564,33.92131042480469
8911239,2020,2022-06-18,1942,2020-05-29,1940,42818,0621,5,5,7,1942,0,0,0,F,0,6A31,MULHOLLAND DR,SKYLINE DR,168,W,N,B,-,N,NA,NA,NA,NA,NA,NA,NA,NA,NA,Y,1,1,1,1,A,-,03,22350,NA,N,F,J,A,A,H,-,D,D,0,NA,NA,NA,NA,Y,Y,A,01,0,1,0,0,0,0,0,0,0,-,-,NA,NA,LOS ANGELES,LOS ANGELES,-118.3870086669922,34.1223258972168
8911240,2020,2020-06-19,1942,2020-05-30,0850,30452,1793,6,5,7,1942,0,0,0,Q,0,17A67,ROSCOE BL,VANALDEN AV,0,NA,Y,A,-,N,NA,NA,NA,NA,NA,NA,NA,NA,NA,Y,1,1,1,2,A,-,01,23152,A,F,D,C,A,A,H,-,A,A,0,NA,NA,NA,NA,Y,Y,A,07,0,1,0,0,0,0,0,0,0,-,-,NA,NA,LOS ANGELES,LOS ANGELES,-118.54918670654295,34.22053909301758
8911248,2019,2021-06-02,1906,2019-11-06,1729,1791,1906,3,5,5,1906,0,0,0,NA,0,003,PACIFIC AV,STICHMAN AV,1909,E,N,A,-,N,NA,NA,NA,NA,NA,NA,NA,NA,NA,N,1,1,0,2,A,-,11,21954,A,F,G,B,E,A,H,-,C,D,0,Y,NA,NA,NA,Y,Y,N,60,0,0,0,1,0,0,0,0,0,-,-,NA,NA,LOS ANGELES,BALDWIN PARK,-117.95160675048828,34.07872009277344
8911249,2019,2020-06-23,1947,2019-11-07,0553,1351,NA,4,5,5,1947,0,0,0,NA,0,00A,E BEVERLY BL,S HENDRICKS ST S,0,NA,Y,A,-,Y,NA,NA,NA,NA,NA,NA,NA,NA,NA,Y,1,1,0,2,A,-,09,21801,A,N,D,C,A,A,H,-,C,D,0,NA,NA,Y,NA,Y,Y,D,22,0,0,0,0,0,0,0,1,0,-,-,34.024051666259766,-118.1388931274414,LOS ANGELES,MONTEBELLO,-118.1389389038086,34.02412033081055
8911251,2019,2020-06-23,1933,2019-11-21,0730,812,14,4,5,6,1933,0,0,0,NA,0,001,MANCHESTER BL,HINDRY AV,0,NA,Y,A,-,N,NA,NA,NA,NA,NA,NA,NA,NA,NA,Y,1,1,0,2,A,-,09,21804,A,F,H,G,A,A,H,-,A,A,0,NA,Y,NA,NA,Y,NA,L,04,0,0,0,0,0,1,0,0,0,-,-,33.96001052856445,-118.37351989746094,LOS ANGELES,INGLEWOOD,-118.37358856201172,33.95991897583008
8911256,2020,2020-06-26,1942,2020-03-26,1605,42664,0836,4,5,7,1942,0,0,0,H,0,8A35,PROSSER AV,OLYMPIC BL,0,NA,Y,A,-,N,NA,NA,NA,NA,NA,NA,NA,NA,NA,Y,3,0,2,2,A,-,12,21453,A,N,E,I,A,A,H,-,A,A,0,NA,NA,NA,NA,Y,NA,-,99,0,2,0,0,0,0,0,0,0,-,-,NA,NA,LOS ANGELES,LOS ANGELES,-118.42459869384766,34.04808044433594