CASE_ID,ACCIDENT_YEAR,PROC_DATE,JURIS,COLLISION_DATE,COLLISION_TIME,OFFICER_ID,REPORTING_DISTRICT,DAY_OF_WEEK,CHP_SHIFT,POPULATION,CNTY_CITY_LOC,SPECIAL_COND,BEAT_TYPE,CHP_BEAT_TYPE,CITY_DIVISION_LAPD,CHP_BEAT_CLASS,BEAT_NUMBER,PRIMARY_RD,SECONDARY_RD,DISTANCE,DIRECTION,INTERSECTION,WEATHER_1,WEATHER_2,STATE_HWY_IND,CALTRANS_COUNTY,CALTRANS_DISTRICT,STATE_ROUTE,ROUTE_SUFFIX,POSTMILE_PREFIX,POSTMILE,LOCATION_TYPE,RAMP_INTERSECTION,SIDE_OF_HWY,TOW_AWAY,COLLISION_SEVERITY,NUMBER_KILLED,NUMBER_INJURED,PARTY_COUNT,PRIMARY_COLL_FACTOR,PCF_CODE_OF_VIOL,PCF_VIOL_CATEGORY,PCF_VIOLATION,PCF_VIOL_SUBSECTION,HIT_AND_RUN,TYPE_OF_COLLISION,MVIW,PED_ACTION,ROAD_SURFACE,ROAD_COND_1,ROAD_COND_2,LIGHTING,CONTROL_DEVICE,CHP_ROAD_TYPE,PEDESTRIAN_ACCIDENT,BICYCLE_ACCIDENT,MOTORCYCLE_ACCIDENT,TRUCK_ACCIDENT,NOT_PRIVATE_PROPERTY,ALCOHOL_INVOLVED,STWD_VEHTYPE_AT_FAULT,CHP_VEHTYPE_AT_FAULT,COUNT_SEVERE_INJ,COUNT_VISIBLE_INJ,COUNT_COMPLAINT_PAIN,COUNT_PED_KILLED,COUNT_PED_INJURED,COUNT_BICYCLIST_KILLED,COUNT_BICYCLIST_INJURED,COUNT_MC_KILLED,COUNT_MC_INJURED,PRIMARY_RAMP,SECONDARY_RAMP,LATITUDE,LONGITUDE,COUNTY,CITY,POINT_X,POINT_Y
8912365,2019,2019-08-16,1942,2019-07-17,2000,42501,0643,3,5,7,1942,0,0,0,F,0,6A45,SUNSET BL,FULLER AV,10,W,N,A,-,N,NA,NA,NA,NA,NA,NA,NA,NA,NA,N,4,0,1,2,A,-,03,22350,NA,N,C,C,A,A,-,-,D,D,0,NA,NA,NA,NA,Y,NA,A,01,0,0,1,0,0,0,0,0,0,-,-,NA,NA,LOS ANGELES,LOS ANGELES,-118.349609375,34.097999572753906
8912366,2019,2019-08-16,1942,2019-07-04,0020,43648,0885,4,5,7,1942,0,0,0,H,0,8A95,PICO BL,FOX HILLS DR,0,NA,Y,A,-,N,NA,NA,NA,NA,NA,NA,NA,NA,NA,Y,3,0,5,2,A,-,09,21801,A,N,D,C,A,A,H,-,C,D,0,NA,NA,NA,NA,Y,NA,A,07,0,5,0,0,0,0,0,0,0,-,-,NA,NA,LOS ANGELES,LOS ANGELES,-118.41310119628906,34.04859161376953
8912368,2019,2019-08-21,1942,2019-07-21,1735,42834,0769,7,5,7,1942,0,0,0,G,0,7A69,ARLINGTON AV,W 15TH ST,49,N,N,A,-,N,NA,NA,NA,NA,NA,NA,NA,NA,NA,Y,3,0,2,2,A,-,08,22107,NA,N,A,C,A,A,H,-,A,A,0,NA,NA,NA,NA,Y,NA,A,01,0,2,0,0,0,0,0,0,0,-,-,NA,NA,LOS ANGELES,LOS ANGELES,-118.31773376464844,34.04559326171875
8912369,2019,2019-08-16,1942,2019-07-17,1855,43863,0881,3,5,7,1942,0,0,0,H,0,8A95,BARRINGTON AV,MISSOURI AV,0,NA,Y,A,-,N,NA,NA,NA,NA,NA,NA,NA,NA,NA,Y,4,0,1,2,A,-,08,22101,D,N,D,C,A,A,H,-,A,A,0,NA,NA,Y,NA,Y,NA,A,07,0,0,1,0,0,0,0,0,1,-,-,NA,NA,LOS ANGELES,LOS ANGELES,-118.45159912109376,34.038570404052734
8912372,2019,2019-08-21,1942,2019-07-29,1855,40157,0733,1,5,7,1942,0,0,0,G,0,7A33,S CURSON AV,W 6TH ST,15,N,N,A,-,N,NA,NA,NA,NA,NA,NA,NA,NA,NA,N,3,0,1,2,A,-,17,21451,A,N,-,G,A,-,H,-,A,A,0,NA,Y,NA,NA,Y,NA,A,01,0,1,0,0,0,0,1,0,0,-,-,NA,NA,LOS ANGELES,LOS ANGELES,-118.35465240478516,34.06489944458008
8912373,2019,2019-08-16,1942,2019-07-16,0940,42685,0806,2,5,7,1942,0,0,0,H,0,8A95,SUNSET BL,BARODA DR,0,NA,Y,A,-,N,NA,NA,NA,NA,NA,NA,NA,NA,NA,Y,3,0,2,2,A,-,09,21801,A,N,D,C,A,A,H,-,A,D,0,NA,NA,NA,NA,Y,NA,A,01,0,2,0,0,0,0,0,0,0,-,-,NA,NA,LOS ANGELES,LOS ANGELES,-118.4277572631836,34.08047866821289
8912376,2019,2019-08-21,1942,2019-07-20,2229,43853,0701,6,5,7,1942,0,0,0,G,0,7A17,LA CIENEGA BL,WILOUGHBY AV,100,N,N,A,-,N,NA,NA,NA,NA,NA,NA,NA,NA,NA,N,3,0,1,2,A,-,00,21954,NA,N,G,B,D,A,H,-,C,D,0,Y,NA,NA,NA,Y,NA,A,01,0,1,0,0,1,0,0,0,0,-,-,NA,NA,LOS ANGELES,LOS ANGELES,-118.3764419555664,34.087284088134766
8912377,2019,2019-08-16,1942,2019-07-17,1800,43208,2039,3,5,7,1942,0,0,0,NA,0,07A22,WILSHIRE BL,VERMONT AV,40,E,N,A,-,N,NA,NA,NA,NA,NA,NA,NA,NA,NA,N,3,0,1,2,D,-,00,NA,NA,F,B,G,A,A,H,-,A,A,0,NA,Y,NA,NA,Y,NA,-,-,0,1,0,0,0,0,1,0,0,-,-,NA,NA,LOS ANGELES,LOS ANGELES,-118.2915496826172,34.06180191040039
8912380,2019,2019-08-21,1942,2019-07-29,2125,40209,0753,1,5,7,1942,0,0,0,G,0,7A53,OLYMPIC BL,FAIRFAX AV,0,NA,Y,A,-,N,NA,NA,NA,NA,NA,NA,NA,NA,NA,Y,4,0,2,2,A,-,09,21801,A,N,D,C,A,A,H,-,C,A,0,NA,NA,NA,NA,Y,NA,A,01,0,0,2,0,0,0,0,0,0,-,-,NA,NA,LOS ANGELES,LOS ANGELES,-118.36386108398438,34.058189392089844
8912381,2019,2019-08-16,1963,2019-07-12,1546,00356,237,5,5,3,1963,0,0,0,NA,0,ONE,ALLEN AV,CALIFORNIA AV,62,N,N,A,-,N,NA,NA,NA,NA,NA,NA,NA,NA,NA,Y,4,0,5,3,A,-,03,22350,NA,N,C,C,A,A,H,-,A,A,0,NA,NA,NA,NA,Y,NA,A,07,0,0,5,0,0,0,0,0,0,-,-,NA,NA,LOS ANGELES,SAN MARINO,-118.11307525634766,34.13603973388672
8912382,2019,2019-08-16,1941,2019-07-24,2030,11366,NA,3,5,7,1941,0,0,0,NA,0,NA,REDONDO AV,10TH ST,0,NA,-,A,-,N,NA,NA,NA,NA,NA,NA,NA,NA,NA,Y,4,0,1,2,A,-,03,22350,NA,F,C,C,A,A,H,-,C,A,0,NA,NA,NA,NA,Y,NA,A,NA,0,0,1,0,0,0,0,0,0,-,-,NA,NA,LOS ANGELES,LONG BEACH,-118.15242767333984,33.77894973754883
8912384,2019,2019-08-21,1942,2019-07-26,1530,42656,0739,5,5,7,1942,0,0,0,G,0,7A17,W 4TH ST,S ROSSMORE AV,0,NA,Y,A,-,N,NA,NA,NA,NA,NA,NA,NA,NA,NA,Y,4,0,2,2,A,-,09,21802,A,N,D,C,A,A,H,-,A,A,0,NA,NA,NA,NA,Y,NA,A,01,0,0,2,0,0,0,0,0,0,-,-,NA,NA,LOS ANGELES,LOS ANGELES,-118.32730102539064,34.06711196899414
8912385,2019,2019-08-16,1963,2019-07-24,1313,00346,225,3,5,3,1963,0,0,0,NA,0,TWO,SAN MARINO AV,LONGDEN DR,54,N,N,B,-,N,NA,NA,NA,NA,NA,NA,NA,NA,NA,N,4,0,1,2,A,-,03,22350,NA,N,C,C,A,A,H,-,A,D,0,NA,NA,NA,NA,Y,NA,A,01,0,0,1,0,0,0,0,0,0,-,-,NA,NA,LOS ANGELES,SAN MARINO,-118.1042251586914,34.113563537597656
8912386,2019,2019-09-06,1941,2019-07-19,1530,11410,NA,5,5,7,1941,0,0,0,NA,0,NA,5TH ST,CRYSTAL CT,0,NA,Y,A,-,N,NA,NA,NA,NA,NA,NA,NA,NA,NA,N,3,0,1,2,-,-,-,NA,NA,N,G,B,D,A,H,-,A,D,0,Y,NA,NA,NA,Y,NA,-,-,0,1,0,0,1,0,0,0,0,-,-,NA,NA,LOS ANGELES,LONG BEACH,-118.19873809814452,33.77293014526367
8912388,2019,2019-08-21,1942,2019-07-20,1120,34959,0785,6,5,7,1942,0,0,0,G,0,7A85,WASHINGTON BL,PALM GROVE AV,0,NA,Y,A,-,N,NA,NA,NA,NA,NA,NA,NA,NA,NA,Y,3,0,4,2,A,-,21,22106,NA,N,D,C,A,A,H,-,A,D,0,NA,NA,NA,NA,Y,NA,A,07,0,2,2,0,0,0,0,0,0,-,-,NA,NA,LOS ANGELES,LOS ANGELES,-118.34143829345705,34.03982925415039
8912389,2019,2019-09-09,1942,2019-07-02,0000,43367,2069,2,5,7,1942,0,0,0,NA,0,20A69,VERMONT AV,OLYMPIC BL,20,N,N,A,-,N,NA,NA,NA,NA,NA,NA,NA,NA,NA,N,4,0,1,2,A,-,05,21650,1,N,A,G,A,A,H,-,C,A,0,NA,Y,NA,NA,Y,NA,L,04,0,0,1,0,0,0,1,0,0,-,-,NA,NA,LOS ANGELES,LOS ANGELES,-118.29161834716795,34.05260467529297
8912390,2019,2019-08-16,1942,2019-07-19,1230,43633,0832,5,5,7,1942,0,0,0,H,0,8A13,BARRINGTON AV,DARLINGTON AV,0,NA,Y,A,-,N,NA,NA,NA,NA,NA,NA,NA,NA,NA,Y,4,0,2,2,A,-,09,21802,A,N,A,C,A,A,H,-,A,A,0,NA,NA,NA,NA,Y,NA,A,01,0,0,2,0,0,0,0,0,0,-,-,NA,NA,LOS ANGELES,LOS ANGELES,-118.4643096923828,34.052520751953125
8912392,2019,2019-08-21,1942,2019-07-27,2040,41957,0767,6,5,7,1942,0,0,0,G,0,2040,VENICE BL,S BRONSON AV,0,NA,Y,A,-,N,NA,NA,NA,NA,NA,NA,NA,NA,NA,N,3,0,1,2,A,-,09,21802,A,N,B,C,A,A,H,-,C,A,0,NA,NA,Y,NA,Y,NA,A,01,0,1,0,0,0,0,0,0,1,-,-,NA,NA,LOS ANGELES,LOS ANGELES,-118.32737731933594,34.044349670410156
8912393,2019,2019-08-16,1942,2019-07-12,1105,37966,2029,5,5,7,1942,0,0,0,NA,0,6TL7,6TH ST,OCCIDENTAL BL,80,W,N,A,-,N,NA,NA,NA,NA,NA,NA,NA,NA,NA,N,3,0,1,2,A,-,11,21954,A,N,G,B,D,A,H,-,A,D,0,Y,NA,NA,NA,Y,NA,N,60,0,1,0,0,1,0,0,0,0,-,-,NA,NA,LOS ANGELES,LOS ANGELES,-118.28457641601564,34.0637092590332
8912394,2019,2019-08-16,1942,2019-07-16,1430,43302,0859,2,5,7,1942,0,0,0,H,0,8A49,ALLEY,PICO BL,50,S,N,A,-,N,NA,NA,NA,NA,NA,NA,NA,NA,NA,N,3,0,1,2,A,-,21,22106,NA,N,G,B,F,A,H,-,A,D,0,Y,NA,NA,NA,Y,NA,A,01,0,1,0,0,1,0,0,0,0,-,-,NA,NA,LOS ANGELES,LOS ANGELES,NA,NA
8912396,2019,2019-09-04,1942,2019-07-27,0945,40675,0776,6,5,7,1942,0,0,0,G,0,7A85,WASHINGTON BL,WELLINGTON RD,0,NA,Y,A,-,N,NA,NA,NA,NA,NA,NA,NA,NA,NA,Y,4,0,1,2,A,-,09,21801,NA,N,D,C,A,A,H,-,A,D,0,NA,NA,NA,NA,Y,NA,A,01,0,0,1,0,0,0,0,0,0,-,-,NA,NA,LOS ANGELES,LOS ANGELES,-118.33406829833984,34.03984832763672
8912397,2019,2019-08-16,1942,2019-07-05,1600,43827,2025,5,5,7,1942,0,0,0,NA,0,2A5,S ALEXANDRIA AV,5TH ST,130,N,N,A,-,N,NA,NA,NA,NA,NA,NA,NA,NA,NA,N,3,0,1,2,A,-,11,21954,A,F,G,B,E,A,H,-,A,D,0,Y,NA,NA,NA,Y,NA,N,60,0,1,0,0,1,0,0,0,0,-,-,NA,NA,LOS ANGELES,LOS ANGELES,-118.29793548583984,34.06574630737305
8912398,2019,2019-08-16,1942,2019-07-19,2130,38090,855,5,5,7,1942,0,0,0,NA,0,14T47,VETERAN AV,OHIO AV,0,NA,N,A,-,N,NA,NA,NA,NA,NA,NA,NA,NA,NA,N,4,0,1,2,A,-,17,22517,NA,N,B,C,A,A,H,-,C,A,0,NA,NA,NA,NA,Y,NA,A,08,0,0,1,0,0,0,0,0,0,-,-,NA,NA,LOS ANGELES,LOS ANGELES,-118.44320678710938,34.052490234375
8912400,2019,2019-08-21,1942,2019-07-28,1915,35741,0706,7,5,7,1942,0,0,0,G,0,7A17,MELROSE AV,MANSFIELD AV,70,W,N,A,-,N,NA,NA,NA,NA,NA,NA,NA,NA,NA,Y,4,0,2,2,A,-,03,22350,NA,N,C,E,A,A,H,-,B,A,0,NA,NA,NA,NA,Y,NA,A,07,0,0,2,0,0,0,0,0,0,-,-,NA,NA,LOS ANGELES,LOS ANGELES,-118.34088134765624,34.08346939086914
8912407,2019,2019-08-21,1942,2019-08-05,0550,39048,1762,1,5,7,1942,0,0,0,Q,0,17A81,LASSEN ST,MASON AV,0,NA,Y,A,-,N,NA,NA,NA,NA,NA,NA,NA,NA,NA,Y,2,0,2,2,A,-,09,21801,A,N,A,C,A,A,H,-,B,A,0,NA,NA,NA,NA,Y,NA,D,22,1,0,1,0,0,0,0,0,0,-,-,NA,NA,LOS ANGELES,LOS ANGELES,-118.57980346679688,34.24998092651367
8912462,2019,2019-08-29,1942,2019-07-20,1500,36733,1781,6,5,7,1942,0,0,0,Q,0,17A81,DE SOTO AV,NORDHOFF ST,0,NA,Y,A,-,N,NA,NA,NA,NA,NA,NA,NA,NA,NA,Y,4,0,3,2,A,-,09,21801,A,N,D,C,A,A,H,-,A,A,0,NA,NA,NA,NA,Y,NA,A,07,0,0,3,0,0,0,0,0,0,-,-,NA,NA,LOS ANGELES,LOS ANGELES,-118.58854675292967,34.23548126220703
8912466,2019,2019-08-19,1942,2019-07-18,1345,38326,1795,4,5,7,1942,0,0,0,Q,0,10A3,LINDLEY AV,ROSCOE BL,0,NA,Y,A,-,N,NA,NA,NA,NA,NA,NA,NA,NA,NA,N,4,0,1,2,A,-,09,21801,A,N,D,C,A,A,H,-,A,A,0,NA,NA,NA,NA,Y,NA,D,22,0,0,1,0,0,0,0,0,0,-,-,NA,NA,LOS ANGELES,LOS ANGELES,-118.52735900878906,34.22085189819336
8912474,2019,2019-08-19,1942,2019-07-19,1315,36678,1783,5,5,7,1942,0,0,0,Q,0,NA,TAMPA,NORDHOFF,800,S,N,A,-,N,NA,NA,NA,NA,NA,NA,NA,NA,NA,Y,3,0,2,2,A,-,09,21801,A,N,D,C,A,A,H,-,A,D,0,NA,NA,NA,Y,Y,NA,A,01,0,1,1,0,0,0,0,0,0,-,-,NA,NA,LOS ANGELES,LOS ANGELES,-118.55355072021484,34.2332649230957
8912478,2019,2019-08-19,1942,2019-07-30,1205,30830,1771,2,5,7,1942,0,0,0,Q,0,17A71,PRAIRIE ST,DE SOTO AV,210,E,N,A,-,N,NA,NA,NA,NA,NA,NA,NA,NA,NA,Y,4,0,2,3,A,-,09,21804,A,N,D,C,A,A,H,-,A,D,0,NA,NA,NA,NA,Y,NA,A,01,0,0,2,0,0,0,0,0,0,-,-,NA,NA,LOS ANGELES,LOS ANGELES,-118.5878677368164,34.24093246459961
8912483,2019,2020-02-04,1942,2019-07-17,2240,41957,2093,3,5,7,1942,0,0,0,NA,0,NA,S NORMANDIE AV,RT 10,0,NA,Y,A,-,Y,LA,7,10,-,R,13.436,R,4,W,N,3,0,1,2,A,-,10,21950,A,F,G,B,B,A,H,-,C,A,0,Y,NA,NA,NA,Y,NA,-,99,0,1,0,0,1,0,0,0,0,-,-,NA,NA,LOS ANGELES,LOS ANGELES,-118.29828643798828,34.037139892578125
8912484,2019,2019-09-03,1942,2019-07-21,1615,43405,2011,7,5,7,1942,0,0,0,NA,0,20A1,3RD ST,SAINT ANDREWS PL,0,NA,Y,A,-,N,NA,NA,NA,NA,NA,NA,NA,NA,NA,Y,2,0,2,2,A,-,12,21453,A,N,D,C,A,A,H,-,A,A,0,NA,NA,Y,NA,Y,NA,-,-,1,0,1,0,0,0,0,0,1,-,-,NA,NA,LOS ANGELES,LOS ANGELES,-118.31162261962892,34.0689697265625
8912486,2019,2019-09-12,1942,2019-07-17,1942,40235,0893,3,5,7,1942,0,0,0,H,0,8A35,OVERLAND AV,NATIONAL BL,75,N,N,A,-,N,NA,NA,NA,NA,NA,NA,NA,NA,NA,N,4,0,2,2,A,-,03,22350,NA,F,A,C,A,A,H,-,A,D,0,NA,NA,NA,NA,Y,NA,-,99,0,0,2,0,0,0,0,0,0,-,-,NA,NA,LOS ANGELES,LOS ANGELES,-118.4177474975586,34.032630920410156
8912487,2019,2019-08-20,1942,2019-07-25,1845,39844,2004,4,5,7,1942,0,0,0,NA,0,20A1,MAPLEWOOD AV,WESTERN AV,25,E,N,A,-,N,NA,NA,NA,NA,NA,NA,NA,NA,NA,Y,4,0,2,3,A,-,01,23152,A,N,C,C,A,A,H,-,A,A,0,NA,NA,NA,NA,Y,Y,A,01,0,0,2,0,0,0,0,0,0,-,-,NA,NA,LOS ANGELES,LOS ANGELES,-118.30915069580078,34.08028030395508
8912488,2019,2019-08-20,1942,2019-07-18,2055,41924,2014,4,5,7,1942,0,0,0,NA,0,20A13,BEVERLY BL,KINGSLEY DR,0,NA,Y,A,-,N,NA,NA,NA,NA,NA,NA,NA,NA,NA,NA,4,0,1,2,A,-,03,22350,NA,N,D,C,A,A,H,-,C,A,0,NA,NA,NA,NA,Y,NA,-,99,0,0,1,0,0,0,0,0,0,-,-,NA,NA,LOS ANGELES,LOS ANGELES,-118.30352020263672,34.076271057128906
8912490,2019,2019-08-20,1942,2019-07-31,1505,35267,0884,3,5,7,1942,0,0,0,H,0,8A35,MIDVALE AV,PICO BL,50,N,N,A,-,N,NA,NA,NA,NA,NA,NA,NA,NA,NA,Y,4,0,1,2,A,-,05,21650,NA,F,B,C,A,A,H,-,A,D,0,NA,NA,NA,NA,Y,NA,-,99,0,0,1,0,0,0,0,0,0,-,-,NA,NA,LOS ANGELES,LOS ANGELES,-118.42958068847656,34.03977966308594
8912491,2019,2019-08-20,1942,2019-07-24,1425,36940,2076,3,5,7,1942,0,0,0,NA,0,20A97,VENICE BL,VERMONT AV,5,E,N,A,-,N,NA,NA,NA,NA,NA,NA,NA,NA,NA,N,3,0,1,2,A,-,10,21950,A,F,G,-,B,A,H,-,A,A,0,Y,NA,NA,NA,Y,Y,-,99,0,1,0,0,1,0,0,0,0,-,-,NA,NA,LOS ANGELES,LOS ANGELES,-118.29158020019533,34.04425811767578
8912492,2019,2019-08-20,1942,2019-07-29,1330,40690,2013,1,5,7,1942,0,0,0,NA,0,20A13,W 3RD ST,S OXFORD AV,0,NA,Y,A,-,N,NA,NA,NA,NA,NA,NA,NA,NA,NA,Y,4,0,3,2,A,-,12,21453,A,N,D,C,A,A,H,-,A,A,0,NA,NA,NA,NA,Y,NA,A,01,0,0,3,0,0,0,0,0,0,-,-,NA,NA,LOS ANGELES,LOS ANGELES,-118.30789184570313,34.0689811706543
8912493,2019,2019-09-09,1900,2019-08-07,1430,615106,2619,3,5,6,1950,0,0,0,NA,0,262T1,10TH ST WEST,DESTINATION 0-8,190,N,N,A,-,N,NA,NA,NA,NA,NA,NA,NA,NA,NA,Y,4,0,1,3,A,-,03,22350,NA,N,C,C,A,A,H,-,A,A,0,NA,NA,NA,NA,Y,NA,A,01,0,0,1,0,0,0,0,0,0,-,-,34.608131408691406,-118.14771270751952,LOS ANGELES,PALMDALE,-118.14773559570313,34.6119384765625
8912494,2019,2019-08-20,1942,2019-07-18,1915,40941,0892,4,5,7,1942,0,0,0,H,0,8AL9,SAWTELLE BL,ESPOSITION BL,0,NA,Y,A,-,N,NA,NA,NA,NA,NA,NA,NA,NA,NA,N,3,0,1,2,A,-,05,21650,1,F,D,G,A,A,H,-,A,A,0,NA,Y,NA,NA,Y,NA,L,04,0,1,0,0,0,0,1,0,0,-,-,NA,NA,LOS ANGELES,LOS ANGELES,-118.438,34.03454
8912495,2019,2019-08-20,1942,2019-07-25,0855,40690,2005,4,5,7,1942,0,0,0,NA,0,20A13,MAPLEWOOD AV,N ARDMORE AV,0,NA,Y,B,-,N,NA,NA,NA,NA,NA,NA,NA,NA,NA,Y,4,0,1,2,A,-,12,22450,A,F,D,C,A,A,H,-,A,A,0,NA,NA,NA,NA,Y,NA,A,01,0,0,1,0,0,0,0,0,0,-,-,NA,NA,LOS ANGELES,LOS ANGELES,-118.30232238769533,34.079891204833984
8912496,2019,2019-08-20,1942,2019-07-09,1900,43885,2076,2,5,7,1942,0,0,0,NA,0,20A39,PICO BL,KENMORE AV,0,NA,Y,A,-,N,NA,NA,NA,NA,NA,NA,NA,NA,NA,N,4,0,1,2,A,-,10,21950,A,N,G,B,B,A,H,-,A,D,0,Y,NA,NA,NA,Y,NA,A,01,0,0,1,0,1,0,0,0,0,-,-,NA,NA,LOS ANGELES,LOS ANGELES,-118.29701232910156,34.04726028442383
8912498,2019,2019-08-20,1942,2019-07-22,1535,41671,0884,1,5,7,1942,0,0,0,H,0,8A35,WESTWOOD BL,TENNESSEE AV,245,N,N,A,-,N,NA,NA,NA,NA,NA,NA,NA,NA,NA,N,3,0,1,2,A,-,17,21663,NA,F,G,B,F,A,H,-,A,D,0,Y,NA,NA,NA,Y,NA,-,99,0,1,0,0,1,0,0,0,0,-,-,NA,NA,LOS ANGELES,LOS ANGELES,-118.4309310913086,34.042964935302734
8912499,2019,2019-08-20,1942,2019-07-25,0850,40690,2005,4,5,7,1942,0,0,0,NA,0,20A13,N NORMANDIE AV,CLINTON ST,0,NA,Y,B,-,N,NA,NA,NA,NA,NA,NA,NA,NA,NA,Y,3,0,1,2,A,-,12,22450,A,F,D,C,A,A,H,-,A,A,0,NA,NA,NA,NA,Y,NA,A,01,0,1,0,0,0,0,0,0,0,-,-,NA,NA,LOS ANGELES,LOS ANGELES,-118.30046081542967,34.08121871948242
8912500,2019,2019-08-20,1942,2019-07-16,1350,40330,2029,2,5,7,1942,0,0,0,NA,0,20A45,6TH ST,VIRGIL AV,25,E,N,A,-,N,NA,NA,NA,NA,NA,NA,NA,NA,NA,NA,4,0,1,2,A,-,04,21703,NA,N,C,C,A,A,H,-,A,A,0,NA,NA,NA,NA,Y,NA,-,99,0,0,1,0,0,0,0,0,0,-,-,NA,NA,LOS ANGELES,LOS ANGELES,-118.28696441650392,34.06372833251953
8912501,2019,2019-08-29,1900,2019-07-31,1712,615106,2619,3,5,6,1950,0,0,0,NA,0,262T1,SIERRA HWY,AVE N,870,S,N,A,-,N,NA,NA,NA,NA,NA,NA,NA,NA,NA,Y,4,0,1,2,A,-,08,22107,NA,N,D,C,A,A,H,-,A,A,0,NA,NA,NA,NA,Y,NA,A,01,0,0,1,0,0,0,0,0,0,-,-,34.6219596862793,-118.1245574951172,LOS ANGELES,PALMDALE,-118.12557220458984,34.628753662109375
8912502,2019,2019-08-20,1942,2019-07-10,1430,36664,0899,3,5,7,1942,0,0,0,H,0,8A95,S HALM AV,VENICE BL,119,N,N,A,-,N,NA,NA,NA,NA,NA,NA,NA,NA,NA,N,2,0,1,2,A,-,05,21650,1,N,H,G,A,A,H,-,A,D,0,NA,Y,NA,NA,Y,NA,L,04,1,0,0,0,0,0,1,0,0,-,-,NA,NA,LOS ANGELES,LOS ANGELES,-118.3838119506836,34.0323600769043
8912503,2019,2019-08-20,1942,2019-07-21,1045,34959,2093,7,5,7,1942,0,0,0,NA,0,20T59W,NORMANDIE AV,WASHINGTON BL,30,N,N,A,-,N,NA,NA,NA,NA,NA,NA,NA,NA,NA,N,4,0,1,2,A,-,03,22350,NA,F,C,C,A,A,H,-,A,D,0,NA,NA,NA,NA,Y,NA,-,99,0,0,1,0,0,0,0,0,0,-,-,NA,NA,LOS ANGELES,LOS ANGELES,-118.30083465576172,34.04007339477539
8912504,2019,2019-08-20,1942,2019-07-18,2050,41978,2027,4,5,7,1942,0,0,0,NA,0,20A45,W 6TH ST,S CATALINA ST,0,NA,Y,A,-,N,NA,NA,NA,NA,NA,NA,NA,NA,NA,N,4,0,1,2,A,-,10,21950,A,N,G,B,B,A,H,-,C,A,0,Y,NA,NA,NA,Y,NA,A,01,0,0,1,0,1,0,0,0,0,-,-,NA,NA,LOS ANGELES,LOS ANGELES,-118.29537200927734,34.0636100769043
8912506,2019,2019-08-20,1942,2019-07-24,2045,42273,0855,3,5,7,1942,0,0,0,H,0,6T7,SANTA MONICA BL,WESTWOOD BL,0,NA,N,A,-,N,NA,NA,NA,NA,NA,NA,NA,NA,NA,N,3,0,1,2,D,-,00,NA,NA,N,G,B,B,A,H,-,A,D,0,Y,NA,NA,NA,Y,NA,-,-,0,1,0,0,1,0,0,0,0,-,-,NA,NA,LOS ANGELES,LOS ANGELES,-118.43698120117188,34.04981994628906
8912507,2019,2019-08-20,1942,2019-07-31,1115,37966,2097,3,5,7,1942,0,0,0,NA,0,20A97,S VERMONT AV,WEST WASHINGTON BL,200,S,N,A,-,N,NA,NA,NA,NA,NA,NA,NA,NA,NA,N,4,0,1,2,A,-,03,22350,NA,F,C,C,A,A,H,-,A,D,0,NA,NA,NA,NA,Y,NA,-,99,0,0,1,0,0,0,0,0,0,-,-,NA,NA,LOS ANGELES,LOS ANGELES,-118.29155731201172,34.03946304321289
8912510,2019,2019-08-20,1942,2019-07-19,1740,40941,0853,5,5,7,1942,0,0,0,H,0,8XL9,OHIO AV,WESTWOOD BL,0,NA,Y,A,-,N,NA,NA,NA,NA,NA,NA,NA,NA,NA,N,4,0,1,2,A,-,09,21804,A,N,D,G,A,A,H,-,A,A,0,NA,Y,NA,NA,Y,NA,L,04,0,0,1,0,0,0,1,0,0,-,-,NA,NA,LOS ANGELES,LOS ANGELES,-118.44072723388672,34.054100036621094
8912511,2019,2019-08-20,1963,2019-07-01,1816,351,114,1,5,3,1963,0,0,0,NA,0,001,SAINT ALBANS RD,HUNTINGTON DR,0,NA,Y,A,-,N,NA,NA,NA,NA,NA,NA,NA,NA,NA,Y,3,0,1,2,A,-,03,22350,NA,N,C,C,A,A,H,-,A,A,0,NA,NA,NA,NA,Y,NA,A,01,0,1,0,0,0,0,0,0,0,-,-,NA,NA,LOS ANGELES,SAN MARINO,-118.1212921142578,34.11574172973633
8912512,2019,2019-08-20,1942,2019-07-31,0245,38688,0645,3,5,7,1942,0,0,0,F,0,6A45,SUNSET BL,LA BREA,0,NA,Y,B,-,N,NA,NA,NA,NA,NA,NA,NA,NA,NA,Y,4,0,1,2,A,-,09,21801,A,F,D,C,A,A,H,-,C,A,0,NA,NA,NA,NA,Y,NA,A,01,0,0,1,0,0,0,0,0,0,-,-,NA,NA,LOS ANGELES,LOS ANGELES,-118.34413909912108,34.09798049926758
8912514,2019,2019-08-20,1942,2019-07-17,1935,41210,0721,3,5,7,1942,0,0,0,G,0,8TL35,LA CIENEGA BL,BEVERLY BL,45,S,N,A,-,N,NA,NA,NA,NA,NA,NA,NA,NA,NA,Y,4,0,1,2,A,-,04,21703,NA,N,C,C,A,A,H,-,A,A,0,NA,NA,NA,NA,Y,NA,A,07,0,0,1,0,0,0,0,0,0,-,-,NA,NA,LOS ANGELES,LOS ANGELES,-118.37660217285156,34.07593536376953
8912516,2019,2019-08-20,1942,2019-07-10,1435,36257,0989,3,5,7,1942,0,0,0,I,0,9A89,VENTURA BL,WOODMAN AV,0,NA,Y,A,-,N,NA,NA,NA,NA,NA,NA,NA,NA,NA,Y,3,0,1,2,A,-,12,21453,A,N,A,C,A,A,H,-,A,A,0,NA,NA,NA,NA,Y,NA,A,01,0,1,0,0,0,0,0,0,0,-,-,NA,NA,LOS ANGELES,LOS ANGELES,-118.43122863769533,34.14802169799805