CASE_ID,ACCIDENT_YEAR,PROC_DATE,JURIS,COLLISION_DATE,COLLISION_TIME,OFFICER_ID,REPORTING_DISTRICT,DAY_OF_WEEK,CHP_SHIFT,POPULATION,CNTY_CITY_LOC,SPECIAL_COND,BEAT_TYPE,CHP_BEAT_TYPE,CITY_DIVISION_LAPD,CHP_BEAT_CLASS,BEAT_NUMBER,PRIMARY_RD,SECONDARY_RD,DISTANCE,DIRECTION,INTERSECTION,WEATHER_1,WEATHER_2,STATE_HWY_IND,CALTRANS_COUNTY,CALTRANS_DISTRICT,STATE_ROUTE,ROUTE_SUFFIX,POSTMILE_PREFIX,POSTMILE,LOCATION_TYPE,RAMP_INTERSECTION,SIDE_OF_HWY,TOW_AWAY,COLLISION_SEVERITY,NUMBER_KILLED,NUMBER_INJURED,PARTY_COUNT,PRIMARY_COLL_FACTOR,PCF_CODE_OF_VIOL,PCF_VIOL_CATEGORY,PCF_VIOLATION,PCF_VIOL_SUBSECTION,HIT_AND_RUN,TYPE_OF_COLLISION,MVIW,PED_ACTION,ROAD_SURFACE,ROAD_COND_1,ROAD_COND_2,LIGHTING,CONTROL_DEVICE,CHP_ROAD_TYPE,PEDESTRIAN_ACCIDENT,BICYCLE_ACCIDENT,MOTORCYCLE_ACCIDENT,TRUCK_ACCIDENT,NOT_PRIVATE_PROPERTY,ALCOHOL_INVOLVED,STWD_VEHTYPE_AT_FAULT,CHP_VEHTYPE_AT_FAULT,COUNT_SEVERE_INJ,COUNT_VISIBLE_INJ,COUNT_COMPLAINT_PAIN,COUNT_PED_KILLED,COUNT_PED_INJURED,COUNT_BICYCLIST_KILLED,COUNT_BICYCLIST_INJURED,COUNT_MC_KILLED,COUNT_MC_INJURED,PRIMARY_RAMP,SECONDARY_RAMP,LATITUDE,LONGITUDE,COUNTY,CITY,POINT_X,POINT_Y
8913631,2019,2020-01-30,1900,2019-07-12,2038,614591,1016,5,5,3,1995,0,0,0,NA,0,101,RT 1,RAMBLA VISTA,1056,W,N,A,-,Y,LA,7,1,-,-,44.46,H,-,S,N,4,0,1,2,A,-,04,21703,NA,N,C,C,A,A,H,-,C,D,0,NA,NA,NA,NA,Y,NA,A,08,0,0,1,0,0,0,0,0,0,-,-,38.03815078735352,-118.64154052734376,LOS ANGELES,MALIBU,-118.6415557861328,34.03791809082031
8913639,2019,2019-12-05,1942,2019-06-23,2210,43788,0326,7,5,7,1942,0,0,0,C,0,3A64-W,NORMANDIE AV,ADAMS,3,S,N,A,-,N,NA,NA,NA,NA,NA,NA,NA,NA,NA,N,4,0,1,2,A,-,11,21954,A,F,H,B,B,A,H,-,C,A,0,Y,NA,NA,NA,Y,Y,-,99,0,0,1,0,1,0,0,0,0,-,-,NA,NA,LOS ANGELES,LOS ANGELES,-118.30023956298828,34.032711029052734
8913651,2019,2019-12-12,1942,2019-07-27,1500,43397,1832,6,5,7,1942,0,0,0,R,0,18A41,104TH ST,GRAND AV,0,NA,Y,A,-,N,NA,NA,NA,NA,NA,NA,NA,NA,NA,Y,4,0,1,4,A,-,12,22450,A,N,B,C,A,A,H,-,A,A,0,NA,NA,NA,NA,Y,NA,A,01,0,0,1,0,0,0,0,0,0,-,-,NA,NA,LOS ANGELES,LOS ANGELES,-118.2805633544922,33.94192123413086
8913655,2019,2019-12-12,1976,2019-07-25,1835,378,NA,4,5,3,1964,0,0,0,NA,0,002,IMPERIAL HWY,TRANSPORTATION CENTER,212,W,N,A,-,N,NA,NA,NA,NA,NA,NA,NA,NA,NA,Y,2,0,1,2,A,-,03,22350,NA,M,C,C,A,A,H,-,A,D,0,NA,NA,Y,NA,Y,NA,C,02,1,0,0,0,0,0,0,0,1,-,-,NA,NA,LOS ANGELES,SANTA FE SPRINGS,-118.05945587158205,33.91716003417969
8913657,2019,2019-10-22,1942,2019-05-21,1140,38050,1313,2,5,7,1942,0,0,0,M,0,13A13,EAST WASHINGTON BL,S SAN PEDRO ST,8,W,N,A,-,N,NA,NA,NA,NA,NA,NA,NA,NA,NA,N,3,0,1,2,A,-,09,21804,A,N,D,G,A,A,H,-,A,D,0,NA,Y,NA,NA,Y,NA,L,04,0,1,0,0,0,0,1,0,0,-,-,NA,NA,LOS ANGELES,LOS ANGELES,-118.25747680664064,34.02762985229492
8913659,2019,2019-12-12,1947,2019-07-10,0515,1416,NA,3,5,5,1947,0,0,0,NA,0,00B,W WHITTIER BL,N MONTEBELLO BL,0,NA,Y,A,-,N,NA,NA,NA,NA,NA,NA,NA,NA,NA,N,3,0,1,2,A,-,12,21453,A,F,D,G,A,A,H,-,B,A,0,NA,Y,NA,NA,Y,NA,-,-,0,1,0,0,0,0,1,0,0,-,-,34.01007080078125,-118.1082000732422,LOS ANGELES,MONTEBELLO,-118.10825347900392,34.01007843017578
8913663,2019,2019-12-12,1947,2019-07-08,1430,1412,NA,1,5,5,1947,0,0,0,NA,0,00C,N MONTEBELLO BL,EAST VICTORIA BL,0,NA,Y,A,-,N,NA,NA,NA,NA,NA,NA,NA,NA,NA,Y,3,0,1,2,A,-,09,21801,A,N,D,C,A,A,H,-,A,A,0,NA,NA,Y,NA,Y,NA,-,-,0,1,0,0,0,0,0,0,1,-,-,34.018978118896484,-118.1054916381836,LOS ANGELES,MONTEBELLO,-118.1054916381836,34.018959045410156
8913666,2019,2020-02-04,1942,2019-07-28,1750,37323,RD-06,7,5,7,1942,0,0,0,NA,0,6A44,SANTA MONICA BL,VAN NESS AV,0,NA,Y,A,-,Y,LA,7,2,-,-,12.211,I,6,E,N,4,0,1,2,A,-,09,21804,NA,N,D,G,A,A,H,-,A,A,0,NA,Y,NA,NA,Y,NA,L,04,0,0,1,0,0,0,1,0,0,-,-,NA,NA,LOS ANGELES,LOS ANGELES,-118.31578826904295,34.090763092041016
8913667,2019,2019-12-12,1942,2019-07-14,1930,42251,1717,7,5,7,1942,0,0,0,Q,0,10T35,HAYVENHURST AV,SIMONDS ST,152,S,N,A,-,N,NA,NA,NA,NA,NA,NA,NA,NA,NA,Y,4,0,2,2,A,-,09,21801,A,N,D,C,A,A,H,-,B,A,0,NA,NA,NA,NA,Y,NA,A,01,0,0,2,0,0,0,0,0,0,-,-,NA,NA,LOS ANGELES,LOS ANGELES,-118.49342346191406,34.275413513183594
8913668,2018,2019-09-03,1900,2018-12-20,1830,604401,0251,4,5,4,1945,0,0,0,NA,0,0PM,53RD ST,ATLANTIC BL,100,E,N,A,-,N,NA,NA,NA,NA,NA,NA,NA,NA,NA,N,4,0,1,2,A,-,12,21453,A,N,B,C,A,A,H,-,A,A,0,NA,NA,Y,NA,Y,NA,C,02,0,0,1,0,0,0,0,0,1,-,-,NA,NA,LOS ANGELES,MAYWOOD,-118.18407440185548,33.99168014526367
8913669,2019,2019-10-22,1942,2019-06-25,1020,43789,1303,2,5,7,1942,0,0,0,M,0,13A13,10TH ST,SAN PEDRO ST,300,E,N,A,-,N,NA,NA,NA,NA,NA,NA,NA,NA,NA,N,4,0,1,2,A,-,08,22107,NA,N,B,C,A,A,H,-,A,D,0,NA,NA,NA,NA,Y,NA,A,07,0,0,1,0,0,0,0,0,0,-,-,NA,NA,LOS ANGELES,LOS ANGELES,-118.2509765625,34.03536605834961
8913670,2019,2020-02-04,1942,2019-07-19,2000,42815,0822,5,5,7,1942,0,0,0,H,0,8XL3,PACIFIC COAST HWY,TAHITI AV,200,S,N,A,-,Y,LA,7,1,-,-,38.17,H,-,S,Y,3,0,8,5,A,-,04,21703,NA,N,A,C,A,A,H,-,B,D,0,NA,NA,NA,NA,Y,NA,A,01,0,1,7,0,0,0,0,0,0,-,-,NA,NA,LOS ANGELES,LOS ANGELES,-118.53694915771484,34.03633499145508
8913671,2019,2019-12-12,1942,2019-07-16,1930,41878,1258,2,5,7,1942,0,0,0,L,0,12A15,FIGUEROA AV,82ND ST,180,N,N,A,-,N,NA,NA,NA,NA,NA,NA,NA,NA,NA,N,4,0,1,2,A,-,04,21703,NA,F,A,C,A,A,H,-,C,A,0,NA,NA,NA,NA,Y,NA,A,01,0,0,1,0,0,0,0,0,0,-,-,NA,NA,LOS ANGELES,LOS ANGELES,-118.28273010253906,33.96552276611328
8913678,2019,2020-01-30,1900,2019-07-07,2357,634896,1010,7,5,3,1995,0,0,0,NA,0,101,PACIFIC COAST HWY,CANYON RD,300,E,N,A,-,Y,LA,7,1,-,-,59.33,H,-,N,Y,3,0,4,1,A,-,08,22107,NA,N,E,I,A,A,H,-,C,D,0,NA,NA,NA,NA,Y,NA,A,01,0,3,1,0,0,0,0,0,0,-,-,34.04029846191406,-118.88390350341795,LOS ANGELES,MALIBU,-118.88418579101564,34.04030227661133
8913679,2019,2019-12-12,1942,2019-07-25,1800,42545,1025,4,5,7,1942,0,0,0,J,0,10X18,SHERMAN WY,ETIWANDA AV,0,NA,-,A,-,N,NA,NA,NA,NA,NA,NA,NA,NA,NA,N,4,0,1,2,A,-,10,21950,A,N,H,G,A,A,H,-,A,A,0,NA,Y,NA,NA,Y,NA,-,NA,0,0,1,0,0,0,1,0,0,-,-,NA,NA,LOS ANGELES,LOS ANGELES,-118.53167724609376,34.20117950439453
8913683,2019,2020-02-04,1976,2019-07-14,1640,301,NA,7,5,5,1976,0,0,0,NA,0,NA,WHITTIER BL,LAUREL AV,288,W,N,A,-,Y,LA,7,72,-,-,3.45,H,-,N,N,3,0,1,2,A,-,03,22350,NA,N,C,C,A,A,H,-,A,D,0,NA,NA,Y,NA,Y,NA,C,02,0,1,0,0,0,0,0,0,1,-,-,NA,NA,LOS ANGELES,WHITTIER,-118.02978515625,33.961490631103516
8913685,2018,2019-08-30,1938,2018-12-13,0906,676,AREA2,4,5,4,1938,0,0,0,NA,0,002,WHEELER AV,BONITA AV,0,NA,Y,A,-,N,NA,NA,NA,NA,NA,NA,NA,NA,NA,Y,3,0,2,2,A,-,12,21453,A,N,D,C,A,A,H,-,A,A,0,NA,NA,NA,NA,Y,NA,A,07,0,1,1,0,0,0,0,0,0,-,-,NA,NA,LOS ANGELES,LA VERNE,-117.77973175048828,34.10408020019531
8913687,2019,2020-02-04,1976,2019-07-18,1707,419,WHITT,4,5,5,1976,0,0,0,NA,0,002,WHITTIER BL,PACIFIC PL,0,NA,Y,A,-,Y,LA,7,72,-,-,4.52,I,5,N,Y,4,0,3,2,A,-,03,22350,NA,N,C,C,A,A,H,-,A,A,0,NA,NA,NA,NA,Y,NA,A,01,0,0,3,0,0,0,0,0,0,-,-,NA,NA,LOS ANGELES,WHITTIER,-118.04388427734376,33.97119903564453
8913695,2019,2020-02-04,1942,2019-07-20,1900,30851,2185,6,5,7,1942,0,0,0,NA,0,21X98,TOPANGA CYN,PROVIDENCIA,60,W,N,A,-,Y,LA,7,27,-,-,11.52,H,-,N,Y,3,0,2,2,A,-,08,22107,NA,N,B,C,A,A,H,-,B,A,0,NA,NA,NA,NA,Y,NA,A,01,0,1,1,0,0,0,0,0,0,-,-,NA,NA,LOS ANGELES,LOS ANGELES,-118.60582733154295,34.15753936767578
8913697,2018,2019-09-03,1938,2018-12-08,0102,1080,AREA2,6,5,4,1938,0,0,0,NA,0,002,ARROW HWY,A ST,0,NA,Y,B,-,N,NA,NA,NA,NA,NA,NA,NA,NA,NA,Y,4,0,1,2,A,-,09,21802,A,N,D,C,A,A,H,-,C,D,0,NA,NA,NA,NA,Y,NA,D,22,0,0,1,0,0,0,0,0,0,-,-,NA,NA,LOS ANGELES,LA VERNE,-117.77716827392578,34.099281311035156
8913705,2018,2019-09-03,1938,2018-12-29,1218,1084,AREA3,6,5,4,1938,0,0,0,NA,0,003,ARROW HWY,WHITE AV,0,NA,Y,A,-,N,NA,NA,NA,NA,NA,NA,NA,NA,NA,Y,4,0,3,3,A,-,03,22350,NA,N,C,C,A,A,H,-,A,A,0,NA,NA,NA,NA,Y,NA,A,01,0,0,3,0,0,0,0,0,0,-,-,NA,NA,LOS ANGELES,LA VERNE,-117.76454925537108,34.094261169433594
8913709,2018,2019-08-30,1938,2018-12-17,1709,620,AREA3,1,5,4,1938,0,0,0,NA,0,003,BONITA AV,G ST,0,NA,Y,A,-,N,NA,NA,NA,NA,NA,NA,NA,NA,NA,Y,4,0,1,3,A,-,03,22350,NA,N,C,C,A,A,H,-,C,D,0,NA,NA,NA,NA,Y,NA,A,01,0,0,1,0,0,0,0,0,0,-,-,NA,NA,LOS ANGELES,LA VERNE,-117.76434326171876,34.100120544433594
8913725,2019,2019-10-17,1942,2019-07-09,1930,43595,2013,2,5,7,1942,0,0,0,NA,0,20A13,WESTERN AV,1ST ST,20,N,N,A,-,N,NA,NA,NA,NA,NA,NA,NA,NA,NA,N,4,0,1,2,B,-,22,NA,NA,N,D,G,A,A,H,-,A,D,0,NA,Y,NA,NA,Y,NA,L,04,0,0,1,0,0,0,1,0,0,-,-,NA,NA,LOS ANGELES,LOS ANGELES,-118.3091278076172,34.07371520996094
8913745,2019,2019-09-03,1942,2019-07-21,2235,32142,1849,7,5,7,1942,0,0,0,R,0,18X96,WILMINGTON AV,114TH ST,0,NA,Y,A,-,N,NA,NA,NA,NA,NA,NA,NA,NA,NA,N,3,0,2,1,A,-,03,22350,NA,N,H,A,A,A,A,-,C,D,0,NA,NA,Y,NA,Y,NA,C,02,0,2,0,0,0,0,0,0,2,-,-,NA,NA,LOS ANGELES,LOS ANGELES,-118.23908996582033,33.93151092529297
8913749,2019,2020-01-31,1942,2019-07-28,0625,41921,0513,7,5,7,1942,0,0,0,E,0,5A11,FIGUEROA PL,PACIFIC COAST HWY,0,NA,Y,A,-,Y,LA,7,1,-,-,11.666,I,5,S,Y,4,0,2,2,A,-,09,21802,A,N,D,D,A,A,H,-,B,A,0,NA,NA,NA,NA,Y,NA,A,01,0,0,2,0,0,0,0,0,0,CN,-,NA,NA,LOS ANGELES,LOS ANGELES,-118.28311920166016,33.79062271118164
8913757,2019,2020-02-04,1955,2019-07-02,2138,42261,43,2,5,6,1955,0,0,0,NA,0,001,FAIRPLEX DR,MURCHISON AV,292,N,N,A,-,Y,LA,7,10,-,-,43.517,R,4,E,N,4,0,1,2,A,-,08,22107,NA,N,C,C,A,A,H,-,C,D,0,NA,NA,Y,NA,Y,NA,C,02,0,0,1,0,0,0,0,0,1,-,-,NA,NA,LOS ANGELES,POMONA,-117.78974151611328,34.072383880615234
8913758,2019,2020-01-31,1942,2019-07-12,1635,41173,0513,5,5,7,1942,0,0,0,E,0,5A18,W PACIFIC COAST HWY,FRAMPTON AV,0,NA,Y,A,-,Y,LA,7,1,-,-,12.662,I,5,S,Y,4,0,1,3,A,-,09,21801,A,N,A,C,A,A,H,-,A,D,0,NA,NA,NA,NA,Y,NA,A,01,0,0,1,0,0,0,0,0,0,-,-,NA,NA,LOS ANGELES,LOS ANGELES,-118.29993438720705,33.789405822753906
8913869,2019,2019-08-08,1941,2019-07-15,1720,10807,NA,1,5,7,1941,0,0,0,NA,0,NA,BROADWAY,HERMOSA AV,0,NA,-,A,-,N,NA,NA,NA,NA,NA,NA,NA,NA,NA,N,4,0,1,3,A,-,03,22350,NA,F,C,C,A,A,H,-,A,D,0,NA,NA,NA,NA,Y,Y,A,NA,0,0,1,0,0,0,0,0,0,-,-,NA,NA,LOS ANGELES,LONG BEACH,-118.16969299316406,33.767520904541016
8913873,2019,2019-08-08,1941,2019-07-20,1300,11353,NA,6,5,7,1941,0,0,0,NA,0,NA,ALAMITOS AV,HELLMAN ST,0,NA,Y,A,-,N,NA,NA,NA,NA,NA,NA,NA,NA,NA,N,4,0,1,2,A,-,21,22106,NA,F,H,J,A,A,H,-,A,D,0,NA,NA,NA,NA,Y,NA,-,NA,0,0,1,0,0,0,0,0,0,-,-,NA,NA,LOS ANGELES,LONG BEACH,-118.1796417236328,33.77716064453125
8913877,2019,2020-01-31,1941,2019-07-21,0126,11404,NA,7,5,7,1941,0,0,0,NA,0,NA,PACIFIC COAST HWY,WALNUT AV,0,NA,Y,A,-,Y,LA,7,1,-,-,5.25,H,-,N,N,2,0,1,2,A,-,10,21950,A,F,H,G,A,A,H,-,C,A,0,NA,Y,NA,NA,Y,NA,-,NA,1,0,0,0,0,0,1,0,0,-,-,NA,NA,LOS ANGELES,LONG BEACH,-118.17173004150392,33.7899169921875
8913881,2019,2019-08-08,1941,2019-07-21,2059,11253,NA,7,5,7,1941,0,0,0,NA,0,NA,55TH ST,LINDEN AV,185,W,N,A,-,N,NA,NA,NA,NA,NA,NA,NA,NA,NA,N,4,0,1,2,A,-,21,22106,NA,M,E,C,A,A,H,-,C,D,0,NA,NA,NA,NA,Y,NA,-,NA,0,0,1,0,0,0,0,0,0,-,-,NA,NA,LOS ANGELES,LONG BEACH,-118.18596649169922,33.856239318847656
8913885,2019,2019-08-08,1942,2019-07-15,0030,42060,1213,1,5,7,1942,0,0,0,L,0,12A45,RUTHELEN ST,54TH ST,100,S,N,A,-,N,NA,NA,NA,NA,NA,NA,NA,NA,NA,N,3,0,1,2,A,-,11,21954,A,F,G,B,D,A,H,-,D,D,0,Y,NA,NA,NA,Y,NA,N,60,0,1,0,0,1,0,0,0,0,-,-,NA,NA,LOS ANGELES,LOS ANGELES,-118.31259918212892,33.99296569824219
8913907,2019,2019-09-03,1900,2019-07-18,1901,614047,2810,4,5,5,1915,0,0,0,NA,0,283T1,CENTRAL AV,13TH ST,0,NA,Y,A,-,N,NA,NA,NA,NA,NA,NA,NA,NA,NA,N,3,0,1,2,A,-,12,21453,A,N,G,B,D,A,H,-,A,A,0,Y,NA,NA,NA,Y,NA,-,-,0,1,0,0,1,0,0,0,0,-,-,NA,NA,LOS ANGELES,COMPTON,-118.25473022460938,33.910709381103516
8913917,2019,2019-08-08,1900,2019-07-12,0330,523088,0333,5,5,4,1939,0,0,0,NA,0,35T1,INGLEWOOD AV,MANHATTAN BEACH BL,44,S,N,A,-,N,NA,NA,NA,NA,NA,NA,NA,NA,NA,Y,2,0,2,2,A,-,03,22350,NA,N,C,C,A,A,H,-,A,A,0,NA,NA,NA,NA,Y,NA,A,01,1,1,0,0,0,0,0,0,0,-,-,33.887290954589844,-118.36125183105467,LOS ANGELES,LAWNDALE,-118.36134338378906,33.88731002807617
8913971,2019,2019-08-21,1942,2019-07-21,1731,40748,RD567,7,5,7,1942,0,0,0,NA,0,5A15,PACIFIC AV,23RD ST,30,S,N,A,-,N,NA,NA,NA,NA,NA,NA,NA,NA,NA,Y,4,0,2,2,A,-,01,23152,A,F,C,C,A,A,H,-,A,A,0,NA,NA,NA,NA,Y,Y,D,22,0,0,2,0,0,0,0,0,0,-,-,NA,NA,LOS ANGELES,LOS ANGELES,-118.46916198730467,33.98387145996094
8913978,2019,2019-08-12,1900,2019-06-01,2155,624934,1135,6,5,6,1992,0,0,0,NA,0,112T2,AVENUE 1,30TH ST EAST,0,NA,Y,A,-,N,NA,NA,NA,NA,NA,NA,NA,NA,NA,Y,4,0,1,3,A,-,03,22350,NA,N,C,C,A,A,H,-,C,A,0,NA,NA,NA,NA,Y,NA,D,22,0,0,1,0,0,0,0,0,0,-,-,NA,NA,LOS ANGELES,LANCASTER,-118.07708740234376,34.70441818237305
8913986,2019,2019-08-13,1900,2019-07-14,1030,540658,1121,7,5,6,1992,0,0,0,NA,0,112T2,20TH ST W,AVENUE I,0,NA,Y,A,-,N,NA,NA,NA,NA,NA,NA,NA,NA,NA,Y,4,0,1,4,A,-,12,21453,A,N,A,C,A,A,H,-,A,A,0,NA,NA,NA,NA,Y,NA,A,07,0,0,1,0,0,0,0,0,0,-,-,NA,NA,LOS ANGELES,LANCASTER,-118.1659698486328,34.70404815673828
8913996,2019,2019-08-12,1956,2019-07-22,0952,1183,42,1,5,5,1956,0,0,0,NA,0,004,ROCKEFELLER LN,GREEN LN,200,W,N,A,-,N,NA,NA,NA,NA,NA,NA,NA,NA,NA,Y,4,0,1,3,A,-,09,21804,A,N,D,C,A,A,H,-,A,D,0,NA,NA,NA,NA,Y,NA,A,01,0,0,1,0,0,0,0,0,0,-,-,NA,NA,LOS ANGELES,REDONDO BEACH,-118.37761688232422,33.86998748779297
8914000,2019,2019-08-12,1956,2019-07-24,1623,1292,67,3,5,5,1956,0,0,0,NA,0,004,AVIATION BL,MARINE AV,335,S,N,A,-,N,NA,NA,NA,NA,NA,NA,NA,NA,NA,N,4,0,2,2,A,-,03,22350,NA,F,C,C,A,A,H,-,A,D,0,NA,NA,NA,NA,Y,NA,A,01,0,0,2,0,0,0,0,0,0,-,-,NA,NA,LOS ANGELES,REDONDO BEACH,-118.37870025634766,33.89372253417969
8914008,2019,2019-08-12,1900,2019-06-14,2056,615122,2825,5,5,5,1915,0,0,0,NA,0,284D,ROSECRANS AV,THORSON AV,0,NA,Y,A,-,N,NA,NA,NA,NA,NA,NA,NA,NA,NA,N,4,0,2,2,A,-,09,21802,A,N,D,C,A,A,H,-,C,A,0,NA,NA,NA,NA,Y,NA,A,01,0,0,2,0,0,0,0,0,0,-,-,NA,NA,LOS ANGELES,COMPTON,-118.20030975341795,33.90359115600586
8914017,2019,2019-08-12,1969,2019-06-21,1656,10220,PATRO,5,5,5,1969,0,0,0,NA,0,005,GARFIELD AV,SOUTHERN AV,15,N,N,A,-,N,NA,NA,NA,NA,NA,NA,NA,NA,NA,Y,4,0,2,2,A,-,08,22107,NA,N,C,C,A,A,H,-,A,A,0,NA,NA,NA,NA,Y,NA,A,01,0,0,2,0,0,0,0,0,0,-,-,NA,NA,LOS ANGELES,SOUTH GATE,-118.1662368774414,33.94453430175781
8914033,2019,2019-08-12,1969,2019-07-05,1234,20226,TRAFF,5,5,5,1969,0,0,0,NA,0,004,ATLANTIC AV,AZALEA DR,25,S,N,A,-,N,NA,NA,NA,NA,NA,NA,NA,NA,NA,N,4,0,1,2,A,-,08,22107,NA,N,D,C,A,A,H,-,A,A,0,NA,NA,Y,NA,Y,NA,I,11,0,0,1,0,0,0,0,0,1,-,-,NA,NA,LOS ANGELES,SOUTH GATE,-118.18367004394533,33.953643798828125
8914037,2019,2019-08-12,1969,2019-07-01,1644,10165,PATRO,1,5,5,1969,0,0,0,NA,0,0 5,PARAMOUNT BL,GARDENDALE AV,0,NA,Y,A,-,N,NA,NA,NA,NA,NA,NA,NA,NA,NA,Y,4,0,3,3,A,-,12,21453,A,N,-,C,A,A,-,-,A,A,0,NA,NA,NA,NA,Y,NA,A,01,0,0,3,0,0,0,0,0,0,-,-,NA,NA,LOS ANGELES,SOUTH GATE,-118.15702056884766,33.91741180419922
8914051,2019,2019-08-12,1942,2019-06-12,0750,37792,1256,3,5,7,1942,0,0,0,L,0,12A53,HOOVER ST,FLORENCE AV,0,NA,Y,A,-,N,NA,NA,NA,NA,NA,NA,NA,NA,NA,Y,4,0,1,2,A,-,09,21801,A,N,A,-,A,A,H,-,A,A,0,NA,NA,NA,NA,Y,NA,D,22,0,0,1,0,0,0,0,0,0,-,-,NA,NA,LOS ANGELES,LOS ANGELES,-118.287109375,33.974639892578125
8914074,2019,2019-08-09,1928,2019-07-03,1524,372,526,3,5,5,1928,0,0,0,NA,0,501,HAWTHORN BL,116TH ST,0,NA,Y,A,-,N,NA,NA,NA,NA,NA,NA,NA,NA,NA,N,4,0,1,2,A,-,05,21650,1,N,H,G,A,A,H,-,A,A,0,NA,Y,NA,NA,Y,NA,L,04,0,0,1,0,0,0,1,0,0,-,-,33.92921829223633,-118.35254669189452,LOS ANGELES,HAWTHORNE,-118.352484,33.929129
8914080,2019,2019-08-16,1925,2019-07-28,2109,26161,2,7,5,6,1925,0,0,0,NA,0,222,N CENTRAL AV,SANCHEZ DR,0,NA,Y,A,-,N,NA,NA,NA,NA,NA,NA,NA,NA,NA,Y,4,0,1,2,A,-,12,21453,A,N,D,C,A,A,H,-,C,A,0,NA,NA,NA,NA,Y,NA,A,01,0,0,1,0,0,0,0,0,0,-,-,NA,NA,LOS ANGELES,GLENDALE,-118.25794982910156,34.156028747558594
8914169,2019,2019-08-09,1941,2019-07-20,2153,11394,NA,6,5,7,1941,0,0,0,NA,0,901T,WARDLOW RD,RT 710,310,E,N,A,-,N,NA,NA,NA,NA,NA,NA,NA,NA,NA,Y,2,0,1,2,A,-,03,22350,NA,N,B,C,A,A,H,-,C,D,0,NA,NA,Y,NA,Y,NA,C,NA,1,0,0,0,0,0,0,0,1,-,SF,NA,NA,LOS ANGELES,LONG BEACH,-118.20684051513672,33.8215217590332
8914173,2019,2019-08-09,1941,2019-07-21,1939,6075,NA,7,5,7,1941,0,0,0,NA,0,901T,PICO AV,PIER D AV,0,NA,Y,A,-,N,NA,NA,NA,NA,NA,NA,NA,NA,NA,Y,4,0,1,1,A,-,08,22107,NA,N,E,I,A,A,H,-,A,A,0,NA,NA,NA,NA,Y,NA,-,NA,0,0,1,0,0,0,0,0,0,-,-,NA,NA,LOS ANGELES,LONG BEACH,-118.20819854736328,33.769901275634766
8914174,2019,2019-08-09,1900,2019-07-25,0900,622059,1126,4,5,6,1992,0,0,0,NA,0,112T4,10TH ST W,AUTO MALL DR,0,NA,Y,C,-,N,NA,NA,NA,NA,NA,NA,NA,NA,NA,Y,4,0,1,2,A,-,09,21802,A,N,B,C,A,B,H,-,A,D,0,NA,NA,NA,NA,Y,NA,-,NA,0,0,1,0,0,0,0,0,0,-,-,NA,NA,LOS ANGELES,LANCASTER,-118.14785003662108,34.66984176635742
8914177,2019,2019-08-09,1941,2019-07-21,2015,10861,NA,7,5,7,1941,0,0,0,NA,0,901CPD,6TH ST,CEDAR AV,0,NA,Y,A,-,N,NA,NA,NA,NA,NA,NA,NA,NA,NA,Y,3,0,6,3,D,-,00,NA,NA,N,D,C,A,A,H,-,C,A,0,NA,NA,NA,NA,Y,NA,-,-,0,3,3,0,0,0,0,0,0,-,-,NA,NA,LOS ANGELES,LONG BEACH,-118.19506072998048,33.774139404296875
8914181,2019,2019-08-09,1941,2019-07-21,1927,11405,NA,7,5,7,1941,0,0,0,NA,0,NA,ATLANTIC AV,E DEL AMO BL,0,NA,Y,A,-,N,NA,NA,NA,NA,NA,NA,NA,NA,NA,N,4,0,2,2,A,-,12,21453,A,F,D,C,A,A,H,-,A,A,0,NA,NA,NA,NA,Y,NA,A,NA,0,0,2,0,0,0,0,0,0,-,-,NA,NA,LOS ANGELES,LONG BEACH,-118.18502044677734,33.845279693603516
8914182,2019,2019-08-08,1900,2019-07-10,1459,642878,1122,3,5,6,1992,0,0,0,NA,0,112T2,AVE J,FIG AV,0,NA,Y,A,-,N,NA,NA,NA,NA,NA,NA,NA,NA,NA,Y,2,0,2,2,A,-,09,21801,A,N,D,C,A,-,-,-,A,A,0,NA,NA,NA,NA,Y,NA,A,01,1,1,0,0,0,0,0,0,0,-,-,NA,NA,LOS ANGELES,LANCASTER,-118.14201354980467,34.689449310302734
8914186,2019,2019-08-08,1900,2019-07-27,1528,622059,1135,6,5,6,1992,0,0,0,NA,0,112T2,AVE J,27TH ST EAST,0,NA,Y,A,-,N,NA,NA,NA,NA,NA,NA,NA,NA,NA,Y,4,0,4,2,A,-,09,21802,A,F,C,C,A,A,H,-,A,D,0,NA,NA,NA,NA,Y,NA,A,01,0,0,4,0,0,0,0,0,0,-,-,NA,NA,LOS ANGELES,LANCASTER,-118.08141326904295,34.68983840942383
8914189,2019,2019-08-09,1967,2019-07-26,1113,136,NA,5,5,2,1967,0,0,0,NA,0,SOUTH,WILLOW,CHERRY AV,95,W,N,A,-,N,NA,NA,NA,NA,NA,NA,NA,NA,NA,Y,3,0,1,3,A,-,08,22100,A,N,D,C,A,A,H,-,A,A,0,NA,NA,NA,NA,Y,NA,A,01,0,1,0,0,0,0,0,0,0,-,-,NA,NA,LOS ANGELES,SIGNAL HILL,-118.16799926757813,33.80437088012695