CASE_ID,ACCIDENT_YEAR,PROC_DATE,JURIS,COLLISION_DATE,COLLISION_TIME,OFFICER_ID,REPORTING_DISTRICT,DAY_OF_WEEK,CHP_SHIFT,POPULATION,CNTY_CITY_LOC,SPECIAL_COND,BEAT_TYPE,CHP_BEAT_TYPE,CITY_DIVISION_LAPD,CHP_BEAT_CLASS,BEAT_NUMBER,PRIMARY_RD,SECONDARY_RD,DISTANCE,DIRECTION,INTERSECTION,WEATHER_1,WEATHER_2,STATE_HWY_IND,CALTRANS_COUNTY,CALTRANS_DISTRICT,STATE_ROUTE,ROUTE_SUFFIX,POSTMILE_PREFIX,POSTMILE,LOCATION_TYPE,RAMP_INTERSECTION,SIDE_OF_HWY,TOW_AWAY,COLLISION_SEVERITY,NUMBER_KILLED,NUMBER_INJURED,PARTY_COUNT,PRIMARY_COLL_FACTOR,PCF_CODE_OF_VIOL,PCF_VIOL_CATEGORY,PCF_VIOLATION,PCF_VIOL_SUBSECTION,HIT_AND_RUN,TYPE_OF_COLLISION,MVIW,PED_ACTION,ROAD_SURFACE,ROAD_COND_1,ROAD_COND_2,LIGHTING,CONTROL_DEVICE,CHP_ROAD_TYPE,PEDESTRIAN_ACCIDENT,BICYCLE_ACCIDENT,MOTORCYCLE_ACCIDENT,TRUCK_ACCIDENT,NOT_PRIVATE_PROPERTY,ALCOHOL_INVOLVED,STWD_VEHTYPE_AT_FAULT,CHP_VEHTYPE_AT_FAULT,COUNT_SEVERE_INJ,COUNT_VISIBLE_INJ,COUNT_COMPLAINT_PAIN,COUNT_PED_KILLED,COUNT_PED_INJURED,COUNT_BICYCLIST_KILLED,COUNT_BICYCLIST_INJURED,COUNT_MC_KILLED,COUNT_MC_INJURED,PRIMARY_RAMP,SECONDARY_RAMP,LATITUDE,LONGITUDE,COUNTY,CITY,POINT_X,POINT_Y
8915987,2019,2019-08-19,1942,2019-06-14,2130,42635,0833,5,5,7,1942,0,0,0,H,0,8A29,OHIO AV,KELTON AV,8,E,N,A,-,N,NA,NA,NA,NA,NA,NA,NA,NA,NA,N,4,0,1,2,A,-,12,22450,A,F,D,C,A,A,H,-,C,D,0,NA,NA,NA,NA,Y,NA,-,99,0,0,1,0,0,0,0,0,0,-,-,NA,NA,LOS ANGELES,LOS ANGELES,-118.44232940673828,34.05308151245117
8915988,2019,2019-09-06,1942,2019-08-03,1605,42834,0765,6,5,7,1942,0,0,0,G,0,7A47,SAN VICENTE BL,S LA BREA AV,0,NA,Y,A,-,N,NA,NA,NA,NA,NA,NA,NA,NA,NA,N,2,0,2,2,A,-,03,22350,NA,N,C,C,A,A,H,-,A,A,0,NA,NA,NA,NA,Y,NA,M,94,1,0,1,0,0,0,0,0,0,-,-,NA,NA,LOS ANGELES,LOS ANGELES,-118.34422302246094,34.050350189208984
8915992,2019,2019-09-06,1942,2019-08-06,0755,40899,0747,2,5,7,1942,0,0,0,G,0,7A33,S LA BREA AV,EDGEWOOD PL,0,NA,Y,A,-,N,NA,NA,NA,NA,NA,NA,NA,NA,NA,Y,4,0,1,2,A,-,09,21801,A,N,D,C,A,A,H,-,A,A,0,NA,NA,NA,NA,Y,NA,A,07,0,0,1,0,0,0,0,0,0,-,-,NA,NA,LOS ANGELES,LOS ANGELES,-118.34352111816406,34.054378509521484
8915996,2019,2019-09-06,1942,2019-08-04,2230,40209,1494,7,5,7,1942,0,0,0,N,0,LAX,SEPULVEDA BL,CENTURY BL,40,S,N,A,-,N,NA,NA,NA,NA,NA,NA,NA,NA,NA,Y,3,0,2,2,A,-,01,23152,A,N,C,C,A,A,H,-,C,A,0,NA,NA,NA,NA,Y,Y,A,01,0,1,1,0,0,0,0,0,0,-,-,NA,NA,LOS ANGELES,LOS ANGELES,-118.39633941650392,33.94544219970703
8916084,2019,2019-08-19,1942,2019-07-26,0430,34762,0899,5,5,7,1942,0,0,0,H,0,8A95,VENICE BL,LA CIENEGA BL,10,W,N,A,-,N,NA,NA,NA,NA,NA,NA,NA,NA,NA,N,2,0,1,1,A,-,03,22350,NA,N,E,I,A,A,H,-,D,D,0,NA,NA,NA,NA,Y,NA,A,01,1,0,0,0,0,0,0,0,0,-,-,NA,NA,LOS ANGELES,LOS ANGELES,-118.37791442871094,34.035152435302734
8916087,2019,2019-08-19,1931,2019-07-19,1959,5261,1931,5,5,5,1931,0,0,0,NA,0,003,SANTA FE AV,FLORENCE AV,0,NA,Y,A,-,N,NA,NA,NA,NA,NA,NA,NA,NA,NA,N,3,0,1,2,D,-,00,NA,NA,N,H,G,A,A,H,-,C,A,0,NA,Y,NA,NA,Y,NA,-,-,0,1,0,0,0,0,1,0,0,-,-,NA,NA,LOS ANGELES,HUNTINGTON PARK,-118.23029327392578,33.9747314453125
8916088,2019,2019-08-19,1942,2019-07-16,1010,40235,0825,2,5,7,1942,0,0,0,H,0,8A13,W SAN VICENTE BL,S BURLINGAME AV,0,NA,Y,A,-,N,NA,NA,NA,NA,NA,NA,NA,NA,NA,Y,3,0,1,2,A,-,09,21802,A,N,D,C,A,A,H,-,A,A,0,NA,NA,NA,NA,Y,NA,A,07,0,1,0,0,0,0,0,0,0,-,-,NA,NA,LOS ANGELES,LOS ANGELES,-118.48741912841795,34.04936981201172
8916091,2019,2019-08-19,1931,2019-07-18,1833,5318,1931,4,5,5,1931,0,0,0,NA,0,002,CARMELITA AV,SLAUSON AV,157,S,N,A,-,N,NA,NA,NA,NA,NA,NA,NA,NA,NA,N,4,0,1,4,A,-,08,22107,NA,N,B,C,A,A,H,-,A,D,0,NA,NA,NA,NA,Y,NA,A,01,0,0,1,0,0,0,0,0,0,-,-,NA,NA,LOS ANGELES,HUNTINGTON PARK,-118.1966552734375,33.98783493041992
8916092,2019,2019-08-19,1942,2019-07-19,1405,43441,0815,5,5,7,1942,0,0,0,H,0,8X98,SUNSET BL,VETERAN AV,0,NA,Y,A,-,N,NA,NA,NA,NA,NA,NA,NA,NA,NA,Y,4,0,1,2,A,-,09,21801,A,N,D,C,A,A,H,-,A,A,0,NA,NA,NA,NA,Y,NA,A,07,0,0,1,0,0,0,0,0,0,-,-,NA,NA,LOS ANGELES,LOS ANGELES,-118.45551300048828,34.07579040527344
8916096,2019,2019-08-19,1942,2019-07-06,2350,33403,0889,6,5,7,1942,0,0,0,H,0,8A59,S ROBERTSON BL,18TH ST,50,S,N,A,-,N,NA,NA,NA,NA,NA,NA,NA,NA,NA,N,4,0,1,3,A,-,03,22350,NA,N,C,C,A,A,H,-,C,D,0,NA,NA,NA,NA,Y,NA,A,01,0,0,1,0,0,0,0,0,0,-,-,NA,NA,LOS ANGELES,LOS ANGELES,-118.38613128662108,34.04667663574219
8916100,2019,2019-08-19,1942,2019-07-26,2200,38090,838,5,5,7,1942,0,0,0,NA,0,7TL23,GAYLEY AV,LANDFAIR AV,30,S,N,A,-,N,NA,NA,NA,NA,NA,NA,NA,NA,NA,Y,4,0,2,2,A,-,03,22350,NA,N,E,J,A,A,C,-,C,A,0,NA,NA,NA,NA,Y,NA,A,01,0,0,2,0,0,0,0,0,0,-,-,NA,NA,LOS ANGELES,LOS ANGELES,-118.45333862304688,34.070526123046875
8916104,2019,2019-09-04,1942,2019-07-26,1345,42656,0889,5,5,7,1942,0,0,0,H,0,8S59,S LA CIENEGA BL,GUTHRIE AV,0,NA,Y,A,-,N,NA,NA,NA,NA,NA,NA,NA,NA,NA,N,4,0,1,2,A,-,08,22107,NA,N,D,C,A,A,H,-,A,A,0,NA,NA,NA,NA,Y,NA,-,-,0,0,1,0,0,0,0,0,0,-,-,NA,NA,LOS ANGELES,LOS ANGELES,-118.37699127197266,34.040340423583984
8916107,2019,2019-08-19,1900,2019-07-08,1100,625420,2223,1,5,3,1994,0,0,0,NA,0,222T2,PALO COMADO CANYON RD,CHESEBRO RD,528,S,N,A,-,N,NA,NA,NA,NA,NA,NA,NA,NA,NA,N,4,0,1,2,A,-,09,21804,A,N,D,C,A,A,H,-,A,D,0,NA,NA,NA,NA,Y,NA,A,01,0,0,1,0,0,0,0,0,0,-,-,34.143798828125,-118.73802947998048,LOS ANGELES,AGOURA HILLS,-118.73937225341795,34.141319274902344
8916108,2019,2019-08-20,1942,2019-07-19,0930,39490,0807,5,5,7,1942,0,0,0,H,0,8A95,BEVERLY GLEN BL,MULHOLLAND DR,500,S,N,A,-,N,NA,NA,NA,NA,NA,NA,NA,NA,NA,N,4,0,1,1,A,-,03,22350,NA,N,F,-,A,A,H,-,A,D,0,NA,NA,NA,NA,Y,NA,A,01,0,0,1,0,0,0,0,0,0,-,-,NA,NA,LOS ANGELES,LOS ANGELES,-118.4420928955078,34.13066101074219
8916112,2019,2019-08-20,1942,2019-07-23,1845,39127,0829,2,5,7,1942,0,0,0,H,0,8A29,SANTA MONICA BL,BEVERLY GLEN BL,100,W,N,A,-,N,NA,NA,NA,NA,NA,NA,NA,NA,NA,Y,4,0,1,2,A,-,04,21703,NA,N,C,C,A,A,H,-,A,D,0,NA,NA,NA,NA,Y,NA,A,01,0,0,1,0,0,0,0,0,0,-,-,NA,NA,LOS ANGELES,LOS ANGELES,-118.42430114746094,34.057701110839844
8916115,2019,2019-08-19,1900,2019-07-21,1300,639798,2248,7,5,3,1989,0,0,0,NA,0,NA,MULHOLLAND HWY,MULHOLLAND DR,1320,S,N,A,-,N,NA,NA,NA,NA,NA,NA,NA,NA,NA,N,3,0,1,3,A,-,08,22107,A,N,C,C,A,A,H,-,A,D,0,NA,NA,Y,NA,Y,NA,A,01,0,1,0,0,0,0,0,0,1,-,-,NA,NA,LOS ANGELES,CALABASAS,-118.715576171875,34.10363006591797
8916116,2019,2019-08-20,1942,2019-07-22,1220,40315,0824,1,5,7,1942,0,0,0,H,0,8A1,W SUNSET BL,W CHAUTAUQUA BL,0,NA,Y,A,-,N,NA,NA,NA,NA,NA,NA,NA,NA,NA,Y,4,0,2,2,A,-,09,21801,A,N,A,C,A,A,H,-,A,A,0,NA,NA,NA,NA,Y,NA,A,01,0,0,2,0,0,0,0,0,0,-,-,NA,NA,LOS ANGELES,LOS ANGELES,-118.51820373535156,34.0413703918457
8916120,2019,2019-08-20,1942,2019-07-16,0720,40235,0886,2,5,7,1942,0,0,0,H,0,8A95,W PICO BL,ROXBURY DR,20,E,N,A,-,N,NA,NA,NA,NA,NA,NA,NA,NA,NA,N,4,0,1,2,D,-,00,NA,NA,N,C,C,A,A,H,-,A,A,0,NA,NA,NA,NA,Y,NA,-,-,0,0,1,0,0,0,0,0,0,-,-,NA,NA,LOS ANGELES,LOS ANGELES,-118.40213012695313,34.05400085449219
8916123,2019,2019-08-19,1900,2019-07-26,1927,625420,2242,5,5,3,1989,0,0,0,NA,0,222T2,CALABASAS HILLS RD,COLD SPRINGS ST,223,S,N,-,-,N,NA,NA,NA,NA,NA,NA,NA,NA,NA,Y,2,0,1,1,A,-,03,22350,NA,N,F,I,A,A,H,-,A,D,0,NA,NA,NA,NA,Y,NA,A,01,1,0,0,0,0,0,0,0,0,-,-,34.13465118408203,-118.71044158935548,LOS ANGELES,CALABASAS,-118.71045684814452,34.13459014892578
8916124,2019,2019-08-20,1942,2019-07-15,1530,39655,0853,1,5,7,1942,0,0,0,H,0,8A53,SAWTELLE BL,IOWA AV,0,NA,Y,A,-,N,NA,NA,NA,NA,NA,NA,NA,NA,NA,N,4,0,1,2,A,-,04,21703,NA,N,C,C,A,A,H,-,A,A,0,NA,NA,NA,NA,Y,NA,A,07,0,0,1,0,0,0,0,0,0,-,-,NA,NA,LOS ANGELES,LOS ANGELES,-118.44743347167967,34.04534149169922
8916128,2019,2019-08-20,1942,2019-07-16,2005,37900,0831,2,5,7,1942,0,0,0,H,0,8A53,WILSHIRE BL,AMHERST AV,50,W,N,A,-,N,NA,NA,NA,NA,NA,NA,NA,NA,NA,N,4,0,1,2,A,-,03,22350,NA,N,C,C,A,A,H,-,C,D,0,NA,NA,NA,NA,Y,NA,A,01,0,0,1,0,0,0,0,0,0,-,-,NA,NA,LOS ANGELES,LOS ANGELES,-118.46843719482422,34.043296813964844
8916132,2019,2019-08-20,1942,2019-07-25,2230,37900,0889,4,5,7,1942,0,0,0,H,0,8A59,S LA CIENEGA BL,SAWYER ST,50,N,N,A,-,N,NA,NA,NA,NA,NA,NA,NA,NA,NA,Y,4,0,2,3,A,-,07,21658,A,N,C,C,A,A,H,-,C,D,0,NA,NA,NA,NA,Y,NA,A,01,0,0,2,0,0,0,0,0,0,-,-,NA,NA,LOS ANGELES,LOS ANGELES,-118.3764190673828,34.042686462402344
8916136,2019,2019-08-20,1942,2019-07-24,0800,37913,0852,3,5,7,1942,0,0,0,H,0,8A53,SANTA MONICA BL,STONER AV,0,NA,Y,A,-,N,NA,NA,NA,NA,NA,NA,NA,NA,NA,N,4,0,1,2,A,-,10,21950,A,F,G,B,B,A,H,-,A,A,0,Y,NA,NA,NA,Y,NA,A,01,0,0,1,0,1,0,0,0,0,-,-,NA,NA,LOS ANGELES,LOS ANGELES,-118.45713043212892,34.04328155517578
8916140,2019,2019-08-20,1942,2019-07-14,0320,42572,0892,7,5,7,1942,0,0,0,H,0,8A35,W GATEWAY BL,BARRY AV,190,S,N,A,-,N,NA,NA,NA,NA,NA,NA,NA,NA,NA,N,4,0,1,2,A,-,09,21802,A,F,B,C,A,A,H,-,C,B,0,NA,NA,NA,NA,Y,NA,-,99,0,0,1,0,0,0,0,0,0,-,-,NA,NA,LOS ANGELES,LOS ANGELES,-118.44297027587892,34.029788970947266
8916144,2019,2019-08-20,1942,2019-07-19,1500,42974,0855,5,5,7,1942,0,0,0,H,0,8A29,SEPULVEDA BL,OHIO AV,650,N,N,A,-,N,NA,NA,NA,NA,NA,NA,NA,NA,NA,N,4,0,1,2,A,-,17,22517,NA,F,B,E,A,A,H,-,A,D,0,NA,NA,NA,NA,Y,NA,A,01,0,0,1,0,0,0,0,0,0,-,-,NA,NA,LOS ANGELES,LOS ANGELES,-118.44789123535156,34.05183410644531
8916147,2019,2019-08-19,1942,2019-07-24,1630,40315,1406,3,5,7,1942,0,0,0,N,0,14A27,VENICE BL,MENTONE AV,17,W,N,A,-,N,NA,NA,NA,NA,NA,NA,NA,NA,NA,N,2,0,1,2,A,-,17,21228,NA,N,D,C,A,A,H,-,A,A,0,NA,NA,NA,NA,Y,NA,M,94,1,0,0,0,0,0,0,0,0,-,-,NA,NA,LOS ANGELES,LOS ANGELES,-118.4050750732422,34.01984405517578
8916148,2019,2019-08-20,1942,2019-07-23,1800,43724,1443,2,5,7,1942,0,0,0,N,0,14A56,LINCOLN BL,GARFIELD AV,20,S,N,A,-,N,NA,NA,NA,NA,NA,NA,NA,NA,NA,N,4,0,1,2,A,-,03,22350,NA,F,C,C,A,A,H,-,A,D,0,NA,NA,NA,NA,Y,NA,-,99,0,0,1,0,0,0,0,0,0,-,-,NA,NA,LOS ANGELES,LOS ANGELES,-118.45012664794922,33.99277877807617
8916151,2019,2019-08-19,1942,2019-07-05,1815,43648,841,5,5,7,1942,0,0,0,NA,0,8A53,WILSHIRE BL,BROCKTON AV,0,NA,Y,A,-,N,NA,NA,NA,NA,NA,NA,NA,NA,NA,Y,3,0,1,2,A,-,10,21950,A,N,A,B,B,A,H,-,A,A,0,Y,NA,NA,NA,Y,NA,A,01,0,1,0,0,1,0,0,0,0,-,-,NA,NA,LOS ANGELES,LOS ANGELES,-118.46515655517578,34.04595184326172
8916152,2019,2019-08-20,1942,2019-07-28,0030,43256,1443,7,5,7,1942,0,0,0,N,0,14A25,VENICE BL,GLENCOE AV,200,W,N,A,-,N,NA,NA,NA,NA,NA,NA,NA,NA,NA,Y,4,0,3,2,A,-,08,22107,NA,N,C,C,A,A,H,-,C,D,0,NA,NA,NA,NA,Y,NA,A,07,0,0,3,0,0,0,0,0,0,-,-,NA,NA,LOS ANGELES,LOS ANGELES,-118.44793701171876,33.996551513671875
8916155,2019,2019-08-19,1942,2019-07-21,0835,34959,0851,7,5,7,1942,0,0,0,H,0,8A53,BUNDY DR,OHIO AV,0,NA,Y,A,-,N,NA,NA,NA,NA,NA,NA,NA,NA,NA,Y,3,0,4,2,A,-,12,21453,A,N,D,C,A,A,H,-,A,A,0,NA,NA,NA,NA,Y,NA,A,01,0,1,3,0,0,0,0,0,0,-,-,NA,NA,LOS ANGELES,LOS ANGELES,-118.462890625,34.04016876220703
8916156,2019,2019-08-20,1942,2019-07-27,1730,40929,1464,6,5,7,1942,0,0,0,N,0,14X16,JEFFERSON BL,CONCERT PARK DR,0,NA,Y,A,-,N,NA,NA,NA,NA,NA,NA,NA,NA,NA,Y,4,0,1,1,A,-,03,22350,NA,N,A,I,A,A,H,-,A,A,0,NA,NA,NA,NA,Y,NA,A,01,0,0,1,0,0,0,0,0,0,-,-,NA,NA,LOS ANGELES,LOS ANGELES,-118.42427825927734,33.97465896606445
8916159,2019,2019-08-19,1942,2019-07-27,2250,39127,0859,6,5,7,1942,0,0,0,H,0,8A59,W PICO BL,S LA CIENEGA BL,100,W,N,A,-,N,NA,NA,NA,NA,NA,NA,NA,NA,NA,Y,3,0,4,2,A,-,09,21801,A,N,D,C,A,A,H,-,C,D,0,NA,NA,NA,NA,Y,NA,A,01,0,1,3,0,0,0,0,0,0,-,-,NA,NA,LOS ANGELES,LOS ANGELES,-118.3764877319336,34.053401947021484
8916160,2019,2019-08-20,1942,2019-07-22,1620,43803,1415,1,5,7,1942,0,0,0,N,0,19A49,LAKE ST,APPLEBY ST,6,N,N,A,-,N,NA,NA,NA,NA,NA,NA,NA,NA,NA,N,4,0,1,2,A,-,12,22450,A,N,G,G,A,A,H,-,A,D,0,NA,Y,NA,NA,Y,NA,L,04,0,0,1,0,0,0,1,0,0,-,-,NA,NA,LOS ANGELES,LOS ANGELES,-118.460693359375,34.0018424987793
8916167,2019,2019-10-22,1900,2019-06-29,1050,430263,1810,6,5,2,1904,0,0,0,NA,0,180W1,DESCANSO AV,TREMONT ST,0,NA,Y,A,-,N,NA,NA,NA,NA,NA,NA,NA,NA,NA,N,3,0,1,2,A,-,21,22106,NA,N,D,C,A,A,H,-,A,D,0,NA,NA,Y,NA,Y,NA,C,02,0,1,0,0,0,0,0,0,1,-,-,NA,NA,LOS ANGELES,AVALON,-118.3276596069336,33.340030670166016
8916179,2019,2019-08-16,1900,2019-07-14,0930,626466,1615,7,5,5,1977,0,0,0,NA,0,164T,CENTRAL AV,UNIVERSITY DR,0,NA,Y,A,-,N,NA,NA,NA,NA,NA,NA,NA,NA,NA,Y,4,0,1,2,D,-,00,NA,NA,N,A,C,A,A,H,-,A,A,0,NA,NA,NA,NA,Y,NA,-,-,0,0,1,0,0,0,0,0,0,-,-,NA,NA,LOS ANGELES,CARSON,-118.24862670898438,33.85776138305664
8916183,2019,2019-08-23,1900,2019-07-16,2348,623681,1623,2,5,5,1977,0,0,0,NA,0,161,FIGUEROA ST,SEPULVEDA BL,500,S,N,A,-,N,NA,NA,NA,NA,NA,NA,NA,NA,NA,N,4,0,1,2,A,-,08,22107,NA,N,B,C,A,A,D,-,C,D,0,NA,NA,NA,Y,Y,NA,F,25,0,0,1,0,0,0,0,0,0,-,-,NA,NA,LOS ANGELES,CARSON,-118.28427124023438,33.806583404541016
8916241,2019,2019-08-20,1942,2019-07-25,1810,43560,1459,4,5,7,1942,0,0,0,N,0,14X56,YOUNGWORTH ST,SAWTELLE BL,0,NA,Y,A,-,N,NA,NA,NA,NA,NA,NA,NA,NA,NA,N,3,0,1,2,A,-,09,21801,NA,N,G,B,B,A,H,-,A,D,0,Y,NA,NA,NA,Y,NA,A,07,0,1,0,0,1,0,0,0,0,-,-,NA,NA,LOS ANGELES,LOS ANGELES,-118.40531158447266,33.998348236083984
8916242,2019,2019-09-03,1942,2019-07-25,1035,37966,0762,4,5,7,1942,0,0,0,G,0,7A53,S LA CIENEGA BL,W PICO BL,0,NA,Y,B,-,N,NA,NA,NA,NA,NA,NA,NA,NA,NA,N,4,0,2,2,A,-,12,21453,A,N,A,C,A,A,H,-,A,A,0,NA,NA,NA,NA,Y,NA,-,-,0,0,2,0,0,0,0,0,0,-,-,NA,NA,LOS ANGELES,LOS ANGELES,-118.37616729736328,34.053340911865234
8916243,2019,2019-08-16,1942,2019-07-25,1610,38471,LOS A,4,5,7,1942,0,0,0,NA,0,9X52,VICTORY BL,LONGRIDGE AV,0,NA,Y,A,-,N,NA,NA,NA,NA,NA,NA,NA,NA,NA,N,4,0,3,2,A,-,09,21801,A,N,A,C,A,A,H,-,A,A,0,NA,NA,NA,NA,Y,NA,A,01,0,0,3,0,0,0,0,0,0,-,-,NA,NA,LOS ANGELES,LOS ANGELES,-118.42144012451172,34.18667984008789
8916245,2019,2019-08-20,1942,2019-07-25,1825,40850,1467,4,5,7,1942,0,0,0,N,0,14A76,CENTER DR,PARK TER,5,S,N,A,-,N,NA,NA,NA,NA,NA,NA,NA,NA,NA,N,3,0,1,2,A,-,10,21950,A,N,G,B,B,A,H,-,A,A,0,Y,NA,NA,NA,Y,NA,A,01,0,1,0,0,1,0,0,0,0,-,-,NA,NA,LOS ANGELES,LOS ANGELES,-118.39273834228516,33.97779083251953
8916246,2019,2019-08-20,1942,2019-07-12,1855,41978,0706,5,5,7,1942,0,0,0,G,0,20T59,HIGHLAND AV,MELROSE AV,300,N,N,A,-,N,NA,NA,NA,NA,NA,NA,NA,NA,NA,N,4,0,3,2,A,-,07,21658,A,N,B,C,A,A,H,-,A,D,0,NA,NA,NA,NA,Y,NA,A,01,0,0,3,0,0,0,0,0,0,-,-,NA,NA,LOS ANGELES,LOS ANGELES,-118.33858489990234,34.084293365478516
8916249,2019,2020-02-04,1942,2019-07-23,0900,34209,1454,2,5,7,1942,0,0,0,N,0,14Z3,CULVER BL,RT 90,150,W,N,B,-,Y,LA,7,90,-,-,1.911,R,4,W,N,4,0,1,3,A,-,07,21658,A,N,B,C,A,B,H,-,A,D,0,NA,NA,NA,NA,Y,NA,A,07,0,0,1,0,0,0,0,0,0,-,-,NA,NA,LOS ANGELES,LOS ANGELES,-118.42579650878906,33.981082916259766
8916250,2019,2019-08-20,1942,2019-07-14,1125,41516,0777,7,5,7,1942,0,0,0,G,0,7A47,CRENSHAW BL,W PICO BL,166,S,N,A,-,N,NA,NA,NA,NA,NA,NA,NA,NA,NA,N,4,0,1,2,A,-,09,21804,A,N,D,C,A,A,H,-,A,D,0,NA,NA,NA,NA,Y,NA,A,01,0,0,1,0,0,0,0,0,0,-,-,NA,NA,LOS ANGELES,LOS ANGELES,-118.32691955566406,34.04741287231445
8916253,2019,2019-08-20,1942,2019-07-25,1445,42901,1483,4,5,7,1942,0,0,0,N,0,6TL4W4,FALMOUTH AV,MANCHESTER AV,0,NA,Y,A,-,N,NA,NA,NA,NA,NA,NA,NA,NA,NA,N,3,0,1,2,A,-,10,21950,A,N,G,B,B,A,H,-,A,A,0,Y,NA,NA,NA,Y,NA,A,07,0,1,0,0,1,0,0,0,0,-,-,NA,NA,LOS ANGELES,LOS ANGELES,-118.43744659423828,33.95886993408203
8916254,2019,2019-08-20,1942,2019-07-17,1945,37511,0702,3,5,7,1942,0,0,0,G,0,7A1,MELROSE AV,N POINSETTIA PL,0,NA,Y,A,-,N,NA,NA,NA,NA,NA,NA,NA,NA,NA,Y,4,0,1,2,A,-,09,21801,A,N,D,C,A,A,H,-,A,A,0,NA,NA,NA,NA,Y,NA,A,01,0,0,1,0,0,0,0,0,0,-,-,NA,NA,LOS ANGELES,LOS ANGELES,-118.3486785888672,34.08354949951172
8916257,2019,2019-08-20,1942,2019-07-27,1150,42834,1465,6,5,7,1942,0,0,0,N,0,14A49,JUNIETTE ST,INGLEWOOD BL,0,NA,Y,A,-,N,NA,NA,NA,NA,NA,NA,NA,NA,NA,Y,3,0,2,2,A,-,09,21802,A,N,D,C,A,A,D,-,A,A,0,NA,NA,NA,NA,Y,NA,A,07,0,1,1,0,0,0,0,0,0,-,-,NA,NA,LOS ANGELES,LOS ANGELES,-118.40589904785156,33.98442840576172
8916261,2019,2019-08-20,1942,2019-07-27,2025,37900,1472,6,5,7,1942,0,0,0,N,0,14A73,CULVER BL,W JEFFERSON BL,0,NA,Y,A,-,N,NA,NA,NA,NA,NA,NA,NA,NA,NA,Y,4,0,2,2,A,-,09,21801,A,N,D,C,A,A,H,-,C,A,0,NA,NA,NA,NA,Y,NA,A,01,0,0,2,0,0,0,0,0,0,-,-,NA,NA,LOS ANGELES,LOS ANGELES,-118.4392318725586,33.96828842163086
8916265,2019,2019-08-20,1942,2019-07-21,0854,41671,1415,7,5,7,1942,0,0,0,N,0,14A13,LINCOLN BL,COMMONWEALTH AV,50,N,N,A,-,N,NA,NA,NA,NA,NA,NA,NA,NA,NA,N,3,0,1,1,A,-,08,22107,NA,N,H,I,A,A,H,-,A,D,0,NA,NA,Y,NA,Y,NA,C,02,0,1,0,0,0,0,0,0,1,-,-,NA,NA,LOS ANGELES,LOS ANGELES,-118.46983337402344,34.00231170654297
8916269,2019,2019-08-20,1942,2019-07-30,0935,39436,1479,2,5,7,1942,0,0,0,N,0,14A67,LA TIJERA BL,W 74TH ST,0,NA,Y,A,-,N,NA,NA,NA,NA,NA,NA,NA,NA,NA,N,4,0,2,2,A,-,09,21801,A,N,D,C,A,A,H,-,A,A,0,NA,NA,NA,NA,Y,NA,A,01,0,0,2,0,0,0,0,0,0,-,-,NA,NA,LOS ANGELES,LOS ANGELES,-118.3794174194336,33.970550537109375
8916277,2019,2019-08-20,1942,2019-07-15,2210,38688,0777,1,5,7,1942,0,0,0,G,0,7A85,VENICE BL,CRENSHAW BL,0,NA,Y,A,-,N,NA,NA,NA,NA,NA,NA,NA,NA,NA,N,4,0,1,2,A,-,09,21804,A,N,D,G,A,A,H,-,C,A,0,NA,Y,NA,NA,Y,NA,L,04,0,0,1,0,0,0,1,0,0,-,-,NA,NA,LOS ANGELES,LOS ANGELES,-118.32840728759766,34.044700622558594
8916281,2019,2019-08-20,1942,2019-07-23,0750,41516,0701,2,5,7,1942,0,0,0,G,0,7A1,MELROSE AV,N EDINBURGH AV,0,NA,Y,A,-,N,NA,NA,NA,NA,NA,NA,NA,NA,NA,Y,4,0,1,3,A,-,09,21802,A,N,D,C,A,A,H,-,A,D,0,NA,NA,NA,NA,Y,NA,A,01,0,0,1,0,0,0,0,0,0,-,-,NA,NA,LOS ANGELES,LOS ANGELES,-118.36373901367188,34.083778381347656
8916285,2019,2019-08-30,1942,2019-07-23,0815,40690,0765,2,5,7,1942,0,0,0,G,0,7A47,S LA BREA AV,VENICE BL,0,NA,Y,B,-,N,NA,NA,NA,NA,NA,NA,NA,NA,NA,N,4,0,1,2,A,-,03,22350,NA,N,C,C,A,A,H,-,A,D,0,NA,NA,NA,NA,Y,NA,A,01,0,0,1,0,0,0,0,0,0,-,-,NA,NA,LOS ANGELES,LOS ANGELES,-118.34544372558594,34.04587173461914
8916286,2019,2019-08-30,1942,2019-07-23,1520,43916,984,2,5,7,1942,0,0,0,NA,0,9A89,VAN NUYS,VENTURA BL,0,NA,Y,A,-,N,NA,NA,NA,NA,NA,NA,NA,NA,NA,N,4,0,1,2,A,-,09,21801,A,N,A,D,A,A,H,-,A,A,0,NA,NA,NA,NA,Y,NA,A,01,0,0,1,0,0,0,0,0,0,-,-,NA,NA,LOS ANGELES,LOS ANGELES,-118.44869995117188,34.15092086791992
8916289,2019,2019-08-20,1942,2019-07-24,1400,42602,0715,3,5,7,1942,0,0,0,G,0,7A1,FORMOSA AV,ROSEWOOD AV,25,N,N,A,-,N,NA,NA,NA,NA,NA,NA,NA,NA,NA,Y,4,0,1,2,A,-,09,21804,A,F,D,C,A,A,H,-,A,D,0,NA,NA,NA,NA,Y,NA,A,01,0,0,1,0,0,0,0,0,0,-,-,NA,NA,LOS ANGELES,LOS ANGELES,-118.34625244140624,34.08032989501953