CASE_ID,ACCIDENT_YEAR,PROC_DATE,JURIS,COLLISION_DATE,COLLISION_TIME,OFFICER_ID,REPORTING_DISTRICT,DAY_OF_WEEK,CHP_SHIFT,POPULATION,CNTY_CITY_LOC,SPECIAL_COND,BEAT_TYPE,CHP_BEAT_TYPE,CITY_DIVISION_LAPD,CHP_BEAT_CLASS,BEAT_NUMBER,PRIMARY_RD,SECONDARY_RD,DISTANCE,DIRECTION,INTERSECTION,WEATHER_1,WEATHER_2,STATE_HWY_IND,CALTRANS_COUNTY,CALTRANS_DISTRICT,STATE_ROUTE,ROUTE_SUFFIX,POSTMILE_PREFIX,POSTMILE,LOCATION_TYPE,RAMP_INTERSECTION,SIDE_OF_HWY,TOW_AWAY,COLLISION_SEVERITY,NUMBER_KILLED,NUMBER_INJURED,PARTY_COUNT,PRIMARY_COLL_FACTOR,PCF_CODE_OF_VIOL,PCF_VIOL_CATEGORY,PCF_VIOLATION,PCF_VIOL_SUBSECTION,HIT_AND_RUN,TYPE_OF_COLLISION,MVIW,PED_ACTION,ROAD_SURFACE,ROAD_COND_1,ROAD_COND_2,LIGHTING,CONTROL_DEVICE,CHP_ROAD_TYPE,PEDESTRIAN_ACCIDENT,BICYCLE_ACCIDENT,MOTORCYCLE_ACCIDENT,TRUCK_ACCIDENT,NOT_PRIVATE_PROPERTY,ALCOHOL_INVOLVED,STWD_VEHTYPE_AT_FAULT,CHP_VEHTYPE_AT_FAULT,COUNT_SEVERE_INJ,COUNT_VISIBLE_INJ,COUNT_COMPLAINT_PAIN,COUNT_PED_KILLED,COUNT_PED_INJURED,COUNT_BICYCLIST_KILLED,COUNT_BICYCLIST_INJURED,COUNT_MC_KILLED,COUNT_MC_INJURED,PRIMARY_RAMP,SECONDARY_RAMP,LATITUDE,LONGITUDE,COUNTY,CITY,POINT_X,POINT_Y
8917582,2019,2019-08-21,1938,2019-07-05,2330,712,AREA3,5,5,4,1938,0,0,0,NA,0,NA,BONITA AV,MOSS CIR,555,W,N,A,-,N,NA,NA,NA,NA,NA,NA,NA,NA,NA,Y,3,0,1,2,A,-,01,23153,A,N,C,E,A,A,G,-,D,D,0,NA,NA,NA,NA,Y,Y,A,01,0,1,0,0,0,0,0,0,0,-,-,NA,NA,LOS ANGELES,LA VERNE,-117.75942993164064,34.098812103271484
8917586,2019,2019-09-03,1955,2019-07-30,1459,42576,98,2,5,6,1955,0,0,0,NA,0,003,HOLT AV,EAST END AV,108,E,N,A,-,N,NA,NA,NA,NA,NA,NA,NA,NA,NA,Y,3,0,1,1,A,-,08,22107,NA,N,E,I,A,A,H,-,A,A,0,NA,NA,NA,NA,Y,NA,A,07,0,1,0,0,0,0,0,0,0,-,-,NA,NA,LOS ANGELES,POMONA,-117.7235870361328,34.0629768371582
8917590,2019,2019-08-21,1955,2019-07-30,1311,42576,12,2,5,6,1955,0,0,0,NA,0,003,SAN BERNARDINO AV,TOWNE AV,0,NA,Y,A,-,N,NA,NA,NA,NA,NA,NA,NA,NA,NA,Y,3,0,1,2,A,-,12,21453,A,N,D,C,A,A,H,-,A,A,0,NA,NA,NA,NA,Y,NA,A,01,0,1,0,0,0,0,0,0,0,-,-,NA,NA,LOS ANGELES,POMONA,-117.74207305908205,34.075801849365234
8917594,2019,2019-08-21,1955,2019-07-28,0305,42439,10,7,5,6,1955,0,0,0,NA,0,003,TOWNE AV,SAN FRANCISCO AV,33,S,N,A,-,N,NA,NA,NA,NA,NA,NA,NA,NA,NA,Y,4,0,1,2,A,-,08,22107,NA,N,C,E,A,A,H,-,C,A,0,NA,NA,NA,NA,Y,NA,A,07,0,0,1,0,0,0,0,0,0,-,-,NA,NA,LOS ANGELES,POMONA,-117.74166870117188,34.06502914428711
8917597,2019,2019-08-16,1955,2019-07-16,2201,42415,3,2,5,6,1955,0,0,0,NA,0,004,GAREY AV,9TH ST,200,S,N,A,-,N,NA,NA,NA,NA,NA,NA,NA,NA,NA,Y,3,0,1,3,A,-,01,23152,A,M,B,E,A,A,H,-,C,D,0,NA,NA,NA,NA,Y,Y,A,01,0,1,0,0,0,0,0,0,0,-,-,NA,NA,LOS ANGELES,POMONA,-117.7499542236328,34.0509147644043
8917598,2019,2019-08-21,1955,2019-07-29,1441,42314,10,1,5,6,1955,0,0,0,NA,0,003,LINCOLN AV,BRADFORD ST,0,NA,Y,A,-,N,NA,NA,NA,NA,NA,NA,NA,NA,NA,N,3,0,1,2,A,-,09,21801,A,M,B,G,A,A,H,-,A,D,0,NA,Y,NA,NA,Y,NA,-,99,0,1,0,0,0,0,1,0,0,-,-,NA,NA,LOS ANGELES,POMONA,-117.75009155273438,34.07075119018555
8917670,2019,2019-08-27,1955,2019-07-17,0645,42591,49,3,5,6,1955,0,0,0,NA,0,001,WHITE AV,HOLT AV,13,S,N,A,-,N,NA,NA,NA,NA,NA,NA,NA,NA,NA,Y,3,0,1,2,A,-,12,21453,A,N,D,C,A,A,H,-,A,A,0,NA,NA,NA,NA,Y,NA,A,01,0,1,0,0,0,0,0,0,0,-,-,NA,NA,LOS ANGELES,POMONA,-117.75902557373048,34.0621452331543
8917677,2019,2019-08-23,1969,2019-06-07,1504,10227,PATRO,5,5,5,1969,0,0,0,NA,0,002,LONG BEACH BL,MISSOURI AV,10,N,N,A,-,N,NA,NA,NA,NA,NA,NA,NA,NA,NA,N,4,0,1,2,A,-,09,21802,A,N,B,G,A,A,H,-,A,A,0,NA,Y,NA,NA,Y,NA,I,11,0,0,1,0,0,0,1,0,0,-,-,NA,NA,LOS ANGELES,SOUTH GATE,-118.2169189453125,33.9477653503418
8917681,2019,2019-08-20,1942,2019-07-03,1800,34458,1365,3,5,7,1942,0,0,0,M,0,13A75,COMPTON AV,E 46TH ST,0,NA,Y,A,-,N,NA,NA,NA,NA,NA,NA,NA,NA,NA,Y,3,0,1,2,A,-,04,21703,NA,F,C,C,A,A,H,-,A,D,0,NA,NA,NA,NA,Y,NA,A,01,0,1,0,0,0,0,0,0,0,-,-,NA,NA,LOS ANGELES,LOS ANGELES,-118.24778747558594,34.00204086303711
8917683,2019,2019-08-20,1942,2019-06-23,1530,35230,0191,7,5,7,1942,0,0,0,A,0,13A13,S FIGUEROA ST,WEST WASHINGTON BL,0,NA,Y,A,-,N,NA,NA,NA,NA,NA,NA,NA,NA,NA,Y,4,0,4,2,A,-,09,21801,A,N,D,C,A,A,H,-,A,A,0,NA,NA,NA,NA,Y,NA,A,07,0,0,4,0,0,0,0,0,0,-,-,NA,NA,LOS ANGELES,LOS ANGELES,-118.27204132080078,34.03438186645508
8917686,2019,2019-08-20,1955,2019-07-01,1452,40791,88,1,5,6,1955,0,0,0,NA,0,004,TOWNE AV,MARKET PL,0,NA,Y,A,-,N,NA,NA,NA,NA,NA,NA,NA,NA,NA,Y,4,0,2,2,A,-,12,21453,A,N,A,C,A,A,H,-,A,A,0,NA,NA,NA,NA,Y,NA,-,-,0,0,2,0,0,0,0,0,0,-,-,NA,NA,LOS ANGELES,POMONA,-117.7402801513672,34.02384948730469
8917687,2019,2019-08-20,1942,2019-06-26,0200,41488,1232,3,5,7,1942,0,0,0,L,0,12A93,CRENSHAW AV,SLAUSON AV,0,NA,Y,A,-,N,NA,NA,NA,NA,NA,NA,NA,NA,NA,Y,4,0,1,4,A,-,12,21453,A,N,G,C,A,A,H,-,C,A,0,NA,NA,NA,NA,Y,NA,A,07,0,0,1,0,0,0,0,0,0,-,-,NA,NA,LOS ANGELES,LOS ANGELES,-118.33090972900392,33.989009857177734
8917690,2019,2019-08-20,1942,2019-07-22,1215,41849,1257,1,5,7,1942,0,0,0,L,0,12A69,HOOVER ST,78TH ST,0,NA,Y,A,-,N,NA,NA,NA,NA,NA,NA,NA,NA,NA,NA,4,0,1,2,A,-,09,21804,A,N,D,C,A,A,H,-,A,A,0,NA,NA,NA,NA,Y,NA,A,07,0,0,1,0,0,0,0,0,0,-,-,NA,NA,LOS ANGELES,LOS ANGELES,-118.2871322631836,33.96879196166992
8917691,2019,2019-08-20,1942,2019-06-16,1340,42283,1256,7,5,7,1942,0,0,0,L,0,12A15,MENLO AV,FLORENCE AV,158,N,N,A,-,N,NA,NA,NA,NA,NA,NA,NA,NA,NA,N,3,0,1,2,A,-,09,21801,A,N,B,G,A,A,H,-,A,D,0,NA,Y,NA,NA,Y,NA,L,04,0,1,0,0,0,0,1,0,0,-,-,NA,NA,LOS ANGELES,LOS ANGELES,-118.28923797607422,33.975074768066406
8917694,2019,2019-08-30,1942,2019-07-20,0725,38331,1265,6,5,7,1942,0,0,0,L,0,12A73,MANCHESTER AV,HARVARD BL,0,NA,Y,A,-,N,NA,NA,NA,NA,NA,NA,NA,NA,NA,Y,4,0,1,2,A,-,09,21801,A,N,D,C,A,A,H,-,A,A,0,NA,NA,NA,NA,Y,NA,A,01,0,0,1,0,0,0,0,0,0,-,-,NA,NA,LOS ANGELES,LOS ANGELES,-118.30683135986328,33.95996856689453
8917695,2019,2019-08-20,1942,2019-06-09,0305,31749,1233,7,5,7,1942,0,0,0,L,0,12L30,WESTERN AV,60TH ST,60,S,N,A,-,N,NA,NA,NA,NA,NA,NA,NA,NA,NA,Y,4,0,1,2,A,-,08,22107,NA,F,B,C,A,A,H,-,C,D,0,NA,NA,NA,NA,Y,NA,A,01,0,0,1,0,0,0,0,0,0,-,-,NA,NA,LOS ANGELES,LOS ANGELES,-118.3089599609375,33.9857063293457
8917698,2019,2019-08-20,1942,2019-07-21,1200,42951,1218,7,5,7,1942,0,0,0,L,0,12XL5,VERMONT AV,SLAUSON AV,0,N,N,A,-,N,NA,NA,NA,NA,NA,NA,NA,NA,NA,N,4,0,1,2,A,-,04,21703,NA,F,C,C,A,A,H,-,A,A,0,NA,NA,NA,NA,Y,NA,-,99,0,0,1,0,0,0,0,0,0,-,-,NA,NA,LOS ANGELES,LOS ANGELES,-118.29147338867188,33.989131927490234
8917702,2019,2019-08-20,1942,2019-07-21,1350,43209,1245,7,5,7,1942,0,0,0,L,0,12X58,FLORENCE,DALTON AV,0,NA,Y,A,-,N,NA,NA,NA,NA,NA,NA,NA,NA,NA,N,4,0,2,2,A,-,03,22350,NA,F,C,C,A,A,H,-,A,A,0,NA,NA,NA,NA,Y,NA,-,99,0,0,2,0,0,0,0,0,0,-,-,NA,NA,LOS ANGELES,LOS ANGELES,-118.30354309082033,33.974571228027344
8917706,2019,2019-08-20,1942,2019-07-21,0620,43664,1255,7,5,7,1942,0,0,0,L,0,12A53,FLORENCE AV,HALLDALE AV,0,NA,Y,A,-,N,NA,NA,NA,NA,NA,NA,NA,NA,NA,Y,3,0,3,2,A,-,09,21801,A,N,C,C,A,A,H,-,A,A,0,NA,NA,NA,NA,Y,NA,A,01,0,1,2,0,0,0,0,0,0,-,-,NA,NA,LOS ANGELES,LOS ANGELES,-118.30245208740234,33.974571228027344
8917710,2019,2019-08-20,1942,2019-06-03,2000,42878,1313,1,5,7,1942,0,0,0,M,0,13A13,WASHINGTON BL,TRINITY ST,0,NA,Y,A,-,N,NA,NA,NA,NA,NA,NA,NA,NA,NA,Y,4,0,2,2,A,-,12,21453,A,N,D,C,A,A,H,-,C,-,0,NA,NA,NA,NA,Y,NA,-,-,0,0,2,0,0,0,0,0,0,-,-,NA,NA,LOS ANGELES,LOS ANGELES,-118.2592315673828,34.0284309387207
8917714,2019,2019-08-20,1942,2019-06-04,1800,43036,13X31,2,5,7,1942,0,0,0,M,0,1324,E 25TH ST,HOOPER AV,0,NA,Y,A,-,N,NA,NA,NA,NA,NA,NA,NA,NA,NA,N,2,0,1,2,A,-,11,21954,A,N,G,B,D,A,H,-,A,D,0,Y,NA,NA,NA,Y,NA,N,60,1,0,0,0,1,0,0,0,0,-,-,NA,NA,LOS ANGELES,LOS ANGELES,-118.24945831298828,34.017398834228516
8917717,2019,2019-10-30,1942,2019-06-03,1230,41847,1323,1,5,7,1942,0,0,0,M,0,NA,11TH ST,CENTRAL AV,0,NA,Y,A,-,N,NA,NA,NA,NA,NA,NA,NA,NA,NA,N,3,0,1,2,A,-,21,22106,NA,N,B,D,A,A,H,-,A,D,0,NA,NA,Y,NA,Y,NA,D,22,0,1,0,0,0,0,0,0,1,-,-,NA,NA,LOS ANGELES,LOS ANGELES,-118.24481201171876,34.030941009521484
8917718,2019,2019-09-03,1942,2019-06-02,1530,34426,1346,7,5,7,1942,0,0,0,M,0,13A27,CENTRAL AV,43RD ST,0,NA,Y,-,-,N,NA,NA,NA,NA,NA,NA,NA,NA,NA,N,4,0,1,2,A,-,09,21801,A,N,D,C,A,-,-,-,-,A,0,NA,NA,NA,NA,Y,NA,A,07,0,0,1,0,0,0,0,0,0,-,-,NA,NA,LOS ANGELES,LOS ANGELES,-118.25649261474608,34.00572967529297
8917721,2019,2019-08-21,1942,2019-06-05,1735,43103,1353,3,5,7,1942,0,0,0,M,0,13X62,E VERNON BL,AVALON BL,0,NA,Y,A,-,N,NA,NA,NA,NA,NA,NA,NA,NA,NA,N,4,0,1,2,B,-,22,NA,NA,N,G,B,F,A,H,-,A,D,0,Y,NA,NA,NA,Y,NA,-,-,0,0,1,0,1,0,0,0,0,-,-,NA,NA,LOS ANGELES,LOS ANGELES,-118.26526641845705,34.00387191772461
8917722,2019,2019-08-20,1942,2019-06-22,1620,37952,1124,6,5,7,1942,0,0,0,K,0,11A89,N SAN FERNANDO RD,ROSWELL ST,282,E,N,A,-,N,NA,NA,NA,NA,NA,NA,NA,NA,NA,N,3,0,1,2,A,-,10,21950,A,F,G,B,B,A,H,-,A,A,0,Y,NA,NA,NA,Y,NA,-,99,0,1,0,0,1,0,0,0,0,-,-,NA,NA,LOS ANGELES,LOS ANGELES,-118.24449920654295,34.11351013183594
8917725,2019,2019-08-21,1942,2019-06-06,2212,40829,1307,4,5,7,1942,0,0,0,M,0,13A75,CENTRAL AV,OLYMPIC BL,0,NA,Y,A,-,N,NA,NA,NA,NA,NA,NA,NA,NA,NA,N,3,0,2,2,A,-,09,21801,A,N,A,-,A,A,H,-,C,A,0,NA,NA,NA,NA,Y,NA,A,01,0,1,1,0,0,0,0,0,0,-,-,NA,NA,LOS ANGELES,LOS ANGELES,-118.2441635131836,34.032039642333984
8917726,2019,2019-08-20,1942,2019-06-03,0900,37127,1342,1,5,7,1942,0,0,0,M,0,12A45,CENTRAL AV,42ND ST,0,NA,Y,A,-,N,NA,NA,NA,NA,NA,NA,NA,NA,NA,Y,4,0,1,2,A,-,05,21651,B,F,A,C,A,A,H,-,A,A,0,NA,NA,NA,NA,Y,Y,-,-,0,0,1,0,0,0,0,0,0,-,-,NA,NA,LOS ANGELES,LOS ANGELES,-118.25649261474608,34.00751876831055
8917730,2019,2019-08-20,1942,2019-06-05,1430,43484,1373,3,5,7,1942,0,0,0,M,0,13X45,SLAUSON AV,CENTRAL AV,0,NA,Y,A,-,N,NA,NA,NA,NA,NA,NA,NA,NA,NA,N,3,0,1,2,A,-,11,21456,B,F,G,B,B,A,H,-,A,A,0,Y,NA,NA,NA,Y,Y,-,-,0,1,0,0,1,0,0,0,0,-,-,NA,NA,LOS ANGELES,LOS ANGELES,-118.25646209716795,33.989341735839844
8917733,2019,2019-08-21,1942,2019-06-08,1930,36065,1309,6,5,7,1942,0,0,0,M,0,13A9,OLYMPIC BL,SANTA FE AV,93,W,N,A,-,N,NA,NA,NA,NA,NA,NA,NA,NA,NA,Y,4,0,1,2,A,-,05,21650,NA,N,A,C,A,A,H,-,A,A,0,NA,NA,NA,NA,Y,NA,-,NA,0,0,1,0,0,0,0,0,0,-,-,NA,NA,LOS ANGELES,LOS ANGELES,-118.2302474975586,34.02565383911133
8917734,2019,2019-08-20,1942,2019-06-07,1545,43409,1313,5,5,7,1942,0,0,0,M,0,13A13,SAN PEDRO ST,EAST 2ND ST,50,N,N,A,-,N,NA,NA,NA,NA,NA,NA,NA,NA,NA,N,3,0,1,2,A,-,07,21658,A,N,B,J,A,A,H,-,A,A,0,NA,NA,Y,NA,Y,NA,A,07,0,1,0,0,0,0,0,0,1,-,-,NA,NA,LOS ANGELES,LOS ANGELES,-118.24166107177734,34.04941177368164
8917738,2019,2019-08-20,1942,2019-06-09,1315,43100,1391,7,5,7,1942,0,0,0,M,0,13A93,GAGE AV,GRAND AV,0,NA,Y,A,-,N,NA,NA,NA,NA,NA,NA,NA,NA,NA,N,4,0,2,2,A,-,04,21703,NA,N,C,C,A,A,H,-,A,D,0,NA,NA,NA,NA,Y,NA,A,01,0,0,2,0,0,0,0,0,0,-,-,NA,NA,LOS ANGELES,LOS ANGELES,-118.28016662597656,33.98236846923828
8917741,2019,2019-08-21,1969,2019-07-17,1658,10131,PATRO,3,5,5,1969,0,0,0,NA,0,005,IMPERIAL HWY,RT 710,1030,E,N,A,-,N,NA,NA,NA,NA,NA,NA,NA,NA,NA,Y,4,0,1,3,A,-,03,22350,NA,N,C,C,A,A,H,-,A,A,0,NA,NA,NA,NA,Y,NA,A,01,0,0,1,0,0,0,0,0,0,-,NO,NA,NA,LOS ANGELES,SOUTH GATE,-118.17872619628906,33.93082809448242
8917742,2019,2019-08-20,1942,2019-06-05,2145,32535,1321,3,5,7,1942,0,0,0,M,0,A63,MAIN ST,ADAMS BL,0,NA,Y,A,-,N,NA,NA,NA,NA,NA,NA,NA,NA,NA,N,4,0,1,2,A,-,10,21950,C,F,D,G,A,A,H,-,C,A,0,NA,Y,NA,NA,Y,NA,-,99,0,0,1,0,0,0,1,0,0,-,-,NA,NA,LOS ANGELES,LOS ANGELES,-118.26865386962892,34.02484893798828
8917745,2019,2019-08-29,1942,2019-07-25,1405,39889,1268,4,5,7,1942,0,0,0,L,0,12A68,S BROADWAY,83RD ST,114,N,N,A,-,N,NA,NA,NA,NA,NA,NA,NA,NA,NA,Y,3,0,1,3,A,-,05,21651,A,N,D,E,A,A,H,-,A,D,0,NA,NA,NA,Y,Y,NA,A,07,0,1,0,0,0,0,0,0,0,-,-,NA,NA,LOS ANGELES,LOS ANGELES,-118.2782974243164,33.964481353759766
8917746,2019,2019-08-20,1942,2019-06-08,1335,43805,1317,6,5,7,1942,0,0,0,M,0,13A75,15TH ST,HOOPER AV,0,NA,Y,A,-,N,NA,NA,NA,NA,NA,NA,NA,NA,NA,Y,4,0,1,2,A,-,09,21802,A,N,D,C,A,A,H,-,A,A,0,NA,NA,NA,NA,Y,NA,A,07,0,0,1,0,0,0,0,0,0,-,-,NA,NA,LOS ANGELES,LOS ANGELES,-118.24417877197266,34.02482986450195
8917750,2019,2019-08-20,1942,2019-06-19,1805,40275,1351,3,5,7,1942,0,0,0,M,0,13A41,S BROADWAY ST,W 42ND PL,30,N,N,A,-,N,NA,NA,NA,NA,NA,NA,NA,NA,NA,N,4,0,6,3,A,-,03,22350,NA,N,C,C,A,A,H,-,A,D,0,NA,NA,NA,NA,Y,NA,A,01,0,0,6,0,0,0,0,0,0,-,-,NA,NA,LOS ANGELES,LOS ANGELES,-118.27838897705078,34.006591796875
8917754,2019,2019-08-20,1942,2019-06-15,1725,43333,1351,6,5,7,1942,0,0,0,M,0,13X53,BROADWAY,41ST ST,0,NA,Y,A,-,N,NA,NA,NA,NA,NA,NA,NA,NA,NA,N,3,0,2,3,-,-,-,NA,NA,N,B,B,B,A,H,-,B,A,0,Y,NA,NA,NA,Y,NA,-,-,0,1,1,0,2,0,0,0,0,-,-,NA,NA,LOS ANGELES,LOS ANGELES,-118.27837371826172,34.00925064086914
8917758,2019,2019-08-20,1942,2019-06-19,1520,42932,1321,3,5,7,1942,0,0,0,M,0,13A13,23RD ST,S LOS ANGELES ST,0,NA,Y,A,-,N,NA,NA,NA,NA,NA,NA,NA,NA,NA,Y,3,0,2,2,A,-,09,21802,A,N,B,C,A,A,H,-,A,D,0,NA,NA,NA,NA,Y,NA,A,01,0,1,1,0,0,0,0,0,0,-,-,NA,NA,LOS ANGELES,LOS ANGELES,-118.26595306396484,34.02677917480469
8917763,2019,2019-08-20,1942,2019-07-18,1800,42967,1248,4,5,7,1942,0,0,0,L,0,12X42,VERMONT AV,67TH ST,25,S,N,A,-,N,NA,NA,NA,NA,NA,NA,NA,NA,NA,N,4,0,2,2,A,-,03,22350,NA,N,E,B,F,A,H,-,A,D,0,Y,NA,NA,NA,Y,NA,A,01,0,0,2,0,1,0,0,0,0,-,-,NA,NA,LOS ANGELES,LOS ANGELES,-118.2918701171875,33.97846984863281
8917764,2019,2019-08-21,1955,2019-07-17,1441,42210,04,3,5,6,1955,0,0,0,NA,0,001,GAREY AV,3RD ST,0,NA,Y,A,-,N,NA,NA,NA,NA,NA,NA,NA,NA,NA,N,4,0,1,2,A,-,08,22107,NA,N,B,-,A,A,H,-,A,A,0,NA,NA,NA,NA,Y,NA,A,01,0,0,1,0,0,0,0,0,0,-,-,NA,NA,LOS ANGELES,POMONA,-117.75013732910156,34.056888580322266
8917767,2019,2019-08-20,1942,2019-07-17,2210,42509,1219,3,5,7,1942,0,0,0,L,0,03X95,FIGUEROA ST,52ND PL,0,NA,Y,A,-,N,NA,NA,NA,NA,NA,NA,NA,NA,NA,Y,4,0,1,4,A,-,12,22450,A,F,C,C,A,A,H,-,C,D,0,NA,NA,NA,NA,Y,NA,-,99,0,0,1,0,0,0,0,0,0,-,-,NA,NA,LOS ANGELES,LOS ANGELES,-118.28269958496094,33.99501037597656
8917768,2019,2019-08-21,1955,2019-07-05,1748,42609,5,5,5,6,1955,0,0,0,NA,0,004,TOWNE AV,MISSION BL,30,S,N,A,-,N,NA,NA,NA,NA,NA,NA,NA,NA,NA,Y,4,0,2,4,A,-,03,22350,NA,N,C,C,A,A,H,-,A,A,0,NA,NA,NA,NA,Y,NA,A,01,0,0,2,0,0,0,0,0,0,-,-,NA,NA,LOS ANGELES,POMONA,-117.74132537841795,34.05523681640625
8917771,2019,2019-08-20,1942,2019-07-20,0745,43682,1259,6,5,7,1942,0,0,0,L,0,12A45,FLORENCE,SAN PEDRO,0,NA,Y,A,-,N,NA,NA,NA,NA,NA,NA,NA,NA,NA,N,4,0,3,2,A,-,12,21453,A,N,D,C,A,A,H,-,A,A,0,NA,NA,NA,NA,Y,NA,-,NA,0,0,3,0,0,0,0,0,0,-,-,NA,NA,LOS ANGELES,LOS ANGELES,-118.26956939697266,33.97468948364258
8917772,2019,2019-08-21,1955,2019-07-04,1705,42314,31,4,5,6,1955,0,0,0,NA,0,002,FLORINDA ST,FRENCH LN,280,N,N,A,-,N,NA,NA,NA,NA,NA,NA,NA,NA,NA,Y,3,0,1,2,A,-,08,22107,NA,N,B,E,A,A,H,-,A,D,0,NA,NA,NA,NA,Y,NA,A,01,0,1,0,0,0,0,0,0,0,-,-,NA,NA,LOS ANGELES,POMONA,-117.75564575195313,34.10493850708008
8917775,2019,2019-08-20,1942,2019-07-16,1900,43073,1255,2,5,7,1942,0,0,0,L,0,12X18,S VERMONT AV,FLORENCE AV,0,NA,Y,A,-,N,NA,NA,NA,NA,NA,NA,NA,NA,NA,Y,4,0,1,2,A,-,03,22350,NA,N,A,C,A,A,H,-,A,A,0,NA,NA,NA,NA,Y,NA,A,01,0,0,1,0,0,0,0,0,0,-,-,NA,NA,LOS ANGELES,LOS ANGELES,-118.29174041748048,33.97462844848633
8917776,2019,2019-08-21,1955,2019-07-30,1529,42314,14,2,5,6,1955,0,0,0,NA,0,003,HOLT AV,MOUNTAIN VIEW AV,0,NA,Y,A,-,N,NA,NA,NA,NA,NA,NA,NA,NA,NA,Y,3,0,2,2,A,-,09,21801,A,N,D,C,A,A,H,-,A,D,0,NA,NA,NA,NA,Y,NA,A,01,0,1,1,0,0,0,0,0,0,-,-,NA,NA,LOS ANGELES,POMONA,-117.73477172851564,34.06275939941406
8917778,2019,2020-06-16,1942,2019-07-02,1330,36586,1122,2,5,7,1942,0,0,0,K,0,4A53,RIVERSIDE DR,LOS FELIZ,0,NA,Y,A,-,N,NA,NA,NA,NA,NA,NA,NA,NA,NA,N,4,0,1,2,A,-,04,21703,NA,M,C,C,A,A,H,-,A,A,0,NA,NA,NA,NA,Y,NA,-,99,0,0,1,0,0,0,0,0,0,-,-,34.117069244384766,-118.27172088623048,LOS ANGELES,LOS ANGELES,-118.27169036865234,34.117000579833984
8917779,2019,2019-08-20,1942,2019-07-19,1340,43807,1265,5,5,7,1942,0,0,0,L,0,12A39,NORMANDIE AV,MANCHESTER AV,0,NA,Y,A,-,N,NA,NA,NA,NA,NA,NA,NA,NA,NA,Y,3,0,1,2,A,-,09,21801,A,N,A,C,A,A,H,-,A,D,0,NA,NA,Y,NA,Y,NA,A,07,0,1,0,0,0,0,0,0,1,-,-,NA,NA,LOS ANGELES,LOS ANGELES,-118.3002700805664,33.96001052856445
8917780,2019,2019-08-21,1955,2019-07-24,2053,42314,91,3,5,6,1955,0,0,0,NA,0,004,RESERVOIR ST,PHILLIPS BL,360,N,N,A,-,N,NA,NA,NA,NA,NA,NA,NA,NA,NA,Y,3,0,2,2,A,-,01,23152,A,N,C,C,A,A,H,-,C,D,0,NA,NA,NA,NA,Y,Y,A,01,0,2,0,0,0,0,0,0,0,-,-,NA,NA,LOS ANGELES,POMONA,-117.73223114013672,34.045616149902344
8917783,2019,2019-08-20,1942,2019-07-18,2240,42940,1251,4,5,7,1942,0,0,0,L,0,12X42,FLORENCE AV,CRENSHAW BL,20,E,N,A,-,N,NA,NA,NA,NA,NA,NA,NA,NA,NA,N,3,0,1,2,A,-,11,21954,A,N,G,B,D,A,H,-,C,A,0,Y,NA,NA,NA,Y,NA,-,NA,0,1,0,0,1,0,0,0,0,-,-,NA,NA,LOS ANGELES,LOS ANGELES,-118.33082580566406,33.97454071044922
8917784,2019,2019-08-21,1955,2019-07-19,2125,42254,12,5,5,6,1955,0,0,0,NA,0,003,SAN BERNARDINO AV,RAYLENE PL,50,W,N,A,-,N,NA,NA,NA,NA,NA,NA,NA,NA,NA,N,3,0,1,2,A,-,10,21950,A,N,G,B,D,A,H,-,C,D,0,Y,NA,NA,NA,Y,Y,A,01,0,1,0,0,1,0,0,0,0,-,-,NA,NA,LOS ANGELES,POMONA,-117.73911285400392,34.075809478759766
8917787,2019,2019-08-20,1942,2019-07-21,1500,43807,1257,7,5,7,1942,0,0,0,L,0,12A39,HOOVER ST,78TH ST,25,N,N,A,-,N,NA,NA,NA,NA,NA,NA,NA,NA,NA,N,4,0,2,2,A,-,09,21802,A,N,A,C,A,A,H,-,A,D,0,NA,NA,NA,NA,Y,NA,A,01,0,0,2,0,0,0,0,0,0,-,NO,NA,NA,LOS ANGELES,LOS ANGELES,-118.2871322631836,33.96885681152344
8917791,2019,2019-08-20,1942,2019-07-25,1230,43209,1219,4,5,7,1942,0,0,0,L,0,12XL5,SLAUSON,FIGUEROA,298,E,N,A,-,N,NA,NA,NA,NA,NA,NA,NA,NA,NA,N,3,0,1,2,A,-,05,21650,1,N,A,G,A,A,H,-,A,A,0,NA,Y,NA,NA,Y,NA,L,04,0,1,0,0,0,0,1,0,0,-,-,NA,NA,LOS ANGELES,LOS ANGELES,-118.28170013427734,33.989158630371094
8917795,2019,2019-08-20,1942,2019-07-16,2050,43641,1205,2,5,7,1942,0,0,0,L,0,12A51,51ST ST,NORMANDIE AV,5,E,N,A,-,N,NA,NA,NA,NA,NA,NA,NA,NA,NA,N,3,0,1,2,A,-,10,21950,A,F,G,B,B,A,H,-,C,A,0,Y,NA,NA,NA,Y,NA,-,99,0,1,0,0,1,0,0,0,0,-,-,NA,NA,LOS ANGELES,LOS ANGELES,-118.30015563964844,33.99686050415039
8917796,2019,2019-08-21,1955,2019-07-23,1405,42577,35,2,5,6,1955,0,0,0,NA,0,002,PARK AV,ARTESIA ST,0,NA,Y,A,-,N,NA,NA,NA,NA,NA,NA,NA,NA,NA,Y,4,0,4,2,A,-,09,21802,A,N,D,C,A,A,H,-,A,D,0,NA,NA,NA,NA,Y,NA,A,01,0,0,4,0,0,0,0,0,0,-,-,NA,NA,LOS ANGELES,POMONA,-117.75315856933594,34.076778411865234