CASE_ID,ACCIDENT_YEAR,PROC_DATE,JURIS,COLLISION_DATE,COLLISION_TIME,OFFICER_ID,REPORTING_DISTRICT,DAY_OF_WEEK,CHP_SHIFT,POPULATION,CNTY_CITY_LOC,SPECIAL_COND,BEAT_TYPE,CHP_BEAT_TYPE,CITY_DIVISION_LAPD,CHP_BEAT_CLASS,BEAT_NUMBER,PRIMARY_RD,SECONDARY_RD,DISTANCE,DIRECTION,INTERSECTION,WEATHER_1,WEATHER_2,STATE_HWY_IND,CALTRANS_COUNTY,CALTRANS_DISTRICT,STATE_ROUTE,ROUTE_SUFFIX,POSTMILE_PREFIX,POSTMILE,LOCATION_TYPE,RAMP_INTERSECTION,SIDE_OF_HWY,TOW_AWAY,COLLISION_SEVERITY,NUMBER_KILLED,NUMBER_INJURED,PARTY_COUNT,PRIMARY_COLL_FACTOR,PCF_CODE_OF_VIOL,PCF_VIOL_CATEGORY,PCF_VIOLATION,PCF_VIOL_SUBSECTION,HIT_AND_RUN,TYPE_OF_COLLISION,MVIW,PED_ACTION,ROAD_SURFACE,ROAD_COND_1,ROAD_COND_2,LIGHTING,CONTROL_DEVICE,CHP_ROAD_TYPE,PEDESTRIAN_ACCIDENT,BICYCLE_ACCIDENT,MOTORCYCLE_ACCIDENT,TRUCK_ACCIDENT,NOT_PRIVATE_PROPERTY,ALCOHOL_INVOLVED,STWD_VEHTYPE_AT_FAULT,CHP_VEHTYPE_AT_FAULT,COUNT_SEVERE_INJ,COUNT_VISIBLE_INJ,COUNT_COMPLAINT_PAIN,COUNT_PED_KILLED,COUNT_PED_INJURED,COUNT_BICYCLIST_KILLED,COUNT_BICYCLIST_INJURED,COUNT_MC_KILLED,COUNT_MC_INJURED,PRIMARY_RAMP,SECONDARY_RAMP,LATITUDE,LONGITUDE,COUNTY,CITY,POINT_X,POINT_Y
8919868,2019,2020-06-10,1942,2019-08-27,0656,37505,1323,2,5,7,1942,0,0,0,M,0,13A13,S CENTRAL AV,E ADAMS BL,0,NA,Y,A,-,N,NA,NA,NA,NA,NA,NA,NA,NA,NA,N,4,0,1,2,A,-,09,21801,A,F,D,G,A,A,H,-,A,B,0,NA,Y,NA,NA,Y,NA,-,99,0,0,1,0,0,0,1,0,0,-,-,NA,NA,LOS ANGELES,LOS ANGELES,-118.25494384765624,34.018768310546875
8919872,2019,2019-11-08,1942,2019-08-10,0735,43813,LOS A,6,5,7,1942,0,0,0,NA,0,11A37,NORTH AVENUE 56,MONTE VISTA,0,NA,Y,A,-,N,NA,NA,NA,NA,NA,NA,NA,NA,NA,Y,4,0,1,2,A,-,22,23123,A,N,D,C,A,A,H,-,A,D,0,NA,NA,NA,NA,Y,NA,-,-,0,0,1,0,0,0,0,0,0,-,-,NA,NA,LOS ANGELES,LOS ANGELES,-118.19576263427734,34.11111068725586
8919876,2019,2019-10-08,1942,2019-08-07,1615,43765,1123,3,5,7,1942,0,0,0,K,0,NA,LOS FELIZ BL,BRUNSWICK,0,NA,Y,A,-,N,NA,NA,NA,NA,NA,NA,NA,NA,NA,N,4,0,4,2,A,-,04,21703,NA,N,C,C,A,A,H,-,A,A,0,NA,NA,NA,NA,Y,NA,A,01,0,0,4,0,0,0,0,0,0,-,-,NA,NA,LOS ANGELES,LOS ANGELES,-118.2656707763672,34.125
8919880,2019,2019-09-25,1942,2019-08-06,1830,40873,1122,2,5,7,1942,0,0,0,K,0,11A1,LOS FELIZ BL,CRYSTAL SPRINGS DR,0,NA,Y,A,-,N,NA,NA,NA,NA,NA,NA,NA,NA,NA,Y,3,0,1,3,A,-,09,21801,A,N,D,C,A,A,H,-,A,A,0,NA,NA,NA,NA,Y,NA,A,08,0,1,0,0,0,0,0,0,0,-,-,NA,NA,LOS ANGELES,LOS ANGELES,-118.27169036865234,34.117000579833984
8919881,2019,2019-08-26,1955,2019-06-10,1310,42210,58,1,5,6,1955,0,0,0,NA,0,005,TEMPLE AV,MISSION BL,55,W,N,A,-,N,NA,NA,NA,NA,NA,NA,NA,NA,NA,N,4,0,2,2,A,-,03,22350,NA,N,C,C,A,A,H,-,A,A,0,NA,NA,NA,NA,Y,NA,A,07,0,0,2,0,0,0,0,0,0,-,-,NA,NA,LOS ANGELES,POMONA,-117.79817962646484,34.0406608581543
8919884,2019,2019-09-25,1942,2019-08-06,1250,33395,1172,2,5,7,1942,0,0,0,K,0,11X73,GLENDALE BL,CLIFFORD ST,0,NA,Y,A,-,N,NA,NA,NA,NA,NA,NA,NA,NA,NA,N,4,0,1,2,A,-,09,21802,A,N,D,C,A,A,H,-,A,D,0,NA,NA,NA,NA,Y,NA,A,01,0,0,1,0,0,0,0,0,0,-,-,NA,NA,LOS ANGELES,LOS ANGELES,-118.25937652587892,34.08893966674805
8919888,2019,2019-09-25,1942,2019-08-20,0745,43596,4211,2,5,7,1942,0,0,0,NA,0,11A25,FIGUEROA AV,ROY ST,0,NA,Y,A,-,N,NA,NA,NA,NA,NA,NA,NA,NA,NA,N,4,0,1,2,A,-,08,22107,NA,N,D,C,A,A,H,-,A,D,0,NA,NA,NA,NA,Y,NA,A,01,0,0,1,0,0,0,0,0,0,-,-,NA,NA,LOS ANGELES,LOS ANGELES,-118.18496704101564,34.12282180786133
8919896,2019,2019-09-25,1942,2019-08-29,2210,43824,LOS A,4,5,7,1942,0,0,0,NA,0,16A11,SAN FERNANDO RD,BROMWICH ST,18,S,N,A,-,N,NA,NA,NA,NA,NA,NA,NA,NA,NA,N,3,0,1,2,A,-,08,22107,NA,F,B,C,A,A,-,-,C,D,0,NA,NA,NA,NA,Y,NA,-,99,0,1,0,0,0,0,0,0,0,-,-,NA,NA,LOS ANGELES,LOS ANGELES,-118.40714263916016,34.25196075439453
8919900,2019,2019-09-25,1942,2019-08-29,2000,41151,4216,4,5,7,1942,0,0,0,NA,0,16X12,EL DORADO,VAN NUYS BL,0,NA,N,A,-,N,NA,NA,NA,NA,NA,NA,NA,NA,NA,N,4,0,1,2,A,-,04,21703,NA,F,C,C,A,A,H,-,C,A,0,NA,NA,NA,NA,Y,NA,-,99,0,0,1,0,0,0,0,0,0,-,-,NA,NA,LOS ANGELES,LOS ANGELES,-118.42384338378906,34.26483154296875
8919904,2019,2019-09-25,1942,2019-08-29,1500,43939,1641,4,5,7,1942,0,0,0,P,0,NA,RALSTON AV,WINGO ST,0,NA,Y,A,-,N,NA,NA,NA,NA,NA,NA,NA,NA,NA,N,4,0,1,2,A,-,08,22107,NA,F,A,B,E,A,H,-,A,D,0,Y,NA,NA,NA,Y,NA,-,99,0,0,1,0,1,0,0,0,0,-,-,NA,NA,LOS ANGELES,LOS ANGELES,-118.40650939941406,34.25503158569336
8919914,2019,2019-08-22,1942,2019-07-16,2055,37618,0394,2,5,7,1942,0,0,0,C,0,3A73,ARLINGTON AV,W MARTIN LUTHER KING JR BL,0,NA,Y,A,-,N,NA,NA,NA,NA,NA,NA,NA,NA,NA,N,4,0,1,2,A,-,09,21801,A,N,D,C,A,A,H,-,C,A,0,NA,NA,NA,NA,Y,NA,J,48,0,0,1,0,0,0,0,0,0,-,-,NA,NA,LOS ANGELES,LOS ANGELES,-118.31825256347656,34.01081848144531
8919926,2019,2019-08-29,1900,2019-07-21,2025,637314,NA,7,5,5,1908,0,0,0,NA,0,133D,ARTESIA BL,BELLFLOWER BL,0,NA,Y,A,-,N,NA,NA,NA,NA,NA,NA,NA,NA,NA,N,4,0,1,2,A,-,12,21453,A,N,-,C,A,A,-,-,C,A,0,NA,NA,NA,NA,Y,NA,A,01,0,0,1,0,0,0,0,0,0,-,-,NA,NA,LOS ANGELES,BELLFLOWER,-118.1252212524414,33.874839782714844
8919927,2019,2019-09-16,1900,2019-07-27,0935,529393,2834,6,5,5,1915,0,0,0,NA,0,282T1,WILMINGTON AV,ARTESIA BL,0,NA,Y,A,-,N,NA,NA,NA,NA,NA,NA,NA,NA,NA,N,4,0,1,2,A,-,12,21453,A,N,D,C,A,A,H,-,A,A,0,NA,NA,NA,Y,Y,NA,F,25,0,0,1,0,0,0,0,0,0,-,-,NA,NA,LOS ANGELES,COMPTON,-118.23612213134766,33.8743782043457
8919930,2019,2019-08-29,1900,2019-07-22,2320,526057,1365,1,5,5,1952,0,0,0,NA,0,136A,ARTHUR AV,HOWE ST,100,S,N,A,-,N,NA,NA,NA,NA,NA,NA,NA,NA,NA,N,4,0,1,2,A,-,08,22107,NA,N,D,G,A,A,H,-,C,D,0,NA,Y,NA,NA,Y,NA,D,22,0,0,1,0,0,0,1,0,0,-,-,33.90652084350586,-118.16329193115234,LOS ANGELES,PARAMOUNT,-118.16365814208984,33.90702438354492
8919931,2019,2019-08-29,1900,2019-07-03,1225,545089,2837,3,5,5,1915,0,0,0,NA,0,282T1,APRA ST,ACACIA AV,236,W,N,A,-,N,NA,NA,NA,NA,NA,NA,NA,NA,NA,N,4,0,1,2,A,-,08,22107,NA,N,B,E,A,A,H,-,A,D,0,NA,NA,NA,Y,Y,NA,A,01,0,0,1,0,0,0,0,0,0,-,-,NA,NA,LOS ANGELES,COMPTON,-118.2244873046875,33.868186950683594
8919940,2019,2019-08-27,1900,2019-02-24,1600,602221,0250,7,5,4,1945,0,0,0,NA,0,28T,DOWNEY RD,SLAUSON AV,0,NA,Y,B,-,N,NA,NA,NA,NA,NA,NA,NA,NA,NA,Y,4,0,2,2,A,-,08,22101,NA,N,D,C,A,A,H,-,A,A,0,NA,NA,NA,Y,Y,NA,F,24,0,0,2,0,0,0,0,0,0,-,-,NA,NA,LOS ANGELES,MAYWOOD,-118.20452880859376,33.98910140991211
8919948,2019,2019-08-26,1900,2019-02-07,1700,614431,0245,4,5,3,1914,0,0,0,NA,0,27T,TELEGRAPH RD,MALT AV,0,NA,Y,A,-,N,NA,NA,NA,NA,NA,NA,NA,NA,NA,Y,4,0,1,2,A,-,12,21453,NA,N,B,C,A,A,H,-,A,A,0,NA,NA,NA,NA,Y,NA,A,01,0,0,1,0,0,0,0,0,0,-,-,NA,NA,LOS ANGELES,COMMERCE,-118.13878631591795,33.99026107788086
8919955,2019,2019-09-03,1900,2019-08-06,1043,606637,0454,2,5,6,1949,0,0,0,NA,0,45T6D,CARMENITA RD,MAPLEDALE ST,450,N,N,A,-,N,NA,NA,NA,NA,NA,NA,NA,NA,NA,N,4,0,1,3,A,-,04,21703,NA,N,C,C,A,A,D,-,A,D,0,NA,NA,NA,NA,Y,NA,-,NA,0,0,1,0,0,0,0,0,0,-,-,NA,NA,LOS ANGELES,NORWALK,-118.04662322998048,33.899993896484375
8919956,2019,2019-08-27,1900,2019-04-29,1230,506824,0246,1,5,3,1914,0,0,0,NA,0,27T,GARFIELD AV,BANDINI BL,0,NA,Y,A,-,N,NA,NA,NA,NA,NA,NA,NA,NA,NA,N,4,0,1,2,A,-,06,21755,NA,N,B,C,A,A,H,-,A,D,0,NA,NA,NA,Y,Y,NA,A,01,0,0,1,0,0,0,0,0,0,-,-,NA,NA,LOS ANGELES,COMMERCE,-118.13908386230467,33.98609924316406
8919965,2019,2019-08-29,1900,2019-07-15,1015,451411,1348,1,5,3,1903,0,0,0,NA,0,134,ARKANSAS ST,PIONEER BL,330,E,N,A,-,N,NA,NA,NA,NA,NA,NA,NA,NA,NA,N,4,0,1,2,A,-,21,22106,NA,N,D,C,A,A,H,-,A,D,0,NA,NA,NA,NA,Y,NA,A,01,0,0,1,0,0,0,0,0,0,-,-,33.87799835205078,-118.08200073242188,LOS ANGELES,ARTESIA,-118.08132934570313,33.87961959838867
8919966,2019,2019-08-29,1900,2019-07-05,1710,407852,1328,5,5,5,1935,0,0,0,NA,0,132T1,CENTRALIA ST,NORWALK BL,40,E,N,A,-,N,NA,NA,NA,NA,NA,NA,NA,NA,NA,N,3,0,1,2,A,-,09,21804,A,N,D,C,A,A,H,-,A,D,0,NA,NA,NA,NA,Y,NA,D,22,0,1,0,0,0,0,0,0,0,-,-,NA,NA,LOS ANGELES,LAKEWOOD,-118.07194519042967,33.838741302490234
8919967,2019,2019-08-22,1942,2019-07-31,1440,41826,0525,3,5,7,1942,0,0,0,E,0,5A18,ISLAND AV,C ST,0,NA,Y,A,-,N,NA,NA,NA,NA,NA,NA,NA,NA,NA,N,4,0,3,2,A,-,12,22450,A,N,D,C,A,A,H,-,A,D,0,NA,NA,NA,NA,Y,NA,I,11,0,0,3,0,0,0,0,0,0,-,-,NA,NA,LOS ANGELES,LOS ANGELES,-118.26580810546876,33.77251052856445
8919969,2019,2019-09-16,1900,2019-07-23,0530,523489,1332,2,5,5,1908,0,0,0,NA,0,133D,CLARK AV,ROSECRANS AV,0,NA,Y,A,-,N,NA,NA,NA,NA,NA,NA,NA,NA,NA,Y,4,0,1,3,A,-,12,21453,A,N,D,C,A,A,H,-,B,A,0,NA,NA,NA,Y,Y,NA,F,26,0,0,1,0,0,0,0,0,0,-,-,NA,NA,LOS ANGELES,BELLFLOWER,-118.1340789794922,33.90409851074219
8919977,2019,2019-10-14,1900,2019-07-07,0821,512462,1328,7,5,5,1935,0,0,0,NA,0,132T1,BLOOMFIELD AV,CENTRALIA ST,0,NA,Y,A,-,N,NA,NA,NA,NA,NA,NA,NA,NA,NA,Y,2,0,3,2,A,-,12,21453,NA,N,D,C,A,A,H,-,A,A,0,NA,NA,NA,Y,Y,NA,-,-,1,0,2,0,0,0,0,0,0,-,-,NA,NA,LOS ANGELES,LAKEWOOD,-118.0634765625,33.83876037597656
8919986,2019,2019-10-14,1900,2019-08-01,0939,606987,1365,4,5,5,1952,0,0,0,NA,0,136A,GARFIELD AV,SOMERSET RANCH RD N,0,NA,Y,A,-,N,NA,NA,NA,NA,NA,NA,NA,NA,NA,Y,3,0,1,2,A,-,12,21453,A,N,D,C,A,A,H,-,A,D,0,NA,NA,NA,NA,Y,NA,-,-,0,1,0,0,0,0,0,0,0,-,-,33.88727951049805,-118.15603637695313,LOS ANGELES,PARAMOUNT,-118.16890716552734,33.910499572753906
8919990,2019,2019-08-29,1900,2019-07-28,0615,629566,2811,7,5,5,1915,0,0,0,NA,0,282K1,COMPTON BL,DWIGHT AV,0,NA,Y,A,-,N,NA,NA,NA,NA,NA,NA,NA,NA,NA,Y,4,0,1,2,A,-,12,21453,A,N,D,C,A,A,H,-,A,A,0,NA,NA,NA,NA,Y,NA,A,07,0,0,1,0,0,0,0,0,0,-,-,NA,NA,LOS ANGELES,COMPTON,-118.24195861816406,33.895870208740234
8919993,2019,2019-08-29,1900,2019-07-20,1125,630464,1334,6,5,5,1908,0,0,0,NA,0,133D,PARK ST,BELLFLOWER BL,168,E,N,A,-,N,NA,NA,NA,NA,NA,NA,NA,NA,NA,N,2,0,1,2,A,-,11,21956,NA,N,A,B,E,A,H,-,A,D,0,Y,NA,NA,NA,Y,NA,N,60,1,0,0,0,1,0,0,0,0,-,-,NA,NA,LOS ANGELES,BELLFLOWER,-118.1247100830078,33.8784294128418
8920008,2019,2019-09-11,1942,2019-06-20,1155,43725,LAPDN,4,5,7,1942,0,0,0,NA,0,11A17,SAN FERNANDO RD,GRANADA,300,S,N,A,-,N,NA,NA,NA,NA,NA,NA,NA,NA,NA,Y,4,0,1,2,A,-,04,21703,NA,N,C,C,A,A,H,-,A,D,0,NA,NA,NA,NA,Y,NA,D,22,0,0,1,0,0,0,0,0,0,-,-,NA,NA,LOS ANGELES,LOS ANGELES,-118.22994995117188,34.09366226196289
8920016,2019,2019-08-23,1942,2019-06-19,1500,43763,1124,3,5,7,1942,0,0,0,K,0,11A25,FLETCHER DR,ESTARA AV,345,S,N,A,-,N,NA,NA,NA,NA,NA,NA,NA,NA,NA,Y,4,0,1,2,A,-,21,22106,NA,N,C,C,A,A,H,-,A,D,0,NA,NA,NA,NA,Y,NA,D,22,0,0,1,0,0,0,0,0,0,-,-,NA,NA,LOS ANGELES,LOS ANGELES,-118.24211883544922,34.117454528808594
8920017,2019,2019-09-09,1900,2019-07-08,1250,540344,1430,1,5,4,1937,0,0,0,NA,0,143T1,TEMPLE AV,CLINTWOOD AV,162,E,N,A,-,N,NA,NA,NA,NA,NA,NA,NA,NA,NA,Y,3,0,1,2,A,-,03,22350,NA,N,C,C,A,-,-,-,-,D,0,NA,NA,NA,NA,Y,NA,A,01,0,1,0,0,0,0,0,0,0,-,-,34.04108810424805,-117.96875762939452,LOS ANGELES,LA PUENTE,-117.9687042236328,34.0411491394043
8920018,2019,2019-09-09,1916,2019-07-21,1343,2237,W14C2,7,5,4,1916,0,0,0,NA,0,WEST Z,AZUSA AV,TOWN CENTER DR,101,S,N,A,-,N,NA,NA,NA,NA,NA,NA,NA,NA,NA,Y,4,0,1,1,A,-,01,23152,A,N,E,I,A,A,H,-,A,D,0,NA,NA,NA,NA,Y,Y,D,22,0,0,1,0,0,0,0,0,0,-,-,34.100669860839844,-117.90763092041016,LOS ANGELES,COVINA,-117.90774536132813,34.103981018066406
8920020,2019,2019-08-23,1942,2019-06-19,0845,42926,1177,3,5,7,1942,0,0,0,K,0,24T21,FIGUEROA ST,AVE 22,189,S,N,B,-,N,NA,NA,NA,NA,NA,NA,NA,NA,NA,N,2,0,1,2,A,-,08,21460,5,N,A,C,A,A,H,-,A,D,0,NA,NA,Y,NA,Y,NA,C,02,1,0,0,0,0,0,0,0,1,-,-,NA,NA,LOS ANGELES,LOS ANGELES,-118.22435760498048,34.0823860168457
8920028,2019,2019-08-26,1942,2019-07-13,1355,40275,1342,6,5,7,1942,0,0,0,M,0,13A41,S MAIN ST,BROADWAY PL,0,NA,Y,A,-,N,NA,NA,NA,NA,NA,NA,NA,NA,NA,Y,3,0,7,2,A,-,12,21453,A,N,D,C,A,A,H,-,A,A,0,NA,NA,NA,NA,Y,NA,A,01,0,7,0,0,0,0,0,0,0,-,-,NA,NA,LOS ANGELES,LOS ANGELES,-118.27406311035156,34.016380310058594
8920032,2019,2019-09-06,1942,2019-07-13,1150,40099,1309,6,5,7,1942,0,0,0,M,0,13A9,E 25TH ST,S SANTA FE AV,0,S,N,A,-,N,NA,NA,NA,NA,NA,NA,NA,NA,NA,N,3,0,1,2,A,-,21,22106,NA,N,D,C,A,A,H,-,A,D,0,NA,NA,NA,NA,Y,NA,D,22,0,1,0,0,0,0,0,0,0,-,-,NA,NA,LOS ANGELES,LOS ANGELES,-118.23033905029295,34.015228271484375
8920036,2019,2019-08-26,1942,2019-07-12,0830,40099,1346,5,5,7,1942,0,0,0,M,0,13A27,HOOPER AV,E 41ST PL,0,NA,Y,A,-,N,NA,NA,NA,NA,NA,NA,NA,NA,NA,N,4,0,1,2,A,-,09,21801,A,N,D,C,A,A,H,-,A,A,0,NA,NA,NA,NA,Y,NA,D,22,0,0,1,0,0,0,0,0,0,-,-,NA,NA,LOS ANGELES,LOS ANGELES,-118.2521514892578,34.00838088989258
8920038,2019,2019-08-26,1942,2019-07-20,1835,36614,331,6,5,7,1942,0,0,0,NA,0,31Q52,JEFFERSON BL,WESTVIEW ST,20,E,N,A,-,N,NA,NA,NA,NA,NA,NA,NA,NA,NA,Y,4,0,2,2,A,-,09,21801,A,N,A,C,A,A,H,-,A,D,0,NA,NA,NA,NA,Y,NA,-,-,0,0,2,0,0,0,0,0,0,-,-,NA,NA,LOS ANGELES,LOS ANGELES,-118.353232,34.025517
8920040,2019,2019-09-06,1942,2019-07-12,0920,39759,1317,5,5,7,1942,0,0,0,M,0,13A9,S NAOMI AV,EAST WASHINGTON BL,48,N,N,A,-,N,NA,NA,NA,NA,NA,NA,NA,NA,NA,N,4,0,1,2,A,-,06,21755,A,N,D,C,A,A,H,-,A,D,0,NA,NA,NA,NA,Y,NA,D,22,0,0,1,0,0,0,0,0,0,-,-,NA,NA,LOS ANGELES,LOS ANGELES,-118.24796295166016,34.02311325073242
8920062,2019,2019-09-11,1942,2019-07-05,1530,36403,1891,5,5,7,1942,0,0,0,R,0,18X48,GARDENA BL,FIGUEROA ST,80,W,N,A,-,N,NA,NA,NA,NA,NA,NA,NA,NA,NA,N,3,0,2,3,A,-,07,21658,A,N,B,C,A,A,H,-,A,D,0,NA,NA,NA,NA,Y,NA,-,-,0,1,1,0,0,0,0,0,0,-,-,NA,NA,LOS ANGELES,LOS ANGELES,-118.28285980224608,33.881832122802734
8920066,2019,2019-09-18,1942,2019-07-04,2330,37797,1822,4,5,7,1942,0,0,0,R,0,18G27,95TH ST,FIGUEROA,20,E,N,A,-,N,NA,NA,NA,NA,NA,NA,NA,NA,NA,Y,2,0,1,9,C,-,18,NA,NA,N,B,E,A,A,H,-,C,D,0,NA,NA,NA,NA,Y,Y,-,-,1,0,0,0,0,0,0,0,0,-,-,NA,NA,LOS ANGELES,LOS ANGELES,-118.28265380859376,33.9500846862793
8920078,2019,2019-08-26,1942,2019-07-29,1814,43611,1837,1,5,7,1942,0,0,0,R,0,18X96,GRAHAM,114TH ST,100,N,N,A,-,N,NA,NA,NA,NA,NA,NA,NA,NA,NA,N,4,0,1,2,A,-,03,22350,NA,N,C,C,A,A,H,-,A,D,0,NA,NA,NA,NA,Y,NA,A,07,0,0,1,0,0,0,0,0,0,-,-,NA,NA,LOS ANGELES,LOS ANGELES,-118.24251556396484,33.931373596191406
8920120,2019,2019-09-05,1900,2019-08-04,0150,612130,0460,7,5,4,1936,0,0,0,NA,0,46T1E,ARMSDALE AV,RICHVALE DR,108,N,N,A,-,N,NA,NA,NA,NA,NA,NA,NA,NA,NA,Y,4,0,1,3,A,-,08,22107,NA,M,C,E,A,A,H,-,C,D,0,NA,NA,NA,NA,Y,NA,A,01,0,0,1,0,0,0,0,0,0,-,-,NA,NA,LOS ANGELES,LA MIRADA,-118.02067565917967,33.924354553222656
8920133,2019,2019-09-24,1941,2019-08-01,0205,5878,NA,4,5,7,1941,0,0,0,NA,0,NA,ATLANTIC AV,ANAHEIM ST,10,S,N,A,-,N,NA,NA,NA,NA,NA,NA,NA,NA,NA,N,3,0,1,2,A,-,03,22350,NA,M,C,C,A,A,A,-,C,A,0,NA,NA,NA,NA,Y,Y,A,NA,0,1,0,0,0,0,0,0,0,-,-,NA,NA,LOS ANGELES,LONG BEACH,-118.18504333496094,33.7825813293457
8920173,2019,2019-12-26,1942,2019-08-10,2130,31652,2107,6,5,7,1942,0,0,0,NA,0,21A5,ROSCOE BL,DE SOTO AV,181,W,N,A,-,N,NA,NA,NA,NA,NA,NA,NA,NA,NA,Y,4,0,1,2,A,-,08,22107,NA,F,D,C,A,A,H,-,C,D,0,NA,NA,NA,NA,Y,NA,A,01,0,0,1,0,0,0,0,0,0,-,-,NA,NA,LOS ANGELES,LOS ANGELES,-118.5890884399414,34.219940185546875
8920175,2019,2019-08-27,1900,2019-07-26,1715,526692,1412,5,5,1,1932,0,0,0,NA,0,141T6,VINELAND AV,MOCCASIN ST,95,N,N,A,-,N,NA,NA,NA,NA,NA,NA,NA,NA,NA,N,3,0,3,2,A,-,03,22350,NA,N,C,C,A,A,H,-,A,D,0,NA,NA,NA,NA,Y,NA,A,07,0,3,0,0,0,0,0,0,0,-,-,34.05192947387695,-117.98867034912108,LOS ANGELES,INDUSTRY,-117.98871612548828,34.05181121826172
8920177,2019,2019-09-05,1942,2019-08-09,1155,41158,1676,5,5,7,1942,0,0,0,P,0,16A77,GLENOAKS BL,ROSCOE BL,150,S,N,A,-,N,NA,NA,NA,NA,NA,NA,NA,NA,NA,Y,4,0,1,3,A,-,03,22350,NA,F,C,C,A,A,H,-,A,D,0,NA,NA,NA,NA,Y,NA,-,99,0,0,1,0,0,0,0,0,0,-,-,NA,NA,LOS ANGELES,LOS ANGELES,-118.35891723632813,34.222110748291016
8920179,2019,2019-08-27,1900,2019-07-23,1400,406363,1419,2,5,1,1932,0,0,0,NA,0,141T5,BAKER PKWY,GRAND AV,1742,W,N,A,-,N,NA,NA,NA,NA,NA,NA,NA,NA,NA,Y,3,0,1,2,A,-,09,21804,A,N,D,C,A,A,H,-,A,D,0,NA,NA,NA,NA,Y,NA,A,01,0,1,0,0,0,0,0,0,0,-,-,34.017181396484375,-117.83157348632813,LOS ANGELES,INDUSTRY,-117.83151245117188,34.01729202270508
8920181,2019,2019-09-05,1942,2019-08-10,0640,38947,1029,6,5,7,1942,0,0,0,J,0,10A39,WOODLEY AV,VANOWEN ST,580,S,N,A,-,N,NA,NA,NA,NA,NA,NA,NA,NA,NA,Y,4,0,1,3,A,-,03,22350,NA,F,C,C,A,A,H,-,A,D,0,NA,NA,NA,NA,Y,NA,A,01,0,0,1,0,0,0,0,0,0,-,-,NA,NA,LOS ANGELES,LOS ANGELES,-118.48365783691406,34.192317962646484
8920183,2019,2019-08-27,1900,2019-07-25,0910,543275,1432,4,5,4,1937,0,0,0,NA,0,143T1,TEMPLE AV,DEL VALLE AV,0,NA,Y,B,-,N,NA,NA,NA,NA,NA,NA,NA,NA,NA,Y,3,0,2,2,A,-,09,21801,A,N,D,C,A,A,H,-,A,A,0,NA,NA,NA,NA,Y,NA,A,01,0,1,1,0,0,0,0,0,0,-,-,34.02799987792969,-117.94400024414064,LOS ANGELES,LA PUENTE,-117.94416809082033,34.02809143066406
8920185,2019,2019-09-06,1942,2019-08-08,0845,30452,2134,4,5,7,1942,0,0,0,NA,0,21A1,WYANDOTTE ST,TOPANGA CANYON BL,150,W,N,A,-,N,NA,NA,NA,NA,NA,NA,NA,NA,NA,N,4,0,3,2,A,-,09,21804,A,N,D,C,A,A,H,-,A,D,0,NA,NA,NA,NA,Y,NA,A,07,0,0,3,0,0,0,0,0,0,-,-,NA,NA,LOS ANGELES,LOS ANGELES,-118.60645294189452,34.20283889770508
8920187,2019,2019-08-27,1900,2019-07-07,1610,618053,1434,7,5,4,1937,0,0,0,NA,0,143T1,OLD VALLEY BL,COMMON AV,75,W,N,A,-,N,NA,NA,NA,NA,NA,NA,NA,NA,NA,N,2,0,1,2,A,-,11,21954,A,N,G,B,E,A,H,-,A,D,0,Y,NA,NA,NA,Y,NA,N,60,1,0,0,0,1,0,0,0,0,-,-,34.01586151123047,-117.94873046875,LOS ANGELES,LA PUENTE,-117.94866180419922,34.015846252441406
8920189,2019,2019-09-06,1942,2019-08-09,1200,36733,2161,5,5,7,1942,0,0,0,NA,0,17TL14,VALLEY CIRCLE BL,HATTERAS ST,0,NA,Y,A,-,N,NA,NA,NA,NA,NA,NA,NA,NA,NA,Y,3,0,3,2,A,-,09,21804,A,N,D,C,A,A,H,-,A,A,0,NA,NA,NA,NA,Y,NA,A,07,0,1,2,0,0,0,0,0,0,-,-,NA,NA,LOS ANGELES,LOS ANGELES,-118.64824676513672,34.17412185668945
8920191,2019,2019-08-27,1900,2019-07-09,1030,600059,1434,2,5,4,1937,0,0,0,NA,0,143T1,VALLEY BL,OLD VALLEY BL,0,NA,Y,A,-,N,NA,NA,NA,NA,NA,NA,NA,NA,NA,N,4,0,1,2,A,-,04,21703,NA,N,C,C,A,A,H,-,A,A,0,NA,NA,NA,NA,Y,NA,D,22,0,0,1,0,0,0,0,0,0,-,-,34.01264190673828,-117.94117736816406,LOS ANGELES,LA PUENTE,-117.94790649414064,34.015220642089844
8920192,2019,2019-08-29,1942,2019-07-25,0915,30452,2157,4,5,7,1942,0,0,0,NA,0,21A57,DE SOTO AV,KITTRIDGE ST,0,NA,Y,B,-,N,NA,NA,NA,NA,NA,NA,NA,NA,NA,Y,4,0,1,3,A,-,09,21801,A,N,D,C,A,A,H,-,A,A,0,NA,NA,NA,NA,Y,NA,A,01,0,0,1,0,0,0,0,0,0,-,-,NA,NA,LOS ANGELES,LOS ANGELES,-118.58843231201172,34.191158294677734