CASE_ID,ACCIDENT_YEAR,PROC_DATE,JURIS,COLLISION_DATE,COLLISION_TIME,OFFICER_ID,REPORTING_DISTRICT,DAY_OF_WEEK,CHP_SHIFT,POPULATION,CNTY_CITY_LOC,SPECIAL_COND,BEAT_TYPE,CHP_BEAT_TYPE,CITY_DIVISION_LAPD,CHP_BEAT_CLASS,BEAT_NUMBER,PRIMARY_RD,SECONDARY_RD,DISTANCE,DIRECTION,INTERSECTION,WEATHER_1,WEATHER_2,STATE_HWY_IND,CALTRANS_COUNTY,CALTRANS_DISTRICT,STATE_ROUTE,ROUTE_SUFFIX,POSTMILE_PREFIX,POSTMILE,LOCATION_TYPE,RAMP_INTERSECTION,SIDE_OF_HWY,TOW_AWAY,COLLISION_SEVERITY,NUMBER_KILLED,NUMBER_INJURED,PARTY_COUNT,PRIMARY_COLL_FACTOR,PCF_CODE_OF_VIOL,PCF_VIOL_CATEGORY,PCF_VIOLATION,PCF_VIOL_SUBSECTION,HIT_AND_RUN,TYPE_OF_COLLISION,MVIW,PED_ACTION,ROAD_SURFACE,ROAD_COND_1,ROAD_COND_2,LIGHTING,CONTROL_DEVICE,CHP_ROAD_TYPE,PEDESTRIAN_ACCIDENT,BICYCLE_ACCIDENT,MOTORCYCLE_ACCIDENT,TRUCK_ACCIDENT,NOT_PRIVATE_PROPERTY,ALCOHOL_INVOLVED,STWD_VEHTYPE_AT_FAULT,CHP_VEHTYPE_AT_FAULT,COUNT_SEVERE_INJ,COUNT_VISIBLE_INJ,COUNT_COMPLAINT_PAIN,COUNT_PED_KILLED,COUNT_PED_INJURED,COUNT_BICYCLIST_KILLED,COUNT_BICYCLIST_INJURED,COUNT_MC_KILLED,COUNT_MC_INJURED,PRIMARY_RAMP,SECONDARY_RAMP,LATITUDE,LONGITUDE,COUNTY,CITY,POINT_X,POINT_Y
8921807,2019,2019-08-26,1942,2019-06-29,1145,36700,1132,6,5,7,1942,0,0,0,K,0,11A51,ROWENA AV,E HYPERION AV,35,E,N,A,-,N,NA,NA,NA,NA,NA,NA,NA,NA,NA,Y,4,0,3,2,A,-,21,22106,NA,N,H,C,A,A,H,-,C,A,0,NA,NA,NA,NA,Y,NA,A,01,0,0,3,0,0,0,0,0,0,-,-,NA,NA,LOS ANGELES,LOS ANGELES,-118.2712173461914,34.109188079833984
8921810,2019,2019-08-26,1970,2019-04-04,2121,204,4,4,5,4,1970,0,0,0,NA,0,004,MERIDIAN AV,BONITA DR,17,S,N,B,-,N,NA,NA,NA,NA,NA,NA,NA,NA,NA,Y,4,0,1,2,A,-,08,22107,NA,N,C,E,A,B,H,-,C,D,0,NA,NA,NA,NA,Y,NA,A,07,0,0,1,0,0,0,0,0,0,-,-,NA,NA,LOS ANGELES,SOUTH PASADENA,-118.15684509277344,34.10078430175781
8921818,2019,2019-08-26,1970,2019-04-26,2305,179,SOUTH,5,5,4,1970,0,0,0,NA,0,004,HUNTINGTON LN,MAPLE WY,81,S,N,A,-,N,NA,NA,NA,NA,NA,NA,NA,NA,NA,Y,4,0,1,1,A,-,03,22350,NA,N,E,I,A,A,H,-,C,D,0,NA,NA,NA,NA,Y,Y,-,NA,0,0,1,0,0,0,0,0,0,-,-,NA,NA,LOS ANGELES,SOUTH PASADENA,-118.15531158447266,34.101158142089844
8921844,2019,2019-10-01,1942,2019-08-09,0150,35464,1675,5,5,7,1942,0,0,0,P,0,16A59,GLENOAKS BL,TUXFORD,40,S,N,A,-,N,NA,NA,NA,NA,NA,NA,NA,NA,NA,Y,4,0,1,2,A,-,01,23152,A,N,B,J,A,A,H,-,C,A,0,NA,NA,NA,Y,Y,Y,A,01,0,0,1,0,0,0,0,0,0,-,-,NA,NA,LOS ANGELES,LOS ANGELES,-118.37126159667967,34.23440933227539
8921855,2019,2019-09-17,1942,2019-08-01,1345,37304,10879,4,5,7,1942,0,0,0,J,0,10A99,VENTURA BL,HASKELL AV,0,NA,Y,A,-,N,NA,NA,NA,NA,NA,NA,NA,NA,NA,N,4,0,3,2,A,-,07,21658,A,N,B,C,A,A,H,-,A,A,0,NA,NA,NA,NA,Y,NA,A,01,0,0,3,0,0,0,0,0,0,-,-,NA,NA,LOS ANGELES,LOS ANGELES,-118.47490692138672,34.155181884765625
8921856,2019,2019-10-04,1901,2019-07-24,1513,214,21,3,5,5,1901,0,0,0,NA,0,004,CARLOS ST,WHITNEY AV,182,W,N,A,-,N,NA,NA,NA,NA,NA,NA,NA,NA,NA,Y,3,0,1,2,A,-,08,22107,NA,N,B,C,A,A,H,-,A,D,0,NA,NA,NA,NA,Y,NA,A,01,0,1,0,0,0,0,0,0,0,-,-,NA,NA,LOS ANGELES,ALHAMBRA,-118.14591979980467,34.06473922729492
8921860,2019,2019-08-27,1942,2019-07-24,1235,38824,1728,3,5,7,1942,0,0,0,Q,0,17A67,RINALDI ST,CHIMINEAS AV,0,NA,Y,A,-,N,NA,NA,NA,NA,NA,NA,NA,NA,NA,N,4,0,1,2,A,-,09,21801,A,N,D,C,A,A,H,-,A,A,0,NA,NA,NA,NA,Y,NA,A,01,0,0,1,0,0,0,0,0,0,-,-,NA,NA,LOS ANGELES,LOS ANGELES,-118.5302276611328,34.27799987792969
8921864,2019,2019-08-27,1901,2019-07-24,1441,622,23,3,5,5,1901,0,0,0,NA,0,003,FREMONT AV,BIRCH ST,0,NA,Y,A,-,N,NA,NA,NA,NA,NA,NA,NA,NA,NA,Y,4,0,1,2,A,-,09,21801,NA,N,D,C,A,A,H,-,A,D,0,NA,NA,NA,NA,Y,NA,A,01,0,0,1,0,0,0,0,0,0,-,-,NA,NA,LOS ANGELES,ALHAMBRA,-118.152099609375,34.09749984741211
8921867,2019,2019-08-29,1942,2019-08-13,1850,40165,0923,2,5,7,1942,0,0,0,I,0,9A23,VICTORY BL,NOBLE AV,25,W,N,A,-,N,NA,NA,NA,NA,NA,NA,NA,NA,NA,N,4,0,1,2,A,-,01,23152,A,N,C,C,A,A,H,-,A,D,0,NA,NA,NA,NA,Y,Y,A,07,0,0,1,0,0,0,0,0,0,-,-,NA,NA,LOS ANGELES,LOS ANGELES,-118.46192932128906,34.186649322509766
8921871,2019,2019-09-17,1942,2019-08-13,1945,42051,0901,2,5,7,1942,0,0,0,I,0,9A5,SEPULVEDA BL,WYANDOTTE ST,0,NA,Y,A,-,N,NA,NA,NA,NA,NA,NA,NA,NA,NA,Y,2,0,2,2,A,-,09,21801,A,N,A,C,A,A,H,-,A,D,0,NA,NA,NA,NA,Y,NA,A,01,1,0,1,0,0,0,0,0,0,-,-,NA,NA,LOS ANGELES,LOS ANGELES,-118.46620178222656,34.202999114990234
8921872,2019,2019-08-27,1942,2019-07-31,1730,39889,0308,3,5,7,1942,0,0,0,C,0,25MQ56,WASHINGTON BL,TOBERMAN ST,280,E,N,A,-,N,NA,NA,NA,NA,NA,NA,NA,NA,NA,N,4,0,2,2,A,-,09,21801,A,N,D,C,A,A,H,-,A,D,0,NA,NA,NA,NA,Y,NA,A,01,0,0,2,0,0,0,0,0,0,-,-,NA,NA,LOS ANGELES,LOS ANGELES,-118.27861785888672,34.03736114501953
8921880,2019,2019-10-04,1942,2019-07-29,0450,43142,0374,1,5,7,1942,0,0,0,C,0,3A73,ARLINGTON,MARTIN LUTHER KING BL,0,NA,Y,A,-,N,NA,NA,NA,NA,NA,NA,NA,NA,NA,N,3,0,1,2,A,-,09,21801,A,F,G,B,B,A,H,-,A,A,0,Y,NA,NA,NA,Y,Y,-,99,0,1,0,0,1,0,0,0,0,-,-,NA,NA,LOS ANGELES,LOS ANGELES,-118.31825256347656,34.01081848144531
8921884,2019,2019-10-04,1942,2019-07-28,1245,42993,LO,7,5,7,1942,0,0,0,NA,0,3A98,LA CIENEGA BL,OBAMA BL,0,NA,Y,A,-,N,NA,NA,NA,NA,NA,NA,NA,NA,NA,N,2,0,1,2,A,-,11,21956,A,N,G,B,B,A,H,-,A,A,0,Y,NA,NA,NA,Y,NA,N,60,1,0,0,0,1,0,0,0,0,-,-,NA,NA,LOS ANGELES,LOS ANGELES,-118.37236,34.0217
8921887,2019,2019-08-29,1953,2019-08-16,1841,5472,1953,5,5,6,1953,0,0,0,NA,0,002,LOS ROBLES AV,BUCKEYE ST,0,NA,Y,A,-,N,NA,NA,NA,NA,NA,NA,NA,NA,NA,Y,4,0,1,3,A,-,01,23153,A,N,C,C,A,A,H,-,A,A,0,NA,NA,NA,NA,Y,Y,A,01,0,0,1,0,0,0,0,0,0,-,-,NA,NA,LOS ANGELES,PASADENA,-118.14156341552734,34.15972900390625
8921891,2019,2019-09-17,1942,2019-08-04,1630,42460,0941,7,5,7,1942,0,0,0,I,0,9A41,VAN NUYS BL,BURBANK BL,0,NA,Y,A,-,N,NA,NA,NA,NA,NA,NA,NA,NA,NA,N,4,0,1,2,A,-,08,22100,A,N,D,C,A,A,H,-,A,A,0,NA,NA,NA,NA,Y,NA,D,22,0,0,1,0,0,0,0,0,0,-,-,NA,NA,LOS ANGELES,LOS ANGELES,-118.44873809814452,34.17211151123047
8921895,2019,2019-08-29,1953,2019-08-02,1931,6113,1953,5,5,6,1953,0,0,0,NA,0,NA,ORANGE GROVE BL,LAKE AV,20,E,N,A,-,N,NA,NA,NA,NA,NA,NA,NA,NA,NA,N,4,0,1,2,A,-,03,22350,NA,N,C,C,A,A,H,-,A,D,0,NA,NA,NA,NA,Y,NA,D,22,0,0,1,0,0,0,0,0,0,-,-,NA,NA,LOS ANGELES,PASADENA,-118.13238525390624,34.15776062011719
8921899,2019,2019-08-29,1953,2019-08-07,1710,5970,1953,3,5,6,1953,0,0,0,NA,0,1L31,SAN GABRIEL BL,DIANA ST,0,NA,Y,A,-,N,NA,NA,NA,NA,NA,NA,NA,NA,NA,Y,3,0,1,2,A,-,03,22350,NA,N,C,C,A,A,H,-,A,A,0,NA,NA,NA,NA,Y,NA,A,01,0,1,0,0,0,0,0,0,0,-,-,NA,NA,LOS ANGELES,PASADENA,-118.09465789794922,34.139671325683594
8921911,2019,2019-08-29,1953,2019-08-06,1642,5651,1953,2,5,6,1953,0,0,0,NA,0,003,MOUNTAIN ST,GLEN AV,0,NA,Y,A,-,N,NA,NA,NA,NA,NA,NA,NA,NA,NA,N,3,0,2,2,A,-,03,22350,NA,N,A,C,A,A,H,-,A,A,0,NA,NA,NA,NA,Y,NA,D,22,0,2,0,0,0,0,0,0,0,-,-,NA,NA,LOS ANGELES,PASADENA,-118.15521240234376,34.18085861206055
8921916,2019,2019-08-27,1900,2019-07-30,1810,611053,2224,2,5,3,1994,0,0,0,NA,0,225,ROADSIDE DR,LEWIS RD,528,W,N,A,-,N,NA,NA,NA,NA,NA,NA,NA,NA,NA,Y,4,0,1,2,A,-,22,23123,A,N,B,E,A,A,H,-,B,D,0,NA,NA,NA,NA,Y,NA,A,01,0,0,1,0,0,0,0,0,0,-,-,34.14363098144531,-118.74920654296876,LOS ANGELES,AGOURA HILLS,-118.74435424804688,34.14283752441406
8921920,2019,2019-08-27,1900,2019-07-27,1730,616386,2262,6,5,2,1993,0,0,0,NA,0,222A,LINDERO CANYON RD,AGOURA RD,739,N,N,A,-,N,NA,NA,NA,NA,NA,NA,NA,NA,NA,Y,4,0,1,2,A,-,12,21453,A,N,B,C,A,A,H,-,A,A,0,NA,NA,NA,NA,Y,NA,A,01,0,0,1,0,0,0,0,0,0,-,-,34.14802932739258,-118.80452728271484,LOS ANGELES,WESTLAKE VILLAGE,-118.80472564697266,34.14783477783203
8921923,2019,2019-08-26,1953,2019-08-19,1638,0545,1953,1,5,6,1953,0,0,0,NA,0,004,S MADRE ST,EAST DEL MAR BL,0,NA,Y,A,-,N,NA,NA,NA,NA,NA,NA,NA,NA,NA,Y,3,0,2,2,A,-,12,21453,A,N,D,C,A,A,H,-,A,A,0,NA,NA,NA,NA,Y,NA,A,08,0,1,1,0,0,0,0,0,0,-,-,NA,NA,LOS ANGELES,PASADENA,-118.08155822753906,34.14223098754883
8921927,2019,2019-08-26,1953,2019-08-13,1821,8426,1953,2,5,6,1953,0,0,0,NA,0,3L32,WASHINGTON BL,CHESTER AV,0,NA,Y,A,-,N,NA,NA,NA,NA,NA,NA,NA,NA,NA,N,4,0,2,2,A,-,08,22107,NA,N,D,C,A,A,H,-,A,D,0,NA,NA,NA,NA,Y,NA,A,01,0,0,2,0,0,0,0,0,0,-,-,NA,NA,LOS ANGELES,PASADENA,-118.12445831298828,34.16904830932617
8921931,2019,2020-03-05,1953,2019-08-20,0920,7787,1953,2,5,6,1953,0,0,0,NA,0,002,LOS ROBLES,WASHINGTON BL,0,NA,Y,A,-,N,NA,NA,NA,NA,NA,NA,NA,NA,NA,Y,4,0,1,2,A,-,09,21801,A,N,A,C,A,A,H,-,A,A,0,NA,NA,NA,NA,Y,NA,A,01,0,0,1,0,0,0,0,0,0,-,-,NA,NA,LOS ANGELES,PASADENA,-118.14163970947266,34.16893005371094
8921932,2019,2019-08-27,1902,2019-08-12,0345,783,33,1,5,5,1902,0,0,0,NA,0,005,LONGDEN AV,EL MONTE AV,36,E,N,A,-,N,NA,NA,NA,NA,NA,NA,NA,NA,NA,Y,4,0,1,1,A,-,08,22107,NA,N,F,I,A,A,H,-,C,A,0,NA,NA,NA,NA,Y,NA,A,01,0,0,1,0,0,0,0,0,0,-,-,NA,NA,LOS ANGELES,ARCADIA,-118.03826141357422,34.114078521728516
8921936,2019,2019-08-27,1902,2019-08-12,1352,661,28,1,5,5,1902,0,0,0,NA,0,005,2ND AV,CAMINO REAL AV,0,NA,Y,A,-,N,NA,NA,NA,NA,NA,NA,NA,NA,NA,Y,3,0,1,2,A,-,09,21802,A,N,D,C,A,A,H,-,A,A,0,NA,NA,NA,NA,Y,NA,D,22,0,1,0,0,0,0,0,0,0,-,-,NA,NA,LOS ANGELES,ARCADIA,-118.0248565673828,34.12187194824219
8921939,2019,2019-08-26,1953,2019-08-05,1230,3775,NA,1,5,6,1953,0,0,0,NA,0,001,ARROYO PKWY,CALIFORNIA BL,300,N,N,A,-,N,NA,NA,NA,NA,NA,NA,NA,NA,NA,Y,4,0,2,3,A,-,01,23152,A,N,C,D,A,A,H,-,A,A,0,NA,NA,NA,NA,Y,Y,A,01,0,0,2,0,0,0,0,0,0,-,-,NA,NA,LOS ANGELES,PASADENA,-118.1474380493164,34.13662338256836
8921940,2019,2019-08-27,1902,2019-08-13,0828,734,20,2,5,5,1902,0,0,0,NA,0,004,DUARTE RD,HOLLY AV,912,W,N,A,-,N,NA,NA,NA,NA,NA,NA,NA,NA,NA,Y,4,0,1,2,A,-,09,21804,A,N,D,C,A,A,H,-,A,D,0,NA,NA,NA,NA,Y,NA,A,01,0,0,1,0,0,0,0,0,0,-,-,NA,NA,LOS ANGELES,ARCADIA,-118.04881286621094,34.126956939697266
8921943,2019,2019-08-26,1953,2019-08-11,0607,5308,1953,7,5,6,1953,0,0,0,NA,0,002,MOUNTAIN ST,BARTHE DR,0,NA,Y,A,-,N,NA,NA,NA,NA,NA,NA,NA,NA,NA,Y,4,0,1,1,A,-,01,23152,A,N,E,I,A,A,H,-,B,D,0,NA,NA,NA,NA,Y,Y,A,01,0,0,1,0,0,0,0,0,0,-,-,NA,NA,LOS ANGELES,PASADENA,-118.15455627441406,34.16115951538086
8921944,2019,2019-08-27,1902,2019-08-13,1740,791,18,2,5,5,1902,0,0,0,NA,0,003,HUNTINGTON DR,SUNSET BL,0,NA,Y,A,-,N,NA,NA,NA,NA,NA,NA,NA,NA,NA,Y,4,0,3,2,A,-,12,21453,A,N,D,C,A,A,H,-,A,A,0,NA,NA,NA,NA,Y,NA,A,01,0,0,3,0,0,0,0,0,0,-,-,NA,NA,LOS ANGELES,ARCADIA,-118.06514739990234,34.131080627441406
8921947,2019,2019-08-26,1953,2019-08-17,0935,3303,1953,6,5,6,1953,0,0,0,NA,0,002,FAIR OAKS AV,MOUNTAIN ST,0,NA,Y,A,-,N,NA,NA,NA,NA,NA,NA,NA,NA,NA,Y,4,0,4,3,A,-,12,21453,A,N,D,C,A,A,H,-,A,A,0,NA,NA,NA,NA,Y,NA,A,01,0,0,4,0,0,0,0,0,0,-,-,NA,NA,LOS ANGELES,PASADENA,-118.1506118774414,34.161460876464844
8921951,2019,2019-08-26,1953,2019-08-16,1806,8377,NA,5,5,6,1953,0,0,0,NA,0,003,CORSON ST,HILL AV,0,NA,Y,A,-,N,NA,NA,NA,NA,NA,NA,NA,NA,NA,Y,3,0,1,2,A,-,12,21453,A,N,-,C,A,A,H,-,A,A,0,NA,NA,NA,NA,Y,NA,A,01,0,1,0,0,0,0,0,0,0,-,-,NA,NA,LOS ANGELES,PASADENA,-118.1213836669922,34.151771545410156
8921955,2019,2019-08-26,1953,2019-08-14,1359,5472,1953,3,5,6,1953,0,0,0,NA,0,003,ALLEN AV,WOODLYN ST,0,NA,Y,A,-,N,NA,NA,NA,NA,NA,NA,NA,NA,NA,N,4,0,1,2,A,-,03,22350,NA,N,B,C,A,A,H,-,A,D,0,NA,NA,NA,NA,Y,NA,A,01,0,0,1,0,0,0,0,0,0,-,-,NA,NA,LOS ANGELES,PASADENA,-118.1130599975586,34.16706848144531
8921959,2019,2019-08-26,1953,2019-08-01,0747,3301,1953,4,5,6,1953,0,0,0,NA,0,002,MAPLE ST,FAIR OAKS AV,210,E,N,A,-,N,NA,NA,NA,NA,NA,NA,NA,NA,NA,Y,4,0,4,4,A,-,03,22350,NA,N,B,C,A,A,H,-,A,A,0,NA,NA,NA,NA,Y,NA,A,01,0,0,4,0,0,0,0,0,0,-,-,NA,NA,LOS ANGELES,PASADENA,-118.149658203125,34.101341247558594
8921963,2019,2019-08-26,1953,2019-08-01,1658,7454,1953,4,5,6,1953,0,0,0,NA,0,001,ROSEMONT AV,SECO ST,2700,N,N,A,-,N,NA,NA,NA,NA,NA,NA,NA,NA,NA,Y,4,0,2,2,A,-,08,22107,NA,N,C,E,A,A,H,-,A,D,0,NA,NA,NA,NA,Y,NA,A,07,0,0,2,0,0,0,0,0,0,-,-,NA,NA,LOS ANGELES,PASADENA,-118.16646575927734,34.164695739746094
8921967,2019,2019-08-26,1953,2019-08-17,1453,7999,1953,6,5,6,1953,0,0,0,NA,0,004,COLORADO BL,MADRE ST,0,NA,Y,A,-,N,NA,NA,NA,NA,NA,NA,NA,NA,NA,Y,3,0,2,2,A,-,09,21801,A,N,A,C,A,A,H,-,A,A,0,NA,NA,NA,NA,Y,NA,A,01,0,1,1,0,0,0,0,0,0,-,-,NA,NA,LOS ANGELES,PASADENA,-118.08161163330078,34.14622116088867
8921971,2019,2019-08-26,1953,2019-08-08,2007,9511,195,4,5,6,1953,0,0,0,NA,0,002,FAIR OAKS AV,MONTANA ST,0,NA,Y,A,-,N,NA,NA,NA,NA,NA,NA,NA,NA,NA,Y,2,0,2,2,A,-,09,21800,NA,N,D,C,A,A,H,-,C,A,0,NA,NA,NA,NA,Y,NA,A,01,1,0,1,0,0,0,0,0,0,-,-,NA,NA,LOS ANGELES,PASADENA,-118.15078735351564,34.18088912963867
8921975,2019,2019-08-26,1953,2019-08-19,2025,8414,PASAD,1,5,6,1953,0,0,0,NA,0,003,DEL MAR BL,SIERRA MADRE BL,0,NA,Y,A,-,N,NA,NA,NA,NA,NA,NA,NA,NA,NA,Y,4,0,1,2,A,-,09,21801,NA,N,A,C,A,A,H,-,C,A,0,NA,NA,NA,NA,Y,NA,A,01,0,0,1,0,0,0,0,0,0,-,-,NA,NA,LOS ANGELES,PASADENA,-118.10170745849608,34.142120361328125
8921979,2019,2019-08-26,1953,2019-08-10,0046,4575,1953,6,5,6,1953,0,0,0,NA,0,005,FAIR OAKS AV,COLORADO BL,30,N,N,A,-,N,NA,NA,NA,NA,NA,NA,NA,NA,NA,Y,4,0,1,2,A,-,01,23152,A,N,C,C,A,A,H,-,C,A,0,NA,NA,NA,NA,Y,Y,A,01,0,0,1,0,0,0,0,0,0,-,-,NA,NA,LOS ANGELES,PASADENA,-118.15048217773438,34.1458625793457
8921983,2019,2019-08-26,1953,2019-08-01,2233,2183,1953,4,5,6,1953,0,0,0,NA,0,001,DEL MAR BL,OAK KNOLL AV,0,NA,Y,A,-,N,NA,NA,NA,NA,NA,NA,NA,NA,NA,Y,3,0,2,2,A,-,09,21801,A,N,A,C,A,A,H,-,C,A,0,NA,NA,NA,NA,Y,NA,A,01,0,2,0,0,0,0,0,0,0,-,-,NA,NA,LOS ANGELES,PASADENA,-118.13517761230467,34.14039993286133
8921987,2019,2019-08-26,1953,2019-08-19,0153,0551,1953,1,5,6,1953,0,0,0,NA,0,002,WASHINGTON BL,GARFIELD AV,150,E,N,A,-,N,NA,NA,NA,NA,NA,NA,NA,NA,NA,Y,3,0,1,2,A,-,01,23153,F,F,C,E,A,A,H,-,C,D,0,NA,NA,NA,NA,Y,Y,A,01,0,1,0,0,0,0,0,0,0,-,-,NA,NA,LOS ANGELES,PASADENA,-118.14340209960938,34.16889953613281
8921991,2019,2019-08-26,1942,2019-08-14,2230,40972,1515,3,5,7,1942,0,0,0,O,0,15A3,RADFORD AV,VANOWEN ST,35,S,N,A,-,N,NA,NA,NA,NA,NA,NA,NA,NA,NA,Y,4,0,3,2,A,-,04,21703,NA,F,C,C,A,A,H,-,C,A,0,NA,NA,NA,NA,Y,NA,A,01,0,0,3,0,0,0,0,0,0,-,-,NA,NA,LOS ANGELES,LOS ANGELES,-118.39215850830078,34.193843841552734
8921999,2019,2019-08-26,1942,2019-08-13,1850,38613,1969,2,5,7,1942,0,0,0,NA,0,19A79,ARLETA AV,TERRA BELLA ST,0,NA,Y,A,-,N,NA,NA,NA,NA,NA,NA,NA,NA,NA,N,2,0,1,2,A,-,10,21950,A,N,G,B,B,A,H,-,A,A,0,Y,NA,NA,NA,Y,NA,A,01,1,0,0,0,1,0,0,0,0,-,-,NA,NA,LOS ANGELES,LOS ANGELES,-118.43241119384766,34.24803924560547
8922010,2019,2019-09-05,1942,2019-08-15,1730,40634,0971,4,5,7,1942,0,0,0,I,0,9A89,N SEPULVEDA BL,VENTURA BL,60,S,N,A,-,N,NA,NA,NA,NA,NA,NA,NA,NA,NA,N,4,0,2,2,A,-,03,22350,NA,F,C,C,A,A,H,-,A,A,0,NA,NA,NA,NA,Y,NA,-,99,0,0,2,0,0,0,0,0,0,-,-,NA,NA,LOS ANGELES,LOS ANGELES,-118.46620178222656,34.153663635253906
8922018,2019,2019-09-20,1942,2019-07-29,1120,43857,1429,1,5,7,1942,0,0,0,N,0,16A77,TUXFORD ST,SAN FERNANDO RD,0,NA,Y,A,-,N,NA,NA,NA,NA,NA,NA,NA,NA,NA,N,4,0,2,3,A,-,11,21954,A,F,C,C,E,A,H,-,A,D,0,Y,NA,NA,NA,Y,NA,N,60,0,0,2,0,0,0,0,0,0,-,-,NA,NA,LOS ANGELES,LOS ANGELES,-118.3810577392578,34.22745895385742
8922026,2019,2019-09-04,1942,2019-08-05,0755,39908,1665,1,5,7,1942,0,0,0,P,0,16A37,GLENOAKS BL,PEORIA ST,0,NA,Y,A,-,N,NA,NA,NA,NA,NA,NA,NA,NA,NA,N,3,0,1,2,C,-,18,NA,NA,N,C,E,A,A,H,-,A,D,0,NA,NA,NA,NA,Y,NA,-,-,0,1,0,0,0,0,0,0,0,-,-,NA,NA,LOS ANGELES,LOS ANGELES,-118.37764739990234,34.24045181274414
8922030,2019,2019-09-04,1942,2019-08-08,0730,30452,1641,4,5,7,1942,0,0,0,P,0,16A23,PIERCE ST,LAUREL CANYON BL,12,E,N,A,-,N,NA,NA,NA,NA,NA,NA,NA,NA,NA,N,4,0,1,2,A,-,03,22350,NA,N,C,C,A,A,H,-,A,D,0,NA,NA,NA,NA,Y,NA,D,22,0,0,1,0,0,0,0,0,0,-,-,NA,NA,LOS ANGELES,LOS ANGELES,-118.4289093017578,34.25581359863281
8922038,2019,2019-09-04,1942,2019-08-11,1400,41514,1678,7,5,7,1942,0,0,0,P,0,16A77,LA TUNA CANYON RD,MATRANGA PL,50,W,N,A,-,N,NA,NA,NA,NA,NA,NA,NA,NA,NA,Y,4,0,1,2,A,-,09,21804,A,N,D,C,A,A,H,-,A,D,0,NA,NA,NA,NA,Y,NA,D,22,0,0,1,0,0,0,0,0,0,-,-,NA,NA,LOS ANGELES,LOS ANGELES,-118.34669494628906,34.23478317260742
8922042,2019,2019-09-05,1942,2019-08-07,1455,30830,1681,3,5,7,1942,0,0,0,P,0,16A81,ROSCOE BL,BELLINGHAM AV,0,NA,Y,A,C,N,NA,NA,NA,NA,NA,NA,NA,NA,NA,Y,4,0,3,2,A,-,03,22350,NA,N,D,C,A,B,H,-,A,D,0,NA,NA,NA,NA,Y,NA,D,22,0,0,3,0,0,0,0,0,0,-,-,NA,NA,LOS ANGELES,LOS ANGELES,-118.39878082275392,34.221649169921875
8922058,2019,2019-09-04,1942,2019-08-07,1610,39672,1698,3,5,7,1942,0,0,0,P,0,16A81,SAN FERNANDO RD,CLYBOURN ST,0,NA,Y,A,-,N,NA,NA,NA,NA,NA,NA,NA,NA,NA,Y,4,0,1,2,A,-,12,22450,NA,N,D,C,A,A,H,-,A,B,0,NA,NA,NA,NA,Y,NA,A,01,0,0,1,0,0,0,0,0,0,-,-,NA,NA,LOS ANGELES,LOS ANGELES,-118.36432647705078,34.2164306640625
8922062,2019,2019-09-04,1942,2019-08-05,2230,37724,1251,1,5,7,1942,0,0,0,L,0,25T25,FLORENCE AV,VICTORIA AV,50,E,N,A,-,N,NA,NA,NA,NA,NA,NA,NA,NA,NA,Y,3,0,1,3,A,-,09,21804,A,N,D,C,A,A,H,-,C,D,0,NA,NA,NA,NA,Y,NA,D,22,0,1,0,0,0,0,0,0,0,-,-,NA,NA,LOS ANGELES,LOS ANGELES,-118.33282470703124,33.97452163696289
8922066,2019,2019-09-04,1942,2019-08-03,0800,43664,1259,6,5,7,1942,0,0,0,L,0,12A73,CENTRAL AV,79TH ST,170,N,N,A,-,N,NA,NA,NA,NA,NA,NA,NA,NA,NA,Y,4,0,1,2,A,-,03,22350,NA,F,B,C,A,A,H,-,A,D,0,NA,NA,NA,NA,Y,NA,A,01,0,0,1,0,0,0,0,0,0,-,-,NA,NA,LOS ANGELES,LOS ANGELES,-118.25643157958984,33.967926025390625
8922068,2019,2019-09-25,1953,2019-07-04,2317,6113,1953,4,5,6,1953,0,0,0,NA,0,NA,WASHINGTON BL,DEL REY,75,E,N,A,-,N,NA,NA,NA,NA,NA,NA,NA,NA,NA,Y,4,0,1,1,A,-,03,22350,NA,N,E,I,A,A,H,-,C,D,0,NA,NA,NA,NA,Y,NA,A,01,0,0,1,0,0,0,0,0,0,-,-,NA,NA,LOS ANGELES,PASADENA,-118.0974349975586,34.16913986206055
8922070,2019,2019-08-29,1942,2019-07-17,2100,43911,1213,3,5,7,1942,0,0,0,L,0,12A3,WESTERN,58TH ST,0,NA,Y,A,-,N,NA,NA,NA,NA,NA,NA,NA,NA,NA,N,2,0,2,3,A,-,10,21950,C,N,G,B,B,A,H,-,C,D,0,Y,NA,NA,NA,Y,NA,D,22,1,0,1,0,2,0,0,0,0,-,-,NA,NA,LOS ANGELES,LOS ANGELES,-118.30895233154295,33.98971939086914
8922073,2019,2019-08-30,1941,2019-08-06,0136,11120,NA,2,5,7,1941,0,0,0,NA,0,NA,E BROADWAY,ORANGE AV,0,NA,Y,A,-,N,NA,NA,NA,NA,NA,NA,NA,NA,NA,Y,4,0,1,5,D,-,00,NA,NA,N,H,C,A,A,H,-,C,A,0,NA,NA,NA,NA,Y,NA,-,-,0,0,1,0,0,0,0,0,0,-,-,NA,NA,LOS ANGELES,LONG BEACH,-118.17684173583984,33.76845169067383
8922074,2019,2020-03-06,1942,2019-08-15,1505,41729,1242,4,5,7,1942,0,0,0,L,0,12A51,HYDE PARK BL,8TH AV,0,NA,Y,A,-,N,NA,NA,NA,NA,NA,NA,NA,NA,NA,N,4,0,1,2,A,-,12,21453,A,N,D,C,A,A,H,-,A,A,0,NA,NA,NA,NA,Y,NA,-,-,0,0,1,0,0,0,0,0,0,-,-,NA,NA,LOS ANGELES,LOS ANGELES,-118.32650756835938,33.98065185546875