CASE_ID,ACCIDENT_YEAR,PROC_DATE,JURIS,COLLISION_DATE,COLLISION_TIME,OFFICER_ID,REPORTING_DISTRICT,DAY_OF_WEEK,CHP_SHIFT,POPULATION,CNTY_CITY_LOC,SPECIAL_COND,BEAT_TYPE,CHP_BEAT_TYPE,CITY_DIVISION_LAPD,CHP_BEAT_CLASS,BEAT_NUMBER,PRIMARY_RD,SECONDARY_RD,DISTANCE,DIRECTION,INTERSECTION,WEATHER_1,WEATHER_2,STATE_HWY_IND,CALTRANS_COUNTY,CALTRANS_DISTRICT,STATE_ROUTE,ROUTE_SUFFIX,POSTMILE_PREFIX,POSTMILE,LOCATION_TYPE,RAMP_INTERSECTION,SIDE_OF_HWY,TOW_AWAY,COLLISION_SEVERITY,NUMBER_KILLED,NUMBER_INJURED,PARTY_COUNT,PRIMARY_COLL_FACTOR,PCF_CODE_OF_VIOL,PCF_VIOL_CATEGORY,PCF_VIOLATION,PCF_VIOL_SUBSECTION,HIT_AND_RUN,TYPE_OF_COLLISION,MVIW,PED_ACTION,ROAD_SURFACE,ROAD_COND_1,ROAD_COND_2,LIGHTING,CONTROL_DEVICE,CHP_ROAD_TYPE,PEDESTRIAN_ACCIDENT,BICYCLE_ACCIDENT,MOTORCYCLE_ACCIDENT,TRUCK_ACCIDENT,NOT_PRIVATE_PROPERTY,ALCOHOL_INVOLVED,STWD_VEHTYPE_AT_FAULT,CHP_VEHTYPE_AT_FAULT,COUNT_SEVERE_INJ,COUNT_VISIBLE_INJ,COUNT_COMPLAINT_PAIN,COUNT_PED_KILLED,COUNT_PED_INJURED,COUNT_BICYCLIST_KILLED,COUNT_BICYCLIST_INJURED,COUNT_MC_KILLED,COUNT_MC_INJURED,PRIMARY_RAMP,SECONDARY_RAMP,LATITUDE,LONGITUDE,COUNTY,CITY,POINT_X,POINT_Y
8922897,2019,2019-08-22,1942,2019-07-29,1850,43586,1767,1,5,7,1942,0,0,0,Q,0,17X22,PLUMMER ST,RESEDA BL,30,E,N,A,-,N,NA,NA,NA,NA,NA,NA,NA,NA,NA,Y,4,0,2,2,A,-,12,21453,A,N,D,C,A,A,H,-,A,A,0,NA,NA,NA,NA,Y,NA,A,01,0,0,2,0,0,0,0,0,0,-,-,NA,NA,LOS ANGELES,LOS ANGELES,-118.53598022460938,34.242740631103516
8922898,2019,2019-08-22,1942,2019-07-18,1805,41571,13A27,4,5,7,1942,0,0,0,M,0,13A9,CENTRAL AV,MARTIN LUTHER KING BL,0,NA,Y,A,-,N,NA,NA,NA,NA,NA,NA,NA,NA,NA,N,4,0,1,2,A,-,08,22107,NA,N,A,C,A,A,H,-,A,A,0,NA,NA,NA,NA,Y,NA,A,01,0,0,1,0,0,0,0,0,0,-,-,NA,NA,LOS ANGELES,LOS ANGELES,-118.25650787353516,34.01116943359375
8922899,2019,2019-08-22,1942,2019-07-12,2140,33452,0239,5,5,7,1942,0,0,0,B,0,24T31,TEMPLE ST,GLENDALE,136,W,N,A,-,N,NA,NA,NA,NA,NA,NA,NA,NA,NA,N,3,0,2,2,A,-,09,21804,A,N,-,C,A,A,G,-,C,D,0,NA,NA,Y,NA,Y,NA,C,02,0,1,1,0,0,0,0,0,2,-,-,NA,NA,LOS ANGELES,LOS ANGELES,-118.26131439208984,34.068241119384766
8922901,2019,2019-08-22,1942,2019-07-25,1940,41915,1755,4,5,7,1942,0,0,0,Q,0,17A23,LINDLEY AV,DEVONSHIRE ST,0,NA,Y,A,-,N,NA,NA,NA,NA,NA,NA,NA,NA,NA,Y,3,0,3,2,A,-,12,21453,A,N,D,C,A,A,H,-,B,A,0,NA,NA,NA,NA,Y,NA,A,01,0,1,2,0,0,0,0,0,0,-,-,NA,NA,LOS ANGELES,LOS ANGELES,-118.52735137939452,34.25727081298828
8922902,2019,2019-09-11,1942,2019-07-18,0910,43843,1321,4,5,7,1942,0,0,0,M,0,13A13,WASHINGTON BL,BROADWAY,0,NA,Y,A,-,N,NA,NA,NA,NA,NA,NA,NA,NA,NA,N,4,0,1,2,A,-,12,21453,A,N,D,C,A,A,H,-,A,D,0,NA,NA,NA,NA,Y,NA,A,01,0,0,1,0,0,0,0,0,0,-,-,NA,NA,LOS ANGELES,LOS ANGELES,-118.2657470703125,34.03144073486328
8922903,2019,2020-01-22,1942,2019-07-12,1210,43255,0205,5,5,7,1942,0,0,0,B,0,2A4W4,SILVER LAKE BL,MARATHON ST,0,NA,Y,A,-,N,NA,NA,NA,NA,NA,NA,NA,NA,NA,Y,4,0,1,2,A,-,09,21801,NA,N,D,C,A,A,H,-,A,A,0,NA,NA,NA,NA,Y,NA,A,01,0,0,1,0,0,0,0,0,0,-,-,NA,NA,LOS ANGELES,LOS ANGELES,-118.27535247802734,34.08066177368164
8922905,2019,2019-08-22,1942,2019-07-28,2115,43487,1705,7,5,7,1942,0,0,0,Q,0,17A23,BALBOA RD,SAN FERNANDO RD,100,S,N,A,-,N,NA,NA,NA,NA,NA,NA,NA,NA,NA,Y,3,0,2,2,A,-,03,22350,NA,N,A,D,A,A,H,-,C,D,0,NA,NA,NA,NA,Y,NA,A,01,0,1,1,0,0,0,0,0,0,-,-,NA,NA,LOS ANGELES,LOS ANGELES,-118.49730682373048,34.31990432739258
8922906,2019,2019-09-11,1942,2019-07-18,1150,41144,1383,4,5,7,1942,0,0,0,M,0,0W2,S MAIN ST,S MAIN ST 5850,0,NA,Y,A,-,N,NA,NA,NA,NA,NA,NA,NA,NA,NA,N,4,0,2,2,A,-,04,21703,NA,N,C,C,A,A,H,-,A,D,0,NA,NA,NA,NA,Y,NA,-,NA,0,0,2,0,0,0,0,0,0,-,-,NA,NA,LOS ANGELES,LOS ANGELES,NA,NA
8922907,2019,2019-08-22,1942,2019-07-12,1245,40932,0233,5,5,7,1942,0,0,0,B,0,2A17,BEVERLY BL,S RAMPART BL,12,W,N,A,-,N,NA,NA,NA,NA,NA,NA,NA,NA,NA,Y,4,0,1,2,A,-,09,21801,A,N,A,C,A,A,H,-,A,A,0,NA,NA,NA,NA,Y,Y,A,07,0,0,1,0,0,0,0,0,0,-,-,NA,NA,LOS ANGELES,LOS ANGELES,-118.27686309814452,34.06950759887695
8922909,2019,2019-08-22,1942,2019-07-28,1315,38139,1713,7,5,7,1942,0,0,0,Q,0,17A1,RINALDI BL,RESEDA,0,NA,Y,A,-,N,NA,NA,NA,NA,NA,NA,NA,NA,NA,Y,4,0,1,2,A,-,09,21801,A,N,D,C,A,A,H,-,A,D,0,NA,NA,NA,NA,Y,NA,-,NA,0,0,1,0,0,0,0,0,0,-,-,NA,NA,LOS ANGELES,LOS ANGELES,-118.5364227294922,34.276031494140625
8922910,2019,2019-09-09,1942,2019-07-18,1200,40800,1371,4,5,7,1942,0,0,0,M,0,13X31,54TH ST,MAIN ST,0,NA,Y,A,-,N,NA,NA,NA,NA,NA,NA,NA,NA,NA,N,4,0,1,2,A,-,12,21453,A,N,F,C,A,A,-,-,A,A,0,NA,NA,NA,NA,Y,NA,A,01,0,0,1,0,0,0,0,0,0,-,-,NA,NA,LOS ANGELES,LOS ANGELES,-118.2739715576172,33.99333190917969
8922911,2019,2019-08-22,1942,2019-07-20,1840,34426,0271,6,5,7,1942,0,0,0,B,0,2A75,OLYMPIC BL,HOOVER ST,0,NA,Y,A,-,N,NA,NA,NA,NA,NA,NA,NA,NA,NA,N,3,0,3,2,A,-,09,21801,A,N,D,C,A,A,H,-,A,A,0,NA,NA,NA,NA,Y,NA,A,01,0,1,2,0,0,0,0,0,0,-,-,NA,NA,LOS ANGELES,LOS ANGELES,-118.28421783447266,34.052398681640625
8922913,2019,2019-08-22,1942,2019-07-30,1520,33294,1792,2,5,7,1942,0,0,0,Q,0,35M36,ROSCOE BL,TAMPA AV,100,W,N,A,-,N,NA,NA,NA,NA,NA,NA,NA,NA,NA,Y,3,0,3,3,A,-,03,22350,NA,N,C,C,A,A,H,-,A,A,0,NA,NA,NA,NA,Y,NA,A,01,0,1,2,0,0,0,0,0,0,-,-,NA,NA,LOS ANGELES,LOS ANGELES,-118.55384063720705,34.22047424316406
8922914,2019,2019-08-22,1942,2019-07-19,0710,42926,1303,5,5,7,1942,0,0,0,M,0,13A13,S SAN PEDRO ST,E PICO BL,0,NA,N,A,-,N,NA,NA,NA,NA,NA,NA,NA,NA,NA,Y,3,0,2,2,A,-,05,21460,A,N,B,C,A,A,H,-,A,D,0,NA,NA,NA,NA,Y,NA,A,01,0,1,1,0,0,0,0,0,0,-,-,NA,NA,LOS ANGELES,LOS ANGELES,-118.25399780273438,34.03276824951172
8922915,2019,2019-08-22,1942,2019-07-18,2300,40289,0249,4,5,7,1942,0,0,0,B,0,2A69,INGRAHAM ST,S BEAUDRY AV,73,W,N,A,-,N,NA,NA,NA,NA,NA,NA,NA,NA,NA,Y,3,0,1,2,A,-,11,21954,A,N,G,B,D,A,H,-,C,D,0,Y,NA,NA,NA,Y,Y,N,60,0,1,0,0,1,0,0,0,0,-,-,NA,NA,LOS ANGELES,LOS ANGELES,-118.26230621337892,34.051231384277344
8922917,2019,2019-08-22,1942,2019-07-25,1205,36257,1762,4,5,7,1942,0,0,0,Q,0,NA,LASSEN ST,VARIEL AV,22,W,N,A,-,N,NA,NA,NA,NA,NA,NA,NA,NA,NA,Y,3,0,1,3,A,-,05,21460,A,N,A,C,A,A,H,-,A,A,0,NA,NA,Y,NA,Y,NA,A,01,0,1,0,0,0,0,0,0,0,-,-,NA,NA,LOS ANGELES,LOS ANGELES,-118.5930404663086,34.24998092651367
8922918,2019,2019-08-22,1942,2019-07-19,1815,37952,1321,5,5,7,1942,0,0,0,M,0,13A13,EAST WASHINGTON BL,S LOS ANGELES ST,0,NA,Y,A,-,N,NA,NA,NA,NA,NA,NA,NA,NA,NA,Y,3,0,5,2,A,-,17,21451,A,N,D,C,A,A,H,-,A,A,0,NA,NA,NA,NA,Y,NA,A,07,0,3,2,0,0,0,0,0,0,-,-,NA,NA,LOS ANGELES,LOS ANGELES,-118.26360321044922,34.030460357666016
8922919,2019,2019-08-22,1942,2019-07-16,1635,42932,0237,2,5,7,1942,0,0,0,B,0,2A39,BELMONT AV,ROCKWOOD ST,0,NA,Y,A,-,N,NA,NA,NA,NA,NA,NA,NA,NA,NA,Y,4,0,2,2,A,-,09,21801,A,N,B,C,A,A,H,-,A,D,0,NA,NA,NA,NA,Y,NA,A,01,0,0,2,0,0,0,0,0,0,-,-,NA,NA,LOS ANGELES,LOS ANGELES,-118.26304626464844,34.06462860107422
8922921,2019,2019-08-22,1942,2019-07-30,1630,41125,1764,2,5,7,1942,0,0,0,Q,0,17A81,PLUMMER ST,TAMPA AV,616,W,N,A,-,N,NA,NA,NA,NA,NA,NA,NA,NA,NA,N,4,0,2,2,A,-,09,21801,A,N,D,-,A,A,H,-,A,D,0,NA,NA,NA,NA,Y,NA,A,08,0,0,2,0,0,0,0,0,0,-,-,NA,NA,LOS ANGELES,LOS ANGELES,-118.55562591552734,34.24272918701172
8922922,2019,2019-08-22,1942,2019-07-19,1045,43531,1361,5,5,7,1942,0,0,0,M,0,13A63,47TH ST,BROADWAY,0,NA,Y,A,-,N,NA,NA,NA,NA,NA,NA,NA,NA,NA,N,4,0,1,2,A,-,10,21950,A,N,A,B,A,A,-,-,A,A,0,NA,Y,NA,NA,Y,NA,-,NA,0,0,1,0,0,0,1,0,0,-,-,NA,NA,LOS ANGELES,LOS ANGELES,-118.27835083007813,34.00107955932617
8922923,2019,2019-08-22,1942,2019-07-10,1710,42932,0281,3,5,7,1942,0,0,0,B,0,2A91,W 12TH ST,S ALVARADO ST,3,S,N,A,-,N,NA,NA,NA,NA,NA,NA,NA,NA,NA,N,3,0,1,2,A,-,10,21950,A,N,G,B,B,A,H,-,A,A,0,Y,NA,NA,NA,Y,NA,A,01,0,1,0,0,1,0,0,0,0,-,-,NA,NA,LOS ANGELES,LOS ANGELES,-118.28170776367188,34.04877471923828
8922925,2019,2019-08-22,1942,2019-07-26,1015,38399,1771,5,5,7,1942,0,0,0,Q,0,21TL63,PLUMMER ST,MASON AV,397,E,N,A,-,N,NA,NA,NA,NA,NA,NA,NA,NA,NA,Y,3,0,1,5,A,-,08,22107,NA,N,B,E,A,A,H,-,A,D,0,NA,NA,NA,NA,Y,NA,A,01,0,1,0,0,0,0,0,0,0,-,-,NA,NA,LOS ANGELES,LOS ANGELES,-118.57846832275392,34.24272155761719
8922926,2019,2019-08-22,1942,2019-07-19,2025,40325,1383,5,5,7,1942,0,0,0,M,0,13A93,SLAUSON AV,MAIN ST,0,NA,Y,A,-,N,NA,NA,NA,NA,NA,NA,NA,NA,NA,N,3,0,1,2,A,-,12,21453,A,N,D,C,A,A,H,-,C,A,0,NA,Y,NA,NA,Y,Y,-,-,0,1,0,0,0,0,1,0,0,-,-,NA,NA,LOS ANGELES,LOS ANGELES,-118.27394104003906,33.98920822143555
8922927,2019,2019-08-23,1942,2019-07-08,1345,42970,0257,1,5,7,1942,0,0,0,B,0,2A1,LOMA DR,6TH ST,0,NA,Y,A,-,N,NA,NA,NA,NA,NA,NA,NA,NA,NA,N,4,0,1,2,A,-,21,22106,NA,N,C,C,E,A,H,-,A,D,0,Y,NA,NA,NA,Y,NA,A,01,0,0,1,0,1,0,0,0,0,-,-,NA,NA,LOS ANGELES,LOS ANGELES,-118.26808166503906,34.056549072265625
8922929,2019,2019-08-22,1942,2019-07-04,1940,41274,1779,4,5,7,1942,0,0,0,Q,0,17A95,NORDHOFF ST,AQUEDUCT AV,150,E,N,A,-,N,NA,NA,NA,NA,NA,NA,NA,NA,NA,N,4,0,1,2,D,-,00,NA,NA,N,G,B,B,A,H,-,A,A,0,Y,NA,NA,NA,Y,NA,-,-,0,0,1,0,1,0,0,0,0,-,-,NA,NA,LOS ANGELES,LOS ANGELES,-118.4736557006836,34.23556137084961
8922930,2019,2019-08-22,1942,2019-07-20,1600,34426,1371,6,5,7,1942,0,0,0,M,0,13A85,W 52ND AV,S GRAND AV,0,NA,Y,A,-,N,NA,NA,NA,NA,NA,NA,NA,NA,NA,N,4,0,1,2,A,-,09,21802,A,N,E,I,A,A,H,-,A,A,0,NA,NA,NA,NA,Y,NA,A,07,0,0,1,0,0,0,0,0,0,-,-,NA,NA,LOS ANGELES,LOS ANGELES,-118.28008270263672,33.9957389831543
8922931,2019,2019-08-23,1942,2019-07-06,2330,43318,0211,6,5,7,1942,0,0,0,B,0,2A39,SANTA MONICA,VERMONT AV,0,NA,N,A,-,N,NA,NA,NA,NA,NA,NA,NA,NA,NA,N,4,0,2,2,A,-,09,21801,A,N,A,-,A,A,H,-,C,A,0,NA,NA,Y,NA,Y,NA,-,-,0,0,2,0,0,0,0,0,2,-,-,NA,NA,LOS ANGELES,LOS ANGELES,-118.29173278808594,34.09086990356445
8922933,2019,2019-09-20,1942,2019-07-31,0430,43673,1797,3,5,7,1942,0,0,0,Q,0,17A95,PARTHENIA ST,ODESSA AV,0,NA,Y,A,-,N,NA,NA,NA,NA,NA,NA,NA,NA,NA,Y,4,0,1,2,A,-,03,22350,NA,N,C,E,A,A,H,-,C,D,0,NA,NA,NA,NA,Y,NA,A,01,0,0,1,0,0,0,0,0,0,-,-,NA,NA,LOS ANGELES,LOS ANGELES,-118.49178314208984,34.228431701660156
8922934,2019,2019-08-22,1942,2019-07-20,1540,40275,1371,6,5,7,1942,0,0,0,M,0,13A85,S BROADWAY,W 58TH ST,0,NA,Y,A,-,N,NA,NA,NA,NA,NA,NA,NA,NA,NA,N,4,0,2,2,A,-,01,23152,A,N,C,C,A,A,H,-,A,D,0,NA,NA,NA,NA,Y,Y,A,07,0,0,2,0,0,0,0,0,0,-,-,NA,NA,LOS ANGELES,LOS ANGELES,-118.2782974243164,33.98973083496094
8922935,2019,2019-08-23,1942,2019-07-08,0710,40099,0211,1,5,7,1942,0,0,0,B,0,2A5,N VERMONT AV,ROSEWOOD AV,0,NA,Y,A,-,N,NA,NA,NA,NA,NA,NA,NA,NA,NA,N,4,0,1,2,A,-,10,21950,A,N,G,B,B,A,H,-,A,A,0,Y,NA,NA,NA,Y,NA,A,07,0,0,1,0,1,0,0,0,0,-,-,NA,NA,LOS ANGELES,LOS ANGELES,-118.2917022705078,34.07904052734375
8922937,2019,2019-08-22,1942,2019-07-26,2050,43066,1794,5,5,7,1942,0,0,0,Q,0,17A99,ROSCOE ST,LINDLEY AV,0,NA,Y,A,-,N,NA,NA,NA,NA,NA,NA,NA,NA,NA,Y,4,0,1,2,A,-,09,21801,A,N,A,C,A,A,H,-,B,A,0,NA,NA,NA,NA,Y,NA,A,01,0,0,1,0,0,0,0,0,0,-,-,NA,NA,LOS ANGELES,LOS ANGELES,-118.52735900878906,34.22085189819336
8922938,2019,2019-08-22,1942,2019-07-21,0745,36238,1393,7,5,7,1942,0,0,0,M,0,13A93,W GAGE AV,S BROADWAY ST,100,E,N,A,-,N,NA,NA,NA,NA,NA,NA,NA,NA,NA,N,3,0,1,2,A,-,06,21760,B,N,H,G,A,A,H,-,A,D,0,NA,Y,NA,NA,Y,NA,A,01,0,1,0,0,0,0,1,0,0,-,-,NA,NA,LOS ANGELES,LOS ANGELES,-118.27796936035156,33.98237609863281
8922939,2019,2019-08-23,1942,2019-07-06,2005,43305,0279,6,5,7,1942,0,0,0,B,0,2721,UNION AV,OLYMPIC BL,0,NA,Y,A,-,N,NA,NA,NA,NA,NA,NA,NA,NA,NA,N,4,0,1,2,A,-,08,22107,NA,F,B,C,A,A,-,-,C,A,0,NA,NA,NA,NA,Y,NA,-,99,0,0,1,0,0,0,0,0,0,-,-,NA,NA,LOS ANGELES,LOS ANGELES,-118.27422332763672,34.04920959472656
8922941,2019,2019-08-22,1942,2019-07-27,1715,43419,1775,6,5,7,1942,0,0,0,Q,0,17X22,PLUMMER ST,ENCINO AV,0,NA,Y,A,-,N,NA,NA,NA,NA,NA,NA,NA,NA,NA,NA,3,0,2,2,A,-,09,21800,A,N,D,C,A,A,H,-,A,A,0,NA,NA,NA,NA,Y,NA,-,NA,0,1,1,0,0,0,0,0,0,-,-,NA,NA,LOS ANGELES,LOS ANGELES,-118.51558685302734,34.243080139160156
8922942,2019,2019-08-22,1942,2019-07-21,0340,40325,1307,7,5,7,1942,0,0,0,M,0,13A9,7TH ST,CENTRAL AV,0,NA,Y,A,-,N,NA,NA,NA,NA,NA,NA,NA,NA,NA,Y,2,0,2,2,A,-,01,23152,A,N,D,C,A,A,H,-,C,A,0,NA,NA,NA,NA,Y,Y,A,01,1,1,0,0,0,0,0,0,0,-,-,NA,NA,LOS ANGELES,LOS ANGELES,-118.24117279052734,34.03676986694336
8922943,2019,2019-08-23,1942,2019-07-07,0020,42600,LOSAN,7,5,7,1942,0,0,0,NA,0,0236,BEVERLY BL,BENTON WY,0,NA,Y,A,-,N,NA,NA,NA,NA,NA,NA,NA,NA,NA,N,4,0,2,2,A,-,12,21453,A,F,B,C,A,A,H,-,C,D,0,NA,NA,NA,NA,Y,NA,-,-,0,0,2,0,0,0,0,0,0,-,-,NA,NA,LOS ANGELES,LOS ANGELES,-118.27765655517578,34.06986999511719
8922945,2019,2020-02-04,1942,2019-07-27,1055,43519,1738,6,5,7,1942,0,0,0,Q,0,17A49,RT 118,HAYVENHURST AV,0,NA,Y,A,-,Y,LA,7,118,-,R,8.515,R,4,W,N,3,0,2,2,A,-,09,21804,A,N,D,C,A,A,H,-,A,A,0,NA,NA,NA,NA,Y,NA,A,01,0,1,1,0,0,0,0,0,0,WF,-,NA,NA,LOS ANGELES,LOS ANGELES,-118.49161529541016,34.27350616455078
8922946,2019,2019-08-22,1942,2019-07-17,1940,43805,1395,3,5,7,1942,0,0,0,M,0,13A95,CENTRAL AV,GAGE AV,36,S,N,A,-,N,NA,NA,NA,NA,NA,NA,NA,NA,NA,N,3,0,2,2,A,-,12,21453,A,N,B,C,A,A,H,-,B,A,0,NA,NA,NA,NA,Y,NA,A,01,0,1,1,0,0,0,0,0,0,-,-,NA,NA,LOS ANGELES,LOS ANGELES,-118.25646209716795,33.9819221496582
8922947,2019,2019-08-23,1942,2019-07-07,1500,37952,0233,7,5,7,1942,0,0,0,B,0,2A17,W TEMPLE ST,N BENTON WY,0,NA,Y,A,-,N,NA,NA,NA,NA,NA,NA,NA,NA,NA,Y,4,0,1,2,A,-,12,21453,A,N,D,C,A,A,H,-,A,A,0,NA,NA,NA,NA,Y,NA,A,01,0,0,1,0,0,0,0,0,0,-,-,NA,NA,LOS ANGELES,LOS ANGELES,-118.27572631835938,34.072898864746094
8922949,2019,2019-08-22,1942,2019-07-14,2150,34906,1309,7,5,7,1942,0,0,0,M,0,13A9,SANTA FE AV,7TH PL,100,S,N,A,-,N,NA,NA,NA,NA,NA,NA,NA,NA,NA,Y,3,0,1,2,A,-,01,23152,A,N,B,C,A,A,H,-,D,D,0,NA,NA,NA,NA,Y,Y,A,01,0,1,0,0,0,0,0,0,0,-,-,NA,NA,LOS ANGELES,LOS ANGELES,-118.23003387451172,34.03330612182617
8922950,2019,2019-08-22,1942,2019-07-30,0900,38245,1307,2,5,7,1942,0,0,0,M,0,1A1,7TH ST,GLADYS ST,0,NA,Y,A,-,N,NA,NA,NA,NA,NA,NA,NA,NA,NA,NA,3,0,1,2,A,-,12,22450,A,N,D,G,A,A,H,-,A,D,0,NA,Y,NA,NA,Y,NA,L,04,0,1,0,0,0,0,1,0,0,-,-,NA,NA,LOS ANGELES,LOS ANGELES,-118.24391174316406,34.03868103027344
8922951,2019,2019-08-23,1942,2019-07-06,0630,38502,0231,6,5,7,1942,0,0,0,B,0,2A12,S VENDOME ST,BEVERLY BL,0,NA,Y,B,-,N,NA,NA,NA,NA,NA,NA,NA,NA,NA,N,3,0,1,2,A,-,09,21801,A,F,D,C,A,A,H,-,A,D,0,NA,NA,NA,NA,Y,NA,-,99,0,1,0,0,0,0,0,0,0,-,-,NA,NA,LOS ANGELES,LOS ANGELES,-118.28218841552734,34.07181167602539
8922953,2019,2019-08-22,1942,2019-07-15,1600,34426,1333,1,5,7,1942,0,0,0,M,0,13A43,S SAN PEDRO ST,E 30TH ST,0,NA,Y,A,-,N,NA,NA,NA,NA,NA,NA,NA,NA,NA,N,4,0,1,2,A,-,09,21804,A,N,D,G,A,A,H,-,A,D,0,NA,Y,NA,NA,Y,NA,A,01,0,0,1,0,0,0,1,0,0,-,-,NA,NA,LOS ANGELES,LOS ANGELES,-118.26335144042967,34.018409729003906
8922954,2019,2019-08-22,1942,2019-07-16,2500,25291,0236,2,5,7,1942,0,0,0,B,0,24T33,ALVARADO ST,BEVERLY BL,142,N,N,A,-,N,NA,NA,NA,NA,NA,NA,NA,NA,NA,Y,4,0,1,2,A,-,05,21650,NA,F,B,C,A,A,H,-,C,D,0,NA,NA,NA,NA,Y,NA,-,99,0,0,1,0,0,0,0,0,0,-,-,NA,NA,LOS ANGELES,LOS ANGELES,-118.27031707763672,34.06666946411133
8922957,2019,2019-08-22,1942,2019-07-15,1500,34458,1324,1,5,7,1942,0,0,0,M,0,13A27,E 25TH ST,S NAOMI AV,0,NA,Y,A,-,N,NA,NA,NA,NA,NA,NA,NA,NA,NA,N,4,0,2,3,A,-,09,21802,A,N,D,C,A,A,H,-,A,A,0,NA,NA,NA,NA,Y,NA,A,01,0,0,2,0,0,0,0,0,0,-,-,NA,NA,LOS ANGELES,LOS ANGELES,-118.25187683105467,34.018611907958984
8922958,2019,2020-06-16,1942,2019-07-05,0240,43146,4202,5,5,7,1942,0,0,0,NA,0,0265,W 7TH ST,ALVARADO ST,0,NA,Y,A,-,N,NA,NA,NA,NA,NA,NA,NA,NA,NA,N,2,0,1,2,A,-,05,21650,NA,N,D,J,A,A,H,-,C,A,0,NA,NA,Y,NA,Y,NA,C,03,1,0,0,0,0,0,0,0,1,-,-,NA,NA,LOS ANGELES,LOS ANGELES,-118.2768096923828,34.056480407714844
8922961,2019,2019-09-06,1907,2019-08-03,1438,241,1,6,5,4,1907,0,0,0,NA,0,NA,GAGE AV,BEAR AV,45,E,N,A,-,N,NA,NA,NA,NA,NA,NA,NA,NA,NA,N,4,0,2,2,A,-,03,22350,NA,N,C,C,A,A,H,-,A,D,0,NA,NA,NA,NA,Y,NA,A,01,0,0,2,0,0,0,0,0,0,-,-,33.97883987426758,-118.19741821289064,LOS ANGELES,BELL,-118.19763946533205,33.97914505004883
8922962,2019,2019-09-06,1956,2019-08-08,1247,1293,54,4,5,5,1956,0,0,0,NA,0,005,RUHLAND AV,PHELAN LN,160,E,N,A,-,N,NA,NA,NA,NA,NA,NA,NA,NA,NA,N,3,0,1,2,A,-,10,21950,A,N,G,B,B,A,H,-,A,D,0,Y,NA,NA,NA,Y,NA,A,07,0,1,0,0,1,0,0,0,0,-,-,NA,NA,LOS ANGELES,REDONDO BEACH,-118.3659210205078,33.87567138671875
8922963,2019,2019-09-06,1941,2019-08-10,0130,5895,NA,6,5,7,1941,0,0,0,NA,0,NA,CARSON ST,SHOPPING CENTER,4,W,N,A,-,N,NA,NA,NA,NA,NA,NA,NA,NA,NA,Y,4,0,2,2,A,-,07,21658,A,F,B,-,A,A,H,-,C,-,0,NA,NA,NA,NA,Y,NA,A,NA,0,0,2,0,0,0,0,0,0,-,-,NA,NA,LOS ANGELES,LONG BEACH,NA,NA
8922965,2019,2019-09-06,1907,2019-08-04,0606,235,1,7,5,4,1907,0,0,0,NA,0,NA,ATLANTIC AV,BECK,128,N,N,A,-,N,NA,NA,NA,NA,NA,NA,NA,NA,NA,Y,2,0,4,2,A,-,01,23153,G,F,C,C,A,A,H,-,A,D,0,NA,NA,NA,NA,Y,Y,A,01,1,3,0,0,0,0,0,0,0,-,-,33.9722900390625,-118.18791198730467,LOS ANGELES,BELL,-118.18785095214844,33.972618103027344
8922966,2019,2019-09-06,1956,2019-08-12,0915,1257,26,1,5,5,1956,0,0,0,NA,0,002,PROSPECT AV,DIAMOND ST,66,N,N,A,-,N,NA,NA,NA,NA,NA,NA,NA,NA,NA,N,4,0,1,2,A,-,05,21650,NA,N,A,G,A,A,H,-,A,D,0,NA,Y,NA,NA,Y,NA,L,04,0,0,1,0,0,0,1,0,0,-,-,NA,NA,LOS ANGELES,REDONDO BEACH,-118.37894439697266,33.85176467895508
8922967,2019,2019-09-26,1941,2019-08-10,0602,11128,NA,6,5,7,1941,0,0,0,NA,0,NA,CHERRY AV,10TH ST,155,N,N,A,-,N,NA,NA,NA,NA,NA,NA,NA,NA,NA,Y,4,0,1,3,A,-,07,21658,NA,N,B,E,A,A,H,-,A,A,0,NA,NA,NA,NA,Y,Y,A,NA,0,0,1,0,0,0,0,0,0,-,-,NA,NA,LOS ANGELES,LONG BEACH,-118.16766357421876,33.77938461303711
8922971,2019,2019-09-06,1941,2019-08-03,1150,11380,NA,6,5,7,1941,0,0,0,NA,0,NA,7TH ST,WEST CAMPUS DR,15,W,N,A,-,N,NA,NA,NA,NA,NA,NA,NA,NA,NA,Y,4,0,1,5,A,-,03,22350,NA,N,A,C,A,A,H,-,A,A,0,NA,NA,NA,NA,Y,Y,A,NA,0,0,1,0,0,0,0,0,0,-,-,NA,NA,LOS ANGELES,LONG BEACH,-118.11534881591795,33.775299072265625
8922975,2019,2019-09-06,1941,2019-08-02,1526,5771,NA,5,5,7,1941,0,0,0,NA,0,NA,LONG BEACH BL,RANDOLPH,96,N,N,A,-,N,NA,NA,NA,NA,NA,NA,NA,NA,NA,Y,4,0,1,2,A,-,03,22350,NA,N,C,C,A,A,H,-,A,D,0,NA,NA,NA,NA,Y,NA,A,NA,0,0,1,0,0,0,0,0,0,-,-,NA,NA,LOS ANGELES,LONG BEACH,-118.18934631347656,33.832462310791016
8922979,2019,2019-09-06,1941,2019-08-11,1414,11410,NA,7,5,7,1941,0,0,0,NA,0,NA,CHERRY AV,ARTESIA BL,149,S,N,A,-,N,NA,NA,NA,NA,NA,NA,NA,NA,NA,N,4,0,1,3,D,-,00,NA,NA,N,D,C,A,A,H,-,A,A,0,NA,NA,NA,NA,Y,NA,-,-,0,0,1,0,0,0,0,0,0,-,-,NA,NA,LOS ANGELES,LONG BEACH,-118.16866302490234,33.87430191040039