CASE_ID,ACCIDENT_YEAR,PROC_DATE,JURIS,COLLISION_DATE,COLLISION_TIME,OFFICER_ID,REPORTING_DISTRICT,DAY_OF_WEEK,CHP_SHIFT,POPULATION,CNTY_CITY_LOC,SPECIAL_COND,BEAT_TYPE,CHP_BEAT_TYPE,CITY_DIVISION_LAPD,CHP_BEAT_CLASS,BEAT_NUMBER,PRIMARY_RD,SECONDARY_RD,DISTANCE,DIRECTION,INTERSECTION,WEATHER_1,WEATHER_2,STATE_HWY_IND,CALTRANS_COUNTY,CALTRANS_DISTRICT,STATE_ROUTE,ROUTE_SUFFIX,POSTMILE_PREFIX,POSTMILE,LOCATION_TYPE,RAMP_INTERSECTION,SIDE_OF_HWY,TOW_AWAY,COLLISION_SEVERITY,NUMBER_KILLED,NUMBER_INJURED,PARTY_COUNT,PRIMARY_COLL_FACTOR,PCF_CODE_OF_VIOL,PCF_VIOL_CATEGORY,PCF_VIOLATION,PCF_VIOL_SUBSECTION,HIT_AND_RUN,TYPE_OF_COLLISION,MVIW,PED_ACTION,ROAD_SURFACE,ROAD_COND_1,ROAD_COND_2,LIGHTING,CONTROL_DEVICE,CHP_ROAD_TYPE,PEDESTRIAN_ACCIDENT,BICYCLE_ACCIDENT,MOTORCYCLE_ACCIDENT,TRUCK_ACCIDENT,NOT_PRIVATE_PROPERTY,ALCOHOL_INVOLVED,STWD_VEHTYPE_AT_FAULT,CHP_VEHTYPE_AT_FAULT,COUNT_SEVERE_INJ,COUNT_VISIBLE_INJ,COUNT_COMPLAINT_PAIN,COUNT_PED_KILLED,COUNT_PED_INJURED,COUNT_BICYCLIST_KILLED,COUNT_BICYCLIST_INJURED,COUNT_MC_KILLED,COUNT_MC_INJURED,PRIMARY_RAMP,SECONDARY_RAMP,LATITUDE,LONGITUDE,COUNTY,CITY,POINT_X,POINT_Y
8925458,2019,2019-09-04,1942,2019-08-19,2200,41978,0625,1,5,7,1942,0,0,0,F,0,6A31,CAHUENGA BL,PILGRIMAGE BRIDGE,200,N,N,A,-,N,NA,NA,NA,NA,NA,NA,NA,NA,NA,Y,4,0,1,2,A,-,03,22350,NA,N,C,C,A,A,H,-,C,D,0,NA,NA,NA,NA,Y,NA,A,01,0,0,1,0,0,0,0,0,0,-,-,NA,NA,LOS ANGELES,LOS ANGELES,-118.33318328857422,34.11207962036133
8925461,2019,2019-09-04,1942,2019-08-16,1345,35945,0787,5,5,7,1942,0,0,0,G,0,7A85,CRENSHAW BL,WASHINGTON BL,200,S,N,A,-,N,NA,NA,NA,NA,NA,NA,NA,NA,NA,Y,4,0,1,3,A,-,07,21658,A,N,B,C,A,A,H,-,A,A,0,NA,NA,NA,NA,Y,NA,A,01,0,0,1,0,0,0,0,0,0,-,-,NA,NA,LOS ANGELES,LOS ANGELES,-118.33135223388672,34.039363861083984
8925462,2019,2019-09-19,1942,2019-08-01,1745,43506,0656,4,5,7,1942,0,0,0,F,0,6A48,SANTA MONICA BL,COLE AV,0,NA,N,A,-,N,NA,NA,NA,NA,NA,NA,NA,NA,NA,N,4,0,1,2,A,-,00,21235,B,N,B,J,A,A,E,-,B,D,0,NA,NA,NA,NA,Y,Y,M,94,0,0,1,0,0,0,0,0,0,-,-,NA,NA,LOS ANGELES,LOS ANGELES,-118.32990264892578,34.09074020385742
8925465,2019,2019-09-04,1942,2019-08-17,0650,41376,0762,6,5,7,1942,0,0,0,G,0,7A53,PICO BL,S CRESCENT HEIGHTS BL,0,NA,Y,A,-,N,NA,NA,NA,NA,NA,NA,NA,NA,NA,Y,3,0,4,2,A,-,12,21453,A,N,D,C,A,A,H,-,A,A,0,NA,NA,NA,NA,Y,NA,A,01,0,1,3,0,0,0,0,0,0,-,-,NA,NA,LOS ANGELES,LOS ANGELES,-118.37210083007813,34.05253982543945
8925466,2019,2019-09-19,1942,2019-08-05,1820,41675,NA,1,5,7,1942,0,0,0,NA,0,7A22W4,CLOVERDALE AV,SAN VICENTE BL,0,NA,-,A,-,N,NA,NA,NA,NA,NA,NA,NA,NA,NA,N,3,0,1,2,A,-,17,21235,G,N,D,J,A,A,H,-,A,D,0,NA,NA,NA,NA,Y,NA,M,94,0,1,0,0,0,0,0,0,0,-,-,NA,NA,LOS ANGELES,LOS ANGELES,-118.34993743896484,34.052181243896484
8925469,2019,2019-09-24,1942,2019-08-17,1610,43906,0721,6,5,7,1942,0,0,0,G,0,7A47,BURTON WY,WILLAMAN DR,0,NA,Y,A,-,N,NA,NA,NA,NA,NA,NA,NA,NA,NA,Y,3,0,4,2,A,-,09,21801,A,N,A,C,A,A,H,-,A,A,0,NA,NA,NA,NA,Y,NA,A,01,0,2,2,0,0,0,0,0,0,-,-,NA,NA,LOS ANGELES,LOS ANGELES,-118.38059997558594,34.072349548339844
8925470,2019,2019-09-04,1942,2019-08-16,1520,40941,0891,5,5,7,1942,0,0,0,H,0,8G1,W PICO BL,S WESTGATE AV,0,NA,Y,A,-,N,NA,NA,NA,NA,NA,NA,NA,NA,NA,N,3,0,1,2,A,-,08,22107,NA,N,A,C,A,A,H,-,A,D,0,NA,NA,NA,NA,Y,NA,M,94,0,1,0,0,0,0,0,0,0,-,-,NA,NA,LOS ANGELES,LOS ANGELES,-118.44915771484376,34.02989959716797
8925473,2019,2019-09-03,1942,2019-08-16,1725,41129,0777,5,5,7,1942,0,0,0,G,0,7A85,WEST BL,16TH ST,19,S,N,A,-,N,NA,NA,NA,NA,NA,NA,NA,NA,NA,Y,4,0,1,2,A,-,09,21802,B,N,-,C,A,-,H,-,A,A,0,NA,NA,NA,NA,Y,NA,A,01,0,0,1,0,0,0,0,0,0,-,-,NA,NA,LOS ANGELES,LOS ANGELES,-118.33477020263672,34.045989990234375
8925474,2019,2019-09-04,1942,2019-08-10,1930,40209,0762,6,5,7,1942,0,0,0,G,0,7A53,LA CIENEGA BL,PICO BL,0,NA,Y,A,-,N,NA,NA,NA,NA,NA,NA,NA,NA,NA,Y,3,0,1,2,A,-,08,22100,A,N,B,C,A,A,H,-,A,A,0,NA,NA,Y,NA,Y,NA,A,01,0,1,0,0,0,0,0,0,1,-,-,NA,NA,LOS ANGELES,LOS ANGELES,-118.37616729736328,34.053340911865234
8925477,2019,2019-09-03,1942,2019-08-20,0720,37966,0736,2,5,7,1942,0,0,0,G,0,7A17,W 4TH ST,S DETROIT ST,0,NA,Y,A,-,N,NA,NA,NA,NA,NA,NA,NA,NA,NA,N,4,0,1,2,A,-,10,21950,A,N,G,B,B,A,H,-,A,A,0,Y,NA,NA,NA,Y,NA,A,01,0,0,1,0,1,0,0,0,0,-,-,NA,NA,LOS ANGELES,LOS ANGELES,-118.34515380859376,34.066890716552734
8925478,2019,2019-09-04,1942,2019-08-14,0745,33169,0743,3,5,7,1942,0,0,0,G,0,7A33,GENESEE AV,OLYMPIC BL,70,N,N,A,-,N,NA,NA,NA,NA,NA,NA,NA,NA,NA,N,4,0,1,2,A,-,10,21952,NA,N,A,B,F,A,H,-,A,D,0,Y,NA,NA,NA,Y,NA,A,01,0,0,1,0,1,0,0,0,0,-,-,NA,NA,LOS ANGELES,LOS ANGELES,-118.36077880859376,34.05787658691406
8925481,2019,2019-09-03,1942,2019-08-20,1855,41957,0765,2,5,7,1942,0,0,0,G,0,7A47,VENICE BL,S REDONDO BL,0,NA,Y,A,-,N,NA,NA,NA,NA,NA,NA,NA,NA,NA,Y,3,0,2,2,A,-,09,21801,A,N,D,C,A,A,H,-,A,A,0,NA,NA,NA,NA,Y,NA,A,01,0,1,1,0,0,0,0,0,0,-,-,NA,NA,LOS ANGELES,LOS ANGELES,-118.35043334960938,34.04512023925781
8925482,2019,2019-09-04,1942,2019-08-08,1155,42901,0715,4,5,7,1942,0,0,0,G,0,7A1,BEVERLY BL,DETROIT ST,0,NA,Y,A,-,N,NA,NA,NA,NA,NA,NA,NA,NA,NA,N,3,0,1,2,A,-,05,21650,1,N,H,G,A,A,H,-,A,A,0,NA,Y,NA,NA,Y,NA,L,04,0,1,0,0,0,0,1,0,0,-,-,NA,NA,LOS ANGELES,LOS ANGELES,-118.3451690673828,34.076171875
8925485,2019,2019-09-03,1942,2019-08-13,1510,42656,0773,2,5,7,1942,0,0,0,G,0,7A73,S BURNSIDE AV,WEST WASHINGTON BL,0,NA,Y,A,-,N,NA,NA,NA,NA,NA,NA,NA,NA,NA,Y,2,0,2,2,A,-,09,21802,A,N,A,C,A,A,H,-,A,A,0,NA,NA,Y,NA,Y,Y,A,07,1,0,1,0,0,0,0,0,1,-,-,NA,NA,LOS ANGELES,LOS ANGELES,-118.35777282714844,34.040409088134766
8925486,2019,2019-09-04,1942,2019-08-08,1920,38801,NA,4,5,7,1942,0,0,0,NA,0,7A76,PICO BL,LA BREA AV,0,NA,Y,A,-,N,NA,NA,NA,NA,NA,NA,NA,NA,NA,Y,4,0,2,2,A,-,09,21801,A,N,A,C,A,A,H,-,A,A,0,NA,NA,NA,NA,Y,NA,-,NA,0,0,2,0,0,0,0,0,0,-,-,NA,NA,LOS ANGELES,LOS ANGELES,-118.34465789794922,34.047889709472656
8925489,2019,2019-09-04,1942,2019-08-20,0955,37966,0774,2,5,7,1942,0,0,0,G,0,7A85,S LA BREA AV,SAINT ELMO DR,0,NA,Y,A,-,N,NA,NA,NA,NA,NA,NA,NA,NA,NA,Y,4,0,2,2,A,-,09,21801,A,N,D,C,A,A,H,-,A,D,0,NA,NA,NA,NA,Y,NA,A,01,0,0,2,0,0,0,0,0,0,-,-,NA,NA,LOS ANGELES,LOS ANGELES,-118.34603118896484,34.0442008972168
8925490,2019,2019-09-04,1942,2019-08-08,1520,43263,0758,4,5,7,1942,0,0,0,G,0,7A53,OLYMPIC BL,RIMPAU BL,0,NA,Y,A,-,N,NA,NA,NA,NA,NA,NA,NA,NA,NA,N,3,0,1,2,A,-,09,21801,A,N,D,C,A,A,H,-,A,A,0,NA,NA,NA,NA,Y,NA,A,01,0,1,0,0,0,0,0,0,0,-,-,NA,NA,LOS ANGELES,LOS ANGELES,-118.33373260498048,34.05690002441406
8925493,2019,2019-09-04,1942,2019-08-12,1400,43874,0776,1,5,7,1942,0,0,0,G,0,20A16,OLYMPIC BL,RIMPAU,0,NA,Y,A,-,N,NA,NA,NA,NA,NA,NA,NA,NA,NA,NA,3,0,1,3,A,-,09,21801,A,N,A,C,A,A,H,-,A,A,0,NA,NA,NA,NA,Y,Y,A,01,0,1,0,0,0,0,0,0,0,-,-,NA,NA,LOS ANGELES,LOS ANGELES,-118.33373260498048,34.05690002441406
8925494,2019,2019-09-04,1942,2019-08-07,1535,42618,0765,3,5,7,1942,0,0,0,G,0,7A47,S LA BREA AV,DOCKWEILER ST,50,S,N,A,-,N,NA,NA,NA,NA,NA,NA,NA,NA,NA,N,4,0,1,2,A,-,09,21801,A,N,D,C,A,A,H,-,A,D,0,NA,NA,NA,NA,Y,NA,A,01,0,0,1,0,0,0,0,0,0,-,-,NA,NA,LOS ANGELES,LOS ANGELES,-118.34418487548828,34.051918029785156
8925497,2019,2019-09-04,1942,2019-08-13,1740,38801,LA,2,5,7,1942,0,0,0,NA,0,7A76,3RD ST,MARTEL AV,0,NA,Y,A,-,N,NA,NA,NA,NA,NA,NA,NA,NA,NA,Y,4,0,1,4,A,-,12,21453,A,N,D,C,A,A,H,-,A,A,0,NA,NA,NA,NA,Y,NA,A,01,0,0,1,0,0,0,0,0,0,-,-,NA,NA,LOS ANGELES,LOS ANGELES,-118.35108184814452,34.06991958618164
8925498,2019,2019-09-04,1942,2019-08-17,1820,39655,0737,6,5,7,1942,0,0,0,G,0,7A33,WILSHIRE BL,S LA BREA AV,27,W,N,A,-,N,NA,NA,NA,NA,NA,NA,NA,NA,NA,N,3,0,1,2,A,-,08,22107,NA,F,H,G,A,A,H,-,A,A,0,NA,Y,NA,NA,Y,NA,-,99,0,1,0,0,0,0,1,0,0,-,-,NA,NA,LOS ANGELES,LOS ANGELES,-118.34413909912108,34.06219482421875
8925501,2019,2019-09-03,1942,2019-08-08,0250,42837,LA,4,5,7,1942,0,0,0,NA,0,7A33,W OLYMPIC BL,W OLYMPIC BL 6127,0,NA,Y,A,-,N,NA,NA,NA,NA,NA,NA,NA,NA,NA,Y,4,0,1,2,A,-,03,22350,NA,N,C,E,A,A,H,-,C,A,0,NA,NA,NA,NA,Y,NA,A,01,0,0,1,0,0,0,0,0,0,-,-,NA,NA,LOS ANGELES,LOS ANGELES,-118.364897,34.058306
8925502,2019,2019-09-04,1942,2019-08-01,0805,41740,782,4,5,7,1942,0,0,0,NA,0,7A85W2,LA CIENEGA BL,18TH ST,0,NA,-,A,-,N,NA,NA,NA,NA,NA,NA,NA,NA,NA,N,3,0,1,2,A,-,09,21801,A,N,H,A,A,A,H,-,A,D,0,NA,NA,Y,NA,Y,NA,A,01,0,1,0,0,0,0,0,0,1,-,-,NA,NA,LOS ANGELES,LOS ANGELES,-118.37683868408205,34.04450988769531
8925505,2019,2019-09-03,1942,2019-08-11,2045,41744,0719,7,5,7,1942,0,0,0,G,0,7A17,BEVERLY BL,ROSSMORE AV,75,W,N,A,-,N,NA,NA,NA,NA,NA,NA,NA,NA,NA,Y,4,0,1,2,A,-,03,22350,NA,N,C,C,A,A,H,-,C,A,0,NA,NA,NA,NA,Y,NA,A,07,0,0,1,0,0,0,0,0,0,-,-,NA,NA,LOS ANGELES,LOS ANGELES,-118.3274154663086,34.07598114013672
8925506,2019,2019-09-04,1942,2019-08-10,1300,37966,0727,6,5,7,1942,0,0,0,G,0,7A17,S HIGHLAND AV,W 3RD ST,0,NA,Y,A,-,N,NA,NA,NA,NA,NA,NA,NA,NA,NA,Y,3,0,2,2,A,-,09,21801,A,N,D,C,A,A,H,-,A,A,0,NA,NA,NA,NA,Y,NA,A,01,0,2,0,0,0,0,0,0,0,-,-,NA,NA,LOS ANGELES,LOS ANGELES,-118.33863830566406,34.06890869140625
8925509,2019,2019-09-03,1942,2019-08-10,1320,39449,0777,6,5,7,1942,0,0,0,G,0,7A34,VENICE,CRENSHAW BL,15,E,N,A,-,N,NA,NA,NA,NA,NA,NA,NA,NA,NA,N,4,0,1,2,A,-,11,21956,A,N,A,B,D,A,H,-,A,A,0,Y,NA,NA,NA,Y,NA,N,60,0,0,1,0,1,0,0,0,0,-,-,NA,NA,LOS ANGELES,LOS ANGELES,-118.32836151123048,34.04468536376953
8925510,2019,2019-09-04,1942,2019-08-16,0940,37966,0727,5,5,7,1942,0,0,0,G,0,7A17,W 1ST ST,N SYCAMORE AV,85,W,N,A,-,N,NA,NA,NA,NA,NA,NA,NA,NA,NA,Y,3,0,1,2,A,-,09,21804,A,N,D,C,A,A,H,-,A,D,0,NA,NA,NA,NA,Y,NA,A,07,0,1,0,0,0,0,0,0,0,-,-,NA,NA,LOS ANGELES,LOS ANGELES,-118.34320068359376,34.07357406616211
8925513,2019,2019-09-03,1942,2019-08-09,2045,37888,0701,5,5,7,1942,0,0,0,G,0,7A17,MELROSE AV,MELROSE AV 8162,0,NA,Y,A,-,N,NA,NA,NA,NA,NA,NA,NA,NA,NA,N,3,0,1,2,A,-,11,21954,A,N,G,B,E,A,H,-,D,D,0,Y,NA,NA,NA,Y,Y,N,60,0,1,0,0,1,0,0,0,0,-,-,NA,NA,LOS ANGELES,LOS ANGELES,NA,NA
8925514,2019,2019-09-04,1942,2019-08-09,1235,43906,0737,5,5,7,1942,0,0,0,G,0,7A47,6TH ST,ORANGE DR,10,S,N,A,-,N,NA,NA,NA,NA,NA,NA,NA,NA,NA,Y,3,0,3,3,A,-,09,21802,A,N,D,C,A,A,H,-,A,D,0,NA,NA,NA,NA,Y,NA,A,01,0,1,2,0,0,0,0,0,0,-,-,NA,NA,LOS ANGELES,LOS ANGELES,-118.34187316894533,34.064918518066406
8925517,2019,2019-09-03,1942,2019-08-02,1635,43159,0743,5,5,7,1942,0,0,0,G,0,7A21,SIERRA BONITA AV,OLYMPIC BL,0,NA,Y,A,-,N,NA,NA,NA,NA,NA,NA,NA,NA,NA,Y,4,0,1,2,A,-,09,21801,A,N,B,C,A,A,H,-,A,D,0,NA,NA,NA,NA,Y,NA,A,01,0,0,1,0,0,0,0,0,0,-,-,NA,NA,LOS ANGELES,LOS ANGELES,-118.35595703125,34.05744171142578
8925518,2019,2019-09-04,1942,2019-08-12,1430,34251,0705,1,5,7,1942,0,0,0,G,0,7A1,MELROSE AV,FORMOSA AV,50,N,N,A,-,N,NA,NA,NA,NA,NA,NA,NA,NA,NA,N,4,0,1,2,A,-,04,21703,NA,N,C,C,A,A,H,-,A,A,0,NA,NA,NA,NA,Y,NA,A,01,0,0,1,0,0,0,0,0,0,-,-,NA,NA,LOS ANGELES,LOS ANGELES,-118.34625244140624,34.083499908447266
8925529,2019,2019-09-05,1942,2019-08-02,0720,41629,0151,5,5,7,1942,0,0,0,A,0,1A41,W 6TH ST,S FIGUEROA ST,0,NA,Y,A,-,N,NA,NA,NA,NA,NA,NA,NA,NA,NA,N,3,0,1,2,A,-,08,22100,B,N,D,C,A,A,H,-,A,D,0,NA,NA,NA,NA,Y,NA,A,01,0,1,0,0,0,0,0,0,0,-,-,NA,NA,LOS ANGELES,LOS ANGELES,-118.25856018066406,34.050819396972656
8925531,2019,2020-01-31,1942,2019-08-11,1300,42901,822,7,5,7,1942,0,0,0,NA,0,8T26W4,PACIFIC COAST HWY,BAY CLUB DR,25,S,N,A,-,Y,LA,7,1,-,-,38.73,H,-,N,Y,4,0,2,2,A,-,03,22350,NA,N,C,C,A,A,H,-,A,B,0,NA,NA,NA,NA,Y,NA,A,07,0,0,2,0,0,0,0,0,0,-,-,NA,NA,LOS ANGELES,LOS ANGELES,-118.5456771850586,34.039649963378906
8925533,2019,2019-09-05,1942,2019-08-03,0205,39062,0111,6,5,7,1942,0,0,0,A,0,1A1,NORTH MAIN ST,N ALAMEDA ST,25,W,N,A,-,N,NA,NA,NA,NA,NA,NA,NA,NA,NA,Y,3,0,1,1,A,-,01,23152,A,N,E,I,A,A,H,-,C,A,0,NA,NA,NA,NA,Y,Y,A,01,0,1,0,0,0,0,0,0,0,-,-,NA,NA,LOS ANGELES,LOS ANGELES,-118.23698425292967,34.05897903442383
8925535,2019,2019-09-04,1942,2019-08-14,0900,43371,0835,3,5,7,1942,0,0,0,H,0,8A35,W OLYMPIC BL,VETERAN AV,0,NA,Y,A,-,N,NA,NA,NA,NA,NA,NA,NA,NA,NA,N,4,0,1,2,A,-,09,21801,A,N,-,C,A,-,H,-,A,D,0,NA,NA,NA,NA,Y,NA,A,01,0,0,1,0,0,0,0,0,0,-,-,NA,NA,LOS ANGELES,LOS ANGELES,-118.43446350097656,34.04227828979492
8925537,2019,2019-09-05,1942,2019-08-02,2030,33452,0192,5,5,7,1942,0,0,0,A,0,1A85,S HILL ST,W 18TH ST,0,NA,Y,A,-,N,NA,NA,NA,NA,NA,NA,NA,NA,NA,N,4,0,4,2,A,-,12,21453,A,N,D,C,A,A,H,-,C,A,0,NA,NA,NA,NA,Y,NA,-,-,0,0,4,0,0,0,0,0,0,-,-,NA,NA,LOS ANGELES,LOS ANGELES,-118.26570892333984,34.03327178955078
8925539,2019,2019-09-09,1942,2019-08-16,1605,41288,0835,5,5,7,1942,0,0,0,H,0,8A12,OLYMPIC,CAMDEN,0,NA,-,A,-,N,NA,NA,NA,NA,NA,NA,NA,NA,NA,Y,4,0,1,2,A,-,09,21801,A,N,D,C,A,A,H,-,A,D,0,NA,NA,NA,NA,Y,NA,A,07,0,0,1,0,0,0,0,0,0,-,-,NA,NA,LOS ANGELES,LOS ANGELES,-118.43620300292967,34.04124069213867
8925541,2019,2019-09-05,1942,2019-08-01,1135,40099,0195,4,5,7,1942,0,0,0,A,0,1A85,S LOS ANGELES ST,EAST 15TH ST,0,NA,Y,A,-,N,NA,NA,NA,NA,NA,NA,NA,NA,NA,Y,4,0,5,2,A,-,09,21802,A,N,D,C,A,A,H,-,A,A,0,NA,NA,NA,NA,Y,NA,A,01,0,0,5,0,0,0,0,0,0,-,-,NA,NA,LOS ANGELES,LOS ANGELES,-118.26097869873048,34.033729553222656
8925543,2019,2019-09-04,1942,2019-08-12,1155,42655,0855,1,5,7,1942,0,0,0,H,0,8XL2,WILSHIRE BL,SEPULVEDA BL,900,W,N,A,-,N,NA,NA,NA,NA,NA,NA,NA,NA,NA,N,4,0,1,2,A,-,08,22107,NA,N,H,C,A,A,H,-,A,D,0,NA,NA,NA,Y,Y,NA,F,26,0,0,1,0,0,0,0,0,0,-,-,NA,NA,LOS ANGELES,LOS ANGELES,-118.45204162597656,34.05585861206055
8925545,2019,2019-09-05,1942,2019-08-04,0830,38502,0912,7,5,7,1942,0,0,0,I,0,13A13,WEST WASHINGTON BL,S HILL ST,30,W,N,A,-,N,NA,NA,NA,NA,NA,NA,NA,NA,NA,N,4,0,1,2,A,-,07,21658,A,N,C,C,A,A,H,-,A,D,0,NA,NA,NA,NA,Y,NA,A,08,0,0,1,0,0,0,0,0,0,-,-,NA,NA,LOS ANGELES,LOS ANGELES,-118.2668685913086,34.03195571899414
8925547,2019,2019-09-11,1942,2019-08-12,0250,42987,0836,1,5,7,1942,0,0,0,H,0,88L3,SANTA MONICA BL,PELHAM AV,0,NA,Y,A,-,N,NA,NA,NA,NA,NA,NA,NA,NA,NA,N,3,0,1,1,A,-,08,22107,NA,N,E,I,A,A,H,-,C,A,0,NA,NA,NA,NA,Y,NA,D,22,0,1,0,0,0,0,0,0,0,-,-,NA,NA,LOS ANGELES,LOS ANGELES,-118.43192291259766,34.05189895629883
8925549,2019,2019-09-05,1942,2019-08-05,1505,34426,0195,1,5,7,1942,0,0,0,A,0,1A85,S BROADWAY,W 17TH ST,0,NA,Y,A,-,N,NA,NA,NA,NA,NA,NA,NA,NA,NA,Y,4,0,2,2,A,-,09,21801,A,N,A,C,A,A,H,-,A,A,0,NA,NA,NA,NA,Y,NA,A,01,0,0,2,0,0,0,0,0,0,-,-,NA,NA,LOS ANGELES,LOS ANGELES,-118.26416015625,34.03342819213867
8925557,2019,2019-09-05,1942,2019-08-02,1130,39759,0122,5,5,7,1942,0,0,0,A,0,1A1,NORTH FIGUEROA ST,W TEMPLE ST,0,NA,Y,A,-,N,NA,NA,NA,NA,NA,NA,NA,NA,NA,N,3,0,1,2,A,-,12,21453,A,N,D,C,A,A,H,-,A,A,0,NA,NA,NA,NA,Y,NA,A,01,0,1,0,0,0,0,0,0,0,-,-,NA,NA,LOS ANGELES,LOS ANGELES,-118.24845123291016,34.05984115600586
8925561,2019,2019-09-05,1942,2019-08-04,0225,32297,0271,7,5,7,1942,0,0,0,B,0,20A45,OLYMPIC BL,HOOVER CT,22,E,N,A,-,N,NA,NA,NA,NA,NA,NA,NA,NA,NA,Y,4,0,1,2,A,-,05,21460,A,F,A,C,A,A,H,-,C,A,0,NA,NA,NA,NA,Y,NA,A,01,0,0,1,0,0,0,0,0,0,-,-,NA,NA,LOS ANGELES,LOS ANGELES,-118.28414916992188,34.052398681640625
8925565,2019,2019-10-29,1942,2019-08-09,1220,38050,0176,5,5,7,1942,0,0,0,A,0,13A9,E 8TH ST,S SAN PEDRO ST,40,NA,N,A,-,N,NA,NA,NA,NA,NA,NA,NA,NA,NA,N,1,1,0,2,A,-,05,21651,A,N,G,B,E,A,H,-,A,D,0,Y,NA,NA,NA,Y,NA,A,08,0,0,0,1,0,0,0,0,0,-,-,NA,NA,LOS ANGELES,LOS ANGELES,-118.24909210205078,34.03847885131836
8925569,2019,2019-09-05,1942,2019-08-05,1330,38502,NA,1,5,7,1942,0,0,0,NA,0,NA,CESAR E CHAVEZ AV,UNION STATION DRIVE WY,65,NA,N,A,-,N,NA,NA,NA,NA,NA,NA,NA,NA,NA,N,4,0,1,2,A,-,03,22350,NA,N,C,C,A,A,H,-,A,D,0,NA,NA,NA,NA,Y,NA,A,01,0,0,1,0,0,0,0,0,0,-,-,NA,NA,LOS ANGELES,LOS ANGELES,-118.23593,34.05776
8925570,2019,2019-09-10,1924,2019-08-09,1513,80460,G3,5,5,5,1924,0,0,0,NA,0,002,EL SEGUNDO BL,DENKER AV,330,W,N,A,-,N,NA,NA,NA,NA,NA,NA,NA,NA,NA,N,4,0,1,2,A,-,09,21804,A,N,B,C,A,A,H,-,A,D,0,NA,NA,NA,Y,Y,NA,A,01,0,0,1,0,0,0,0,0,0,-,-,33.91643142700195,-118.3044891357422,LOS ANGELES,GARDENA,-118.30565643310548,33.916439056396484
8925573,2019,2019-09-05,1942,2019-08-14,1720,34458,0133,3,5,7,1942,0,0,0,A,0,1A1,S BROADWAY,W 2ND ST,200,S,N,A,-,N,NA,NA,NA,NA,NA,NA,NA,NA,NA,N,4,0,1,2,A,-,05,21650,1,N,H,G,A,A,H,-,A,D,0,NA,Y,NA,NA,Y,NA,L,04,0,0,1,0,0,0,1,0,0,-,-,NA,NA,LOS ANGELES,LOS ANGELES,-118.24710083007813,34.05197525024414
8925576,2019,2019-09-06,1900,2019-07-30,1015,520746,0454,2,5,6,1949,0,0,0,NA,0,43T1/D,ROSECRANS AV,BEST AV,97,W,N,A,-,N,NA,NA,NA,NA,NA,NA,NA,NA,NA,Y,3,0,1,3,A,-,01,23152,NA,N,C,C,A,A,H,-,A,A,0,NA,NA,NA,NA,Y,Y,A,01,0,1,0,0,0,0,0,0,0,-,-,NA,NA,LOS ANGELES,NORWALK,-118.0446319580078,33.90248489379883
8925577,2019,2019-09-05,1942,2019-08-13,1530,40275,0159,2,5,7,1942,0,0,0,A,0,1A29,EAST 6TH ST,S ALAMEDA ST,0,NA,Y,A,-,N,NA,NA,NA,NA,NA,NA,NA,NA,NA,Y,4,0,1,2,A,-,09,21801,A,N,D,C,A,A,H,-,A,D,0,NA,NA,NA,NA,Y,NA,A,01,0,0,1,0,0,0,0,0,0,-,-,NA,NA,LOS ANGELES,LOS ANGELES,-118.23841857910156,34.03818893432617
8925581,2019,2019-09-05,1942,2019-08-12,2110,31713,0195,1,5,7,1942,0,0,0,A,0,1A61,VENICE BL,S HILL ST,0,NA,Y,A,-,N,NA,NA,NA,NA,NA,NA,NA,NA,NA,Y,3,0,2,2,A,-,12,21453,A,N,D,-,A,A,H,-,C,A,0,NA,NA,NA,NA,Y,NA,A,01,0,2,0,0,0,0,0,0,0,-,-,NA,NA,LOS ANGELES,LOS ANGELES,-118.26455688476564,34.03472137451172
8925585,2019,2019-09-05,1942,2019-08-08,1500,40275,0182,4,5,7,1942,0,0,0,A,0,1A61,S HOPE ST,W 11TH ST,125,S,N,A,-,N,NA,NA,NA,NA,NA,NA,NA,NA,NA,Y,3,0,2,2,A,-,09,21801,A,N,A,C,A,A,H,-,A,D,0,NA,NA,Y,NA,Y,NA,A,01,0,1,1,0,0,0,0,0,1,-,-,NA,NA,LOS ANGELES,LOS ANGELES,-118.26329803466795,34.041988372802734
8925589,2019,2019-09-05,1942,2019-08-08,1030,41629,0153,4,5,7,1942,0,0,0,A,0,1A41,S SPRING ST,W 6TH ST,263,S,N,A,-,N,NA,NA,NA,NA,NA,NA,NA,NA,NA,N,3,0,1,2,A,-,11,21956,A,N,G,B,E,A,H,-,A,D,0,Y,NA,NA,NA,Y,NA,N,60,0,1,0,0,1,0,0,0,0,-,-,NA,NA,LOS ANGELES,LOS ANGELES,-118.25152587890624,34.04539108276367
8925593,2019,2019-09-05,1942,2019-08-05,1105,38502,0159,1,5,7,1942,0,0,0,A,0,1A29,EAST 4TH ST,W MERRICK ST,130,NA,N,A,-,N,NA,NA,NA,NA,NA,NA,NA,NA,NA,N,4,0,1,2,A,-,07,21658,A,F,G,C,A,A,H,-,A,D,0,NA,Y,NA,NA,Y,NA,-,99,0,0,1,0,0,0,1,0,0,-,-,NA,NA,LOS ANGELES,LOS ANGELES,-118.23439025878906,34.04315185546875