CASE_ID,ACCIDENT_YEAR,PROC_DATE,JURIS,COLLISION_DATE,COLLISION_TIME,OFFICER_ID,REPORTING_DISTRICT,DAY_OF_WEEK,CHP_SHIFT,POPULATION,CNTY_CITY_LOC,SPECIAL_COND,BEAT_TYPE,CHP_BEAT_TYPE,CITY_DIVISION_LAPD,CHP_BEAT_CLASS,BEAT_NUMBER,PRIMARY_RD,SECONDARY_RD,DISTANCE,DIRECTION,INTERSECTION,WEATHER_1,WEATHER_2,STATE_HWY_IND,CALTRANS_COUNTY,CALTRANS_DISTRICT,STATE_ROUTE,ROUTE_SUFFIX,POSTMILE_PREFIX,POSTMILE,LOCATION_TYPE,RAMP_INTERSECTION,SIDE_OF_HWY,TOW_AWAY,COLLISION_SEVERITY,NUMBER_KILLED,NUMBER_INJURED,PARTY_COUNT,PRIMARY_COLL_FACTOR,PCF_CODE_OF_VIOL,PCF_VIOL_CATEGORY,PCF_VIOLATION,PCF_VIOL_SUBSECTION,HIT_AND_RUN,TYPE_OF_COLLISION,MVIW,PED_ACTION,ROAD_SURFACE,ROAD_COND_1,ROAD_COND_2,LIGHTING,CONTROL_DEVICE,CHP_ROAD_TYPE,PEDESTRIAN_ACCIDENT,BICYCLE_ACCIDENT,MOTORCYCLE_ACCIDENT,TRUCK_ACCIDENT,NOT_PRIVATE_PROPERTY,ALCOHOL_INVOLVED,STWD_VEHTYPE_AT_FAULT,CHP_VEHTYPE_AT_FAULT,COUNT_SEVERE_INJ,COUNT_VISIBLE_INJ,COUNT_COMPLAINT_PAIN,COUNT_PED_KILLED,COUNT_PED_INJURED,COUNT_BICYCLIST_KILLED,COUNT_BICYCLIST_INJURED,COUNT_MC_KILLED,COUNT_MC_INJURED,PRIMARY_RAMP,SECONDARY_RAMP,LATITUDE,LONGITUDE,COUNTY,CITY,POINT_X,POINT_Y
8926896,2019,2019-08-27,1900,2019-02-12,1600,619573,0245,2,5,3,1914,0,0,0,NA,0,27T1,GARFIELD,FLOTILLA ST,0,NA,N,A,-,N,NA,NA,NA,NA,NA,NA,NA,NA,NA,N,4,0,1,2,A,-,03,22350,NA,M,C,C,A,A,H,-,A,A,0,NA,NA,NA,NA,Y,NA,A,01,0,0,1,0,0,0,0,0,0,-,-,NA,NA,LOS ANGELES,COMMERCE,-118.13141632080078,34.00572967529297
8926900,2019,2019-08-27,1900,2019-02-12,1900,604401,0245,2,5,3,1914,0,0,0,NA,0,27T,WASHINGTON BL,GARFIELD AV,5,W,N,A,-,N,NA,NA,NA,NA,NA,NA,NA,NA,NA,N,4,0,1,2,A,-,08,22107,NA,N,B,C,A,A,H,-,C,A,0,NA,NA,NA,NA,Y,NA,-,99,0,0,1,0,0,0,0,0,0,-,-,NA,NA,LOS ANGELES,COMMERCE,-118.13295745849608,34.00043869018555
8926903,2019,2019-08-28,1900,2019-06-15,2230,622028,1017,6,5,3,1995,0,0,0,NA,0,1011E,PACIFIC COAST HWY,EDISON POLE #4303319E,34,E,N,A,-,N,NA,NA,1,NA,NA,NA,NA,NA,NA,N,3,0,1,2,D,-,00,NA,NA,N,B,B,D,A,H,-,C,D,0,Y,NA,NA,NA,Y,NA,-,-,0,1,0,0,1,0,0,0,0,-,-,34.038761138916016,-118.65444946289064,LOS ANGELES,MALIBU,-118.65444946289064,34.03874969482422
8926904,2019,2019-08-27,1900,2019-02-19,0615,615107,0247,2,5,3,1914,0,0,0,NA,0,28T,SLAUSON AV,GREENWOOD AV,0,NA,Y,A,-,N,NA,NA,NA,NA,NA,NA,NA,NA,NA,N,2,0,1,2,A,-,11,21955,NA,N,G,B,D,A,H,-,B,A,0,Y,NA,NA,NA,Y,NA,N,60,1,0,0,0,1,0,0,0,0,-,-,NA,NA,LOS ANGELES,COMMERCE,-118.1302490234375,33.97732925415039
8926907,2019,2019-08-27,1938,2019-03-21,1001,624,AREA2,4,5,4,1938,0,0,0,NA,0,002,FOOTHILL BL,DAMIEN AV,0,NA,Y,B,-,N,NA,NA,66,NA,NA,NA,NA,NA,NA,Y,4,0,1,2,A,-,08,22107,NA,N,B,C,A,B,H,-,A,A,0,NA,NA,NA,NA,Y,NA,A,01,0,0,1,0,0,0,0,0,0,-,-,34.119380950927734,-117.78333282470705,LOS ANGELES,LA VERNE,-117.78334808349608,34.11932373046875
8926911,2019,2019-08-27,1938,2019-03-20,1700,350,AREA3,3,5,4,1938,0,0,0,NA,0,003,FAIRPLEX DR,WALNUT DR,0,NA,Y,B,-,N,NA,NA,NA,NA,NA,NA,NA,NA,NA,N,4,0,1,2,A,-,03,22350,NA,N,C,C,A,B,H,-,A,D,0,NA,NA,NA,NA,Y,NA,D,22,0,0,1,0,0,0,0,0,0,-,-,NA,NA,LOS ANGELES,LA VERNE,-117.76972198486328,34.09642028808594
8926915,2019,2019-08-27,1970,2019-03-18,1057,215,4,1,5,4,1970,0,0,0,NA,0,004,FREMONT AV,ALHAMBRA RD,480,N,N,A,-,N,NA,NA,NA,NA,NA,NA,NA,NA,NA,N,4,0,1,3,A,-,03,22350,NA,N,C,C,A,A,H,-,A,D,0,NA,NA,NA,NA,Y,NA,A,07,0,0,1,0,0,0,0,0,0,-,-,NA,NA,LOS ANGELES,SOUTH PASADENA,-118.1521453857422,34.09989547729492
8926920,2019,2019-08-28,1942,2019-06-21,0755,34332,0171,5,5,7,1942,0,0,0,A,0,1A61,GEORGIA ST,W OLYMPIC BL,70,S,N,B,-,N,NA,NA,NA,NA,NA,NA,NA,NA,NA,N,4,0,2,2,A,-,09,21804,A,N,D,C,A,-,H,-,A,A,0,NA,NA,NA,NA,Y,NA,A,01,0,0,2,0,0,0,0,0,0,-,-,NA,NA,LOS ANGELES,LOS ANGELES,-118.26702117919922,34.045753479003906
8926924,2019,2019-08-28,1942,2019-06-21,0940,34332,0138,5,5,7,1942,0,0,0,A,0,1A29,S SAN PEDRO ST,EAST 2ND ST,0,NA,Y,B,-,N,NA,NA,NA,NA,NA,NA,NA,NA,NA,Y,4,0,2,2,A,-,09,21801,A,N,D,C,A,A,H,-,A,A,0,NA,NA,NA,NA,Y,NA,A,07,0,0,2,0,0,0,0,0,0,-,-,NA,NA,LOS ANGELES,LOS ANGELES,-118.24173736572266,34.04928970336914
8926928,2019,2019-08-28,1942,2019-06-28,0055,40730,0142,5,5,7,1942,0,0,0,A,0,24T31,S FLOWER ST,W 5TH ST,0,NA,Y,A,-,N,NA,NA,NA,NA,NA,NA,NA,NA,NA,Y,4,0,3,2,A,-,17,21657,NA,N,D,C,A,A,H,-,C,A,0,NA,NA,NA,NA,Y,NA,A,01,0,0,3,0,0,0,0,0,0,-,-,NA,NA,LOS ANGELES,LOS ANGELES,-118.25611114501952,34.051631927490234
8926932,2019,2019-08-28,1942,2019-06-27,1000,57078,0162,4,5,7,1942,0,0,0,A,0,31FB30,7TH ST,FIGUEROA ST,80,W,N,A,-,N,NA,NA,NA,NA,NA,NA,NA,NA,NA,N,4,0,1,2,A,-,08,22107,NA,N,D,G,A,A,H,-,A,D,0,NA,Y,NA,NA,Y,NA,A,01,0,0,1,0,0,0,1,0,0,-,-,NA,NA,LOS ANGELES,LOS ANGELES,-118.26015472412108,34.04949951171875
8926936,2019,2019-08-28,1942,2019-06-27,1415,39201,0156,4,5,7,1942,0,0,0,A,0,1Z50,S SAN PEDRO ST,5TH ST,75,S,N,A,-,N,NA,NA,NA,NA,NA,NA,NA,NA,NA,N,3,0,1,2,A,-,12,21453,A,N,D,G,A,A,H,-,A,A,0,NA,Y,NA,NA,Y,NA,L,04,0,1,0,0,0,0,1,0,0,-,-,NA,NA,LOS ANGELES,LOS ANGELES,-118.2440185546875,34.04402542114258
8926940,2019,2019-08-28,1942,2019-06-28,1850,34458,0171,5,5,7,1942,0,0,0,A,0,24TL56,GEORGIA ST,OLYMPIC BL,30,N,N,A,-,N,NA,NA,NA,NA,NA,NA,NA,NA,NA,N,4,0,1,2,A,-,05,21651,A,N,B,C,A,A,H,-,A,A,0,NA,NA,Y,NA,Y,NA,A,01,0,0,1,0,0,0,0,0,1,-,-,NA,NA,LOS ANGELES,LOS ANGELES,-118.26683807373048,34.04597854614258
8926950,2019,2019-08-28,1955,2019-08-05,1720,42576,53,1,5,6,1955,0,0,0,NA,0,001,MISSION BL,OAK AV,0,NA,Y,A,-,N,NA,NA,NA,NA,NA,NA,NA,NA,NA,Y,3,0,3,2,A,-,09,21802,A,N,A,C,A,A,H,-,A,A,0,NA,NA,NA,NA,Y,NA,A,01,0,3,0,0,0,0,0,0,0,-,-,NA,NA,LOS ANGELES,POMONA,-117.76972198486328,34.05461883544922
8926961,2019,2019-08-28,1942,2019-07-21,0140,33452,0146,7,5,7,1942,0,0,0,A,0,24T31,4TH ST,WALL ST,148,W,N,A,-,N,NA,NA,NA,NA,NA,NA,NA,NA,NA,N,3,0,1,1,A,-,01,23152,A,N,H,J,A,A,H,-,C,D,0,NA,NA,NA,NA,Y,Y,M,94,0,1,0,0,0,0,0,0,0,-,-,NA,NA,LOS ANGELES,LOS ANGELES,-118.24508666992188,34.04664993286133
8926963,2019,2019-08-29,1942,2019-08-12,2255,40634,1951,1,5,7,1942,0,0,0,NA,0,19A43,SAN JOSE ST,N SEPULVEDA BL,0,NA,Y,A,-,N,NA,NA,NA,NA,NA,NA,NA,NA,NA,Y,3,0,1,2,A,-,09,21802,A,N,D,C,A,A,H,-,C,A,0,NA,NA,NA,NA,Y,NA,A,07,0,1,0,0,0,0,0,0,0,-,-,NA,NA,LOS ANGELES,LOS ANGELES,-118.46743774414064,34.26089859008789
8926965,2019,2019-08-28,1942,2019-07-23,1740,37509,247,2,5,7,1942,0,0,0,NA,0,2A47,TEMPLE ST,FREMONT AV,60,W,N,A,-,N,NA,NA,NA,NA,NA,NA,NA,NA,NA,Y,3,0,1,2,A,-,03,22350,NA,N,F,C,A,A,H,-,A,A,0,NA,NA,NA,NA,Y,NA,A,07,0,1,0,0,0,0,0,0,0,-,-,NA,NA,LOS ANGELES,LOS ANGELES,-118.24948120117188,34.0608024597168
8926966,2019,2019-08-28,1942,2019-07-14,2130,43856,0192,7,5,7,1942,0,0,0,A,0,1A61,WASHINGTON BL,HOPE ST,24,W,N,A,-,N,NA,NA,NA,NA,NA,NA,NA,NA,NA,Y,3,0,3,3,A,-,01,23153,NA,N,C,C,A,A,H,-,C,A,0,NA,NA,NA,NA,Y,Y,A,01,0,1,2,0,0,0,0,0,0,-,-,NA,NA,LOS ANGELES,LOS ANGELES,-118.26979064941406,34.03346633911133
8926969,2019,2019-08-28,1942,2019-07-21,1630,37540,0159,7,5,7,1942,0,0,0,A,0,1A29,S ALAMEDA ST,EAST 4TH ST,0,NA,Y,A,-,N,NA,NA,NA,NA,NA,NA,NA,NA,NA,N,4,0,1,2,A,-,03,22350,NA,N,C,C,A,A,H,-,A,A,0,NA,NA,NA,NA,Y,NA,A,01,0,0,1,0,0,0,0,0,0,-,-,NA,NA,LOS ANGELES,LOS ANGELES,-118.23812866210938,34.04330062866211
8926970,2019,2019-09-13,1942,2019-07-15,1755,43064,0111,1,5,7,1942,0,0,0,A,0,1A2W5,FIGUEROA ST,CESAR CHAVEZ BL,800,S,N,A,-,N,NA,NA,NA,NA,NA,NA,NA,NA,NA,N,3,0,1,2,A,-,08,22107,NA,N,D,C,A,A,H,-,A,A,0,NA,NA,NA,NA,Y,NA,A,01,0,1,0,0,0,0,0,0,0,-,-,NA,NA,LOS ANGELES,LOS ANGELES,-118.247432,34.060646
8926972,2019,2019-08-29,1942,2019-08-04,1720,36622,1916,7,5,7,1942,0,0,0,NA,0,19A7,HUBBARD ST,GLENOAKS BL,0,NA,Y,A,-,N,NA,NA,NA,NA,NA,NA,NA,NA,NA,N,4,0,1,2,A,-,12,21453,A,F,H,C,A,A,H,-,B,A,0,NA,NA,NA,NA,Y,NA,-,99,0,0,1,0,0,0,0,0,0,-,-,NA,NA,LOS ANGELES,LOS ANGELES,-118.4392318725586,34.29949188232422
8926973,2019,2019-08-28,1942,2019-07-28,0500,42394,0157,7,5,7,1942,0,0,0,A,0,1A85,CROCKER,5TH ST,180,S,N,A,-,N,NA,NA,NA,NA,NA,NA,NA,NA,NA,N,4,0,1,2,B,-,22,NA,NA,N,B,E,A,A,H,-,B,D,0,NA,NA,NA,NA,Y,NA,A,01,0,0,1,0,0,0,0,0,0,-,-,NA,NA,LOS ANGELES,LOS ANGELES,-118.24310302734376,34.043121337890625
8926974,2019,2019-08-28,1942,2019-07-16,1030,42040,NA,2,5,7,1942,0,0,0,NA,0,NA,TEMPLE ST,ALAMEDA ST,100,E,N,A,-,N,NA,NA,NA,NA,NA,NA,NA,NA,NA,N,4,0,2,3,A,-,03,22350,NA,N,C,C,A,A,H,-,A,A,0,NA,NA,NA,NA,Y,NA,A,01,0,0,2,0,0,0,0,0,0,-,-,NA,NA,LOS ANGELES,LOS ANGELES,-118.23780822753906,34.0509147644043
8926976,2019,2019-08-29,1942,2019-08-05,2230,43487,1751,1,5,7,1942,0,0,0,Q,0,17A23,TOPANGA CANYON BL,DEVONSHIRE ST,0,NA,Y,A,-,N,NA,NA,NA,NA,NA,NA,NA,NA,NA,N,3,0,1,2,A,-,10,21950,A,F,G,B,B,A,H,-,C,A,0,Y,NA,NA,NA,Y,NA,-,99,0,1,0,0,1,0,0,0,0,-,-,NA,NA,LOS ANGELES,LOS ANGELES,-118.60604858398438,34.257198333740234
8926977,2019,2019-08-28,1942,2019-07-29,1833,43406,0192,1,5,7,1942,0,0,0,A,0,1A2W5,VENICE BL,LEBANON ST,0,NA,Y,A,-,N,NA,NA,NA,NA,NA,NA,NA,NA,NA,N,3,0,1,2,A,-,05,21650,1,N,D,G,A,A,H,-,A,D,0,NA,Y,NA,NA,Y,NA,L,04,0,1,0,0,0,0,1,0,0,-,-,NA,NA,LOS ANGELES,LOS ANGELES,-118.26940155029295,34.03723907470703
8926978,2019,2019-08-28,1942,2019-07-16,0935,38502,0185,2,5,7,1942,0,0,0,A,0,1A85,S BROADWAY,W OLYMPIC BL,0,NA,Y,A,-,N,NA,NA,NA,NA,NA,NA,NA,NA,NA,N,4,0,1,2,A,-,12,21453,A,N,H,G,A,A,H,-,A,A,0,NA,Y,NA,NA,Y,NA,A,01,0,0,1,0,0,0,1,0,0,-,-,NA,NA,LOS ANGELES,LOS ANGELES,-118.25740051269533,34.040931701660156
8926980,2019,2019-08-29,1942,2019-08-09,2125,38833,2177,5,5,7,1942,0,0,0,NA,0,21QA97,OXNARD ST,OWENSMOUTH AV,0,NA,Y,A,-,N,NA,NA,NA,NA,NA,NA,NA,NA,NA,Y,3,0,3,2,A,-,09,21801,A,N,A,C,A,A,H,-,C,A,0,NA,NA,NA,NA,Y,NA,A,01,0,1,2,0,0,0,0,0,0,-,-,NA,NA,LOS ANGELES,LOS ANGELES,-118.60149383544922,34.179290771484375
8926981,2019,2019-08-28,1942,2019-07-28,2345,42032,0111,7,5,7,1942,0,0,0,A,0,1A29,ALPINE,NEW DEPOT ST,30,E,N,A,-,N,NA,NA,NA,NA,NA,NA,NA,NA,NA,Y,2,0,1,3,A,-,08,22103,NA,N,A,E,A,A,H,-,C,D,0,NA,NA,NA,NA,Y,Y,A,01,1,0,0,0,0,0,0,0,0,-,-,NA,NA,LOS ANGELES,LOS ANGELES,-118.2445831298828,34.0638427734375
8926982,2019,2019-08-28,1942,2019-07-16,1725,34458,0182,2,5,7,1942,0,0,0,A,0,24T56,11TH ST,HOPE ST,50,W,N,A,-,N,NA,NA,NA,NA,NA,NA,NA,NA,NA,N,3,0,1,2,A,-,17,21228,NA,N,A,G,A,A,H,-,A,A,0,NA,Y,NA,NA,Y,NA,-,99,0,1,0,0,0,0,1,0,0,-,-,NA,NA,LOS ANGELES,LOS ANGELES,-118.26317596435548,34.0423469543457
8926983,2019,2019-08-27,1942,2019-07-24,0520,43422,0195,3,5,7,1942,0,0,0,A,0,1A35,15TH ST,MAPLE ST,20,N,N,A,-,N,NA,NA,NA,NA,NA,NA,NA,NA,NA,N,4,0,2,2,A,-,12,22450,A,N,D,C,A,A,H,-,A,D,0,NA,NA,NA,NA,Y,NA,A,01,0,0,2,0,0,0,0,0,0,-,-,NA,NA,LOS ANGELES,LOS ANGELES,-118.25892639160156,34.03255081176758
8926984,2019,2019-08-29,1942,2019-08-06,2145,43815,2129,2,5,7,1942,0,0,0,NA,0,21A57,MASON AV,SATICOY ST,15,E,N,A,-,N,NA,NA,NA,NA,NA,NA,NA,NA,NA,Y,4,0,2,2,A,-,09,21801,NA,N,D,C,A,A,H,-,C,A,0,NA,NA,NA,NA,Y,Y,-,NA,0,0,2,0,0,0,0,0,0,-,-,NA,NA,LOS ANGELES,LOS ANGELES,-118.57971954345705,34.20833969116211
8926985,2019,2019-08-28,1942,2019-07-10,1345,39759,0112,3,5,7,1942,0,0,0,A,0,1A1,N BROADWAY,ALISO ST,0,NA,Y,A,-,N,NA,NA,NA,NA,NA,NA,NA,NA,NA,N,4,0,2,2,A,-,12,21453,A,N,D,C,A,A,H,-,A,A,0,NA,NA,NA,NA,Y,NA,A,01,0,0,2,0,0,0,0,0,0,-,-,NA,NA,LOS ANGELES,LOS ANGELES,-118.24259185791016,34.05678176879883
8926986,2019,2019-09-13,1942,2019-07-16,2338,39508,0138,2,5,7,1942,0,0,0,A,0,1A29,S ALAMEDA ST,EAST 4TH ST,0,NA,Y,A,-,N,NA,NA,NA,NA,NA,NA,NA,NA,NA,N,3,0,1,2,A,-,10,21950,A,F,D,G,A,A,H,-,C,A,0,NA,Y,NA,NA,Y,NA,-,-,0,1,0,0,0,0,1,0,0,-,-,NA,NA,LOS ANGELES,LOS ANGELES,-118.23812866210938,34.04330062866211
8926988,2019,2019-08-29,1942,2019-08-07,2500,42512,2143,3,5,7,1942,0,0,0,NA,0,21A29,FALLBROOK AV,VANOWEN ST,0,NA,Y,A,-,N,NA,NA,NA,NA,NA,NA,NA,NA,NA,N,3,0,2,3,A,-,03,22350,NA,N,C,C,A,A,H,-,E,A,0,NA,NA,NA,NA,Y,NA,A,01,0,1,1,0,0,0,0,0,0,-,-,NA,NA,LOS ANGELES,LOS ANGELES,-118.6234130859375,34.193721771240234
8926989,2019,2019-08-28,1942,2019-07-10,1400,34458,0151,3,5,7,1942,0,0,0,A,0,1A41,W 6TH ST,S FIGUEROA ST,0,NA,Y,A,-,N,NA,NA,NA,NA,NA,NA,NA,NA,NA,Y,4,0,1,2,A,-,08,22100,B,N,D,C,A,A,H,-,A,A,0,NA,NA,NA,NA,Y,NA,A,01,0,0,1,0,0,0,0,0,0,-,-,NA,NA,LOS ANGELES,LOS ANGELES,-118.25856018066406,34.050819396972656
8926990,2019,2019-08-28,1942,2019-07-17,1015,37611,0118,3,5,7,1942,0,0,0,A,0,1A1,N ALAMEDA ST,W COLLEGE ST,257,N,N,A,-,N,NA,NA,NA,NA,NA,NA,NA,NA,NA,Y,4,0,3,2,A,-,08,22100,B,N,D,C,A,A,H,-,A,D,0,NA,NA,NA,NA,Y,NA,A,01,0,0,3,0,0,0,0,0,0,-,-,NA,NA,LOS ANGELES,LOS ANGELES,-118.23565673828124,34.06351089477539
8926992,2019,2019-08-29,1942,2019-08-14,0720,30452,2183,3,5,7,1942,0,0,0,NA,0,21A73,AVENUE SAN LUIS,FALLBROOK AV,0,NA,Y,A,-,N,NA,NA,NA,NA,NA,NA,NA,NA,NA,Y,4,0,1,2,A,-,09,21800,B,N,D,C,A,A,H,-,A,A,0,NA,NA,NA,NA,Y,NA,-,-,0,0,1,0,0,0,0,0,0,-,-,NA,NA,LOS ANGELES,LOS ANGELES,-118.62328338623048,34.16410827636719
8926993,2019,2019-08-28,1942,2019-07-10,1235,35291,0154,3,5,7,1942,0,0,0,A,0,1A35,EAST 6TH ST,S MAIN ST,0,NA,Y,A,-,N,NA,NA,NA,NA,NA,NA,NA,NA,NA,N,2,0,1,2,A,-,11,21954,A,F,G,B,E,A,H,-,A,D,0,Y,NA,NA,NA,Y,NA,N,60,1,0,0,0,1,0,0,0,0,-,-,NA,NA,LOS ANGELES,LOS ANGELES,-118.24992370605467,34.045249938964844
8926994,2019,2019-09-13,1942,2019-07-17,1530,42932,0166,3,5,7,1942,0,0,0,A,0,1A35,EAST 6TH ST,SAN JULIAN ST,0,NA,Y,A,-,N,NA,NA,NA,NA,NA,NA,NA,NA,NA,N,3,0,1,2,A,-,-,NA,NA,N,B,G,A,A,H,-,A,A,0,NA,Y,NA,NA,Y,NA,-,-,0,1,0,0,0,0,1,0,0,-,-,NA,NA,LOS ANGELES,LOS ANGELES,-118.24617767333984,34.042850494384766
8926996,2019,2019-09-23,1942,2019-08-14,1010,38947,2146,3,5,7,1942,0,0,0,NA,0,21A57,OWENSMOUTH AV,VANOWEN ST,0,NA,Y,A,-,N,NA,NA,NA,NA,NA,NA,NA,NA,NA,Y,3,0,2,2,A,-,12,21453,A,N,A,C,A,A,H,-,A,A,0,NA,NA,NA,NA,Y,NA,A,07,0,1,1,0,0,0,0,0,0,-,-,NA,NA,LOS ANGELES,LOS ANGELES,-118.6015167236328,34.19375991821289
8926997,2019,2019-08-28,1942,2019-07-11,1620,34458,0219,4,5,7,1942,0,0,0,B,0,2A39,INNES AV,W SUNSET BL,0,NA,Y,A,-,N,NA,NA,NA,NA,NA,NA,NA,NA,NA,N,4,0,7,2,A,-,09,21802,A,N,D,C,A,A,H,-,A,A,0,NA,NA,NA,NA,Y,NA,A,07,0,0,7,0,0,0,0,0,0,-,-,NA,NA,LOS ANGELES,LOS ANGELES,-118.25057983398438,34.071319580078125
8926998,2019,2019-08-28,1942,2019-07-17,1830,40289,0111,3,5,7,1942,0,0,0,A,0,1A1,N BROADWAY,W COLLEGE ST,456,N,N,A,-,N,NA,NA,NA,NA,NA,NA,NA,NA,NA,N,3,0,1,2,A,-,12,21457,A,N,D,C,A,A,H,-,A,A,0,NA,NA,NA,NA,Y,NA,A,07,0,1,0,0,0,0,0,0,0,-,-,NA,NA,LOS ANGELES,LOS ANGELES,-118.23689270019533,34.065181732177734
8927000,2019,2019-08-29,1942,2019-08-01,1720,42121,1738,4,5,7,1942,0,0,0,Q,0,1738,SAN FERNANDO MISSION BL,SAN FERNANDO MSN BL 15862,0,NA,-,A,-,N,NA,NA,NA,NA,NA,NA,NA,NA,NA,Y,4,0,3,7,A,-,08,22107,NA,N,D,C,A,A,H,-,A,D,0,NA,NA,NA,NA,Y,NA,A,01,0,0,3,0,0,0,0,0,0,-,-,NA,NA,LOS ANGELES,LOS ANGELES,NA,NA
8927001,2019,2019-08-27,1942,2019-07-11,1735,42932,0101,4,5,7,1942,0,0,0,A,0,2A39,W SUNSET BL,W VIN SCULLY AV,100,E,N,A,-,N,NA,NA,NA,NA,NA,NA,NA,NA,NA,N,3,0,1,2,A,-,17,21228,NA,N,D,C,A,A,H,-,A,D,0,NA,NA,NA,NA,Y,NA,M,94,0,1,0,0,0,0,0,0,0,-,-,NA,NA,LOS ANGELES,LOS ANGELES,-118.25083923339844,34.07219314575195
8927002,2019,2019-09-13,1942,2019-07-18,1700,43443,0195,4,5,7,1942,0,0,0,A,0,1A12,WASHINGTON ST,MAIN ST,5,W,N,A,-,N,NA,NA,NA,NA,NA,NA,NA,NA,NA,N,3,0,1,2,A,-,05,21650,1,N,A,G,A,A,H,-,A,A,0,NA,Y,NA,NA,Y,NA,L,04,0,1,0,0,0,0,1,0,0,-,-,NA,NA,LOS ANGELES,LOS ANGELES,-118.26466369628906,34.03096008300781
8927004,2019,2019-08-29,1942,2019-08-14,1450,36733,1758,3,5,7,1942,0,0,0,Q,0,17TL14,DEVONSHIRE ST,WOODLEY AV,150,W,N,A,-,N,NA,NA,NA,NA,NA,NA,NA,NA,NA,N,4,0,2,2,D,-,00,NA,NA,N,C,C,A,A,H,-,A,D,0,NA,NA,NA,NA,Y,NA,-,-,0,0,2,0,0,0,0,0,0,-,-,NA,NA,LOS ANGELES,LOS ANGELES,-118.48533630371094,34.25741958618164
8927005,2019,2019-08-27,1942,2019-07-11,1845,34332,0142,4,5,7,1942,0,0,0,A,0,NA,4TH ST,HOPE ST,200,E,N,A,-,N,NA,NA,NA,NA,NA,NA,NA,NA,NA,N,4,0,1,2,A,-,07,21658,A,N,B,C,A,A,H,-,A,A,0,NA,NA,NA,NA,Y,NA,A,01,0,0,1,0,0,0,0,0,0,-,-,NA,NA,LOS ANGELES,LOS ANGELES,-118.25377655029295,34.052188873291016
8927006,2019,2019-08-28,1942,2019-07-18,1940,43711,0192,4,5,7,1942,0,0,0,A,0,1A41,OLIVE ST,PICO BL,0,NA,Y,A,-,N,NA,NA,NA,NA,NA,NA,NA,NA,NA,Y,3,0,1,2,A,-,08,22107,NA,F,B,-,A,A,H,-,B,A,0,NA,NA,NA,NA,Y,NA,A,01,0,1,0,0,0,0,0,0,0,-,-,NA,NA,LOS ANGELES,LOS ANGELES,-118.26326751708984,34.03828048706055
8927009,2019,2019-08-27,1942,2019-07-12,0850,36356,0127,5,5,7,1942,0,0,0,A,0,1A1,JUDGE JOHN AISO,TEMPLE ST,0,NA,Y,A,-,NA,NA,NA,NA,NA,NA,NA,NA,NA,NA,N,4,0,1,2,A,-,07,21658,A,N,B,C,A,A,H,-,A,A,0,NA,NA,NA,NA,Y,NA,A,07,0,0,1,0,0,0,0,0,0,-,-,NA,NA,LOS ANGELES,LOS ANGELES,-118.2397232055664,34.052490234375
8927010,2019,2019-08-28,1942,2019-07-03,2110,39940,0192,3,5,7,1942,0,0,0,A,0,1X38,FIGUEROA ST,18TH ST,0,NA,Y,A,-,N,NA,NA,NA,NA,NA,NA,NA,NA,NA,Y,4,0,1,2,A,-,03,22350,NA,N,C,C,A,A,H,-,C,A,0,NA,NA,NA,NA,Y,Y,A,01,0,0,1,0,0,0,0,0,0,-,-,NA,NA,LOS ANGELES,LOS ANGELES,-118.27140045166016,34.035430908203125
8927012,2019,2019-08-29,1942,2019-08-14,1420,42460,1737,3,5,7,1942,0,0,0,Q,0,17A35,HAYVENHURST AV,INDEX ST,0,NA,N,A,-,N,NA,NA,NA,NA,NA,NA,NA,NA,NA,N,4,0,1,2,A,-,03,22350,NA,N,C,C,A,A,H,-,A,A,0,NA,NA,NA,NA,Y,NA,A,08,0,0,1,0,0,0,0,0,0,-,-,NA,NA,LOS ANGELES,LOS ANGELES,-118.493408203125,34.27397155761719
8927013,2019,2019-09-13,1942,2019-07-12,1810,37952,0185,5,5,7,1942,0,0,0,A,0,1A85,S BROADWAY,W OLYMPIC BL,325,N,N,A,-,N,NA,NA,NA,NA,NA,NA,NA,NA,NA,N,3,0,1,2,A,-,17,22517,NA,N,H,G,A,A,H,-,A,D,0,NA,Y,NA,NA,Y,NA,A,01,0,1,0,0,0,0,1,0,0,-,-,NA,NA,LOS ANGELES,LOS ANGELES,-118.25673675537108,34.041629791259766
8927014,2019,2019-08-28,1942,2019-07-19,1250,40275,0158,5,5,7,1942,0,0,0,A,0,1A29,STANFORD AV,EAST 6TH ST,0,NA,Y,A,-,N,NA,NA,NA,NA,NA,NA,NA,NA,NA,Y,3,0,2,2,A,-,09,21802,A,N,D,C,A,A,H,-,A,A,0,NA,NA,Y,NA,Y,NA,A,01,0,2,0,0,0,0,0,0,2,-,-,NA,NA,LOS ANGELES,LOS ANGELES,-118.24282073974608,34.0407600402832
8927016,2019,2019-08-29,1942,2019-08-14,1220,38191,1782,3,5,7,1942,0,0,0,Q,0,17A81,WINNETKA AV,NORDHOFF ST,0,NA,Y,A,-,N,NA,NA,NA,NA,NA,NA,NA,NA,NA,Y,4,0,1,2,A,-,09,21801,A,N,D,C,A,A,H,-,A,A,0,NA,NA,NA,NA,Y,NA,A,01,0,0,1,0,0,0,0,0,0,-,-,NA,NA,LOS ANGELES,LOS ANGELES,-118.57106018066406,34.2318000793457
8927017,2019,2019-08-27,1942,2019-07-12,1900,40289,0176,5,5,7,1942,0,0,0,A,0,1A85,7TH ST,SAN PEDRO ST,0,NA,Y,A,-,N,NA,NA,NA,NA,NA,NA,NA,NA,NA,Y,4,0,1,2,A,-,09,21801,A,N,D,C,A,A,H,-,A,D,0,NA,NA,NA,NA,Y,NA,A,01,0,0,1,0,0,0,0,0,0,-,-,NA,NA,LOS ANGELES,LOS ANGELES,-118.2467803955078,34.04069900512695