CASE_ID,ACCIDENT_YEAR,PROC_DATE,JURIS,COLLISION_DATE,COLLISION_TIME,OFFICER_ID,REPORTING_DISTRICT,DAY_OF_WEEK,CHP_SHIFT,POPULATION,CNTY_CITY_LOC,SPECIAL_COND,BEAT_TYPE,CHP_BEAT_TYPE,CITY_DIVISION_LAPD,CHP_BEAT_CLASS,BEAT_NUMBER,PRIMARY_RD,SECONDARY_RD,DISTANCE,DIRECTION,INTERSECTION,WEATHER_1,WEATHER_2,STATE_HWY_IND,CALTRANS_COUNTY,CALTRANS_DISTRICT,STATE_ROUTE,ROUTE_SUFFIX,POSTMILE_PREFIX,POSTMILE,LOCATION_TYPE,RAMP_INTERSECTION,SIDE_OF_HWY,TOW_AWAY,COLLISION_SEVERITY,NUMBER_KILLED,NUMBER_INJURED,PARTY_COUNT,PRIMARY_COLL_FACTOR,PCF_CODE_OF_VIOL,PCF_VIOL_CATEGORY,PCF_VIOLATION,PCF_VIOL_SUBSECTION,HIT_AND_RUN,TYPE_OF_COLLISION,MVIW,PED_ACTION,ROAD_SURFACE,ROAD_COND_1,ROAD_COND_2,LIGHTING,CONTROL_DEVICE,CHP_ROAD_TYPE,PEDESTRIAN_ACCIDENT,BICYCLE_ACCIDENT,MOTORCYCLE_ACCIDENT,TRUCK_ACCIDENT,NOT_PRIVATE_PROPERTY,ALCOHOL_INVOLVED,STWD_VEHTYPE_AT_FAULT,CHP_VEHTYPE_AT_FAULT,COUNT_SEVERE_INJ,COUNT_VISIBLE_INJ,COUNT_COMPLAINT_PAIN,COUNT_PED_KILLED,COUNT_PED_INJURED,COUNT_BICYCLIST_KILLED,COUNT_BICYCLIST_INJURED,COUNT_MC_KILLED,COUNT_MC_INJURED,PRIMARY_RAMP,SECONDARY_RAMP,LATITUDE,LONGITUDE,COUNTY,CITY,POINT_X,POINT_Y
8929544,2019,2019-09-11,1953,2019-08-28,1626,0366,PASAD,3,5,6,1953,0,0,0,NA,0,001,MARENGO AV,BELLEVUE DR,0,NA,Y,A,-,N,NA,NA,NA,NA,NA,NA,NA,NA,NA,N,3,0,1,2,A,-,08,22107,NA,N,D,G,A,A,H,-,A,-,0,NA,Y,NA,NA,Y,NA,A,01,0,1,0,0,0,0,1,0,0,-,-,NA,NA,LOS ANGELES,PASADENA,-118.14586639404295,34.13816833496094
8929548,2019,2019-09-11,1953,2019-08-31,1748,7653,1953,6,5,6,1953,0,0,0,NA,0,002,ORANGE GROVE BL,WORCESTER AV,0,NA,Y,A,-,N,NA,NA,NA,NA,NA,NA,NA,NA,NA,N,4,0,1,2,A,-,09,21804,A,N,D,C,A,A,H,-,B,D,0,NA,NA,NA,NA,Y,NA,A,01,0,0,1,0,0,0,0,0,0,-,-,NA,NA,LOS ANGELES,PASADENA,-118.14494323730467,34.1578483581543
8929551,2019,2019-09-17,1942,2019-08-27,0050,43955,1183,2,5,7,1942,0,0,0,K,0,11A95,SUNSET BL,LEMOYNE ST,30,W,N,A,-,N,NA,NA,NA,NA,NA,NA,NA,NA,NA,Y,4,0,1,2,A,-,01,23153,A,N,C,C,A,A,H,-,C,D,0,NA,NA,NA,NA,Y,Y,D,22,0,0,1,0,0,0,0,0,0,-,-,NA,NA,LOS ANGELES,LOS ANGELES,-118.25951385498048,34.077693939208984
8929552,2019,2019-09-11,1953,2019-08-30,1909,7508,1953,5,5,6,1953,0,0,0,NA,0,001,ARROYO PKWY,FILLMORE ST,0,NA,Y,A,-,N,NA,NA,NA,NA,NA,NA,NA,NA,NA,Y,4,0,3,2,A,-,12,21453,A,N,D,C,A,A,H,-,B,A,0,NA,NA,NA,NA,Y,NA,A,01,0,0,3,0,0,0,0,0,0,-,-,NA,NA,LOS ANGELES,PASADENA,-118.14739227294922,34.13296127319336
8929555,2019,2019-09-17,1942,2019-08-24,1715,42596,1362,6,5,7,1942,0,0,0,M,0,13A63,SAN PEDRO ST,48TH ST,0,NA,Y,A,-,N,NA,NA,NA,NA,NA,NA,NA,NA,NA,Y,4,0,2,2,A,-,03,22350,NA,F,D,C,A,A,H,-,A,A,0,NA,NA,NA,NA,Y,NA,A,08,0,0,2,0,0,0,0,0,0,-,-,NA,NA,LOS ANGELES,LOS ANGELES,-118.26959991455078,33.99972915649414
8929556,2019,2019-09-11,1953,2019-08-29,1850,1928,1953,4,5,6,1953,0,0,0,NA,0,005,MARENGO AV,CORSON ST,0,NA,Y,A,-,N,NA,NA,NA,NA,NA,NA,NA,NA,NA,Y,3,0,4,2,A,-,12,21453,A,N,D,D,A,A,H,-,A,A,0,NA,NA,NA,NA,Y,NA,A,08,0,1,3,0,0,0,0,0,0,-,-,NA,NA,LOS ANGELES,PASADENA,-118.14598846435548,34.15126037597656
8929560,2019,2019-09-11,1953,2019-08-25,1554,1010,PASAD,7,5,6,1953,0,0,0,NA,0,002,LOS ROBLES AV,WOODBURY RD,0,NA,Y,A,-,N,NA,NA,NA,NA,NA,NA,NA,NA,NA,Y,3,0,1,2,A,-,09,21801,A,N,B,C,A,A,H,-,A,D,0,NA,NA,NA,NA,Y,NA,A,01,0,1,0,0,0,0,0,0,0,-,-,NA,NA,LOS ANGELES,PASADENA,-118.14170074462892,34.181270599365234
8929564,2019,2019-09-11,1953,2019-08-27,1553,0999,PASAD,2,5,6,1953,0,0,0,NA,0,002,LA TIERRA ST,SIERRA MADRE BL,20,E,N,A,-,N,NA,NA,NA,NA,NA,NA,NA,NA,NA,N,4,0,1,2,A,-,04,21703,NA,N,C,C,A,A,H,-,A,D,0,NA,NA,NA,NA,Y,NA,A,07,0,0,1,0,0,0,0,0,0,-,-,NA,NA,LOS ANGELES,PASADENA,-118.09560394287108,34.1517219543457
8929567,2019,2019-09-18,1942,2019-08-09,1300,41029,1548,5,5,7,1942,0,0,0,O,0,15A67,MAGNOLIA BL,VINELAND AV,160,W,N,A,-,N,NA,NA,NA,NA,NA,NA,NA,NA,NA,Y,4,0,1,3,A,-,03,22350,NA,N,C,C,A,A,H,-,A,A,0,NA,NA,NA,NA,Y,NA,A,01,0,0,1,0,0,0,0,0,0,-,-,NA,NA,LOS ANGELES,LOS ANGELES,-118.37098693847656,34.164878845214844
8929568,2019,2019-11-07,1953,2019-08-15,1034,9041,NA,4,5,6,1953,0,0,0,NA,0,NA,MADRE ST,RT 210,0,NA,Y,A,-,Y,LA,7,210,-,R,29.378,R,4,W,N,4,0,1,2,A,-,05,21650,1,N,D,G,A,A,H,-,A,A,0,NA,Y,NA,NA,Y,NA,L,04,0,0,1,0,0,0,1,0,0,-,-,NA,NA,LOS ANGELES,PASADENA,-118.07913208007813,34.14802551269531
8929569,2019,2019-09-23,1900,2019-08-31,0825,606987,1360,6,5,5,1935,0,0,0,NA,0,136A,ROSECRANS AV,ORANGE AV,400,E,N,A,-,N,NA,NA,NA,NA,NA,NA,NA,NA,NA,Y,3,0,1,2,A,-,03,22350,NA,N,C,C,A,A,H,-,A,A,0,NA,NA,Y,NA,Y,NA,C,02,0,1,0,0,0,0,0,0,1,-,-,33.85002899169922,-118.13377380371094,LOS ANGELES,LAKEWOOD,-118.17625427246094,33.903564453125
8929573,2019,2019-09-23,1900,2019-08-21,1228,644369,1351,3,5,3,1927,0,0,0,NA,0,135A,CARSON ST,NORWALK BL,602,W,N,A,-,N,NA,NA,NA,NA,NA,NA,NA,NA,NA,Y,3,0,1,2,A,-,03,22350,NA,N,C,E,A,A,H,-,A,A,0,NA,NA,Y,NA,Y,NA,C,02,0,1,0,0,0,0,0,0,1,-,-,NA,NA,LOS ANGELES,HAWAIIAN GARDENS,-118.07405853271484,33.83141326904297
8929577,2019,2019-09-17,1900,2019-08-20,2315,629543,1351,2,5,3,1927,0,0,0,NA,0,135A,CARSON ST,PIONEER BL,0,NA,Y,A,-,N,NA,NA,NA,NA,NA,NA,NA,NA,NA,Y,4,0,2,2,A,-,12,21453,A,N,D,C,A,A,H,-,C,A,0,NA,NA,NA,NA,Y,NA,A,01,0,0,2,0,0,0,0,0,0,-,-,NA,NA,LOS ANGELES,HAWAIIAN GARDENS,-118.08184051513672,33.83140182495117
8929598,2019,2019-09-19,1900,2019-08-15,1430,512462,1331,4,5,5,1908,0,0,0,NA,0,133T1,ROSECRANS AV,WOODRUFF AV,30,E,N,A,-,N,NA,NA,NA,NA,NA,NA,NA,NA,NA,Y,4,0,3,4,A,-,03,22350,NA,N,C,C,A,A,H,-,A,A,0,NA,NA,NA,NA,Y,NA,A,01,0,0,3,0,0,0,0,0,0,-,-,NA,NA,LOS ANGELES,BELLFLOWER,-118.11658477783205,33.90203094482422
8929638,2019,2019-09-06,1900,2019-07-30,1700,623664,0453,2,5,6,1949,0,0,0,NA,0,43T1,PIONEER BL,ROSECRANS AV,282,N,N,A,-,N,NA,NA,NA,NA,NA,NA,NA,NA,NA,N,4,0,1,2,A,-,05,21650,1,N,D,G,A,A,H,-,A,D,0,NA,Y,NA,NA,Y,NA,L,04,0,0,1,0,0,0,1,0,0,-,-,NA,NA,LOS ANGELES,NORWALK,-118.08267974853516,33.903018951416016
8929642,2019,2019-09-06,1900,2019-07-02,1020,540399,0463,2,5,4,1936,0,0,0,NA,0,46T1,LA MIRADA BL,FOSTER RD,325,S,N,A,-,N,NA,NA,NA,NA,NA,NA,NA,NA,NA,Y,3,0,1,1,A,-,08,22107,NA,N,E,I,A,A,H,-,A,D,0,NA,NA,NA,NA,Y,NA,M,96,0,1,0,0,0,0,0,0,0,-,-,NA,NA,LOS ANGELES,LA MIRADA,-118.01187896728516,33.9079475402832
8929654,2019,2019-09-06,1942,2019-07-31,1710,37350,0195,3,5,7,1942,0,0,0,A,0,18H43,BROADWAY 14TH ST,E BROADWAY AV,10,N,N,A,-,N,NA,NA,NA,NA,NA,NA,NA,NA,NA,Y,3,0,2,2,A,-,12,22450,A,N,-,-,A,A,H,-,A,-,0,NA,NA,NA,NA,Y,NA,-,NA,0,1,1,0,0,0,0,0,0,-,-,NA,NA,LOS ANGELES,LOS ANGELES,-118.262428,34.035555
8929658,2019,2019-09-06,1942,2019-07-23,1935,43704,0139,2,5,7,1942,0,0,0,A,0,1A1,1ST ST,ALAMEDA ST,200,W,N,A,-,N,NA,NA,NA,NA,NA,NA,NA,NA,NA,Y,4,0,1,1,C,-,18,NA,NA,N,B,I,A,A,H,-,A,D,0,NA,NA,NA,NA,Y,NA,-,-,0,0,1,0,0,0,0,0,0,-,-,NA,NA,LOS ANGELES,LOS ANGELES,-118.23876953125,34.04912185668945
8929662,2019,2019-09-06,1942,2019-07-23,1045,43172,0152,2,5,7,1942,0,0,0,A,0,1A85,HILL ST,6TH ST,90,S,N,A,-,N,NA,NA,NA,NA,NA,NA,NA,NA,NA,N,4,0,1,2,A,-,17,21663,NA,N,D,G,A,A,H,-,A,D,0,NA,Y,NA,NA,Y,NA,L,04,0,0,1,0,0,0,1,0,0,-,-,NA,NA,LOS ANGELES,LOS ANGELES,-118.25328826904295,34.047149658203125
8929666,2019,2019-09-06,1942,2019-07-23,1645,42722,261,2,5,7,1942,0,0,0,NA,0,2A68,7TH ST,CARONDELET ST,0,NA,Y,A,-,N,NA,NA,NA,NA,NA,NA,NA,NA,NA,N,4,0,1,2,A,-,10,21950,A,N,G,B,B,A,H,-,A,A,0,Y,NA,NA,NA,Y,Y,-,NA,0,0,1,0,1,0,0,0,0,-,-,NA,NA,LOS ANGELES,LOS ANGELES,-118.2815399169922,34.05857849121094
8929670,2019,2019-09-06,1942,2019-07-25,2320,39876,0281,4,5,7,1942,0,0,0,B,0,24T34,HOOVER ST,PICO BL,32,S,N,A,-,N,NA,NA,NA,NA,NA,NA,NA,NA,NA,Y,4,0,1,1,C,-,18,NA,NA,N,E,I,A,A,H,-,C,A,0,NA,NA,NA,NA,Y,NA,-,-,0,0,1,0,0,0,0,0,0,-,-,NA,NA,LOS ANGELES,LOS ANGELES,-118.28421020507813,34.04719161987305
8929674,2019,2019-09-06,1942,2019-07-25,1600,43912,0271,4,5,7,1942,0,0,0,B,0,2A47,OLYMPIC,LAKE,0,NA,Y,A,-,N,NA,NA,NA,NA,NA,NA,NA,NA,NA,N,4,0,1,2,A,-,08,22107,NA,N,D,C,A,A,H,-,A,D,0,NA,NA,NA,NA,Y,NA,A,01,0,0,1,0,0,0,0,0,0,-,-,NA,NA,LOS ANGELES,LOS ANGELES,-118.28096771240234,34.052181243896484
8929678,2019,2019-09-06,1942,2019-07-31,2110,39876,0261,3,5,7,1942,0,0,0,B,0,24T31,8TH ST,HOOVER ST,0,NA,Y,A,-,N,NA,NA,NA,NA,NA,NA,NA,NA,NA,N,4,0,1,2,A,-,10,21950,A,N,G,B,B,A,H,-,C,A,0,Y,NA,NA,NA,Y,NA,A,01,0,0,1,0,1,0,0,0,0,-,-,NA,NA,LOS ANGELES,LOS ANGELES,-118.28421020507813,34.057708740234375
8929680,2019,2019-09-10,1941,2019-08-12,2220,11133,NA,1,5,7,1941,0,0,0,NA,0,NA,OCEAN BL,KENNEBEC AV,0,NA,Y,A,-,N,NA,NA,NA,NA,NA,NA,NA,NA,NA,Y,4,0,1,2,A,-,07,21658,NA,N,B,C,A,A,H,-,C,D,0,NA,NA,NA,NA,Y,NA,-,-,0,0,1,0,0,0,0,0,0,-,-,NA,NA,LOS ANGELES,LONG BEACH,-118.16490173339844,33.76382827758789
8929755,2019,2019-09-05,1942,2019-06-28,1350,42993,LOS A,5,5,7,1942,0,0,0,NA,0,3A32,FIGUEROA ST,VERNON AV,0,NA,Y,A,-,N,NA,NA,NA,NA,NA,NA,NA,NA,NA,N,4,0,1,2,A,-,12,21453,A,N,D,A,A,A,H,-,A,A,0,NA,NA,NA,NA,Y,Y,A,01,0,0,1,0,0,0,0,0,0,-,-,NA,NA,LOS ANGELES,LOS ANGELES,-118.2827377319336,34.00374984741211
8929808,2019,2019-09-06,1910,2019-07-31,1827,03438,NA,3,5,4,1910,0,0,0,NA,0,004,N BEVERLY DR,LOMITAS AV,0,NA,Y,A,-,N,NA,NA,NA,NA,NA,NA,NA,NA,NA,Y,4,0,1,2,A,-,09,21802,A,N,D,C,A,A,H,-,A,A,0,NA,NA,NA,NA,Y,NA,A,01,0,0,1,0,0,0,0,0,0,-,-,NA,NA,LOS ANGELES,BEVERLY HILLS,-118.41165161132813,34.07963943481445
8929894,2019,2019-09-06,1955,2019-03-12,1632,42577,99,2,5,6,1955,0,0,0,NA,0,003,HOLT AV,MOUNTAIN VIEW AV,50,E,N,A,-,N,NA,NA,NA,NA,NA,NA,NA,NA,NA,Y,3,0,2,4,A,-,03,22350,NA,N,C,C,A,A,H,-,A,A,0,NA,NA,NA,NA,Y,NA,A,07,0,1,1,0,0,0,0,0,0,-,-,NA,NA,LOS ANGELES,POMONA,-117.73460388183594,34.062767028808594
8929897,2019,2019-09-06,1910,2019-08-01,1743,03209,NA,4,5,4,1910,0,0,0,NA,0,007,N CRESCENT DR,DAYTON WY,281,S,N,A,-,N,NA,NA,NA,NA,NA,NA,NA,NA,NA,Y,4,0,1,3,A,-,08,22107,NA,N,B,C,A,A,H,-,A,D,0,NA,NA,NA,NA,Y,NA,A,07,0,0,1,0,0,0,0,0,0,-,-,NA,NA,LOS ANGELES,BEVERLY HILLS,-118.39794921875,34.0693244934082
8929900,2019,2019-09-09,1942,2019-08-17,1030,39759,NA,6,5,7,1942,0,0,0,NA,0,NA,EAGLE ROCK,41ST,200,S,N,A,-,N,NA,NA,NA,NA,NA,NA,NA,NA,NA,N,4,0,1,2,A,-,09,21804,A,N,D,G,A,A,H,-,A,D,0,NA,Y,NA,NA,Y,NA,D,22,0,0,1,0,0,0,1,0,0,-,-,NA,NA,LOS ANGELES,LOS ANGELES,-118.22770690917967,34.120750427246094
8929904,2019,2019-09-09,1942,2019-08-13,0840,39938,NA,2,5,7,1942,0,0,0,NA,0,NA,CENTRAL AV,SLAUSON AV,164,S,N,A,-,N,NA,NA,NA,NA,NA,NA,NA,NA,NA,N,3,0,2,2,A,-,05,21460,A,N,D,C,A,A,H,-,A,A,0,NA,NA,NA,NA,Y,NA,D,22,0,1,1,0,0,0,0,0,0,-,-,NA,NA,LOS ANGELES,LOS ANGELES,-118.25646209716795,33.9888916015625
8929906,2019,2019-09-06,1955,2019-08-08,1519,42439,20,4,5,6,1955,0,0,0,NA,0,002,TOWNE AV,ARROW HWY,100,N,N,A,-,N,NA,NA,NA,NA,NA,NA,NA,NA,NA,Y,3,0,2,2,A,-,09,21804,A,N,D,C,A,A,H,-,A,D,0,NA,NA,NA,NA,Y,NA,A,01,0,1,1,0,0,0,0,0,0,-,-,NA,NA,LOS ANGELES,POMONA,-117.73680114746094,34.0904541015625
8929910,2019,2019-09-06,1955,2019-08-15,1149,40437,87,4,5,6,1955,0,0,0,NA,0,004,PHILADELPHIA AV,SAN ANTONIO AV,100,W,N,A,-,N,NA,NA,NA,NA,NA,NA,NA,NA,NA,Y,3,0,1,2,A,-,08,22107,NA,N,C,E,A,A,H,-,A,D,0,NA,NA,NA,NA,Y,NA,A,07,0,1,0,0,0,0,0,0,0,-,-,NA,NA,LOS ANGELES,POMONA,-117.73651123046876,34.03362274169922
8929912,2019,2019-09-27,1942,2019-08-16,1020,43897,0289,5,5,7,1942,0,0,0,B,0,2A91,PICO BL,UNION AV,0,NA,Y,A,-,N,NA,NA,NA,NA,NA,NA,NA,NA,NA,N,4,0,1,2,D,-,00,NA,NA,N,D,C,A,A,H,-,A,A,0,NA,NA,NA,NA,Y,NA,-,-,0,0,1,0,0,0,0,0,0,-,-,NA,NA,LOS ANGELES,LOS ANGELES,-118.27694702148438,34.04465103149414
8929916,2019,2019-11-04,1942,2019-07-27,2245,43318,0211,6,5,7,1942,0,0,0,B,0,2A39,VERMONT AV,RT 101,0,NA,Y,B,-,N,NA,NA,NA,NA,NA,NA,NA,NA,NA,Y,4,0,1,3,A,-,04,21703,NA,N,C,C,A,A,H,-,C,A,0,NA,NA,NA,NA,Y,NA,D,22,0,0,1,0,0,0,0,0,0,-,-,NA,NA,LOS ANGELES,LOS ANGELES,-118.2917022705078,34.08021926879883
8929918,2019,2019-09-04,1955,2019-08-09,1950,42554,21,5,5,6,1955,0,0,0,NA,0,002,LA VERNE AV,TOWNE AV,9,E,N,A,-,N,NA,NA,NA,NA,NA,NA,NA,NA,NA,Y,4,0,2,2,A,-,09,21801,A,N,D,C,A,A,H,-,B,A,0,NA,NA,NA,NA,Y,NA,A,07,0,0,2,0,0,0,0,0,0,-,-,NA,NA,LOS ANGELES,POMONA,-117.74055480957033,34.0803108215332
8929923,2019,2019-09-03,1910,2019-08-09,1012,03209,NA,5,5,4,1910,0,0,0,NA,0,007,S OAKHURST DR,GREGORY WY,0,NA,Y,A,-,N,NA,NA,NA,NA,NA,NA,NA,NA,NA,Y,4,0,2,2,D,-,00,NA,NA,N,D,C,A,A,H,-,A,A,0,NA,NA,NA,NA,Y,NA,-,-,0,0,2,0,0,0,0,0,0,-,-,NA,NA,LOS ANGELES,BEVERLY HILLS,-118.39077758789064,34.06222152709961
8929926,2019,2019-09-03,1955,2019-08-02,1807,40513,54,5,5,6,1955,0,0,0,NA,0,001,HOLT BL,FAIRPLEX,0,NA,Y,A,-,N,NA,NA,NA,NA,NA,NA,NA,NA,NA,Y,4,0,2,2,A,-,08,22101,D,N,D,C,A,A,H,-,A,A,0,NA,NA,NA,NA,Y,NA,A,01,0,0,2,0,0,0,0,0,0,-,-,NA,NA,LOS ANGELES,POMONA,-117.78755950927734,34.061519622802734
8929927,2019,2019-09-03,1910,2019-08-10,1357,03410,NA,6,5,4,1910,0,0,0,NA,0,005,WILSHIRE BL,EL CAMINO DR,0,NA,Y,A,-,N,NA,NA,NA,NA,NA,NA,NA,NA,NA,N,4,0,1,3,A,-,03,22350,NA,N,C,C,A,A,H,-,A,A,0,NA,NA,NA,NA,Y,NA,-,NA,0,0,1,0,0,0,0,0,0,-,-,NA,NA,LOS ANGELES,BEVERLY HILLS,-118.40019989013672,34.06705856323242
8929930,2019,2019-09-03,1955,2019-08-16,0541,40624,28,5,5,6,1955,0,0,0,NA,0,002,BONITA AV,SUMNER AV,300,E,N,A,-,N,NA,NA,NA,NA,NA,NA,NA,NA,NA,Y,3,0,1,2,A,-,08,22107,NA,N,C,E,A,A,H,-,C,D,0,NA,NA,NA,NA,Y,NA,A,01,0,1,0,0,0,0,0,0,0,-,-,NA,NA,LOS ANGELES,POMONA,-117.74146270751952,34.09622573852539
8929931,2019,2019-09-03,1910,2019-08-05,0932,03494,NA,1,5,4,1910,0,0,0,NA,0,006,SANTA MONICA BL,DOHENY DR,170,W,N,A,-,N,NA,NA,NA,NA,NA,NA,NA,NA,NA,N,4,0,1,2,A,-,03,22350,NA,N,C,C,A,A,H,-,A,D,0,NA,NA,NA,NA,Y,NA,A,01,0,0,1,0,0,0,0,0,0,-,-,NA,NA,LOS ANGELES,BEVERLY HILLS,-118.39021301269533,34.08087921142578
8929934,2019,2019-09-03,1955,2019-08-17,1841,42606,097,6,5,6,1955,0,0,0,NA,0,004,MISSION BL,LA MESA ST,0,NA,Y,A,-,N,NA,NA,NA,NA,NA,NA,NA,NA,NA,Y,4,0,2,2,A,-,09,21804,A,N,D,C,A,A,H,-,A,A,0,NA,NA,NA,NA,Y,NA,A,01,0,0,2,0,0,0,0,0,0,-,-,NA,NA,LOS ANGELES,POMONA,-117.73480224609376,34.05550003051758
8929935,2019,2019-09-03,1910,2019-08-09,1219,360,NA,5,5,4,1910,0,0,0,NA,0,007,WILSHIRE BL,REEVES DR,6,W,N,A,-,N,NA,NA,NA,NA,NA,NA,NA,NA,NA,N,4,0,1,2,A,-,08,22100,A,N,B,C,A,A,H,-,A,D,0,NA,NA,NA,NA,Y,NA,A,01,0,0,1,0,0,0,0,0,0,-,-,34.06705856323242,-118.38799285888672,LOS ANGELES,BEVERLY HILLS,-118.39798736572266,34.06707000732422
8929938,2019,2019-09-03,1955,2019-08-11,0248,42439,16,7,5,6,1955,0,0,0,NA,0,003,INDIAN HILL BL,COBBLESTONE LN,20,S,N,A,-,N,NA,NA,NA,NA,NA,NA,NA,NA,NA,Y,4,0,1,2,A,-,08,22107,NA,N,B,E,A,A,H,-,C,A,0,NA,NA,NA,NA,Y,NA,A,01,0,0,1,0,0,0,0,0,0,-,-,NA,NA,LOS ANGELES,POMONA,-117.7192611694336,34.07847595214844
8929939,2019,2019-09-03,1910,2019-08-07,1606,03209,NA,3,5,4,1910,0,0,0,NA,0,009,WILSHIRE BL,N LE DOUX RD,0,NA,Y,A,-,N,NA,NA,NA,NA,NA,NA,NA,NA,NA,Y,4,0,2,2,A,-,09,21802,A,N,D,C,A,A,H,-,A,A,0,NA,NA,NA,NA,Y,NA,A,01,0,0,2,0,0,0,0,0,0,-,-,NA,NA,LOS ANGELES,BEVERLY HILLS,-118.37727355957033,34.06547164916992
8929941,2019,2019-09-09,1942,2019-07-28,1200,35047,1512,7,5,7,1942,0,0,0,O,0,DESK,VANOWEN AV,BELLAIRE ST,20,E,N,A,-,N,NA,NA,NA,NA,NA,NA,NA,NA,NA,N,4,0,2,2,A,-,00,20015,NA,F,C,C,A,A,H,-,A,A,0,NA,NA,NA,NA,Y,NA,-,-,0,0,2,0,0,0,0,0,0,-,-,NA,NA,LOS ANGELES,LOS ANGELES,-118.40936279296876,34.19395065307617
8929942,2019,2019-09-03,1955,2019-08-17,1209,42305,090,6,5,6,1955,0,0,0,NA,0,004,EAST END AV,GRAND AV,0,NA,Y,A,-,N,NA,NA,NA,NA,NA,NA,NA,NA,NA,N,3,0,1,2,A,-,09,21802,A,N,D,C,A,A,H,-,A,A,0,NA,NA,NA,NA,Y,NA,A,01,0,1,0,0,0,0,0,0,0,-,-,NA,NA,LOS ANGELES,POMONA,-117.72357177734376,34.0484504699707
8929943,2019,2019-09-03,1910,2019-08-07,1710,03410,NA,3,5,4,1910,0,0,0,NA,0,005,CRESCENT DR,DAYTON WY,250,S,N,A,-,N,NA,NA,NA,NA,NA,NA,NA,NA,NA,Y,4,0,2,2,A,-,09,21804,A,N,D,C,A,A,H,-,A,D,0,NA,NA,NA,NA,Y,NA,A,01,0,0,2,0,0,0,0,0,0,-,-,NA,NA,LOS ANGELES,BEVERLY HILLS,-118.39801788330078,34.06938934326172
8929945,2019,2019-09-25,1942,2019-07-27,1810,42817,0926,6,5,7,1942,0,0,0,I,0,9A79,VAN NUYS BL,GILMORE ST,0,NA,Y,A,-,N,NA,NA,NA,NA,NA,NA,NA,NA,NA,N,4,0,2,2,A,-,12,21453,A,F,D,C,A,A,H,-,A,A,0,NA,NA,NA,NA,Y,NA,-,99,0,0,2,0,0,0,0,0,0,-,-,NA,NA,LOS ANGELES,LOS ANGELES,-118.44873809814452,34.18764114379883
8929946,2019,2019-09-03,1955,2019-08-17,0130,42439,99,6,5,6,1955,0,0,0,NA,0,003,HOLT AV,CLARK AV,0,NA,Y,A,-,N,NA,NA,NA,NA,NA,NA,NA,NA,NA,Y,3,0,1,1,A,-,08,22107,A,N,E,I,A,A,H,-,C,A,0,NA,NA,NA,NA,Y,NA,A,01,0,1,0,0,0,0,0,0,0,-,-,NA,NA,LOS ANGELES,POMONA,-117.72930145263672,34.062889099121094
8929947,2019,2019-09-20,1910,2019-08-07,0924,360,NA,3,5,4,1910,0,0,0,NA,0,009,WILSHIRE BL,ARNAZ DR,0,NA,Y,A,-,N,NA,NA,NA,NA,NA,NA,NA,NA,NA,Y,4,0,1,2,A,-,09,21801,A,N,D,C,A,A,H,-,A,D,0,NA,NA,NA,NA,Y,NA,A,01,0,0,1,0,0,0,0,0,0,-,-,34.06882095336914,-118.38260650634766,LOS ANGELES,BEVERLY HILLS,-118.38262939453124,34.066810607910156
8929949,2019,2019-09-06,1941,2019-07-25,1458,5578,NA,4,5,7,1941,0,0,0,NA,0,NA,ATLANTIC AV,ATLANTIC PL,0,NA,Y,A,-,N,NA,NA,NA,NA,NA,NA,NA,NA,NA,Y,3,0,1,2,A,-,03,22350,NA,N,C,C,A,A,H,-,A,D,0,NA,NA,NA,NA,Y,NA,-,NA,0,1,0,0,0,0,0,0,0,-,-,NA,NA,LOS ANGELES,LONG BEACH,-118.18595123291016,33.88056945800781
8929950,2019,2019-09-03,1955,2019-08-19,1120,42524,99,1,5,6,1955,0,0,0,NA,0,003,HOLT AV,RESERVOIR ST,0,NA,Y,A,-,N,NA,NA,NA,NA,NA,NA,NA,NA,NA,N,3,0,1,2,A,-,12,21453,A,N,D,G,A,A,H,-,A,A,0,NA,Y,NA,NA,Y,NA,L,04,0,1,0,0,0,0,1,0,0,-,-,NA,NA,LOS ANGELES,POMONA,-117.73281860351564,34.062801361083984
8929951,2019,2019-09-03,1910,2019-08-02,1411,360,NA,5,5,4,1910,0,0,0,NA,0,007,W OLYMPIC BL,S CRESCENT DR,0,NA,Y,A,-,N,NA,NA,NA,NA,NA,NA,NA,NA,NA,Y,4,0,2,2,A,-,09,21802,A,N,D,C,A,A,H,-,A,D,0,NA,NA,NA,NA,Y,NA,A,08,0,0,2,0,0,0,0,0,0,-,-,34.05936813354492,-118.39594268798828,LOS ANGELES,BEVERLY HILLS,-118.39594268798828,34.05936050415039
8929954,2019,2019-09-03,1955,2019-08-09,2115,42416,84,5,5,6,1955,0,0,0,NA,0,004,GAREY AV,PHILADELPHIA ST,422,N,N,A,-,N,NA,NA,NA,NA,NA,NA,NA,NA,NA,Y,4,0,4,2,A,-,09,21801,A,N,D,C,A,A,H,-,C,-,0,NA,NA,NA,NA,Y,NA,A,01,0,0,4,0,0,0,0,0,0,-,-,NA,NA,LOS ANGELES,POMONA,-117.74923706054688,34.034446716308594
8929955,2019,2019-09-03,1910,2019-08-05,0740,03438,NA,1,5,4,1910,0,0,0,NA,0,007,S REXFORD DR,OLYMPIC BL,0,NA,Y,A,-,N,NA,NA,NA,NA,NA,NA,NA,NA,NA,Y,4,0,1,2,A,-,12,21453,A,N,D,C,A,A,H,-,A,A,0,NA,NA,NA,NA,Y,NA,A,01,0,0,1,0,0,0,0,0,0,-,-,NA,NA,LOS ANGELES,BEVERLY HILLS,-118.39389038085938,34.059349060058594