CASE_ID,ACCIDENT_YEAR,PROC_DATE,JURIS,COLLISION_DATE,COLLISION_TIME,OFFICER_ID,REPORTING_DISTRICT,DAY_OF_WEEK,CHP_SHIFT,POPULATION,CNTY_CITY_LOC,SPECIAL_COND,BEAT_TYPE,CHP_BEAT_TYPE,CITY_DIVISION_LAPD,CHP_BEAT_CLASS,BEAT_NUMBER,PRIMARY_RD,SECONDARY_RD,DISTANCE,DIRECTION,INTERSECTION,WEATHER_1,WEATHER_2,STATE_HWY_IND,CALTRANS_COUNTY,CALTRANS_DISTRICT,STATE_ROUTE,ROUTE_SUFFIX,POSTMILE_PREFIX,POSTMILE,LOCATION_TYPE,RAMP_INTERSECTION,SIDE_OF_HWY,TOW_AWAY,COLLISION_SEVERITY,NUMBER_KILLED,NUMBER_INJURED,PARTY_COUNT,PRIMARY_COLL_FACTOR,PCF_CODE_OF_VIOL,PCF_VIOL_CATEGORY,PCF_VIOLATION,PCF_VIOL_SUBSECTION,HIT_AND_RUN,TYPE_OF_COLLISION,MVIW,PED_ACTION,ROAD_SURFACE,ROAD_COND_1,ROAD_COND_2,LIGHTING,CONTROL_DEVICE,CHP_ROAD_TYPE,PEDESTRIAN_ACCIDENT,BICYCLE_ACCIDENT,MOTORCYCLE_ACCIDENT,TRUCK_ACCIDENT,NOT_PRIVATE_PROPERTY,ALCOHOL_INVOLVED,STWD_VEHTYPE_AT_FAULT,CHP_VEHTYPE_AT_FAULT,COUNT_SEVERE_INJ,COUNT_VISIBLE_INJ,COUNT_COMPLAINT_PAIN,COUNT_PED_KILLED,COUNT_PED_INJURED,COUNT_BICYCLIST_KILLED,COUNT_BICYCLIST_INJURED,COUNT_MC_KILLED,COUNT_MC_INJURED,PRIMARY_RAMP,SECONDARY_RAMP,LATITUDE,LONGITUDE,COUNTY,CITY,POINT_X,POINT_Y
8930297,2019,2019-09-09,1931,2019-08-19,1202,5322,1931,1,5,5,1931,0,0,0,NA,0,003,MILES AV,SATURN AV,0,NA,Y,A,-,N,NA,NA,NA,NA,NA,NA,NA,NA,NA,N,4,0,2,2,A,-,09,21801,NA,N,A,C,A,A,H,-,A,A,0,NA,NA,NA,NA,Y,NA,D,22,0,0,2,0,0,0,0,0,0,-,-,NA,NA,LOS ANGELES,HUNTINGTON PARK,-118.21903228759766,33.976890563964844
8930300,2019,2019-09-12,1942,2019-08-15,1150,37080,1974,4,5,7,1942,0,0,0,NA,0,19A85,VAN NUYS BL,NORDHOFF ST,398,S,N,A,-,N,NA,NA,NA,NA,NA,NA,NA,NA,NA,Y,2,0,1,2,A,-,11,21956,A,N,G,B,E,A,H,-,A,D,0,Y,NA,NA,Y,Y,NA,N,60,1,0,0,0,1,0,0,0,0,-,-,NA,NA,LOS ANGELES,LOS ANGELES,-118.45024871826172,34.234317779541016
8930303,2019,2019-09-10,1900,2019-06-22,2225,546526,1324,6,5,5,1935,0,0,0,NA,0,132D,PALO VERDE AV,CARSON ST,0,NA,Y,A,-,N,NA,NA,NA,NA,NA,NA,NA,NA,NA,Y,3,0,2,2,A,-,09,21801,A,N,A,C,A,A,H,-,C,A,0,NA,NA,NA,NA,Y,NA,D,22,0,1,1,0,0,0,0,0,0,-,-,NA,NA,LOS ANGELES,LAKEWOOD,-118.1077880859375,33.83230972290039
8930306,2019,2019-09-11,1900,2019-08-18,1747,606987,1321,7,5,5,1935,0,0,0,NA,0,132T1,CANDLEWOOD ST,CIVIC CENTER DR,0,NA,Y,A,-,N,NA,NA,NA,NA,NA,NA,NA,NA,NA,Y,2,0,3,2,A,-,12,22450,A,N,D,C,A,A,H,-,A,A,0,NA,NA,NA,NA,Y,NA,D,22,2,1,0,0,0,0,0,0,0,-,-,33.85002899169922,-118.13377380371094,LOS ANGELES,LAKEWOOD,-118.13224029541016,33.8536491394043
8930312,2019,2019-09-12,1942,2019-08-08,1740,30830,0966,4,5,7,1942,0,0,0,I,0,9A63,CHANDLER BL,FULTON AV,0,NA,Y,A,-,N,NA,NA,NA,NA,NA,NA,NA,NA,NA,Y,4,0,1,3,A,-,12,21453,A,N,D,C,A,A,H,-,A,A,0,NA,NA,NA,Y,Y,NA,A,01,0,0,1,0,0,0,0,0,0,-,-,NA,NA,LOS ANGELES,LOS ANGELES,-118.42249298095705,34.16856002807617
8930315,2019,2019-09-12,1942,2019-08-17,1500,43202,1693,6,5,7,1942,0,0,0,P,0,16A89,STAGG ST,RHODES AV,0,NA,Y,A,-,N,NA,NA,NA,NA,NA,NA,NA,NA,NA,N,4,0,2,2,A,-,12,22450,A,N,D,D,A,A,H,-,A,D,0,NA,NA,NA,Y,Y,NA,F,26,0,0,2,0,0,0,0,0,0,-,-,NA,NA,LOS ANGELES,LOS ANGELES,-118.40148162841795,34.21208190917969
8930316,2019,2019-09-11,1942,2019-08-10,1708,38191,0911,6,5,7,1942,0,0,0,I,0,9A23,VANOWEN ST,SEPULVEDA,51,W,N,A,-,N,NA,NA,NA,NA,NA,NA,NA,NA,NA,N,4,0,1,2,A,-,04,21703,NA,N,C,C,A,A,H,-,A,D,0,NA,NA,NA,NA,Y,Y,D,22,0,0,1,0,0,0,0,0,0,-,-,NA,NA,LOS ANGELES,LOS ANGELES,-118.46634674072266,34.19392013549805
8930321,2019,2019-09-10,1931,2019-08-22,1509,5324,1931,4,5,5,1931,0,0,0,NA,0,002,SOTO ST,SLAUSON AV,110,N,N,A,-,N,NA,NA,NA,NA,NA,NA,NA,NA,NA,N,4,0,1,2,A,-,03,22350,NA,N,C,C,A,A,H,-,A,A,0,NA,NA,NA,NA,Y,NA,A,01,0,0,1,0,0,0,0,0,0,-,-,NA,NA,LOS ANGELES,HUNTINGTON PARK,-118.21935272216795,33.989501953125
8930322,2019,2019-09-11,1975,2019-08-20,0720,00361,NA,2,5,6,1975,0,0,0,NA,0,006,LA PUENTE RD,WHITINGHAM DR,143,W,N,A,-,N,NA,NA,NA,NA,NA,NA,NA,NA,NA,Y,3,0,1,2,A,-,09,21804,NA,N,D,C,A,A,H,-,A,A,0,NA,NA,NA,NA,Y,NA,-,NA,0,1,0,0,0,0,0,0,0,-,-,NA,NA,LOS ANGELES,WEST COVINA,-117.87445068359376,34.01423645019531
8930323,2019,2019-09-05,1941,2019-08-23,1823,11130,NA,5,5,7,1941,0,0,0,NA,0,NA,7TH ST,JUNIPERO AV,0,NA,Y,A,-,N,NA,NA,NA,NA,NA,NA,NA,NA,NA,N,4,0,1,2,D,-,00,NA,NA,N,D,G,A,A,H,-,A,A,0,NA,Y,NA,NA,Y,NA,-,-,0,0,1,0,0,0,1,0,0,-,-,NA,NA,LOS ANGELES,LONG BEACH,-118.1633529663086,33.77534866333008
8930324,2019,2019-09-09,1942,2019-08-22,1230,41158,0904,4,5,7,1942,0,0,0,I,0,9A5,STAGG ST,SEPULVEDA BL,435,E,N,A,-,N,NA,NA,NA,NA,NA,NA,NA,NA,NA,N,4,0,1,2,A,-,21,22106,NA,F,G,B,E,A,H,-,A,D,0,Y,NA,NA,NA,Y,NA,-,99,0,0,1,0,1,0,0,0,0,-,-,NA,NA,LOS ANGELES,LOS ANGELES,-118.46479034423828,34.21207046508789
8930325,2019,2019-09-30,1941,2019-08-26,0916,10365,NA,1,5,7,1941,0,0,0,NA,0,NA,DEUKMEJIAN DR,PARK AV,18,E,N,A,-,N,NA,NA,NA,NA,NA,NA,NA,NA,NA,N,2,0,1,1,A,-,-,NA,NA,N,A,I,A,A,H,-,A,D,0,NA,NA,NA,NA,Y,NA,M,NA,1,0,0,0,0,0,0,0,0,-,-,NA,NA,LOS ANGELES,LONG BEACH,-118.13973236083984,33.7789306640625
8930326,2019,2019-09-27,1975,2019-08-20,0638,354,NA,2,5,6,1975,0,0,0,NA,0,005,AMAR RD,WOODGATE DR,0,NA,-,A,-,N,NA,NA,NA,NA,NA,NA,NA,NA,NA,Y,4,0,1,2,A,-,03,22350,NA,N,C,C,A,A,-,-,A,D,0,NA,NA,NA,NA,Y,NA,A,01,0,0,1,0,0,0,0,0,0,-,-,NA,NA,LOS ANGELES,WEST COVINA,-117.89906311035156,34.027000427246094
8930328,2019,2019-12-18,1942,2019-08-24,1530,37686,1025,6,5,7,1942,0,0,0,J,0,10A21,ETIWANDA AV,VANOWEN ST,5,N,N,A,-,N,NA,NA,NA,NA,NA,NA,NA,NA,NA,N,3,0,1,2,A,-,03,22350,NA,F,C,C,A,A,H,-,A,D,0,NA,NA,Y,NA,Y,NA,-,99,0,1,0,0,0,0,0,0,1,-,-,NA,NA,LOS ANGELES,LOS ANGELES,-118.53167724609376,34.19388198852539
8930329,2019,2019-09-30,1941,2019-08-25,1500,11370,NA,7,5,7,1941,0,0,0,NA,0,NA,HARBOR AV,ANAHEIM ST,0,NA,Y,A,-,N,NA,NA,NA,NA,NA,NA,NA,NA,NA,Y,3,0,1,2,A,-,-,NA,NA,N,-,C,A,A,H,-,A,A,0,NA,NA,Y,NA,Y,NA,A,NA,0,1,0,0,0,0,0,0,0,-,-,NA,NA,LOS ANGELES,LONG BEACH,-118.21051025390624,33.78268051147461
8930330,2019,2019-09-11,1975,2019-08-20,1755,456,CITRU,2,5,6,1975,0,0,0,NA,0,001,LARK ELLEN AV,PIONEER AV,70,S,N,A,-,N,NA,NA,NA,NA,NA,NA,NA,NA,NA,N,4,0,1,2,A,-,03,22350,NA,N,C,C,A,A,H,-,A,A,0,NA,NA,NA,NA,Y,NA,D,22,0,0,1,0,0,0,0,0,0,-,-,NA,NA,LOS ANGELES,WEST COVINA,-117.91658782958984,34.07988739013672
8930331,2019,2019-09-05,1941,2019-08-23,1745,10861,NA,5,5,7,1941,0,0,0,NA,0,NA,7TH ST,NEBRASKA AV,0,NA,Y,A,-,N,NA,NA,NA,NA,NA,NA,NA,NA,NA,N,4,0,1,2,A,-,03,22350,NA,N,C,C,A,A,H,-,A,A,0,NA,NA,NA,NA,Y,NA,A,NA,0,0,1,0,0,0,0,0,0,-,-,NA,NA,LOS ANGELES,LONG BEACH,-118.17366790771484,33.77534103393555
8930332,2019,2019-09-09,1942,2019-08-24,1220,41514,1061,6,5,7,1942,0,0,0,J,0,10A83,VENTURA BL,CORBIN AV,500,W,N,A,-,N,NA,NA,NA,NA,NA,NA,NA,NA,NA,N,4,0,1,2,B,-,22,NA,NA,F,H,E,A,A,H,-,A,D,0,NA,NA,NA,NA,Y,NA,-,99,0,0,1,0,0,0,0,0,0,-,-,NA,NA,LOS ANGELES,LOS ANGELES,-118.56386566162108,34.17243957519531
8930333,2019,2019-09-10,1941,2019-08-25,1539,11394,NA,7,5,7,1941,0,0,0,NA,0,NA,CHERRY AV,52ND ST,0,NA,Y,A,-,N,NA,NA,NA,NA,NA,NA,NA,NA,NA,Y,4,0,2,2,A,-,05,21651,B,N,A,C,A,A,H,-,A,D,0,NA,NA,NA,NA,Y,NA,A,NA,0,0,2,0,0,0,0,0,0,-,-,NA,NA,LOS ANGELES,LONG BEACH,-118.16761016845705,33.8509407043457
8930334,2019,2019-09-11,1975,2019-08-21,0720,418,NA,3,5,6,1975,0,0,0,NA,0,004,WALNUT AV,VINE AV,335,S,N,A,-,N,NA,NA,NA,NA,NA,NA,NA,NA,NA,N,3,0,1,2,A,-,08,22107,NA,N,B,G,A,A,H,-,A,D,0,NA,Y,NA,NA,Y,NA,L,04,0,1,0,0,0,0,1,0,0,-,-,NA,NA,LOS ANGELES,WEST COVINA,-117.93419647216795,34.05678176879883
8930335,2019,2019-09-05,1941,2019-08-23,1156,11410,NA,5,5,7,1941,0,0,0,NA,0,NA,W 36TH ST,PACIFIC AV,0,NA,Y,A,-,N,NA,NA,NA,NA,NA,NA,NA,NA,NA,Y,4,0,1,2,A,-,12,22450,NA,N,D,C,A,A,H,-,A,D,0,NA,NA,NA,NA,Y,NA,A,NA,0,0,1,0,0,0,0,0,0,-,-,NA,NA,LOS ANGELES,LONG BEACH,-118.19412994384766,33.822139739990234
8930336,2019,2019-09-09,1942,2019-08-25,2220,38613,1665,7,5,7,1942,0,0,0,P,0,16A77,SUNLAND BL,STONEHURST AV,0,NA,Y,A,-,N,NA,NA,NA,NA,NA,NA,NA,NA,NA,Y,4,0,1,2,A,-,03,22350,NA,F,C,C,A,A,H,-,C,A,0,NA,NA,NA,NA,Y,NA,A,07,0,0,1,0,0,0,0,0,0,-,-,NA,NA,LOS ANGELES,LOS ANGELES,-118.36627960205078,34.243289947509766
8930337,2019,2019-09-30,1941,2019-08-25,0824,10997,NA,7,5,7,1941,0,0,0,NA,0,NA,2ND ST,GRANADA,18,E,N,A,-,N,NA,NA,NA,NA,NA,NA,NA,NA,NA,N,4,0,1,1,A,-,-,NA,NA,N,E,I,A,A,H,-,A,A,0,NA,NA,Y,NA,Y,NA,C,NA,0,0,1,0,0,0,0,0,1,-,-,NA,NA,LOS ANGELES,LONG BEACH,-118.13591766357422,33.76066589355469
8930339,2019,2019-09-05,1941,2019-08-22,2313,11349,NA,4,5,7,1941,0,0,0,NA,0,NA,ANAHEIM ST,MARTIN LUTHER KING JR,25,W,N,A,-,N,NA,NA,NA,NA,NA,NA,NA,NA,NA,Y,4,0,2,2,A,-,12,21453,A,N,D,C,A,A,H,-,C,A,0,NA,NA,NA,NA,Y,NA,A,NA,0,0,2,0,0,0,0,0,0,-,-,NA,NA,LOS ANGELES,LONG BEACH,-118.18076324462892,33.78261184692383
8930340,2019,2019-09-09,1942,2019-08-23,0215,33504,1617,5,5,7,1942,0,0,0,P,0,16A35,FOOTHILL BL,ORO VISTA AV,157,W,N,B,-,N,NA,NA,NA,NA,NA,NA,NA,NA,NA,Y,2,0,1,3,A,-,08,22107,NA,F,C,G,A,A,H,-,C,A,0,NA,Y,NA,NA,Y,NA,-,99,1,0,0,0,0,0,1,0,0,-,-,NA,NA,LOS ANGELES,LOS ANGELES,-118.31627655029295,34.25968933105469
8930341,2019,2019-09-10,1941,2019-08-24,2039,10913,NA,6,5,7,1941,0,0,0,NA,0,NA,SHORELINE DR,AQUARIUM WY,0,NA,Y,A,-,N,NA,NA,NA,NA,NA,NA,NA,NA,NA,N,3,0,1,2,A,-,12,21453,A,N,D,G,A,A,H,-,C,A,0,NA,Y,NA,NA,Y,NA,L,NA,0,1,0,0,0,0,1,0,0,-,-,NA,NA,LOS ANGELES,LONG BEACH,-118.194580078125,33.763710021972656
8930342,2019,2019-09-11,1975,2019-08-21,1457,314,NA,3,5,6,1975,0,0,0,NA,0,003,ORANGE AV,SHERWAY ST,0,NA,Y,A,-,N,NA,NA,NA,NA,NA,NA,NA,NA,NA,Y,4,0,1,2,A,-,03,22350,NA,N,C,C,A,A,H,-,A,D,0,NA,NA,NA,NA,Y,NA,-,NA,0,0,1,0,0,0,0,0,0,-,-,NA,NA,LOS ANGELES,WEST COVINA,-117.94654846191406,34.06890869140625
8930343,2019,2019-09-05,1941,2019-08-22,1934,6172,NA,4,5,7,1941,0,0,0,NA,0,NA,21ST ST,WEST LOCUST AV,18,E,N,A,-,N,NA,NA,NA,NA,NA,NA,NA,NA,NA,N,2,0,1,2,A,-,-,NA,NA,N,H,G,A,A,H,-,A,D,0,NA,Y,NA,NA,Y,NA,-,NA,1,0,0,0,0,0,1,0,0,-,-,NA,NA,LOS ANGELES,LONG BEACH,-118.19104766845705,33.7952995300293
8930344,2019,2019-09-09,1942,2019-08-25,0740,27260,1781,7,5,7,1942,0,0,0,Q,0,17A81,DE SOTO AV,OSBORNE ST,0,NA,Y,A,-,N,NA,NA,NA,NA,NA,NA,NA,NA,NA,Y,4,0,1,2,A,-,12,22450,A,F,D,C,A,A,H,-,A,A,0,NA,NA,NA,NA,Y,Y,A,01,0,0,1,0,0,0,0,0,0,-,-,NA,NA,LOS ANGELES,LOS ANGELES,-118.58856201171876,34.23305130004883
8930345,2019,2019-09-10,1941,2019-08-24,1841,10939,NA,6,5,7,1941,0,0,0,NA,0,NA,EAST ANAHEIM ST,LIGHT POLE #MC1035,36,E,N,A,-,N,NA,NA,NA,NA,NA,NA,NA,NA,NA,N,3,0,4,5,A,-,11,21954,A,N,H,B,D,A,H,-,B,D,0,Y,NA,NA,NA,Y,NA,N,NA,0,3,1,0,4,0,0,0,0,-,-,NA,NA,LOS ANGELES,LONG BEACH,NA,NA
8930346,2019,2019-09-11,1975,2019-08-23,1834,416,NA,5,5,6,1975,0,0,0,NA,0,006,VALLEY BL,NOGALES ST,838,W,N,A,-,N,NA,NA,NA,NA,NA,NA,NA,NA,NA,Y,3,0,1,2,A,-,09,21801,NA,N,D,C,A,A,H,-,A,D,0,NA,NA,NA,NA,Y,NA,-,NA,0,1,0,0,0,0,0,0,0,-,-,NA,NA,LOS ANGELES,WEST COVINA,-117.89038848876952,34.00349426269531
8930347,2019,2019-09-16,1941,2019-08-22,1213,10147,NA,4,5,7,1941,0,0,0,NA,0,NA,ATLANTIC AV,WILLOW ST,250,N,N,A,-,N,NA,NA,NA,NA,NA,NA,NA,NA,NA,Y,4,0,1,2,-,-,-,NA,NA,N,D,C,A,A,H,-,A,A,0,NA,NA,Y,NA,Y,NA,-,-,0,0,1,0,0,0,0,0,1,-,-,NA,NA,LOS ANGELES,LONG BEACH,-118.18502807617188,33.8051643371582
8930348,2019,2019-09-09,1942,2019-08-19,0150,38906,1775,1,5,7,1942,0,0,0,Q,0,17XL47,PLUMMER ST,BALBOA BL,100,E,N,A,-,N,NA,NA,NA,NA,NA,NA,NA,NA,NA,Y,4,0,1,2,A,-,03,22350,NA,F,C,C,A,A,H,-,C,A,0,NA,NA,NA,NA,Y,NA,A,07,0,0,1,0,0,0,0,0,0,-,-,NA,NA,LOS ANGELES,LOS ANGELES,-118.50212860107422,34.24300765991211
8930349,2019,2019-09-10,1941,2019-08-24,1745,11099,NA,6,5,7,1941,0,0,0,NA,0,NA,E CARSON BL,LOS COYOTES DIAGONAL,20,E,N,A,-,N,NA,NA,NA,NA,NA,NA,NA,NA,NA,N,4,0,1,2,D,-,00,NA,NA,N,G,B,B,A,H,-,A,A,0,Y,NA,NA,NA,Y,NA,-,-,0,0,1,0,1,0,0,0,0,-,-,NA,NA,LOS ANGELES,LONG BEACH,-118.09888458251952,33.83216857910156
8930350,2019,2019-09-11,1941,2019-08-18,2235,11142,NA,7,5,7,1941,0,0,0,NA,0,NA,68TH ST,INDIANA AV,65,E,N,A,-,N,NA,NA,NA,NA,NA,NA,NA,NA,NA,Y,3,0,1,2,A,-,01,23153,A,F,C,C,A,A,H,-,C,D,0,NA,NA,NA,NA,Y,Y,A,NA,0,1,0,0,0,0,0,0,0,-,-,NA,NA,LOS ANGELES,LONG BEACH,-118.15330505371094,33.878326416015625
8930352,2019,2019-09-09,1942,2019-08-22,2320,34599,0971,4,5,7,1942,0,0,0,I,0,9A89,VENTURA BL,SEPULVEDA BL,43,E,N,A,-,N,NA,NA,NA,NA,NA,NA,NA,NA,NA,N,3,0,1,2,A,-,01,23152,A,F,C,C,A,A,H,-,C,A,0,NA,NA,NA,NA,Y,Y,A,01,0,1,0,0,0,0,0,0,0,-,-,NA,NA,LOS ANGELES,LOS ANGELES,-118.466064453125,34.15380859375
8930353,2019,2019-09-30,1941,2019-08-24,2007,11252,NA,6,5,7,1941,0,0,0,NA,0,NA,MAGNOLIA AV,PACIFIC COAST HWY,0,NA,Y,A,-,N,NA,NA,NA,NA,NA,NA,NA,NA,NA,Y,4,0,5,2,A,-,01,23152,B,N,C,-,A,A,H,-,C,A,0,NA,NA,NA,NA,Y,Y,A,NA,0,0,5,0,0,0,0,0,0,-,-,NA,NA,LOS ANGELES,LONG BEACH,-118.19809722900392,33.78987121582031
8930354,2019,2019-09-27,1941,2019-08-22,2321,10161,NA,4,5,7,1941,0,0,0,NA,0,NA,ANAHEIM ST,SANTA FE AV,33,W,N,A,-,N,NA,NA,NA,NA,NA,NA,NA,NA,NA,Y,4,0,1,2,A,-,03,22350,NA,F,C,C,A,A,H,-,E,D,0,NA,NA,NA,NA,Y,Y,A,NA,0,0,1,0,0,0,0,0,0,-,-,NA,NA,LOS ANGELES,LONG BEACH,-118.2155990600586,33.782745361328125
8930356,2019,2019-09-09,1942,2019-08-21,2005,36599,1991,3,5,7,1942,0,0,0,NA,0,19A93,ORION AV,ROSCOE BL,0,NA,Y,A,-,N,NA,NA,NA,NA,NA,NA,NA,NA,NA,N,4,0,1,2,A,-,09,21801,A,N,A,C,A,A,H,-,C,A,0,NA,NA,NA,NA,Y,Y,A,01,0,0,1,0,0,0,0,0,0,-,-,NA,NA,LOS ANGELES,LOS ANGELES,-118.47209167480467,34.221378326416016
8930357,2019,2019-09-10,1941,2019-08-23,1135,5761,NA,5,5,7,1941,0,0,0,NA,0,NA,SANTA FE AV,WILLARD AV,8,S,N,A,-,N,NA,NA,NA,NA,NA,NA,NA,NA,NA,N,4,0,1,2,A,-,12,21453,A,N,-,G,A,A,H,-,A,A,0,NA,Y,NA,NA,Y,NA,-,NA,0,0,1,0,0,0,1,0,0,-,-,NA,NA,LOS ANGELES,LONG BEACH,-118.21552276611328,33.794368743896484
8930358,2019,2019-09-11,1941,2019-08-20,1714,11406,NA,2,5,7,1941,0,0,0,NA,0,NA,CHERRY AV,14TH ST,0,NA,Y,A,-,N,NA,NA,NA,NA,NA,NA,NA,NA,NA,Y,3,0,1,2,A,-,09,21802,A,N,D,C,A,A,H,-,A,A,0,NA,NA,Y,NA,Y,NA,A,NA,0,1,0,0,0,0,0,0,1,-,-,NA,NA,LOS ANGELES,LONG BEACH,-118.16767120361328,33.78440856933594
8930360,2019,2019-09-09,1942,2019-08-26,2245,40388,1701,1,5,7,1942,0,0,0,Q,0,17A23,RINALDI ST,TAMPA AV,650,W,N,A,-,N,NA,NA,NA,NA,NA,NA,NA,NA,NA,Y,3,0,1,2,A,-,01,23152,A,N,C,E,A,A,H,-,C,A,0,NA,NA,NA,NA,Y,Y,A,01,0,1,0,0,0,0,0,0,0,-,-,NA,NA,LOS ANGELES,LOS ANGELES,-118.55870819091795,34.27462387084961
8930361,2019,2019-10-14,1941,2019-08-25,1305,11341,NA,7,5,7,1941,0,0,0,NA,0,NA,HILL ST,PINE AV,0,NA,Y,A,-,N,NA,NA,NA,NA,NA,NA,NA,NA,NA,N,4,0,1,2,A,-,08,22101,NA,F,D,C,A,A,H,-,A,A,0,NA,NA,NA,NA,Y,NA,A,NA,0,0,1,0,0,0,0,0,0,-,-,NA,NA,LOS ANGELES,LONG BEACH,-118.19259643554688,33.7971305847168
8930362,2019,2019-09-11,1941,2019-08-20,1747,5615,NA,2,5,7,1941,0,0,0,NA,0,NA,LOYNES DR,STUDEBAKER RD,50,W,N,A,-,N,NA,NA,NA,NA,NA,NA,NA,NA,NA,Y,3,0,2,2,A,-,08,22100,A,N,D,C,A,A,H,-,A,A,0,NA,NA,NA,NA,Y,NA,A,NA,0,2,0,0,0,0,0,0,0,-,-,NA,NA,LOS ANGELES,LONG BEACH,-118.10333251953124,33.76701736450195
8930364,2019,2019-09-09,1942,2019-08-23,2240,40972,1779,5,5,7,1942,0,0,0,Q,0,17A95,HASKELL AV,TUPPER ST,0,NA,Y,A,-,N,NA,NA,NA,NA,NA,NA,NA,NA,NA,Y,3,0,2,2,A,-,01,23152,A,N,D,C,A,A,H,-,C,A,0,NA,NA,NA,NA,Y,Y,A,07,0,1,1,0,0,0,0,0,0,-,-,NA,NA,LOS ANGELES,LOS ANGELES,-118.47628784179688,34.23920822143555
8930365,2019,2019-09-10,1941,2019-08-25,1944,11139,NA,7,5,7,1941,0,0,0,NA,0,NA,TEMPLE AV,EAST 2ND ST,0,NA,Y,A,-,N,NA,NA,NA,NA,NA,NA,NA,NA,NA,Y,2,0,4,4,A,-,12,22450,A,F,D,C,A,A,H,-,C,A,0,NA,NA,Y,NA,Y,Y,A,NA,2,0,2,0,0,0,0,0,0,-,-,NA,NA,LOS ANGELES,LONG BEACH,-118.1589813232422,33.76485824584961
8930366,2019,2019-09-27,1941,2019-08-20,1714,11352,NA,2,5,7,1941,0,0,0,NA,0,NA,21ST ST,PACIFIC AV,0,NA,Y,A,-,N,NA,NA,NA,NA,NA,NA,NA,NA,NA,N,4,0,1,2,A,-,12,22450,A,N,D,G,A,A,H,-,A,D,0,NA,Y,NA,NA,Y,NA,-,-,0,0,1,0,0,0,1,0,0,-,-,NA,NA,LOS ANGELES,LONG BEACH,-118.19377136230467,33.7952995300293
8930368,2019,2019-09-09,1942,2019-08-17,2310,25907,1037,6,5,7,1942,0,0,0,J,0,10A17,BALBOA BL,VICTORY BL,1303,S,N,A,-,N,NA,NA,NA,NA,NA,NA,NA,NA,NA,N,2,0,1,2,A,-,11,21954,A,N,G,B,D,A,H,-,D,A,0,Y,NA,NA,NA,Y,Y,N,60,1,0,0,0,1,0,0,0,0,-,-,NA,NA,LOS ANGELES,LOS ANGELES,-118.50125885009766,34.18306350708008
8930369,2019,2019-09-10,1941,2019-08-25,2102,10836,NA,7,5,7,1941,0,0,0,NA,0,NA,ORANGE AV,57TH ST,0,NA,Y,A,-,N,NA,NA,NA,NA,NA,NA,NA,NA,NA,N,4,0,1,2,A,-,08,22107,NA,F,B,C,A,A,H,-,C,D,0,NA,NA,NA,NA,Y,NA,A,NA,0,0,1,0,0,0,0,0,0,-,-,NA,NA,LOS ANGELES,LONG BEACH,-118.17729949951172,33.85926818847656
8930370,2019,2019-09-11,1941,2019-08-20,1215,6117,NA,2,5,7,1941,0,0,0,NA,0,NA,MARKET ST,ORANGE AV,0,NA,Y,-,-,N,NA,NA,NA,NA,NA,NA,NA,NA,NA,Y,4,0,2,2,A,-,12,21453,A,N,D,C,A,A,H,-,A,A,0,NA,NA,NA,NA,Y,NA,A,NA,0,0,2,0,0,0,0,0,0,-,-,NA,NA,LOS ANGELES,LONG BEACH,-118.17726135253906,33.8543701171875
8930372,2019,2019-09-26,1942,2019-08-17,0135,43845,0163,6,5,7,1942,0,0,0,A,0,1A35,7TH ST,BROADWAY,21,E,N,A,-,N,NA,NA,NA,NA,NA,NA,NA,NA,NA,N,3,0,1,2,A,-,09,21801,A,N,D,C,A,A,H,-,C,A,0,NA,NA,NA,NA,Y,NA,M,94,0,1,0,0,0,0,0,0,0,-,-,NA,NA,LOS ANGELES,LOS ANGELES,-118.46549987792967,33.996063232421875
8930373,2019,2019-09-10,1941,2019-08-15,1054,11405,NA,4,5,7,1941,0,0,0,NA,0,NA,E BROADWAY,GAVIOTA AV,0,NA,Y,A,-,N,NA,NA,NA,NA,NA,NA,NA,NA,NA,Y,4,0,2,2,A,-,09,21802,A,N,A,C,A,A,H,-,A,A,0,NA,NA,NA,NA,Y,NA,A,NA,0,0,2,0,0,0,0,0,0,-,-,NA,NA,LOS ANGELES,LONG BEACH,-118.17149353027344,33.76776123046875
8930374,2019,2019-09-11,1941,2019-08-21,1711,6291,NA,3,5,7,1941,0,0,0,NA,0,NA,JUDSON AV,16TH ST,0,NA,Y,A,-,N,NA,NA,NA,NA,NA,NA,NA,NA,NA,Y,4,0,1,2,A,-,09,21801,A,N,A,C,A,A,H,-,A,A,0,NA,NA,NA,NA,Y,NA,A,NA,0,0,1,0,0,0,0,0,0,-,-,NA,NA,LOS ANGELES,LONG BEACH,-118.22142791748048,33.78731155395508
8930376,2019,2019-09-09,1942,2019-08-09,1400,42573,182,5,5,7,1942,0,0,0,R,0,1A61,OLYMPIC BL,FIGUEROA ST,0,NA,Y,A,-,N,NA,NA,NA,NA,NA,NA,NA,NA,NA,Y,3,0,1,2,A,-,09,21801,A,N,A,C,A,A,H,-,A,A,0,NA,NA,NA,NA,Y,NA,A,01,0,1,0,0,0,0,0,0,0,-,-,NA,NA,LOS ANGELES,LOS ANGELES,-118.26397705078124,34.04497146606445
8930377,2019,2019-09-10,1941,2019-08-08,1635,5621,NA,4,5,7,1941,0,0,0,NA,0,NA,CLARK AV,CARSON ST,49,N,N,A,-,N,NA,NA,NA,NA,NA,NA,NA,NA,NA,N,4,0,1,2,A,-,03,22350,NA,N,C,C,A,A,H,-,A,A,0,NA,NA,NA,NA,Y,NA,A,NA,0,0,1,0,0,0,0,0,0,-,-,NA,NA,LOS ANGELES,LONG BEACH,-118.13387298583984,33.832515716552734