CASE_ID,ACCIDENT_YEAR,PROC_DATE,JURIS,COLLISION_DATE,COLLISION_TIME,OFFICER_ID,REPORTING_DISTRICT,DAY_OF_WEEK,CHP_SHIFT,POPULATION,CNTY_CITY_LOC,SPECIAL_COND,BEAT_TYPE,CHP_BEAT_TYPE,CITY_DIVISION_LAPD,CHP_BEAT_CLASS,BEAT_NUMBER,PRIMARY_RD,SECONDARY_RD,DISTANCE,DIRECTION,INTERSECTION,WEATHER_1,WEATHER_2,STATE_HWY_IND,CALTRANS_COUNTY,CALTRANS_DISTRICT,STATE_ROUTE,ROUTE_SUFFIX,POSTMILE_PREFIX,POSTMILE,LOCATION_TYPE,RAMP_INTERSECTION,SIDE_OF_HWY,TOW_AWAY,COLLISION_SEVERITY,NUMBER_KILLED,NUMBER_INJURED,PARTY_COUNT,PRIMARY_COLL_FACTOR,PCF_CODE_OF_VIOL,PCF_VIOL_CATEGORY,PCF_VIOLATION,PCF_VIOL_SUBSECTION,HIT_AND_RUN,TYPE_OF_COLLISION,MVIW,PED_ACTION,ROAD_SURFACE,ROAD_COND_1,ROAD_COND_2,LIGHTING,CONTROL_DEVICE,CHP_ROAD_TYPE,PEDESTRIAN_ACCIDENT,BICYCLE_ACCIDENT,MOTORCYCLE_ACCIDENT,TRUCK_ACCIDENT,NOT_PRIVATE_PROPERTY,ALCOHOL_INVOLVED,STWD_VEHTYPE_AT_FAULT,CHP_VEHTYPE_AT_FAULT,COUNT_SEVERE_INJ,COUNT_VISIBLE_INJ,COUNT_COMPLAINT_PAIN,COUNT_PED_KILLED,COUNT_PED_INJURED,COUNT_BICYCLIST_KILLED,COUNT_BICYCLIST_INJURED,COUNT_MC_KILLED,COUNT_MC_INJURED,PRIMARY_RAMP,SECONDARY_RAMP,LATITUDE,LONGITUDE,COUNTY,CITY,POINT_X,POINT_Y
8930565,2019,2019-09-16,1972,2019-08-26,1229,20170,NA,1,5,6,1972,0,0,0,NA,0,NA,PRAIRIE,176TH ST,0,NA,Y,A,-,N,NA,NA,NA,NA,NA,NA,NA,NA,NA,Y,4,0,1,2,A,-,09,21801,A,N,D,C,A,A,H,-,A,D,0,NA,NA,NA,NA,Y,NA,A,NA,0,0,1,0,0,0,0,0,0,-,-,NA,NA,LOS ANGELES,TORRANCE,-118.34381866455078,33.87063980102539
8930566,2019,2019-09-13,1942,2019-08-02,0515,43202,0914,5,5,7,1942,0,0,0,I,0,9A23W3,SHERMAN WAY,KESTER AV,0,NA,Y,A,-,N,NA,NA,NA,NA,NA,NA,NA,NA,NA,Y,4,0,1,2,A,-,00,21450,NA,N,-,C,A,A,H,-,A,A,0,NA,NA,NA,NA,Y,NA,A,01,0,0,1,0,0,0,0,0,0,-,-,NA,NA,LOS ANGELES,LOS ANGELES,-118.45745849609376,34.201141357421875
8930567,2019,2019-09-12,1942,2019-08-22,0630,38185,1935,4,5,7,1942,0,0,0,NA,0,19A43,SAN FERNANDO MISSION BL,NOBLE AV,330,NA,N,A,-,N,NA,NA,NA,NA,NA,NA,NA,NA,NA,Y,4,0,1,1,A,-,03,22350,NA,N,E,I,A,A,H,-,A,A,0,NA,NA,NA,NA,Y,NA,A,01,0,0,1,0,0,0,0,0,0,-,-,NA,NA,LOS ANGELES,LOS ANGELES,-118.4594268798828,34.272701263427734
8930568,2019,2019-09-11,1942,2019-08-26,1300,41125,NA,1,5,7,1942,0,0,0,NA,0,NA,SATICOY ST,SEPULVEDA BL,0,NA,Y,A,-,N,NA,NA,NA,NA,NA,NA,NA,NA,NA,Y,4,0,2,2,A,-,12,21453,A,N,D,C,A,A,H,-,A,A,0,NA,NA,NA,NA,Y,NA,A,01,0,0,2,0,0,0,0,0,0,-,-,NA,NA,LOS ANGELES,LOS ANGELES,-118.46620941162108,34.20845031738281
8930569,2019,2019-10-10,1972,2019-08-23,1904,21032,NA,5,5,6,1972,0,0,0,NA,0,NA,DEL AMO BL,WAYNE AV,0,NA,Y,A,-,N,NA,NA,NA,NA,NA,NA,NA,NA,NA,Y,4,0,1,2,A,-,12,21453,A,N,D,C,A,A,H,-,B,A,0,NA,NA,NA,NA,Y,NA,A,NA,0,0,1,0,0,0,0,0,0,-,-,NA,NA,LOS ANGELES,TORRANCE,-118.37313079833984,33.8486213684082
8930570,2019,2019-09-13,1942,2019-08-26,1955,37353,0969,1,5,7,1942,0,0,0,I,0,9A37,RIVERSIDE DR,COLDWATER CANYON AV,0,NA,Y,A,-,N,NA,NA,NA,NA,NA,NA,NA,NA,NA,N,4,0,1,2,A,-,10,21950,A,N,G,B,B,A,H,-,C,A,0,Y,NA,NA,NA,Y,NA,A,01,0,0,1,0,1,0,0,0,0,-,-,NA,NA,LOS ANGELES,LOS ANGELES,-118.41378784179688,34.157630920410156
8930571,2019,2019-09-12,1942,2019-08-24,1935,40165,1995,6,5,7,1942,0,0,0,NA,0,19A93,VAN NUYS BL,ARMINTA ST,0,NA,Y,A,-,N,NA,NA,NA,NA,NA,NA,NA,NA,NA,Y,3,0,5,3,A,-,12,21453,A,N,D,C,A,A,H,-,C,A,0,NA,NA,NA,NA,Y,NA,A,01,0,2,3,0,0,0,0,0,0,-,-,NA,NA,LOS ANGELES,LOS ANGELES,-118.44925689697266,34.213409423828125
8930572,2019,2019-09-26,1942,2019-08-18,0355,42671,NA,7,5,7,1942,0,0,0,NA,0,9A41,SHERMAN WY,HAZELTINE AV,0,NA,Y,A,-,N,NA,NA,NA,NA,NA,NA,NA,NA,NA,Y,4,0,2,2,A,-,08,22107,NA,N,C,C,A,A,H,-,C,A,0,NA,NA,NA,NA,Y,NA,A,01,0,0,2,0,0,0,0,0,0,-,-,NA,NA,LOS ANGELES,LOS ANGELES,-118.43997192382813,34.20122146606445
8930573,2019,2019-09-16,1972,2019-08-08,0828,12825,NA,4,5,6,1972,0,0,0,NA,0,NA,TORRANCE BL,BEECH AV,0,NA,Y,A,-,N,NA,NA,NA,NA,NA,NA,NA,NA,NA,Y,4,0,1,2,A,-,09,21801,A,N,D,C,A,A,H,-,A,D,0,NA,NA,NA,NA,Y,NA,A,NA,0,0,1,0,0,0,0,0,0,-,-,NA,NA,LOS ANGELES,TORRANCE,-118.32747650146484,33.836360931396484
8930574,2019,2019-09-13,1942,2019-08-26,1715,30830,1966,1,5,7,1942,0,0,0,NA,0,19A75,PLUMMER ST,VAN NUYS BL,0,NA,Y,A,-,N,NA,NA,NA,NA,NA,NA,NA,NA,NA,Y,3,0,5,3,A,-,09,21801,A,N,A,C,A,A,H,-,A,A,0,NA,NA,NA,NA,Y,NA,A,01,0,1,4,0,0,0,0,0,0,-,-,NA,NA,LOS ANGELES,LOS ANGELES,-118.45023345947266,34.242679595947266
8930575,2019,2019-09-12,1942,2019-08-22,2040,43686,MISSI,4,5,7,1942,0,0,0,NA,0,1962,PLUMMER ST,BURNET AV,65,W,N,A,-,N,NA,NA,NA,NA,NA,NA,NA,NA,NA,N,4,0,1,2,A,-,03,22350,NA,N,C,E,A,A,H,-,C,D,0,NA,NA,NA,NA,Y,NA,-,NA,0,0,1,0,0,0,0,0,0,-,-,NA,NA,LOS ANGELES,LOS ANGELES,-118.46338653564452,34.242740631103516
8930576,2019,2019-09-11,1942,2019-08-19,0610,43755,0926,1,5,7,1942,0,0,0,I,0,9A5,GILMORE ST,CALHOUN AV,0,NA,-,A,-,N,NA,NA,NA,NA,NA,NA,NA,NA,NA,N,4,0,1,3,A,-,03,22350,NA,N,C,E,A,A,H,-,B,D,0,NA,NA,NA,NA,Y,NA,A,07,0,0,1,0,0,0,0,0,0,-,-,NA,NA,LOS ANGELES,LOS ANGELES,-118.44216918945313,34.18764114379883
8930577,2019,2019-09-16,1972,2019-08-14,1432,20170,2,3,5,6,1972,0,0,0,NA,0,001,VAN NESS,178TH ST,0,NA,Y,A,-,N,NA,NA,NA,NA,NA,NA,NA,NA,NA,N,4,0,1,2,A,-,17,21200,NA,N,D,G,A,A,H,-,A,A,0,NA,Y,NA,NA,Y,NA,L,NA,0,0,1,0,0,0,1,0,0,-,-,NA,NA,LOS ANGELES,TORRANCE,-118.31781768798828,33.86919021606445
8930578,2019,2019-09-13,1942,2019-08-26,1720,33294,1912,1,5,7,1942,0,0,0,NA,0,35M36,ROXFORD ST,ENCINITAS AV,230,E,N,A,-,N,NA,NA,NA,NA,NA,NA,NA,NA,NA,N,4,0,1,2,A,-,09,21801,A,N,A,C,A,A,H,-,A,A,0,NA,NA,NA,NA,Y,NA,A,01,0,0,1,0,0,0,0,0,0,-,-,NA,NA,LOS ANGELES,LOS ANGELES,-118.4783172607422,34.30427551269531
8930579,2019,2019-11-07,1942,2019-08-24,2010,43563,LA,6,5,7,1942,0,0,0,NA,0,19A43,RINALDI ST,RT 405,0,NA,-,A,-,Y,LA,7,405,-,-,47.621,R,4,S,Y,4,0,1,2,A,-,09,21801,NA,F,D,C,A,A,H,-,C,A,0,NA,NA,NA,NA,Y,NA,A,07,0,0,1,0,0,0,0,0,0,-,SO,NA,NA,LOS ANGELES,LOS ANGELES,-118.47055053710938,34.27700424194336
8930580,2019,2019-09-11,1942,2019-08-17,1645,42921,933,6,5,7,1942,0,0,0,NA,0,9X14,VICTORY,CEDROS,0,NA,Y,A,-,N,NA,NA,NA,NA,NA,NA,NA,NA,NA,Y,3,0,1,3,A,-,12,21453,A,N,D,C,A,A,H,-,A,A,0,NA,NA,NA,NA,Y,NA,A,01,0,1,0,0,0,0,0,0,0,-,-,NA,NA,LOS ANGELES,LOS ANGELES,-118.45310974121094,34.18666076660156
8930581,2019,2019-09-16,1972,2019-08-07,2100,19997,NA,3,5,6,1972,0,0,0,NA,0,NA,SEPULVEDA BL,CRENSHAW BL,0,NA,Y,A,-,N,NA,NA,NA,NA,NA,NA,NA,NA,NA,N,4,0,1,2,A,-,07,21658,A,N,B,C,A,A,H,-,A,A,0,NA,NA,NA,NA,Y,NA,A,NA,0,0,1,0,0,0,0,0,0,-,-,NA,NA,LOS ANGELES,TORRANCE,-118.32846069335938,33.821861267089844
8930582,2019,2019-10-02,1942,2019-08-26,1045,36755,NA,1,5,7,1942,0,0,0,NA,0,NA,GLENOAKS BL,SAYRE ST,0,NA,Y,A,-,N,NA,NA,NA,NA,NA,NA,NA,NA,NA,Y,4,0,1,2,A,-,12,21453,A,N,D,C,A,A,H,-,A,A,0,NA,NA,NA,NA,Y,NA,-,-,0,0,1,0,0,0,0,0,0,-,-,NA,NA,LOS ANGELES,LOS ANGELES,-118.44268798828124,34.302181243896484
8930583,2019,2019-09-12,1942,2019-08-21,2145,32642,1791,3,5,7,1942,0,0,0,Q,0,21A1,WINNETKA AV,ROSCOE BL,57,N,N,A,-,N,NA,NA,NA,NA,NA,NA,NA,NA,NA,Y,4,0,1,2,A,-,09,21804,A,F,D,C,A,A,H,-,C,D,0,NA,NA,NA,NA,Y,Y,A,07,0,0,1,0,0,0,0,0,0,-,-,NA,NA,LOS ANGELES,LOS ANGELES,-118.57105255126952,34.22040557861328
8930584,2019,2019-09-11,1942,2019-08-20,2130,42251,0939,2,5,7,1942,0,0,0,I,0,15A33,COLDWATER CANYON AV,ERWIN ST,325,NA,N,A,-,N,NA,NA,NA,NA,NA,NA,NA,NA,NA,Y,4,0,2,2,A,-,08,22107,NA,N,D,C,A,A,H,-,C,D,0,NA,NA,NA,NA,Y,NA,A,01,0,0,2,0,0,0,0,0,0,-,-,NA,NA,LOS ANGELES,LOS ANGELES,-118.41378784179688,34.183040618896484
8930585,2019,2019-09-16,1972,2019-08-09,1010,16272,NA,5,5,6,1972,0,0,0,NA,0,NA,MAPLE,SEPULVEDA,200,S,N,A,-,N,NA,NA,NA,NA,NA,NA,NA,NA,NA,N,4,0,2,2,A,-,09,21804,A,N,D,C,A,A,H,-,A,D,0,NA,NA,NA,NA,Y,NA,A,NA,0,0,2,0,0,0,0,0,0,-,-,NA,NA,LOS ANGELES,TORRANCE,-118.34001159667967,33.823646545410156
8930586,2019,2019-09-13,1942,2019-08-20,2125,37353,1918,2,5,7,1942,0,0,0,NA,0,19A7,FOOTHILL BL,HUBBARD ST,0,NA,Y,A,-,N,NA,NA,NA,NA,NA,NA,NA,NA,NA,N,4,0,1,2,A,-,04,21703,NA,N,C,C,A,A,H,-,C,A,0,NA,NA,NA,NA,Y,NA,A,01,0,0,1,0,0,0,0,0,0,-,-,NA,NA,LOS ANGELES,LOS ANGELES,-118.43028259277344,34.30744934082031
8930587,2019,2019-09-12,1942,2019-08-25,2040,43136,1966,7,5,7,1942,0,0,0,NA,0,19A75,WOODMAN AV,KAGEL CANYON ST,0,NA,Y,A,-,N,NA,NA,NA,NA,NA,NA,NA,NA,NA,Y,4,0,1,2,A,-,08,22103,NA,F,D,C,A,A,-,-,C,D,0,NA,NA,NA,NA,Y,NA,A,01,0,0,1,0,0,0,0,0,0,-,-,NA,NA,LOS ANGELES,LOS ANGELES,-118.44114685058594,34.236351013183594
8930588,2019,2019-09-11,1942,2019-08-12,1755,37304,0923,1,5,7,1942,0,0,0,I,0,9A23,VICTORY BL,CEDROS AV,0,NA,Y,A,-,N,NA,NA,NA,NA,NA,NA,NA,NA,NA,Y,4,0,2,2,A,-,12,21453,A,N,D,C,A,A,H,-,A,A,0,NA,NA,NA,NA,Y,NA,A,07,0,0,2,0,0,0,0,0,0,-,-,NA,NA,LOS ANGELES,LOS ANGELES,-118.45310974121094,34.18666076660156
8930589,2019,2019-09-16,1941,2019-08-12,1230,11137,NA,1,5,7,1941,0,0,0,NA,0,901T,ALAMITOS AV,7TH ST,0,NA,Y,A,-,N,NA,NA,NA,NA,NA,NA,NA,NA,NA,N,4,0,1,2,A,-,05,21650,1,N,D,G,A,A,H,-,A,A,0,NA,Y,NA,NA,Y,NA,-,-,0,0,1,0,0,0,1,0,0,-,-,NA,NA,LOS ANGELES,LONG BEACH,-118.1801986694336,33.77534103393555
8930590,2019,2020-09-03,1942,2019-08-16,1450,39877,LA,5,5,7,1942,0,0,0,NA,0,1904,FOOTHILL BL,POLK,545,N,N,A,-,N,NA,NA,NA,NA,NA,NA,NA,NA,NA,Y,3,0,3,2,A,-,08,22103,NA,N,D,C,A,A,H,-,A,-,0,NA,NA,NA,NA,Y,NA,-,NA,0,2,1,0,0,0,0,0,0,-,-,NA,NA,LOS ANGELES,LOS ANGELES,-118.4420928955078,34.31658172607422
8930591,2019,2019-12-18,1942,2019-08-20,2045,36508,LA,2,5,7,1942,0,0,0,NA,0,NA,SHERMAN WAY,LURLINE AV,0,NA,Y,A,-,N,NA,NA,NA,NA,NA,NA,NA,NA,NA,N,3,0,1,2,A,-,10,21950,A,F,G,B,B,A,H,-,C,A,0,Y,NA,NA,NA,Y,NA,-,99,0,1,0,0,1,0,0,0,0,-,-,NA,NA,LOS ANGELES,LOS ANGELES,-118.58413696289064,34.20111083984375
8930592,2019,2019-09-11,1942,2019-08-15,0030,25907,0909,4,5,7,1942,0,0,0,I,0,21TL65,WOODMAN AV,SATICOY ST,500,S,N,-,-,N,NA,NA,NA,NA,NA,NA,NA,NA,NA,Y,4,0,1,2,A,-,03,22350,NA,N,C,C,A,A,H,-,C,D,0,NA,NA,NA,NA,Y,NA,-,NA,0,0,1,0,0,0,0,0,0,-,-,NA,NA,LOS ANGELES,LOS ANGELES,-118.43122863769533,34.20888900756836
8930593,2019,2019-09-16,1942,2019-08-18,1115,37304,1756,7,5,7,1942,0,0,0,Q,0,17A67,ZELZAH AV,LASSEN ST,269,N,N,A,-,N,NA,NA,NA,NA,NA,NA,NA,NA,NA,Y,2,0,1,3,A,-,05,21650,NA,N,A,E,A,A,H,-,A,A,0,NA,NA,NA,NA,Y,NA,A,01,1,0,0,0,0,0,0,0,0,-,-,NA,NA,LOS ANGELES,LOS ANGELES,-118.52332305908205,34.251129150390625
8930594,2019,2019-10-02,1942,2019-08-16,2040,42999,1961,5,5,7,1942,0,0,0,NA,0,19A61,SEPULVEDA BL,PLUMMER ST,0,NA,Y,A,-,N,NA,NA,NA,NA,NA,NA,NA,NA,NA,Y,3,0,2,2,A,-,12,21453,A,N,D,C,A,A,H,-,C,A,0,NA,NA,NA,NA,Y,NA,-,-,0,2,0,0,0,0,0,0,0,-,-,NA,NA,LOS ANGELES,LOS ANGELES,-118.46764373779295,34.24279022216797
8930595,2019,2019-09-12,1942,2019-08-19,2010,39410,0941,1,5,7,1942,0,0,0,I,0,9A41,KESTER AV,BURBANK BL,0,NA,Y,A,-,N,NA,NA,NA,NA,NA,NA,NA,NA,NA,Y,4,0,1,2,A,-,09,21801,A,N,D,C,A,A,H,-,C,A,0,NA,NA,Y,NA,Y,NA,A,01,0,0,1,0,0,0,0,0,1,-,-,NA,NA,LOS ANGELES,LOS ANGELES,-118.45745086669922,34.17211151123047
8930596,2019,2019-09-11,1942,2019-08-07,1720,41397,RD071,3,5,7,1942,0,0,0,NA,0,9X6,TYRONE AV,OXNARD ST,0,NA,Y,A,-,N,NA,NA,NA,NA,NA,NA,NA,NA,NA,Y,4,0,3,2,A,-,09,21804,A,N,D,C,A,A,H,-,A,D,0,NA,NA,NA,NA,Y,NA,A,07,0,0,3,0,0,0,0,0,0,-,-,NA,NA,LOS ANGELES,LOS ANGELES,-118.44435119628906,34.17940139770508
8930597,2019,2019-09-16,1942,2019-08-26,0705,39048,1065,1,5,7,1942,0,0,0,J,0,10A99,YARMOUTH AV,MAGNOLIA BL,10,S,N,A,-,N,NA,NA,NA,NA,NA,NA,NA,NA,NA,N,2,0,1,2,A,-,12,22450,A,N,G,B,B,A,H,-,A,A,0,Y,NA,NA,NA,Y,NA,A,01,1,0,0,0,1,0,0,0,0,-,-,NA,NA,LOS ANGELES,LOS ANGELES,-118.520263671875,34.16534423828125
8930598,2019,2019-09-13,1942,2019-08-16,1745,36298,1988,5,5,7,1942,0,0,0,NA,0,19X62,ROSCOE BL,ALLOTT AV,100,E,N,A,-,N,NA,NA,NA,NA,NA,NA,NA,NA,NA,N,4,0,1,2,A,-,03,22350,NA,N,C,C,A,A,H,-,A,D,0,NA,NA,NA,NA,Y,NA,-,NA,0,0,1,0,0,0,0,0,0,-,-,NA,NA,LOS ANGELES,LOS ANGELES,-118.427490234375,34.2216796875
8930599,2019,2019-09-12,1942,2019-08-24,1915,39410,0916,6,5,7,1942,0,0,0,I,0,9A19,VANOWEN ST,MAMMOUTH AV,0,NA,Y,A,-,N,NA,NA,NA,NA,NA,NA,NA,NA,NA,Y,4,0,3,2,A,-,03,22350,NA,N,C,C,A,A,H,-,A,D,0,NA,NA,NA,NA,Y,NA,A,07,0,0,3,0,0,0,0,0,0,-,-,NA,NA,LOS ANGELES,LOS ANGELES,-118.432373046875,34.193939208984375
8930600,2019,2020-09-03,1942,2019-08-07,1230,32242,0941,3,5,7,1942,0,0,0,I,0,9A89,OXNARD ST,VESPER AV,0,NA,Y,A,B,N,NA,NA,NA,NA,NA,NA,NA,NA,NA,N,4,0,1,3,A,-,09,21801,A,N,D,-,A,A,H,-,A,A,0,NA,NA,NA,NA,Y,NA,A,01,0,0,1,0,0,0,0,0,0,-,-,NA,NA,LOS ANGELES,LOS ANGELES,-118.45092010498048,34.17938995361328
8930601,2019,2019-09-16,1942,2019-08-27,1830,33504,0926,2,5,7,1942,0,0,0,I,0,9A41,VICTORY BL,VAN NUYS BL,50,E,N,A,-,N,NA,NA,NA,NA,NA,NA,NA,NA,NA,N,4,0,1,2,A,-,07,21658,A,N,B,C,A,A,H,-,C,A,0,NA,NA,NA,NA,Y,NA,A,01,0,0,1,0,0,0,0,0,0,-,-,NA,NA,LOS ANGELES,LOS ANGELES,-118.44857788085938,34.186668395996094
8930602,2019,2019-09-13,1942,2019-08-09,2250,43123,1998,5,5,7,1942,0,0,0,NA,0,19A75,ROSCOE BL,LENNOX AV,300,E,N,A,-,N,NA,NA,NA,NA,NA,NA,NA,NA,NA,Y,3,0,1,6,A,-,03,22350,NA,N,B,C,A,A,H,-,C,D,0,NA,NA,NA,NA,Y,NA,A,01,0,1,0,0,0,0,0,0,0,-,-,NA,NA,LOS ANGELES,LOS ANGELES,-118.44496917724608,34.22159194946289
8930603,2019,2019-09-12,1942,2019-08-23,1550,41514,0926,5,5,7,1942,0,0,0,I,0,9A19,HAYNES ST,SYLMAR AV,100,E,N,A,-,N,NA,NA,NA,NA,NA,NA,NA,NA,NA,N,4,0,1,3,A,-,03,22350,NA,N,D,C,A,A,H,-,A,D,0,NA,NA,NA,NA,Y,NA,A,01,0,0,1,0,0,0,0,0,0,-,-,NA,NA,LOS ANGELES,LOS ANGELES,-118.44621276855467,34.18967819213867
8930604,2019,2019-09-11,1942,2019-08-06,1020,43692,0926,2,5,7,1942,0,0,0,I,0,9A23,VANOWEN ST,LENNOX AV,0,NA,Y,A,-,N,NA,NA,NA,NA,NA,NA,NA,NA,NA,Y,4,0,1,2,A,-,12,21453,A,N,D,C,A,A,H,-,A,A,0,NA,NA,NA,NA,Y,NA,A,01,0,0,1,0,0,0,0,0,0,-,-,NA,NA,LOS ANGELES,LOS ANGELES,-118.44545745849608,34.193939208984375
8930605,2019,2019-09-16,1942,2019-08-27,1310,41514,0931,2,5,7,1942,0,0,0,I,0,9A23,VICTORY BL,PEACH AV,0,NA,Y,A,-,N,NA,NA,NA,NA,NA,NA,NA,NA,NA,N,4,0,1,2,A,-,08,22100,A,N,B,C,A,A,H,-,A,D,0,NA,NA,NA,NA,Y,NA,A,01,0,0,1,0,0,0,0,0,0,-,-,NA,NA,LOS ANGELES,LOS ANGELES,-118.46762847900392,34.18666076660156
8930606,2019,2019-09-13,1942,2019-08-20,1215,33294,1952,2,5,7,1942,0,0,0,NA,0,19A43,DEVONSHIRE ST,SEPULVEDA BL,100,E,N,A,-,N,NA,NA,NA,NA,NA,NA,NA,NA,NA,N,4,0,1,2,A,-,21,22106,NA,N,C,C,A,A,H,-,A,A,0,NA,NA,NA,NA,Y,NA,A,01,0,0,1,0,0,0,0,0,0,-,-,NA,NA,LOS ANGELES,LOS ANGELES,-118.46714019775392,34.25730514526367
8930607,2019,2019-09-12,1942,2019-08-23,1030,39217,0939,5,5,7,1942,0,0,0,I,0,15A21,VICTORY BL,COLDWATER CANYON AV,250,NA,N,A,-,N,NA,NA,NA,NA,NA,NA,NA,NA,NA,Y,4,0,2,2,A,-,04,21703,NA,N,C,C,A,A,H,-,A,B,0,NA,NA,NA,NA,Y,NA,A,01,0,0,2,0,0,0,0,0,0,-,-,NA,NA,LOS ANGELES,LOS ANGELES,-118.41381072998048,34.18667984008789
8930608,2019,2019-09-11,1942,2019-08-08,1630,42921,NA,4,5,7,1942,0,0,0,NA,0,NA,SEPULVEDA BL,ERWIN,300,S,N,A,-,N,NA,NA,NA,NA,NA,NA,NA,NA,NA,Y,3,0,1,2,A,-,08,22107,NA,N,D,C,A,A,H,-,A,D,0,NA,NA,NA,NA,Y,NA,A,01,0,1,0,0,0,0,0,0,0,-,-,NA,NA,LOS ANGELES,LOS ANGELES,-118.46617889404295,34.18219757080078
8930609,2019,2019-09-16,1942,2019-08-11,0700,37080,0937,7,5,7,1942,0,0,0,I,0,9A41,SYLVAN ST,HAZELTINE AV,350,E,N,A,-,N,NA,NA,NA,NA,NA,NA,NA,NA,NA,Y,3,0,1,2,A,-,03,22350,NA,N,B,E,A,A,H,-,A,D,0,NA,NA,NA,NA,Y,NA,A,07,0,1,0,0,0,0,0,0,0,-,-,NA,NA,LOS ANGELES,LOS ANGELES,-118.43997192382813,34.184661865234375
8930610,2019,2019-09-13,1942,2019-08-21,0815,30452,1979,3,5,7,1942,0,0,0,NA,0,19A79,SHARP AV,BRANFORD ST,0,NA,Y,A,-,N,NA,NA,NA,NA,NA,NA,NA,NA,NA,Y,3,0,1,2,A,-,09,21802,A,N,D,C,A,A,H,-,A,A,0,NA,NA,NA,NA,Y,NA,A,01,0,1,0,0,0,0,0,0,0,-,-,NA,NA,LOS ANGELES,LOS ANGELES,-118.41667938232422,34.23836135864258
8930612,2019,2019-09-11,1942,2019-08-14,0900,34420,0919,3,5,7,1942,0,0,0,I,0,9A19,WOODMAN AV,HART ST,25,S,N,A,-,N,NA,NA,NA,NA,NA,NA,NA,NA,NA,N,4,0,1,3,A,-,03,22350,NA,N,C,C,A,A,H,-,A,A,0,NA,NA,NA,NA,Y,NA,A,07,0,0,1,0,0,0,0,0,0,-,-,NA,NA,LOS ANGELES,LOS ANGELES,-118.43126678466795,34.19750213623047
8930613,2019,2019-11-14,1942,2019-08-09,1330,41125,0929,5,5,7,1942,0,0,0,I,0,9A19,FULTON AV,KITTRIDGE ST,100,N,N,A,-,N,NA,NA,NA,NA,NA,NA,NA,NA,NA,N,4,0,2,2,D,-,00,NA,NA,N,B,C,A,A,H,-,A,D,0,NA,NA,NA,NA,Y,NA,-,-,0,0,2,0,0,0,0,0,0,-,-,NA,NA,LOS ANGELES,LOS ANGELES,-118.42253112792967,34.190574645996094
8930614,2019,2019-09-13,1942,2019-08-21,0730,30452,1954,3,5,7,1942,0,0,0,NA,0,19A43,DEVONSHIRE ST,SEPULVEDA BL,0,NA,Y,A,-,N,NA,NA,NA,NA,NA,NA,NA,NA,NA,Y,4,0,3,2,A,-,09,21801,A,N,D,C,A,A,H,-,A,A,0,NA,NA,NA,NA,Y,NA,A,01,0,0,3,0,0,0,0,0,0,-,-,NA,NA,LOS ANGELES,LOS ANGELES,-118.46746826171876,34.25730895996094
8930615,2019,2019-09-12,1942,2019-08-21,1000,40073,VAN N,3,5,7,1942,0,0,0,NA,0,0926,VAN NUYS BL,KITTRIDGE ST,0,NA,-,A,-,N,NA,NA,NA,NA,NA,NA,NA,NA,NA,N,4,0,1,2,A,-,05,21650,1,N,D,G,A,A,H,-,A,A,0,NA,Y,NA,NA,Y,NA,L,04,0,0,1,0,0,0,1,0,0,-,-,NA,NA,LOS ANGELES,LOS ANGELES,-118.44873046875,34.19065856933594
8930616,2019,2019-09-11,1942,2019-08-12,2350,38613,0929,1,5,7,1942,0,0,0,I,0,9A19,FULTON AV,ARCHWOOD ST,0,NA,Y,A,-,N,NA,NA,NA,NA,NA,NA,NA,NA,NA,N,4,0,2,3,A,-,04,21703,NA,N,B,C,A,A,H,-,C,D,0,NA,NA,NA,NA,Y,NA,A,01,0,0,2,0,0,0,0,0,0,-,-,NA,NA,LOS ANGELES,LOS ANGELES,-118.42252349853516,34.19192886352539
8930617,2019,2019-09-16,1942,2019-08-15,1650,26319,0937,4,5,7,1942,0,0,0,I,0,19TL74,VICTORY BL,HAZELTINE AV,0,NA,Y,A,-,N,NA,NA,NA,NA,NA,NA,NA,NA,NA,N,3,0,1,2,A,-,05,21650,1,N,B,G,A,A,H,-,A,A,0,NA,Y,NA,NA,Y,NA,L,04,0,1,0,0,0,0,1,0,0,-,-,NA,NA,LOS ANGELES,LOS ANGELES,-118.43997955322266,34.18666076660156
8930618,2019,2019-09-13,1942,2019-08-21,1220,41514,1954,3,5,7,1942,0,0,0,NA,0,19A43,SEPULVEDA BL,CHATSWORTH ST,100,S,N,A,-,N,NA,NA,NA,NA,NA,NA,NA,NA,NA,N,4,0,2,2,A,-,21,22106,NA,N,C,C,A,A,H,-,A,D,0,NA,NA,NA,NA,Y,NA,A,01,0,0,2,0,0,0,0,0,0,-,-,NA,NA,LOS ANGELES,LOS ANGELES,-118.46739959716795,34.264286041259766
8930619,2019,2019-09-12,1942,2019-08-20,1550,38471,0914,2,5,7,1942,0,0,0,I,0,9A63W2,KESTER AV,VANOWEN ST,90,S,N,A,-,N,NA,NA,NA,NA,NA,NA,NA,NA,NA,Y,4,0,3,3,A,-,04,21703,NA,N,C,C,A,A,H,-,A,A,0,NA,NA,NA,NA,Y,Y,A,07,0,0,3,0,0,0,0,0,0,-,-,NA,NA,LOS ANGELES,LOS ANGELES,-118.45744323730467,34.19367218017578
8930620,2019,2019-09-11,1942,2019-08-05,1930,37304,0998,1,5,7,1942,0,0,0,I,0,9A89,VAN NOORD AV,VENTURA BL,0,NA,Y,A,-,N,NA,NA,NA,NA,NA,NA,NA,NA,NA,Y,4,0,2,2,A,-,09,21802,A,N,C,C,A,A,H,-,A,A,0,NA,NA,NA,NA,Y,NA,A,01,0,0,2,0,0,0,0,0,0,-,-,NA,NA,LOS ANGELES,LOS ANGELES,-118.41546630859376,34.145118713378906