CASE_ID,ACCIDENT_YEAR,PROC_DATE,JURIS,COLLISION_DATE,COLLISION_TIME,OFFICER_ID,REPORTING_DISTRICT,DAY_OF_WEEK,CHP_SHIFT,POPULATION,CNTY_CITY_LOC,SPECIAL_COND,BEAT_TYPE,CHP_BEAT_TYPE,CITY_DIVISION_LAPD,CHP_BEAT_CLASS,BEAT_NUMBER,PRIMARY_RD,SECONDARY_RD,DISTANCE,DIRECTION,INTERSECTION,WEATHER_1,WEATHER_2,STATE_HWY_IND,CALTRANS_COUNTY,CALTRANS_DISTRICT,STATE_ROUTE,ROUTE_SUFFIX,POSTMILE_PREFIX,POSTMILE,LOCATION_TYPE,RAMP_INTERSECTION,SIDE_OF_HWY,TOW_AWAY,COLLISION_SEVERITY,NUMBER_KILLED,NUMBER_INJURED,PARTY_COUNT,PRIMARY_COLL_FACTOR,PCF_CODE_OF_VIOL,PCF_VIOL_CATEGORY,PCF_VIOLATION,PCF_VIOL_SUBSECTION,HIT_AND_RUN,TYPE_OF_COLLISION,MVIW,PED_ACTION,ROAD_SURFACE,ROAD_COND_1,ROAD_COND_2,LIGHTING,CONTROL_DEVICE,CHP_ROAD_TYPE,PEDESTRIAN_ACCIDENT,BICYCLE_ACCIDENT,MOTORCYCLE_ACCIDENT,TRUCK_ACCIDENT,NOT_PRIVATE_PROPERTY,ALCOHOL_INVOLVED,STWD_VEHTYPE_AT_FAULT,CHP_VEHTYPE_AT_FAULT,COUNT_SEVERE_INJ,COUNT_VISIBLE_INJ,COUNT_COMPLAINT_PAIN,COUNT_PED_KILLED,COUNT_PED_INJURED,COUNT_BICYCLIST_KILLED,COUNT_BICYCLIST_INJURED,COUNT_MC_KILLED,COUNT_MC_INJURED,PRIMARY_RAMP,SECONDARY_RAMP,LATITUDE,LONGITUDE,COUNTY,CITY,POINT_X,POINT_Y
8937494,2019,2019-09-12,1942,2019-08-17,0805,30452,1514,6,5,7,1942,0,0,0,O,0,15A3,VANOWEN ST,GENTRY AV,0,NA,Y,A,-,N,NA,NA,NA,NA,NA,NA,NA,NA,NA,Y,3,0,1,2,A,-,09,21801,A,N,D,C,A,A,H,-,A,A,0,NA,NA,Y,NA,Y,NA,A,01,0,1,0,0,0,0,0,0,1,-,-,NA,NA,LOS ANGELES,LOS ANGELES,-118.39322662353516,34.193939208984375
8937497,2019,2019-10-02,1942,2019-08-29,2120,32774,1762,4,5,7,1942,0,0,0,Q,0,17A81,LASSEN ST,DE SOTO AV,0,NA,Y,A,-,N,NA,NA,NA,NA,NA,NA,NA,NA,NA,Y,3,0,3,2,A,-,12,21453,A,N,D,C,A,A,H,-,C,A,0,NA,NA,NA,NA,Y,NA,-,-,0,1,2,0,0,0,0,0,0,-,-,NA,NA,LOS ANGELES,LOS ANGELES,-118.58856964111328,34.24998092651367
8937498,2019,2019-09-23,1942,2019-08-19,1435,40634,1557,1,5,7,1942,0,0,0,O,0,15A67,E CAHUENGA BL,KLING ST,100,S,N,A,-,N,NA,NA,NA,NA,NA,NA,NA,NA,NA,Y,4,0,2,3,A,-,03,22350,NA,N,C,C,A,A,H,-,A,D,0,NA,NA,NA,NA,Y,NA,A,07,0,0,2,0,0,0,0,0,0,-,-,NA,NA,LOS ANGELES,LOS ANGELES,-118.3615264892578,34.155555725097656
8937501,2019,2019-09-16,1942,2019-08-29,1955,34599,1793,4,5,7,1942,0,0,0,Q,0,17A81,TAMPA AV,BUSINESS CENTER DR,0,NA,Y,A,-,N,NA,NA,NA,NA,NA,NA,NA,NA,NA,N,3,0,1,2,A,-,09,21801,A,N,D,-,A,A,H,-,C,A,0,NA,NA,NA,NA,Y,NA,A,01,0,1,0,0,0,0,0,0,0,-,-,NA,NA,LOS ANGELES,LOS ANGELES,-118.55355072021484,34.230960845947266
8937502,2019,2019-09-12,1942,2019-08-06,1830,43063,1535,2,5,7,1942,0,0,0,O,0,15A38,LANKERSHIM BL,HATTERAS ST,0,NA,Y,A,-,N,NA,NA,NA,NA,NA,NA,NA,NA,NA,N,4,0,1,2,A,-,10,21950,A,N,G,-,B,A,H,-,A,A,0,Y,NA,NA,NA,Y,NA,A,01,0,0,1,0,1,0,0,0,0,-,-,NA,NA,LOS ANGELES,LOS ANGELES,-118.38121032714844,34.1757698059082
8937505,2019,2019-09-16,1942,2019-08-30,1504,38191,1918,5,5,7,1942,0,0,0,NA,0,19A7,MACLAY ST,FOOTHILL BL,251,N,N,A,-,N,NA,NA,NA,NA,NA,NA,NA,NA,NA,Y,2,0,1,2,A,-,09,21801,A,N,D,C,A,A,H,-,A,A,0,NA,NA,Y,NA,Y,NA,A,01,1,0,0,0,0,0,0,0,1,-,-,NA,NA,LOS ANGELES,LOS ANGELES,-118.41988372802734,34.2989616394043
8937506,2019,2019-09-16,1942,2019-08-08,0205,43104,1553,4,5,7,1942,0,0,0,O,0,15A39,RIVERSIDE DR,KRAFT AV,50,E,N,A,-,N,NA,NA,NA,NA,NA,NA,NA,NA,NA,Y,3,0,1,1,A,-,08,22107,NA,N,A,I,A,A,H,-,C,D,0,NA,NA,NA,NA,Y,Y,A,07,0,1,0,0,0,0,0,0,0,-,-,NA,NA,LOS ANGELES,LOS ANGELES,-118.37996673583984,34.157649993896484
8937509,2019,2019-09-16,1942,2019-08-09,0635,27792,1017,5,5,7,1942,0,0,0,J,0,10A17,BALBOA BL,SATICOY ST,0,NA,Y,A,-,N,NA,NA,NA,NA,NA,NA,NA,NA,NA,Y,4,0,2,2,A,-,09,21801,A,N,-,C,A,A,H,-,A,A,0,NA,NA,NA,NA,Y,NA,A,08,0,0,2,0,0,0,0,0,0,-,-,NA,NA,LOS ANGELES,LOS ANGELES,-118.50115966796876,34.20841979980469
8937510,2019,2019-09-12,1942,2019-08-04,1600,41610,1543,7,5,7,1942,0,0,0,O,0,15A21,BURBANK BL,VANTAGE ST,2,E,N,A,-,N,NA,NA,NA,NA,NA,NA,NA,NA,NA,N,2,0,1,2,A,-,05,21650,1,N,A,G,A,A,-,-,A,D,0,NA,Y,NA,NA,Y,Y,L,04,1,0,0,0,0,0,1,0,0,-,-,NA,NA,LOS ANGELES,LOS ANGELES,-118.39816284179688,34.172119140625
8937513,2019,2019-09-16,1942,2019-08-27,0735,30452,1063,2,5,7,1942,0,0,0,J,0,10A83,BURBANK BL,RESEDA BL,0,NA,Y,A,-,N,NA,NA,NA,NA,NA,NA,NA,NA,NA,Y,4,0,2,2,A,-,09,21801,A,N,A,C,A,A,H,-,A,A,0,NA,NA,NA,NA,Y,NA,A,01,0,0,2,0,0,0,0,0,0,-,-,NA,NA,LOS ANGELES,LOS ANGELES,-118.53600311279295,34.172340393066406
8937514,2019,2020-03-05,1942,2019-08-10,1210,41514,1591,6,5,7,1942,0,0,0,O,0,15A85,VENTURA BL,LAUREL CANYON BL,0,NA,Y,A,-,N,NA,NA,NA,NA,NA,NA,NA,NA,NA,Y,4,0,1,2,A,-,09,21801,A,N,D,C,A,A,H,-,A,A,0,NA,NA,NA,NA,Y,NA,A,01,0,0,1,0,0,0,0,0,0,-,-,NA,NA,LOS ANGELES,LOS ANGELES,-118.395263671875,34.14356994628906
8937517,2019,2019-09-16,1942,2019-08-29,1055,34561,0919,4,5,7,1942,0,0,0,I,0,9A19,VANOWEN ST,FULTON AV,0,NA,Y,A,-,N,NA,NA,NA,NA,NA,NA,NA,NA,NA,Y,4,0,1,2,A,-,09,21801,A,N,D,C,A,A,H,-,A,A,0,NA,NA,NA,NA,Y,NA,A,08,0,0,1,0,0,0,0,0,0,-,-,NA,NA,LOS ANGELES,LOS ANGELES,-118.42253112792967,34.19395065307617
8937518,2019,2019-09-12,1942,2019-08-03,1740,39746,1501,6,5,7,1942,0,0,0,O,0,15A21,SATICOY ST,COLDWATER CANYON AV,0,NA,Y,A,-,N,NA,NA,NA,NA,NA,NA,NA,NA,NA,N,4,0,3,3,A,-,12,21453,A,N,-,C,A,A,H,-,A,A,0,NA,NA,Y,NA,Y,NA,A,01,0,0,3,0,0,0,0,0,2,-,-,NA,NA,LOS ANGELES,LOS ANGELES,-118.41439056396484,34.20661163330078
8937523,2019,2019-09-27,1920,2019-08-15,1503,12609,1920,4,5,6,1920,0,0,0,NA,0,004,FLORENCE AV,LITTLE LAKE RD,0,NA,Y,A,-,N,NA,NA,NA,NA,NA,NA,NA,NA,NA,Y,4,0,1,2,D,-,00,NA,NA,N,B,C,A,A,H,-,A,D,0,NA,NA,NA,Y,Y,NA,-,-,0,0,1,0,0,0,0,0,0,-,-,NA,NA,LOS ANGELES,DOWNEY,-118.09896087646484,33.938270568847656
8937530,2019,2019-09-20,1900,2019-08-19,0840,508705,0643,1,5,6,1985,0,0,0,NA,0,64T1,NEWHALL RANCH RD,SANTA CLARITA PKWY,465,E,N,A,-,N,NA,NA,NA,NA,NA,NA,NA,NA,NA,Y,4,0,2,2,A,-,03,22350,NA,N,C,C,A,A,H,-,A,D,0,NA,NA,NA,NA,Y,NA,A,01,0,0,2,0,0,0,0,0,0,-,-,34.42570114135742,-118.5176010131836,LOS ANGELES,SANTA CLARITA,-118.51782989501952,34.425682067871094
8937531,2019,2019-09-27,1920,2019-08-16,1532,12609,1920,5,5,6,1920,0,0,0,NA,0,003,FIRESTONE BL,RIVES AV,20,E,N,A,-,N,NA,NA,NA,NA,NA,NA,NA,NA,NA,N,4,0,1,2,A,-,21,22106,NA,N,C,C,A,A,H,-,A,A,0,NA,NA,NA,Y,Y,NA,F,21,0,0,1,0,0,0,0,0,0,-,-,NA,NA,LOS ANGELES,DOWNEY,-118.14205169677734,33.94485092163086
8937535,2019,2019-09-25,1920,2019-08-24,1640,11792,1920,6,5,6,1920,0,0,0,NA,0,001,FOSTER RD,COLUMBIA WY,0,NA,Y,A,-,N,NA,NA,NA,NA,NA,NA,NA,NA,NA,N,3,0,3,3,A,-,12,21453,A,N,D,C,A,A,H,-,A,A,0,NA,NA,NA,NA,Y,NA,A,08,0,1,2,0,0,0,0,0,0,-,-,NA,NA,LOS ANGELES,DOWNEY,-118.13413238525392,33.90972900390625
8937566,2019,2019-10-09,1900,2019-08-24,1530,611248,2813,6,5,5,1915,0,0,0,NA,0,283T3,ROSECRANS AV,WILLOWBROOK AV,0,NA,Y,A,-,N,NA,NA,NA,NA,NA,NA,NA,NA,NA,N,4,0,3,3,A,-,08,22107,NA,N,B,C,A,A,H,-,A,A,0,NA,NA,NA,NA,Y,Y,A,07,0,0,3,0,0,0,0,0,0,-,-,NA,NA,LOS ANGELES,COMPTON,-118.22509002685548,33.90340042114258
8937578,2019,2019-09-25,1920,2019-08-20,2055,13022,NA,2,5,6,1920,0,0,0,NA,0,004,LAKEWOOD BL,FLORENCE AV,52,S,N,A,-,N,NA,NA,NA,NA,NA,NA,NA,NA,NA,Y,4,0,5,2,A,-,03,22350,NA,N,C,C,A,A,H,-,C,A,0,NA,NA,NA,NA,Y,NA,D,22,0,0,5,0,0,0,0,0,0,-,-,NA,NA,LOS ANGELES,DOWNEY,-118.11731719970705,33.94736862182617
8937582,2019,2019-09-30,1920,2019-08-22,2145,13321,1920,4,5,6,1920,0,0,0,NA,0,004,FLORENCE AV,WOODRUFF AV,90,W,N,A,-,N,NA,NA,NA,NA,NA,NA,NA,NA,NA,Y,2,0,2,2,A,-,05,21651,B,N,A,C,A,A,H,-,C,A,0,NA,NA,NA,NA,Y,NA,D,22,1,0,1,0,0,0,0,0,0,-,-,NA,NA,LOS ANGELES,DOWNEY,-118.11062622070313,33.94416427612305
8937590,2019,2019-09-20,1920,2019-08-27,1515,12476,NA,2,5,6,1920,0,0,0,NA,0,003,TELEGRAPH RD,TWEEDY LN,0,NA,Y,A,-,N,NA,NA,NA,NA,NA,NA,NA,NA,NA,Y,4,0,2,2,A,-,09,21801,A,N,B,C,A,A,H,-,A,D,0,NA,NA,NA,NA,Y,NA,A,01,0,0,2,0,0,0,0,0,0,-,-,NA,NA,LOS ANGELES,DOWNEY,-118.11798858642578,33.96950912475586
8937594,2019,2019-09-20,1920,2019-08-27,1545,12609,1920,2,5,6,1920,0,0,0,NA,0,006,LAKEWOOD BL,GARDENDALE ST,78,N,N,A,-,N,NA,NA,NA,NA,NA,NA,NA,NA,NA,N,4,0,1,2,A,-,03,22350,NA,N,C,C,A,A,H,-,A,A,0,NA,NA,NA,NA,Y,NA,A,01,0,0,1,0,0,0,0,0,0,-,-,NA,NA,LOS ANGELES,DOWNEY,-118.14240264892578,33.910682678222656
8937604,2019,2020-04-16,1942,2019-08-28,0735,38947,1012,3,5,7,1942,0,0,0,J,0,10A21,RHEA AV,SHERMAN WY,29,S,N,A,-,N,NA,NA,NA,NA,NA,NA,NA,NA,NA,N,1,1,0,2,A,-,10,21954,B,N,G,B,D,A,H,-,A,A,0,Y,NA,NA,NA,Y,NA,D,22,0,0,0,1,0,0,0,0,0,-,-,NA,NA,LOS ANGELES,LOS ANGELES,-118.54149627685548,34.20109176635742
8937606,2019,2019-10-03,1900,2019-08-22,1149,549925,0463,4,5,4,1936,0,0,0,NA,0,46T1 D,IMPERIAL HWY,OXFORD RD,145,W,N,A,-,N,NA,NA,NA,NA,NA,NA,NA,NA,NA,N,4,0,1,3,A,-,08,22107,NA,N,B,C,A,A,D,-,A,A,0,NA,NA,NA,Y,Y,NA,-,-,0,0,1,0,0,0,0,0,0,-,-,NA,NA,LOS ANGELES,LA MIRADA,-117.9994659423828,33.91719055175781
8937612,2019,2019-11-19,1942,2019-09-06,1405,42460,1963,5,5,7,1942,0,0,0,NA,0,19A75,VAN NUYS BL,WOODMAN AV,0,NA,N,A,-,N,NA,NA,NA,NA,NA,NA,NA,NA,NA,Y,3,0,1,4,A,-,08,22107,NA,F,B,C,A,A,H,-,A,A,0,NA,NA,NA,Y,Y,NA,-,99,0,1,0,0,0,0,0,0,0,-,-,NA,NA,LOS ANGELES,LOS ANGELES,-118.44818115234376,34.2470817565918
8937630,2019,2019-09-26,1942,2019-08-23,1130,41629,0487,5,5,7,1942,0,0,0,D,0,4A97,SOTO ST,8TH ST,229,S,N,A,-,N,NA,NA,NA,NA,NA,NA,NA,NA,NA,Y,3,0,2,3,A,-,09,21804,A,N,D,C,A,A,H,-,A,D,0,NA,NA,NA,Y,Y,NA,A,01,0,1,1,0,0,0,0,0,0,-,-,NA,NA,LOS ANGELES,LOS ANGELES,-118.21953582763672,34.02745819091797
8937638,2019,2019-09-24,1942,2019-07-22,1925,42876,0438,1,5,7,1942,0,0,0,D,0,24T31,VALLEY BL,MARIONDALE AV,192,E,N,A,-,N,NA,NA,NA,NA,NA,NA,NA,NA,NA,Y,4,0,1,2,A,-,03,22350,NA,N,C,E,A,A,H,-,A,D,0,NA,NA,NA,Y,Y,NA,A,01,0,0,1,0,0,0,0,0,0,-,-,NA,NA,LOS ANGELES,LOS ANGELES,-118.16451263427734,34.07388687133789
8937650,2019,2019-09-25,1942,2019-08-23,0630,41629,0237,5,5,7,1942,0,0,0,B,0,2A39,S BEAUDRY AV,W 2ND ST,0,NA,Y,A,-,N,NA,NA,NA,NA,NA,NA,NA,NA,NA,Y,3,0,4,2,A,-,12,21453,A,N,D,C,A,A,H,-,A,A,0,NA,NA,NA,NA,Y,NA,A,01,0,1,3,0,0,0,0,0,0,-,-,NA,NA,LOS ANGELES,LOS ANGELES,-118.25531005859376,34.05794143676758
8937667,2019,2019-11-14,1941,2019-09-01,1411,10066,NA,7,5,7,1941,0,0,0,NA,0,NA,EASY AV,WILLOW ST,0,NA,Y,A,-,N,NA,NA,NA,NA,NA,NA,NA,NA,NA,Y,4,0,2,2,A,-,12,21453,A,N,D,C,A,A,H,-,A,A,0,NA,NA,NA,NA,Y,NA,A,NA,0,0,2,0,0,0,0,0,0,-,-,NA,NA,LOS ANGELES,LONG BEACH,-118.21002960205078,33.80438995361328
8937674,2019,2019-09-26,1906,2019-08-24,1835,4430,1906,6,5,5,1906,0,0,0,NA,0,004,PHELAN AV,ESTELLA ST,178,N,N,A,-,N,NA,NA,NA,NA,NA,NA,NA,NA,NA,N,3,0,2,4,A,-,06,21755,NA,N,B,C,A,A,H,-,A,D,0,NA,NA,NA,NA,Y,NA,D,22,0,2,0,0,0,0,0,0,0,-,-,NA,NA,LOS ANGELES,BALDWIN PARK,-117.95539093017578,34.09438705444336
8937678,2019,2019-09-25,1906,2019-08-31,1600,4425,1906,6,5,5,1906,0,0,0,NA,0,001,BESS AV,BARNES AV,210,W,N,A,-,N,NA,NA,NA,NA,NA,NA,NA,NA,NA,Y,4,0,1,3,A,-,05,21650,NA,N,B,E,A,A,H,-,A,A,0,NA,NA,NA,NA,Y,NA,A,07,0,0,1,0,0,0,0,0,0,-,-,NA,NA,LOS ANGELES,BALDWIN PARK,-117.9963607788086,34.07017135620117
8937681,2019,2019-09-19,1920,2019-08-09,1022,11992,NA,5,5,6,1920,0,0,0,NA,0,001,LAKEWOOD BL,FIRESTONE BL,0,NA,Y,A,-,N,NA,NA,NA,NA,NA,NA,NA,NA,NA,Y,4,0,1,2,A,-,09,21801,A,N,D,C,A,A,H,-,A,A,0,NA,NA,NA,NA,Y,NA,A,01,0,0,1,0,0,0,0,0,0,-,-,NA,NA,LOS ANGELES,DOWNEY,-118.1240234375,33.93553161621094
8937682,2019,2019-09-23,1942,2019-08-15,1700,41561,1517,4,5,7,1942,0,0,0,O,0,16X78,VANOWEN ST,ELMER AV,10,W,N,A,-,N,NA,NA,NA,NA,NA,NA,NA,NA,NA,N,4,0,1,2,A,-,08,22107,NA,F,-,G,A,A,H,-,A,D,0,NA,Y,NA,NA,Y,NA,-,99,0,0,1,0,0,0,1,0,0,-,-,NA,NA,LOS ANGELES,LOS ANGELES,-118.37691497802734,34.19395065307617
8937684,2019,2019-09-20,1926,2019-08-20,0853,0015,1,2,5,5,1926,0,0,0,NA,0,001,W FOOTHILL BL,N BARRANCA AV,0,NA,Y,A,-,N,NA,NA,NA,NA,NA,NA,NA,NA,NA,Y,3,0,3,3,A,-,01,23152,F,N,C,C,A,A,H,-,A,A,0,NA,NA,NA,NA,Y,NA,A,01,0,1,2,0,0,0,0,0,0,-,-,NA,NA,LOS ANGELES,GLENDORA,-117.88136291503906,34.136009216308594
8937685,2019,2019-09-19,1920,2019-08-09,1952,13321,1920,5,5,6,1920,0,0,0,NA,0,003,WILEY BURKE AV,FIRESTONE BL,15,S,N,A,-,N,NA,NA,NA,NA,NA,NA,NA,NA,NA,Y,3,0,1,2,A,-,09,21801,A,N,D,C,A,A,H,-,C,A,0,NA,NA,NA,NA,Y,NA,A,01,0,1,0,0,0,0,0,0,0,-,-,NA,NA,LOS ANGELES,DOWNEY,-118.14517974853516,33.946678161621094
8937686,2019,2019-09-23,1942,2019-08-27,0555,39048,1797,2,5,7,1942,0,0,0,Q,0,17A95,GOTHIC AV,RAYEN ST,7,S,N,A,-,N,NA,NA,NA,NA,NA,NA,NA,NA,NA,N,3,0,1,2,A,-,10,21950,A,F,G,B,B,A,H,-,B,A,0,Y,NA,NA,NA,Y,NA,-,99,0,1,0,0,1,0,0,0,0,-,-,NA,NA,LOS ANGELES,LOS ANGELES,-118.48948669433594,34.23202133178711
8937688,2019,2019-11-18,1906,2019-08-29,0745,4432,1906,4,5,5,1906,0,0,0,NA,0,003,ROOT ST,CLEARY DR,5,S,N,A,-,N,NA,NA,NA,NA,NA,NA,NA,NA,NA,Y,3,0,1,2,A,-,09,21800,A,N,D,C,A,A,H,-,A,A,0,NA,NA,NA,NA,Y,NA,A,01,0,1,0,0,0,0,0,0,0,-,-,NA,NA,LOS ANGELES,BALDWIN PARK,-117.94793701171876,34.082584381103516
8937689,2019,2019-10-02,1920,2019-08-05,0608,13118,1920,1,5,6,1920,0,0,0,NA,0,005,LAKEWOOD BL,5TH ST,0,NA,Y,B,-,N,NA,NA,NA,NA,NA,NA,NA,NA,NA,Y,4,0,1,2,A,-,12,21453,A,N,D,C,A,A,H,-,A,A,0,NA,NA,NA,NA,Y,NA,-,-,0,0,1,0,0,0,0,0,0,-,-,NA,NA,LOS ANGELES,DOWNEY,-118.12197875976564,33.93907165527344
8937690,2019,2019-09-23,1955,2019-08-25,2144,42606,14,7,5,6,1955,0,0,0,NA,0,003,HOLT AV,SAN ANTONIO AV,0,NA,Y,A,-,N,NA,NA,NA,NA,NA,NA,NA,NA,NA,N,4,0,1,2,A,-,10,21950,A,F,G,B,B,A,H,-,C,A,0,Y,NA,NA,NA,Y,NA,A,07,0,0,1,0,1,0,0,0,0,-,-,NA,NA,LOS ANGELES,POMONA,-117.73664093017578,34.06270980834961
8937693,2019,2019-09-19,1920,2019-08-03,0156,13499,1920,6,5,6,1920,0,0,0,NA,0,005,DOWNEY AV,2ND ST,5,N,N,A,-,N,NA,NA,NA,NA,NA,NA,NA,NA,NA,N,3,0,2,3,A,-,10,21950,A,F,G,B,B,A,H,-,C,A,0,Y,NA,NA,NA,Y,NA,A,01,0,1,1,0,2,0,0,0,0,-,-,NA,NA,LOS ANGELES,DOWNEY,-118.13243103027344,33.94099044799805
8937694,2019,2019-09-23,1955,2019-08-27,1119,40436,54,2,5,6,1955,0,0,0,NA,0,001,HOLT AV,FILMORE PL,200,W,N,A,-,N,NA,NA,NA,NA,NA,NA,NA,NA,NA,N,4,0,1,2,A,-,09,21804,A,M,-,G,A,A,H,-,A,A,0,NA,Y,NA,NA,Y,NA,A,07,0,0,1,0,0,0,1,0,0,-,-,NA,NA,LOS ANGELES,POMONA,-117.76773834228516,34.06193542480469
8937697,2019,2019-11-07,1920,2019-08-01,1540,11992,NA,4,5,6,1920,0,0,0,NA,0,003,PARAMOUNT BL,RT 5,30,N,N,A,-,Y,LA,7,5,-,-,8.94,R,4,N,N,4,0,1,2,A,-,01,23152,A,M,C,C,A,A,H,-,A,A,0,NA,NA,NA,NA,Y,Y,A,07,0,0,1,0,0,0,0,0,0,-,NO,NA,NA,LOS ANGELES,DOWNEY,-118.11985778808594,33.96409606933594
8937698,2019,2019-09-23,1920,2019-08-07,1824,13022,NA,3,5,6,1920,0,0,0,NA,0,004,FLORENCE AV,LESTERFORD AV,490,E,N,A,-,N,NA,NA,NA,NA,NA,NA,NA,NA,NA,N,4,0,1,2,A,-,08,22107,NA,N,B,C,A,A,H,-,A,A,0,NA,NA,NA,NA,Y,NA,A,01,0,0,1,0,0,0,0,0,0,-,-,NA,NA,LOS ANGELES,DOWNEY,-118.10159301757813,33.939579010009766
8937700,2019,2019-09-20,1942,2019-08-16,1650,40275,0249,5,5,7,1942,0,0,0,B,0,2A69,S BIXEL ST,W 6TH ST,5,S,N,A,-,N,NA,NA,NA,NA,NA,NA,NA,NA,NA,N,4,0,1,2,A,-,10,21950,A,N,G,B,B,A,H,-,A,A,0,Y,NA,NA,NA,Y,NA,A,07,0,0,1,0,1,0,0,0,0,-,-,NA,NA,LOS ANGELES,LOS ANGELES,-118.26214599609376,34.05405807495117
8937701,2019,2019-09-19,1920,2019-08-01,1543,11992,NA,4,5,6,1920,0,0,0,NA,0,003,PARAMOUNT BL,GALLATIN RD,40,N,N,A,-,N,NA,NA,NA,NA,NA,NA,NA,NA,NA,Y,3,0,1,2,A,-,01,23152,A,N,C,C,A,A,H,-,A,A,0,NA,NA,NA,NA,Y,Y,A,07,0,1,0,0,0,0,0,0,0,-,-,NA,NA,LOS ANGELES,DOWNEY,-118.12310028076172,33.96230697631836
8937702,2019,2019-09-23,1920,2019-08-05,1755,13022,NA,1,5,6,1920,0,0,0,NA,0,006,STEWART AND GRAY RD,DOWNEY AV,69,W,N,A,-,N,NA,NA,NA,NA,NA,NA,NA,NA,NA,N,4,0,1,3,A,-,03,22350,NA,N,C,C,A,A,H,-,A,A,0,NA,NA,NA,NA,Y,NA,A,01,0,0,1,0,0,0,0,0,0,-,-,NA,NA,LOS ANGELES,DOWNEY,-118.1388931274414,33.93217468261719
8937704,2019,2019-09-20,1942,2019-08-20,2025,42875,0216,2,5,7,1942,0,0,0,B,0,24T31,ALVARADO ST,KENT ST,16,N,N,A,-,N,NA,NA,NA,NA,NA,NA,NA,NA,NA,N,4,0,1,2,A,-,03,22350,NA,N,C,C,A,A,H,-,C,D,0,NA,NA,Y,NA,Y,NA,C,02,0,0,1,0,0,0,0,0,1,-,-,NA,NA,LOS ANGELES,LOS ANGELES,-118.26538848876952,34.07447814941406
8937705,2019,2019-09-19,1920,2019-08-13,1150,13247,NA,2,5,6,1920,0,0,0,NA,0,001,WOODRUFF AV,WASHBURN RD,1014,S,N,A,-,N,NA,NA,NA,NA,NA,NA,NA,NA,NA,Y,3,0,3,3,A,-,09,21801,A,N,B,C,A,A,H,-,A,D,0,NA,NA,NA,NA,Y,NA,A,01,0,1,2,0,0,0,0,0,0,-,-,NA,NA,LOS ANGELES,DOWNEY,-118.11669921875,33.92152786254883
8937706,2019,2019-09-23,1920,2019-08-03,0341,13321,1920,6,5,6,1920,0,0,0,NA,0,003,FIRESTONE BL,OLD RIVER SCHOOL RD,55,E,N,A,-,N,NA,NA,NA,NA,NA,NA,NA,NA,NA,Y,3,0,1,2,A,-,01,23152,B,N,C,C,A,A,H,-,C,A,0,NA,NA,NA,NA,Y,Y,A,01,0,1,0,0,0,0,0,0,0,-,-,NA,NA,LOS ANGELES,DOWNEY,-118.14882659912108,33.94721984863281
8937708,2019,2019-09-19,1942,2019-08-23,0645,37540,0218,5,5,7,1942,0,0,0,B,0,2A39,ECHO PARK AV,LAGUNA AV,27,N,N,A,-,N,NA,NA,NA,NA,NA,NA,NA,NA,NA,N,3,0,1,2,A,-,11,21954,A,N,G,B,D,A,H,-,A,D,0,Y,NA,NA,NA,Y,Y,N,60,0,1,0,0,1,0,0,0,0,-,-,NA,NA,LOS ANGELES,LOS ANGELES,-118.25970458984376,34.072792053222656
8937709,2019,2019-09-19,1920,2019-08-13,1653,11033,NA,2,5,6,1920,0,0,0,NA,0,006,PARAMOUNT BL,ALBIA ST,30,N,N,A,-,N,NA,NA,NA,NA,NA,NA,NA,NA,NA,N,4,0,1,3,A,-,03,22350,NA,N,C,C,A,A,D,E,A,D,0,NA,NA,NA,NA,Y,NA,A,01,0,0,1,0,0,0,0,0,0,-,-,NA,NA,LOS ANGELES,DOWNEY,-118.14647674560548,33.931297302246094
8937712,2019,2019-09-20,1942,2019-08-26,0855,32996,0415,1,5,7,1942,0,0,0,D,0,4A15,N GRIFFIN AV,ALTURA ST,0,NA,Y,A,-,N,NA,NA,NA,NA,NA,NA,NA,NA,NA,Y,4,0,1,2,A,-,09,21802,A,N,D,C,A,A,H,-,A,A,0,NA,NA,NA,NA,Y,NA,A,01,0,0,1,0,0,0,0,0,0,-,-,NA,NA,LOS ANGELES,LOS ANGELES,-118.21179962158205,34.075469970703125
8937713,2019,2019-09-19,1920,2019-08-15,1509,11992,NA,4,5,6,1920,0,0,0,NA,0,003,OLD RIVER SCHOOL RD,RIO FLORA PL,0,NA,Y,A,-,N,NA,NA,NA,NA,NA,NA,NA,NA,NA,Y,3,0,2,2,A,-,09,21801,A,N,D,C,A,A,H,-,A,A,0,NA,NA,NA,NA,Y,NA,A,01,0,1,1,0,0,0,0,0,0,-,-,NA,NA,LOS ANGELES,DOWNEY,-118.14662170410156,33.95051956176758
8937716,2019,2019-09-20,1942,2019-08-20,2052,35291,0473,2,5,7,1942,0,0,0,D,0,4A71,EAST 7TH ST,BREED ST,22,W,N,A,-,N,NA,NA,NA,NA,NA,NA,NA,NA,NA,Y,3,0,1,3,A,-,01,23152,A,M,B,E,A,A,H,-,C,D,0,NA,NA,NA,NA,Y,Y,A,08,0,1,0,0,0,0,0,0,0,-,-,NA,NA,LOS ANGELES,LOS ANGELES,-118.2183074951172,34.03287887573242
8937717,2019,2019-09-19,1920,2019-08-11,1844,13022,NA,7,5,6,1920,0,0,0,NA,0,001,CARING WY,IMPERIAL HWY,517,N,N,A,-,N,NA,NA,NA,NA,NA,NA,NA,NA,NA,N,4,0,1,1,A,-,01,23152,A,N,E,I,A,A,H,-,A,A,0,NA,NA,NA,NA,Y,Y,A,07,0,0,1,0,0,0,0,0,0,-,-,NA,NA,LOS ANGELES,DOWNEY,-118.13077545166016,33.91807556152344