CASE_ID,ACCIDENT_YEAR,PROC_DATE,JURIS,COLLISION_DATE,COLLISION_TIME,OFFICER_ID,REPORTING_DISTRICT,DAY_OF_WEEK,CHP_SHIFT,POPULATION,CNTY_CITY_LOC,SPECIAL_COND,BEAT_TYPE,CHP_BEAT_TYPE,CITY_DIVISION_LAPD,CHP_BEAT_CLASS,BEAT_NUMBER,PRIMARY_RD,SECONDARY_RD,DISTANCE,DIRECTION,INTERSECTION,WEATHER_1,WEATHER_2,STATE_HWY_IND,CALTRANS_COUNTY,CALTRANS_DISTRICT,STATE_ROUTE,ROUTE_SUFFIX,POSTMILE_PREFIX,POSTMILE,LOCATION_TYPE,RAMP_INTERSECTION,SIDE_OF_HWY,TOW_AWAY,COLLISION_SEVERITY,NUMBER_KILLED,NUMBER_INJURED,PARTY_COUNT,PRIMARY_COLL_FACTOR,PCF_CODE_OF_VIOL,PCF_VIOL_CATEGORY,PCF_VIOLATION,PCF_VIOL_SUBSECTION,HIT_AND_RUN,TYPE_OF_COLLISION,MVIW,PED_ACTION,ROAD_SURFACE,ROAD_COND_1,ROAD_COND_2,LIGHTING,CONTROL_DEVICE,CHP_ROAD_TYPE,PEDESTRIAN_ACCIDENT,BICYCLE_ACCIDENT,MOTORCYCLE_ACCIDENT,TRUCK_ACCIDENT,NOT_PRIVATE_PROPERTY,ALCOHOL_INVOLVED,STWD_VEHTYPE_AT_FAULT,CHP_VEHTYPE_AT_FAULT,COUNT_SEVERE_INJ,COUNT_VISIBLE_INJ,COUNT_COMPLAINT_PAIN,COUNT_PED_KILLED,COUNT_PED_INJURED,COUNT_BICYCLIST_KILLED,COUNT_BICYCLIST_INJURED,COUNT_MC_KILLED,COUNT_MC_INJURED,PRIMARY_RAMP,SECONDARY_RAMP,LATITUDE,LONGITUDE,COUNTY,CITY,POINT_X,POINT_Y
8939399,2019,2019-11-21,1942,2019-11-07,0700,39048,1797,4,5,7,1942,0,0,0,Q,0,10A39,GOTHIC AV,ROSCOE BL,0,NA,Y,A,-,N,NA,NA,NA,NA,NA,NA,NA,NA,NA,Y,1,1,1,2,A,-,09,21802,A,N,D,C,A,A,H,-,A,A,0,NA,NA,NA,NA,Y,NA,A,01,0,0,1,0,0,0,0,0,0,-,-,NA,NA,LOS ANGELES,LOS ANGELES,-118.48960113525392,34.22129821777344
8939400,2019,2019-11-21,1942,2019-10-14,0455,39280,0503,1,5,7,1942,0,0,0,E,0,5A11,W PACIFIC COAST HWY,FIGUEROA PL,370,W,N,A,-,N,NA,NA,NA,NA,NA,NA,NA,NA,NA,Y,1,1,0,2,A,-,11,21955,NA,N,G,B,D,A,H,-,C,D,0,Y,NA,NA,NA,Y,NA,N,60,0,0,0,1,0,0,0,0,0,-,-,NA,NA,LOS ANGELES,LOS ANGELES,-118.28409576416016,33.79079818725586
8939406,2019,2019-11-26,1942,2019-10-04,1905,43432,1821,5,5,7,1942,0,0,0,R,0,25T25,CENTURY BL,BARING CROSS ST,171,W,N,A,-,N,NA,NA,NA,NA,NA,NA,NA,NA,NA,N,1,1,0,4,A,-,11,21954,A,F,G,B,E,A,H,-,C,A,0,Y,NA,NA,NA,Y,NA,-,99,0,0,0,1,0,0,0,0,0,-,-,NA,NA,LOS ANGELES,LOS ANGELES,-118.28993225097656,33.94549560546875
8939407,2019,2019-11-26,1942,2019-10-06,0343,41131,1801,7,5,7,1942,0,0,0,R,0,18A1,S FIGUEROA ST,W MANCHESTER AV,9,S,N,A,-,N,NA,NA,NA,NA,NA,NA,NA,NA,NA,N,1,1,0,3,A,-,10,21950,A,F,G,B,B,A,H,-,C,A,0,Y,NA,NA,NA,Y,NA,-,-,0,0,0,1,0,0,0,0,0,-,-,NA,NA,LOS ANGELES,LOS ANGELES,-118.28273010253906,33.96003341674805
8939431,2019,2021-05-20,1975,2019-07-16,0706,427,NA,2,5,6,1975,0,0,0,NA,0,001,PUENTE AV,VINCENT AV,141,W,N,A,-,N,NA,NA,NA,NA,NA,NA,NA,NA,NA,Y,1,1,1,2,A,-,08,22107,NA,N,D,C,A,A,H,-,A,D,0,NA,NA,NA,NA,Y,NA,A,01,0,1,0,0,0,0,0,0,0,-,-,34.08277130126953,-117.92565155029295,LOS ANGELES,WEST COVINA,-117.92615509033205,34.0827522277832
8939433,2019,2020-01-03,1900,2019-11-29,0740,644702,1365,5,5,5,1952,0,0,0,NA,0,136A,DOWNEY AV,CENTURY BL,0,NA,Y,B,-,N,NA,NA,NA,NA,NA,NA,NA,NA,NA,Y,1,1,1,2,A,-,09,21801,A,N,A,C,A,B,H,-,A,D,0,NA,NA,NA,NA,Y,NA,A,01,0,1,0,0,0,0,0,0,0,-,-,NA,NA,LOS ANGELES,PARAMOUNT,-118.15151214599608,33.906410217285156
8939434,2019,2020-01-03,1900,2019-12-15,1626,644852,1300,7,5,5,1952,0,0,0,NA,0,136F1,ALONDRA BL,PASSAGE AV,28,E,N,A,-,N,NA,NA,NA,NA,NA,NA,NA,NA,NA,Y,1,1,0,2,A,-,11,21950,B,N,A,B,D,A,H,-,A,D,0,Y,NA,NA,NA,Y,NA,N,60,0,0,0,1,0,0,0,0,0,-,-,33.88916015625,-118.14861297607422,LOS ANGELES,PARAMOUNT,-118.14868927001952,33.88930130004883
8939436,2019,2021-05-24,1900,2019-11-17,1846,636283,1139,7,5,6,1992,0,0,0,NA,0,111B,AVENUE K,55TH ST WEST,54,E,N,A,-,N,NA,NA,NA,NA,NA,NA,NA,NA,NA,Y,1,1,1,2,A,-,11,21954,A,N,G,B,E,A,H,-,D,D,0,Y,NA,NA,NA,Y,NA,N,60,0,0,1,1,0,0,0,0,0,-,-,NA,NA,LOS ANGELES,LANCASTER,-118.0319595336914,34.6752815246582
8939445,2019,2020-01-10,1900,2019-10-12,1950,478092,2608,6,5,6,1950,0,0,0,NA,0,263F,RT 138,22ND ST EAST,328,E,N,A,-,Y,LA,7,138,-,-,46.03,H,-,E,Y,1,1,0,3,A,-,11,21954,A,N,G,B,D,A,H,-,C,D,0,Y,NA,NA,NA,Y,NA,N,60,0,0,0,1,0,0,0,0,0,-,-,34.58007049560547,-118.08846282958984,LOS ANGELES,PALMDALE,-118.08856201171876,34.58012390136719
8939448,2019,2021-05-24,1969,2019-08-13,2153,10156,TRAFF,2,5,5,1969,0,0,0,NA,0,003,CALIFORNIA AV,TENAYA AV,0,NA,Y,A,-,N,NA,NA,NA,NA,NA,NA,NA,NA,NA,Y,1,1,0,2,A,-,10,21950,A,N,G,B,B,A,H,-,C,A,0,Y,NA,NA,NA,Y,Y,A,01,0,0,0,1,0,0,0,0,0,-,-,NA,NA,LOS ANGELES,SOUTH GATE,-118.20816040039064,33.939090728759766
8939453,2019,2020-01-08,1942,2019-11-20,1340,40634,1708,3,5,7,1942,0,0,0,Q,0,17A49,SAN FERNANDO RD,SEPULVEDA BL,442,N,N,B,-,N,NA,NA,NA,NA,NA,NA,NA,NA,NA,Y,1,2,1,2,A,-,03,22350,NA,N,C,C,A,B,H,-,A,D,0,NA,NA,NA,Y,Y,NA,A,01,0,1,0,0,0,0,0,0,0,-,-,NA,NA,LOS ANGELES,LOS ANGELES,-118.49191284179688,34.31572341918945
8939455,2019,2020-01-08,1900,2019-08-09,2500,442237,1120,5,5,6,1992,0,0,0,NA,0,110TF,AVENUE I,40TH ST WEST,2132,E,N,-,-,N,NA,NA,NA,NA,NA,NA,NA,NA,NA,N,1,1,0,2,D,-,00,NA,NA,F,G,B,E,-,-,-,-,D,0,Y,NA,NA,NA,Y,NA,-,-,0,0,0,1,0,0,0,0,0,-,-,NA,NA,LOS ANGELES,LANCASTER,-118.194580078125,34.704063415527344
8939461,2019,2020-01-08,1942,2019-12-11,0645,27792,1021,3,5,7,1942,0,0,0,J,0,21A29,CORBIN AV,HART ST,373,N,N,A,-,N,NA,NA,NA,NA,NA,NA,NA,NA,NA,Y,1,1,0,2,A,-,08,22103,NA,N,D,C,A,A,H,-,A,A,0,NA,NA,NA,Y,Y,NA,D,22,0,0,0,0,0,0,0,0,0,-,-,NA,NA,LOS ANGELES,LOS ANGELES,-118.5622329711914,34.198463439941406
8939463,2019,2021-06-02,1942,2019-12-09,2150,38721,0881,1,5,7,1942,0,0,0,H,0,8A53,S BARRINGTON AV,EXPOSITION BL,0,NA,Y,A,-,N,NA,NA,NA,NA,NA,NA,NA,NA,NA,Y,1,1,0,2,A,-,00,21654,B,N,C,G,A,A,H,-,C,D,0,NA,Y,NA,NA,Y,Y,L,04,0,0,0,0,0,1,0,0,0,-,-,NA,NA,LOS ANGELES,LOS ANGELES,-118.44692230224608,34.03314971923828
8939464,2019,2020-01-08,1942,2019-09-25,0330,31652,1512,3,5,7,1942,0,0,0,O,0,15A21,SHERMAN WY,COLDWATER CANYON BL,595,W,N,A,-,N,NA,NA,NA,NA,NA,NA,NA,NA,NA,Y,1,1,0,2,A,-,11,21955,NA,N,G,B,D,A,H,-,C,D,0,Y,NA,NA,NA,Y,NA,N,60,0,0,0,1,0,0,0,0,0,-,-,NA,NA,LOS ANGELES,LOS ANGELES,-118.41576385498048,34.20119857788086
8939466,2019,2021-06-02,1976,2019-11-24,0513,410,NA,7,5,5,1976,0,0,0,NA,0,003,COLIMA RD,MURPHY RANCH FIELD,569,N,N,A,-,N,NA,NA,NA,NA,NA,NA,NA,NA,NA,Y,1,1,1,1,A,-,01,23152,A,N,E,I,A,A,H,-,D,D,0,NA,NA,NA,NA,Y,Y,A,01,0,1,0,0,0,0,0,0,0,-,-,NA,NA,LOS ANGELES,WHITTIER,-117.9996337890625,33.96615982055664
8939470,2019,2021-06-02,1900,2019-11-11,0326,600319,2824,1,5,5,1915,0,0,0,NA,0,281T1,COMPTON BL,WILLOW AV,78,W,N,A,-,N,NA,NA,NA,NA,NA,NA,NA,NA,NA,N,1,1,0,2,A,-,11,21954,A,N,G,B,D,A,H,-,C,D,0,Y,NA,NA,NA,Y,NA,N,60,0,0,0,1,0,0,0,0,0,-,-,NA,NA,LOS ANGELES,COMPTON,-118.21782684326172,33.895999908447266
8939488,2019,2021-05-24,1976,2019-12-15,0345,426,NA,7,5,5,1976,0,0,0,NA,0,004,LAMBERT RD,SCOTT AV,900,E,N,A,-,N,NA,NA,NA,NA,NA,NA,NA,NA,NA,Y,1,1,0,1,A,-,08,22107,NA,N,E,I,A,A,H,-,C,D,0,NA,NA,NA,NA,Y,NA,D,22,0,0,0,0,0,0,0,0,0,-,-,NA,NA,LOS ANGELES,WHITTIER,-117.998291015625,33.935733795166016
8939500,2019,2020-01-16,1942,2019-11-23,0250,42364,0301,6,5,7,1942,0,0,0,C,0,3A1,W ADAMS BL,S CLOVERDALE AV,0,NA,Y,A,-,N,NA,NA,NA,NA,NA,NA,NA,NA,NA,Y,1,1,0,3,A,-,01,23152,A,N,C,G,A,A,H,-,C,A,0,NA,Y,NA,NA,Y,Y,A,01,0,0,0,0,0,1,0,0,0,-,-,NA,NA,LOS ANGELES,LOS ANGELES,-118.3576202392578,34.032501220703125
8939501,2019,2021-06-02,1942,2019-12-12,2340,30083,0235,4,5,7,1942,0,0,0,B,0,2A17,BEVERLY BL,N PARK VIEW ST,0,NA,Y,A,-,N,NA,NA,NA,NA,NA,NA,NA,NA,NA,N,1,1,1,2,A,-,11,21954,A,N,G,B,D,A,H,-,C,A,0,Y,NA,NA,NA,Y,NA,N,60,0,1,0,1,0,0,0,0,0,-,-,NA,NA,LOS ANGELES,LOS ANGELES,-118.27393341064452,34.06821823120117
8939503,2019,2020-01-16,1900,2019-12-13,2113,527057,0649,5,5,6,1985,0,0,0,NA,0,62T1,COPPER HILL DR,GOLD CANYON RD,262,W,N,A,-,N,NA,NA,NA,NA,NA,NA,NA,NA,NA,Y,1,1,0,2,A,-,11,21954,A,N,G,B,D,A,H,-,C,D,0,Y,NA,NA,NA,Y,Y,N,60,0,0,0,1,0,0,0,0,0,-,-,34.46063995361328,-118.52874755859376,LOS ANGELES,SANTA CLARITA,-118.52896118164064,34.46065139770508
8939511,2020,2022-06-14,1942,2020-01-09,1207,38687,1771,4,5,7,1942,0,0,0,Q,0,17A81,PRAIRIE ST,IRONDALE AV,169,E,N,B,-,N,NA,NA,NA,NA,NA,NA,NA,NA,NA,N,1,1,0,2,A,-,09,21804,A,N,D,C,A,A,H,-,A,D,0,NA,NA,Y,NA,Y,NA,C,02,0,0,0,0,0,0,0,1,0,-,-,NA,NA,LOS ANGELES,LOS ANGELES,-118.5858154296875,34.240909576416016
8939512,2020,2020-01-23,1931,2020-01-05,2054,5697,1931,7,5,5,1931,0,0,0,NA,0,003,FLORENCE AV,MALABAR ST,8,W,N,A,-,N,NA,NA,NA,NA,NA,NA,NA,NA,NA,Y,1,1,0,2,A,-,11,21950,B,N,G,B,D,A,H,-,C,D,0,Y,NA,NA,NA,Y,NA,N,60,0,0,0,1,0,0,0,0,0,-,-,NA,NA,LOS ANGELES,HUNTINGTON PARK,-118.227783203125,33.97447204589844
8939513,2019,2020-01-23,1912,2019-09-21,1130,13176,NA,6,5,6,1912,0,0,0,NA,0,NA,VICTORY BL,ORCHARD DR,39,W,N,A,-,N,NA,NA,NA,NA,NA,NA,NA,NA,NA,Y,1,1,2,3,A,-,05,21650,NA,N,B,-,A,A,H,-,A,D,0,NA,NA,NA,NA,Y,NA,A,01,0,0,2,0,0,0,0,0,0,-,-,34.1844596862793,-118.33049011230467,LOS ANGELES,BURBANK,-118.33072662353516,34.184471130371094
8939514,2019,2020-01-23,1912,2019-10-31,1029,13377,NA,4,5,6,1912,0,0,0,NA,0,NA,GLENOAKS BL,CORNELL DR,0,NA,Y,A,-,N,NA,NA,NA,NA,NA,NA,NA,NA,NA,Y,1,1,0,4,D,-,00,NA,NA,N,D,C,A,A,H,-,A,A,0,NA,NA,Y,NA,Y,NA,-,-,0,0,0,0,0,0,0,1,0,-,-,34.190948486328125,-118.31693267822266,LOS ANGELES,BURBANK,-118.3168487548828,34.190948486328125
8939518,2019,2020-01-23,1942,2019-12-24,0100,41844,0519,2,5,7,1942,0,0,0,E,0,5A15,ALAMEDA ST,E O ST,143,S,N,A,-,N,NA,NA,NA,NA,NA,NA,NA,NA,NA,Y,2,0,1,1,C,-,18,NA,NA,N,E,I,A,A,H,-,C,D,0,NA,NA,NA,Y,Y,NA,-,-,1,0,0,0,0,0,0,0,0,-,-,NA,NA,LOS ANGELES,LOS ANGELES,-118.2408447265625,33.792686462402344
8939519,2019,2020-01-23,1942,2019-11-29,2255,42069,1824,5,5,7,1942,0,0,0,R,0,18A34,E COLDEN AV,MCKINLEY AV,32,N,N,A,-,N,NA,NA,NA,NA,NA,NA,NA,NA,NA,Y,1,1,2,3,A,-,12,22450,A,N,D,C,A,B,H,-,C,A,0,NA,NA,NA,NA,Y,NA,A,07,2,0,0,0,0,0,0,0,0,-,-,NA,NA,LOS ANGELES,LOS ANGELES,-118.26083374023438,33.94926834106445
8939520,2019,2020-01-28,1948,2019-11-18,2120,374,1948,1,5,5,1948,0,0,0,NA,0,001,ATLANTIC BL,NEWMARK AV,0,NA,Y,A,-,N,NA,NA,NA,NA,NA,NA,NA,NA,NA,N,1,1,0,2,A,-,00,21954,C,F,G,B,D,A,H,-,C,A,0,Y,NA,NA,NA,Y,NA,N,60,0,0,0,1,0,0,0,0,0,-,-,34.059810638427734,-118.13365173339844,LOS ANGELES,MONTEREY PARK,-118.13362121582033,34.05978012084961
8939525,2019,2021-06-02,1941,2019-05-15,2025,10937,NA,3,5,7,1941,0,0,0,NA,0,NA,PACIFIC AV,16TH ST,0,NA,Y,A,-,N,NA,NA,NA,NA,NA,NA,NA,NA,NA,N,1,1,0,2,A,-,10,21950,A,F,-,B,B,A,H,-,C,A,0,Y,NA,NA,NA,Y,NA,A,NA,0,0,0,1,0,0,0,0,0,-,-,NA,NA,LOS ANGELES,LONG BEACH,-118.19373321533205,33.78715896606445
8939526,2019,2020-01-23,1948,2019-09-12,0655,356,1948,4,5,5,1948,0,0,0,NA,0,024,EAST NEWMARK AV,ORANGE AV,178,E,N,A,-,N,NA,NA,NA,NA,NA,NA,NA,NA,NA,Y,1,1,0,2,A,-,11,21954,A,N,G,B,D,A,H,-,A,A,0,Y,NA,NA,NA,Y,NA,N,60,0,0,0,1,0,0,0,0,0,-,-,NA,NA,LOS ANGELES,MONTEREY PARK,-118.11184692382813,34.059844970703125
8939527,2019,2021-06-02,1941,2019-05-20,2119,11248,NA,1,5,7,1941,0,0,0,NA,0,NA,PACIFIC AV,25TH ST,11,N,N,A,-,N,NA,NA,NA,NA,NA,NA,NA,NA,NA,N,1,1,0,4,A,-,10,21950,A,F,A,B,D,A,H,-,C,D,0,Y,NA,NA,NA,Y,NA,A,NA,0,0,0,1,0,0,0,0,0,-,-,NA,NA,LOS ANGELES,LONG BEACH,-118.19377899169922,33.802581787109375
8939528,2019,2021-06-02,1925,2019-10-11,1407,28043,246,5,5,6,1925,0,0,0,NA,0,003,VERDUGO RD,WINDSOR RD,140,S,N,A,-,N,NA,NA,NA,NA,NA,NA,NA,NA,NA,Y,1,1,3,3,A,-,03,22350,NA,N,A,C,A,A,H,-,A,D,0,NA,NA,NA,NA,Y,Y,A,01,1,1,1,0,0,0,0,0,0,-,-,NA,NA,LOS ANGELES,GLENDALE,-118.23360443115234,34.137657165527344
8939531,2019,2020-01-23,1942,2019-12-15,1515,41080,1849,7,5,7,1942,0,0,0,R,0,18A49,IMPERIAL HWY,CROESUS AV,110,W,N,A,-,N,NA,NA,NA,NA,NA,NA,NA,NA,NA,N,2,0,5,3,C,-,18,NA,NA,N,B,C,A,A,H,-,A,D,0,NA,NA,NA,NA,Y,NA,-,-,1,0,4,0,0,0,0,0,0,-,-,NA,NA,LOS ANGELES,LOS ANGELES,-118.2339096069336,33.92914581298828
8939532,2019,2020-01-23,1907,2019-11-30,2244,243,1,6,5,4,1907,0,0,0,NA,0,NA,GAGE AV,OTIS AV,0,NA,Y,A,-,N,NA,NA,NA,NA,NA,NA,NA,NA,NA,Y,1,1,0,2,A,-,11,21955,NA,F,G,B,D,A,H,-,C,A,0,Y,NA,NA,NA,Y,Y,N,60,0,0,0,1,0,0,0,0,0,-,-,33.97896957397461,-118.19264221191406,LOS ANGELES,BELL,-118.19268798828124,33.97861862182617
8939533,2019,2021-06-02,1942,2019-11-28,0600,41729,1253,4,5,7,1942,0,0,0,L,0,12A53,W FLORENCE AV,S GRAMERCY PL,164,W,N,A,-,N,NA,NA,NA,NA,NA,NA,NA,NA,NA,N,1,1,0,2,A,-,11,21956,A,F,G,B,E,B,H,-,A,A,0,Y,NA,NA,NA,Y,NA,N,60,0,0,0,1,0,0,0,0,0,-,-,NA,NA,LOS ANGELES,LOS ANGELES,-118.3139190673828,33.974578857421875
8939534,2019,2020-01-23,1942,2019-12-09,1830,40440,0503,1,5,7,1942,0,0,0,E,0,5A11,VERMONT AV,W 255TH ST,124,S,N,A,-,N,NA,NA,NA,NA,NA,NA,NA,NA,NA,Y,1,1,0,2,A,-,11,21954,A,N,G,B,D,A,H,-,C,D,0,Y,NA,Y,NA,Y,NA,N,60,0,0,0,1,0,0,0,0,0,-,-,NA,NA,LOS ANGELES,LOS ANGELES,-118.29090881347656,33.79246139526367
8939538,2019,2021-06-02,1924,2019-10-31,1755,80431,19,4,5,5,1924,0,0,0,NA,0,8T3,135TH ST,NEW HAMPSHIRE AV,31,W,N,A,-,N,NA,NA,NA,NA,NA,NA,NA,NA,NA,Y,1,1,0,3,A,-,08,22107,NA,N,D,C,A,A,H,-,B,D,0,NA,NA,Y,NA,Y,NA,A,01,0,0,0,0,0,0,0,1,0,-,-,33.90916061401367,-118.29306793212892,LOS ANGELES,GARDENA,-118.29308319091795,33.9091682434082
8939541,2019,2020-02-05,1962,2019-11-08,1730,151,1962,5,5,4,1962,0,0,0,NA,0,001,BROADWAY,SAN MARINO AV,0,NA,Y,A,-,N,NA,NA,NA,NA,NA,NA,NA,NA,NA,Y,1,1,0,2,A,-,10,21950,A,N,G,B,B,A,H,-,C,A,0,Y,NA,NA,NA,Y,NA,D,22,0,0,0,1,0,0,0,0,0,-,-,34.00687026977539,-118.10101318359376,LOS ANGELES,SAN GABRIEL,-118.1009521484375,34.09886932373047
8939542,2019,2020-02-05,1924,2019-12-22,0437,80431,43,7,5,5,1924,0,0,0,NA,0,8T3,ARTESIA BL,NORMANDIE AV,0,NA,Y,A,-,N,NA,NA,NA,NA,NA,NA,NA,NA,NA,Y,1,1,1,2,A,-,01,23153,A,N,C,C,A,A,H,-,C,A,0,NA,NA,NA,NA,Y,Y,A,01,0,1,0,0,0,0,0,0,0,-,-,33.872920989990234,-118.2989501953125,LOS ANGELES,GARDENA,-118.2989501953125,33.87303161621094
8939551,2019,2020-01-30,1900,2019-10-21,1846,551907,1730,1,5,4,1980,0,0,0,NA,0,173A,HAWTHORNE BL,GRAYSLAKE RD,0,NA,Y,A,-,N,NA,NA,NA,NA,NA,NA,NA,NA,NA,N,1,1,0,2,A,-,10,21950,C,F,G,B,B,A,H,-,C,A,0,Y,NA,NA,NA,Y,NA,A,01,0,0,0,1,0,0,0,0,0,-,-,NA,NA,LOS ANGELES,RANCHO PALOS VERDES,-118.38490295410156,33.779090881347656
8939552,2019,2020-01-31,1938,2019-07-31,1224,184,NA,3,5,4,1938,0,0,0,NA,0,002,ARROW HWY,A ST,30,E,N,A,-,N,NA,NA,NA,NA,NA,NA,NA,NA,NA,Y,1,1,0,2,A,-,11,21954,A,N,G,B,D,A,H,-,A,D,0,Y,NA,NA,NA,Y,NA,N,60,0,0,0,1,0,0,0,0,0,-,-,34.099300384521484,-117.77716064453124,LOS ANGELES,LA VERNE,-117.7770767211914,34.0992546081543
8939557,2019,2020-02-05,1976,2019-12-16,0602,516,NA,1,5,5,1976,0,0,0,NA,0,004,RT 72,VALLEY HOME AV,365,W,N,A,-,Y,LA,7,72,-,-,0.07,H,-,N,Y,1,1,1,2,A,-,21,22106,NA,N,H,G,A,A,H,-,C,D,0,NA,Y,NA,NA,Y,NA,L,04,0,1,0,0,0,1,0,0,0,-,-,NA,NA,LOS ANGELES,WHITTIER,-117.97769165039064,33.939998626708984
8939561,2019,2021-06-02,1942,2019-12-04,2130,42364,1269,3,5,7,1942,0,0,0,L,0,12A69,AVALON BL,E 81ST ST,53,S,N,A,-,N,NA,NA,NA,NA,NA,NA,NA,NA,NA,N,1,1,0,2,A,-,11,21954,A,F,G,B,D,B,H,-,C,D,0,Y,NA,NA,NA,Y,Y,N,60,0,0,0,1,0,0,0,0,0,-,-,NA,NA,LOS ANGELES,LOS ANGELES,-118.26515197753906,33.965415954589844
8939562,2019,2020-01-31,1976,2019-12-13,1738,516,1976,5,5,3,1964,0,0,0,NA,0,001,NORWALK BL,SMITH AV,0,NA,Y,A,-,N,NA,NA,NA,NA,NA,NA,NA,NA,NA,Y,1,1,1,2,A,-,12,21453,A,N,D,C,A,A,H,-,C,A,0,NA,NA,Y,NA,Y,NA,C,02,0,1,0,0,0,0,0,1,0,-,-,NA,NA,LOS ANGELES,SANTA FE SPRINGS,-118.0727310180664,33.94886016845703
8939563,2019,2021-06-02,1942,2019-11-28,2040,42364,0305,4,5,7,1942,0,0,0,C,0,3A31,W ADAMS BL,WEST VIEW ST,0,NA,Y,B,C,N,NA,NA,NA,NA,NA,NA,NA,NA,NA,N,1,1,0,2,A,-,03,22350,NA,F,G,B,B,B,H,-,C,A,0,Y,NA,NA,NA,Y,Y,-,99,0,0,0,1,0,0,0,0,0,-,-,NA,NA,LOS ANGELES,LOS ANGELES,-118.34850311279295,34.03253173828125
8939569,2019,2020-01-31,1900,2019-12-31,1100,510509,1127,2,5,6,1992,0,0,0,NA,0,112T4,AVENUE J,VALLEY CENTRAL WY,0,NA,Y,A,-,N,NA,NA,NA,NA,NA,NA,NA,NA,NA,Y,1,1,1,2,A,-,03,22350,NA,N,D,C,A,A,H,-,A,A,0,NA,NA,Y,NA,Y,NA,C,02,0,1,0,0,0,0,0,1,0,-,-,NA,NA,LOS ANGELES,LANCASTER,-118.17221069335938,34.68941116333008
8939571,2019,2021-06-02,1942,2019-12-18,0612,41747,1801,3,5,7,1942,0,0,0,R,0,18A1,W 88TH ST,S VERMONT AV,65,E,N,A,-,N,NA,NA,NA,NA,NA,NA,NA,NA,NA,N,1,1,0,2,C,-,18,NA,NA,N,G,B,E,A,H,-,C,A,0,Y,NA,NA,NA,Y,Y,-,-,0,0,0,1,0,0,0,0,0,-,-,NA,NA,LOS ANGELES,LOS ANGELES,-118.29140472412108,33.95793914794922
8939581,2019,2021-06-01,1942,2019-12-29,0040,41933,1891,7,5,7,1942,0,0,0,R,0,25TL23,S VERMONT AV,ARTESIA BL,0,NA,Y,A,-,N,NA,NA,NA,NA,NA,NA,NA,NA,NA,Y,1,2,2,2,A,-,12,21453,A,N,D,C,A,A,H,-,C,A,0,NA,NA,NA,NA,Y,Y,A,01,0,0,2,0,0,0,0,0,0,-,-,NA,NA,LOS ANGELES,LOS ANGELES,-118.29093170166016,33.87287139892578
8939602,2019,2021-05-20,1928,2019-07-14,0144,407,517,7,5,5,1928,0,0,0,NA,0,503,PRAIRIE AV,130TH ST,75,N,N,A,-,N,NA,NA,NA,NA,NA,NA,NA,NA,NA,Y,1,2,1,4,A,-,01,23152,B,N,G,B,D,A,H,-,C,D,0,Y,NA,NA,NA,Y,Y,A,01,1,0,0,2,1,0,0,0,0,-,-,33.914268493652344,-118.3439712524414,LOS ANGELES,HAWTHORNE,-118.34388732910156,33.91438674926758
8939614,2020,2022-06-11,1900,2020-01-21,0243,465510,2920,2,5,5,1990,0,0,0,NA,0,292K2,DIAMOND BAR BL,HIGHLAND VALLEY RD,1298,N,N,C,-,N,NA,NA,NA,NA,NA,NA,NA,NA,NA,NA,1,1,0,1,A,-,03,22350,NA,N,E,I,A,B,G,-,C,D,0,NA,NA,Y,NA,Y,NA,C,02,0,0,0,0,0,0,0,1,0,-,-,NA,NA,LOS ANGELES,DIAMOND BAR,-117.80269622802734,34.0389289855957
8939617,2020,2020-02-21,1942,2020-01-22,1600,37618,0528,3,5,7,1942,0,0,0,E,0,5A15,RT 1,WATSON AV,0,NA,Y,B,-,Y,LA,7,1,-,-,9.681,I,5,S,Y,1,1,0,2,A,-,07,21658,A,N,B,C,A,A,H,-,A,A,0,NA,NA,Y,NA,Y,NA,A,01,0,0,0,0,0,0,0,1,0,-,-,NA,NA,LOS ANGELES,LOS ANGELES,-118.24810791015624,33.790889739990234
8939618,2020,2022-06-11,1942,2020-01-10,1625,42834,0801,5,5,7,1942,0,0,0,H,0,8A1,PALISADES DR,PALISADES CIR,651,N,N,A,-,N,NA,NA,NA,NA,NA,NA,NA,NA,NA,Y,1,1,0,1,A,-,03,22350,NA,N,A,I,A,A,H,-,A,A,0,NA,NA,NA,NA,Y,Y,A,01,0,0,0,0,0,0,0,0,0,-,-,NA,NA,LOS ANGELES,LOS ANGELES,-118.56446075439452,34.07726287841797
8939621,2020,2022-06-11,1942,2020-01-19,1905,38857,1969,7,5,7,1942,0,0,0,NA,0,19A79,BRANFORD ST,ARLETA AV,455,W,N,A,-,N,NA,NA,NA,NA,NA,NA,NA,NA,NA,N,1,1,0,2,A,-,05,21650,1,F,H,G,A,A,H,-,C,D,0,NA,Y,NA,NA,Y,NA,L,04,0,0,0,0,0,1,0,0,0,-,-,NA,NA,LOS ANGELES,LOS ANGELES,-118.42091369628906,34.23530197143555
8939622,2020,2022-06-11,1942,2020-01-18,0035,38771,1749,6,5,7,1942,0,0,0,Q,0,17A49,WOODLEY AV,CHATSWORTH ST,300,N,N,A,-,N,NA,NA,NA,NA,NA,NA,NA,NA,NA,Y,1,1,1,4,A,-,03,22350,NA,N,F,E,A,A,H,-,C,A,0,NA,NA,NA,NA,Y,Y,A,01,1,0,0,0,0,0,0,0,0,-,-,NA,NA,LOS ANGELES,LOS ANGELES,-118.48477935791016,34.2654914855957