CASE_ID,ACCIDENT_YEAR,PROC_DATE,JURIS,COLLISION_DATE,COLLISION_TIME,OFFICER_ID,REPORTING_DISTRICT,DAY_OF_WEEK,CHP_SHIFT,POPULATION,CNTY_CITY_LOC,SPECIAL_COND,BEAT_TYPE,CHP_BEAT_TYPE,CITY_DIVISION_LAPD,CHP_BEAT_CLASS,BEAT_NUMBER,PRIMARY_RD,SECONDARY_RD,DISTANCE,DIRECTION,INTERSECTION,WEATHER_1,WEATHER_2,STATE_HWY_IND,CALTRANS_COUNTY,CALTRANS_DISTRICT,STATE_ROUTE,ROUTE_SUFFIX,POSTMILE_PREFIX,POSTMILE,LOCATION_TYPE,RAMP_INTERSECTION,SIDE_OF_HWY,TOW_AWAY,COLLISION_SEVERITY,NUMBER_KILLED,NUMBER_INJURED,PARTY_COUNT,PRIMARY_COLL_FACTOR,PCF_CODE_OF_VIOL,PCF_VIOL_CATEGORY,PCF_VIOLATION,PCF_VIOL_SUBSECTION,HIT_AND_RUN,TYPE_OF_COLLISION,MVIW,PED_ACTION,ROAD_SURFACE,ROAD_COND_1,ROAD_COND_2,LIGHTING,CONTROL_DEVICE,CHP_ROAD_TYPE,PEDESTRIAN_ACCIDENT,BICYCLE_ACCIDENT,MOTORCYCLE_ACCIDENT,TRUCK_ACCIDENT,NOT_PRIVATE_PROPERTY,ALCOHOL_INVOLVED,STWD_VEHTYPE_AT_FAULT,CHP_VEHTYPE_AT_FAULT,COUNT_SEVERE_INJ,COUNT_VISIBLE_INJ,COUNT_COMPLAINT_PAIN,COUNT_PED_KILLED,COUNT_PED_INJURED,COUNT_BICYCLIST_KILLED,COUNT_BICYCLIST_INJURED,COUNT_MC_KILLED,COUNT_MC_INJURED,PRIMARY_RAMP,SECONDARY_RAMP,LATITUDE,LONGITUDE,COUNTY,CITY,POINT_X,POINT_Y
8940302,2019,2019-10-28,1942,2019-09-06,1755,37468,0628,5,5,7,1942,0,0,0,F,0,6A22,FRANKLIN AV,GARFIELD PL,0,NA,Y,A,-,N,NA,NA,NA,NA,NA,NA,NA,NA,NA,N,4,0,1,3,A,-,09,21801,A,N,D,C,A,A,H,-,A,A,0,NA,NA,NA,NA,Y,NA,A,07,0,0,1,0,0,0,0,0,0,-,-,NA,NA,LOS ANGELES,LOS ANGELES,-118.3107681274414,34.10540008544922
8940303,2019,2019-10-03,1942,2019-09-08,0040,40209,0776,7,5,7,1942,0,0,0,G,0,7A85,VENICE BL,SAN VICENTE BL,0,NA,Y,A,-,N,NA,NA,NA,NA,NA,NA,NA,NA,NA,Y,3,0,1,1,A,-,03,22350,NA,N,E,I,A,A,H,-,E,A,0,NA,NA,NA,NA,Y,Y,A,07,0,1,0,0,0,0,0,0,0,-,-,NA,NA,LOS ANGELES,LOS ANGELES,-118.3369598388672,34.0471305847168
8940304,2019,2019-10-04,1942,2019-09-07,1050,43133,0551,6,5,7,1942,0,0,0,E,0,25T27,SEPULVEDA ST,HANFORD AV,15,N,N,A,-,N,NA,NA,NA,NA,NA,NA,NA,NA,NA,Y,2,0,1,1,A,-,01,23152,A,N,E,I,A,A,H,-,A,D,0,NA,NA,NA,NA,Y,Y,A,07,1,0,0,0,0,0,0,0,0,-,-,NA,NA,LOS ANGELES,LOS ANGELES,-118.30206298828124,33.74565887451172
8940306,2019,2019-09-27,1942,2019-09-16,1930,42471,0321,1,5,7,1942,0,0,0,C,0,25T29,LA BREA AV,ADAMS BL,0,NA,Y,A,-,N,NA,NA,NA,NA,NA,NA,NA,NA,NA,N,4,0,1,2,A,-,09,21801,A,N,A,C,A,A,H,-,C,A,0,NA,NA,Y,NA,Y,NA,A,01,0,0,1,0,0,0,0,0,1,-,-,NA,NA,LOS ANGELES,LOS ANGELES,-118.35092926025392,34.032508850097656
8940307,2019,2019-10-03,1942,2019-09-08,1040,40690,0841,7,5,7,1942,0,0,0,H,0,8A53,SANTA MONICA BL,WELLESLEY AV,12,E,N,A,-,N,NA,NA,NA,NA,NA,NA,NA,NA,NA,Y,3,0,1,2,A,-,10,21950,A,N,G,B,B,A,H,-,A,A,0,Y,NA,NA,NA,Y,NA,A,01,0,1,0,0,1,0,0,0,0,-,-,NA,NA,LOS ANGELES,LOS ANGELES,-118.46547698974608,34.039573669433594
8940310,2019,2019-09-27,1942,2019-09-16,2015,41536,0362,1,5,7,1942,0,0,0,C,0,25TL23,NICOLET AV,COLISEUM ST,0,NA,Y,A,-,N,NA,NA,NA,NA,NA,NA,NA,NA,NA,Y,3,0,3,3,A,-,12,21453,A,F,B,C,A,A,H,-,C,A,0,NA,NA,NA,NA,Y,NA,-,99,0,2,1,0,0,0,0,0,0,-,-,NA,NA,LOS ANGELES,LOS ANGELES,-118.35044097900392,34.01826858520508
8940311,2019,2019-10-03,1942,2019-09-09,1000,40690,0829,1,5,7,1942,0,0,0,H,0,8A29,WILSHIRE BL,COMSTOCK AV,0,NA,Y,A,-,N,NA,NA,NA,NA,NA,NA,NA,NA,NA,Y,3,0,3,3,A,-,09,21801,A,N,D,-,A,A,H,-,A,A,0,NA,NA,NA,NA,Y,NA,A,07,0,2,1,0,0,0,0,0,0,-,-,NA,NA,LOS ANGELES,LOS ANGELES,-118.42542266845705,34.067989349365234
8940314,2019,2019-09-27,1942,2019-09-08,0040,42069,0363,7,5,7,1942,0,0,0,C,0,25T25,COLISEUM,CRENSHAW,30,E,N,A,-,N,NA,NA,NA,NA,NA,NA,NA,NA,NA,Y,4,0,3,2,A,-,01,23152,A,N,D,C,A,A,H,-,C,A,0,NA,NA,NA,NA,Y,Y,A,01,0,0,3,0,0,0,0,0,0,-,-,NA,NA,LOS ANGELES,LOS ANGELES,-118.3352279663086,34.0181999206543
8940315,2019,2019-10-03,1942,2019-09-07,1126,43984,0717,6,5,7,1942,0,0,0,G,0,7A17,BEVERLY BL,LA BREA AV,0,NA,Y,A,-,N,NA,NA,NA,NA,NA,NA,NA,NA,NA,Y,3,0,2,2,A,-,09,21801,A,N,A,C,A,A,H,-,A,A,0,NA,NA,NA,NA,Y,NA,A,01,0,2,0,0,0,0,0,0,0,-,-,NA,NA,LOS ANGELES,LOS ANGELES,-118.3440399169922,34.076171875
8940318,2019,2019-09-27,1942,2019-09-07,1010,39280,0361,6,5,7,1942,0,0,0,C,0,25TL41,LA BREA AV,COLISEUM ST,250,N,N,A,-,N,NA,NA,NA,NA,NA,NA,NA,NA,NA,N,3,0,1,2,B,-,22,NA,NA,F,G,B,F,A,H,-,A,D,0,Y,NA,NA,NA,Y,NA,-,99,0,1,0,0,1,0,0,0,0,-,-,NA,NA,LOS ANGELES,LOS ANGELES,-118.3555908203125,34.01899719238281
8940319,2019,2019-10-03,1942,2019-09-09,0940,43159,0378,1,5,7,1942,0,0,0,C,0,7A1,MCCADDEN,6TH ST,0,NA,Y,A,-,N,NA,NA,NA,NA,NA,NA,NA,NA,NA,Y,3,0,2,2,A,-,09,21801,A,N,D,C,A,A,H,-,A,A,0,NA,NA,NA,NA,Y,NA,A,01,0,1,1,0,0,0,0,0,0,-,-,NA,NA,LOS ANGELES,LOS ANGELES,-118.337158203125,34.064918518066406
8940321,2019,2019-09-27,1942,2019-08-27,1150,42403,1256,2,5,7,1942,0,0,0,L,0,12A15W,VERMONT AV,74TH ST,0,NA,Y,A,-,N,NA,NA,NA,NA,NA,NA,NA,NA,NA,Y,4,0,1,2,A,-,09,21801,A,M,B,C,A,A,H,-,A,D,0,NA,NA,NA,NA,Y,NA,A,01,0,0,1,0,0,0,0,0,0,-,-,NA,NA,LOS ANGELES,LOS ANGELES,-118.29190063476564,33.97272872924805
8940413,2019,2019-10-07,1956,2019-09-04,0906,1292,54,3,5,5,1956,0,0,0,NA,0,005,ARTESIA BL,FELTON LN,36,W,N,A,-,N,NA,NA,NA,NA,NA,NA,NA,NA,NA,Y,3,0,4,3,A,-,03,22350,NA,N,C,C,A,A,H,-,A,D,0,NA,NA,NA,NA,Y,NA,D,22,0,1,3,0,0,0,0,0,0,-,-,NA,NA,LOS ANGELES,REDONDO BEACH,-118.36444854736328,33.87290954589844
8940421,2019,2019-10-07,1956,2019-09-05,0501,13541136,31,4,5,5,1956,0,0,0,NA,0,002,ANITA ST,HARKNESS LN,100,W,N,A,-,N,NA,NA,NA,NA,NA,NA,NA,NA,NA,Y,3,0,1,4,A,-,08,22107,NA,N,B,C,A,A,H,-,C,D,0,NA,NA,NA,NA,Y,NA,D,22,0,1,0,0,0,0,0,0,0,-,-,NA,NA,LOS ANGELES,REDONDO BEACH,-118.38145446777344,33.857295989990234
8940433,2019,2019-10-07,1900,2019-09-07,0253,461784,2920,6,5,5,1990,0,0,0,NA,0,292T1,DECORAH RD,EL ENCINO DR,0,NA,Y,A,-,N,NA,NA,NA,NA,NA,NA,NA,NA,NA,Y,3,0,1,3,A,-,01,23152,A,N,B,E,A,A,H,-,C,D,0,NA,NA,NA,Y,Y,Y,A,01,0,1,0,0,0,0,0,0,0,-,-,NA,NA,LOS ANGELES,DIAMOND BAR,-117.80319213867188,34.027381896972656
8940434,2019,2019-10-23,1931,2019-09-01,0041,92550,1931,7,5,5,1931,0,0,0,NA,0,004,SANTA ANA ST,VICTORIA AV,100,W,N,A,-,N,NA,NA,NA,NA,NA,NA,NA,NA,NA,N,3,0,1,2,A,-,11,21954,A,N,G,B,E,A,H,-,C,D,0,Y,NA,NA,NA,Y,Y,N,60,0,1,0,0,1,0,0,0,0,-,-,NA,NA,LOS ANGELES,HUNTINGTON PARK,-118.20892333984376,33.96329879760742
8940460,2019,2019-10-11,1900,2019-07-18,1550,281372,1811,4,5,2,1904,0,0,0,NA,0,180C,CHIMES TOWER RD,STAGE COACH,816,W,N,A,-,N,NA,NA,NA,NA,NA,NA,NA,NA,NA,N,3,0,1,1,A,-,03,22350,NA,N,H,A,A,A,H,-,A,D,0,NA,NA,NA,NA,Y,NA,M,96,0,1,0,0,0,0,0,0,0,-,-,33.34870910644531,-118.32971954345705,LOS ANGELES,AVALON,-118.3341827392578,33.34741973876953
8940475,2019,2019-10-23,1900,2019-09-05,1030,520746,0454,4,5,6,1949,0,0,0,NA,0,43T1/D,FIRESTONE BL,PIONEER BL,254,E,N,A,-,N,NA,NA,NA,NA,NA,NA,NA,NA,NA,N,4,0,1,2,A,-,05,21202,A,N,D,C,A,A,H,-,A,D,0,NA,Y,NA,NA,Y,NA,L,04,0,0,1,0,0,0,1,0,0,-,-,NA,NA,LOS ANGELES,NORWALK,-118.08116912841795,33.91244125366211
8940479,2019,2019-10-23,1900,2019-09-03,1056,548793,0455,2,5,6,1949,0,0,0,NA,0,53H/D,BENFIELD AV,MAPLEDALE ST,299,S,N,A,-,N,NA,NA,NA,NA,NA,NA,NA,NA,NA,N,3,0,1,2,A,-,08,22107,NA,M,D,E,A,A,H,-,A,D,0,NA,NA,NA,NA,Y,NA,A,01,0,1,0,0,0,0,0,0,0,-,-,NA,NA,LOS ANGELES,NORWALK,-118.09818267822266,33.89762878417969
8940493,2019,2019-09-24,1942,2019-07-19,1800,40491,0279,5,5,7,1942,0,0,0,B,0,20V2,UNION AV,OLYMPIC BL,0,S,N,A,-,N,NA,NA,NA,NA,NA,NA,NA,NA,NA,N,4,0,1,2,A,-,10,21952,NA,N,A,B,F,A,H,-,A,D,0,Y,Y,NA,NA,Y,NA,L,04,0,0,1,0,1,0,0,0,0,-,-,NA,NA,LOS ANGELES,LOS ANGELES,-118.27422332763672,34.04920959472656
8940495,2019,2019-10-08,1900,2019-09-01,1944,520671,2920,7,5,5,1990,0,0,0,NA,0,292T1,GOLDEN SPRINGS DR,HIGH KNOB RD,353,E,N,A,-,N,NA,NA,NA,NA,NA,NA,NA,NA,NA,Y,4,0,2,2,A,-,07,21658,A,N,B,C,A,A,H,-,C,D,0,NA,NA,NA,NA,Y,NA,A,01,0,0,2,0,0,0,0,0,0,-,-,34.03657150268555,-117.79557800292967,LOS ANGELES,DIAMOND BAR,-117.7956771850586,34.03642272949219
8940499,2019,2019-10-08,1900,2019-09-09,0800,437384,2917,1,5,4,1974,0,0,0,NA,0,293,SHADOW OAK DR,SILVER BRIDLE RD,138,W,N,A,-,N,NA,NA,NA,NA,NA,NA,NA,NA,NA,N,4,0,1,2,A,-,21,22106,NA,N,B,C,A,A,H,-,A,D,0,NA,NA,NA,NA,Y,NA,A,01,0,0,1,0,0,0,0,0,0,-,-,34.02568054199219,-117.87950897216795,LOS ANGELES,WALNUT,-117.87994384765624,34.025672912597656
8940500,2019,2019-10-09,1956,2019-09-06,0733,1292,75,5,5,5,1956,0,0,0,NA,0,001,AVE C,SOUTH CATALINA AV,0,NA,Y,A,-,N,NA,NA,NA,NA,NA,NA,NA,NA,NA,N,4,0,1,2,A,-,09,21802,A,N,D,C,A,A,H,-,A,D,0,NA,NA,NA,NA,Y,NA,A,01,0,0,1,0,0,0,0,0,0,-,-,NA,NA,LOS ANGELES,REDONDO BEACH,-118.38863372802734,33.825538635253906
8940507,2019,2019-10-08,1910,2019-09-03,0944,360,NA,2,5,4,1910,0,0,0,NA,0,009,S LA PEER DR,WILSHIRE BL,125,S,N,A,-,N,NA,NA,NA,NA,NA,NA,NA,NA,NA,Y,4,0,1,1,A,-,03,22350,NA,N,E,I,A,A,H,-,A,D,0,NA,NA,NA,NA,Y,NA,A,01,0,0,1,0,0,0,0,0,0,-,-,34.06666946411133,-118.38668823242188,LOS ANGELES,BEVERLY HILLS,-118.3866729736328,34.06671905517578
8940508,2019,2019-10-09,1956,2019-09-07,1508,1324,66,6,5,5,1956,0,0,0,NA,0,004,MARINE AV,HOTEL DR,0,NA,Y,A,-,N,NA,NA,NA,NA,NA,NA,NA,NA,NA,Y,4,0,1,2,A,-,09,21801,A,N,A,C,A,A,H,-,A,A,0,NA,NA,NA,NA,Y,NA,A,01,0,0,1,0,0,0,0,0,0,-,-,NA,NA,LOS ANGELES,REDONDO BEACH,NA,NA
8940511,2019,2019-10-16,1910,2019-09-01,0858,03494,NA,7,5,4,1910,0,0,0,NA,0,004,SANTA MONICA BL,CAMDEN DR,0,NA,Y,A,-,N,NA,NA,NA,NA,NA,NA,NA,NA,NA,Y,3,0,1,2,A,-,12,21453,A,N,D,C,A,A,H,-,A,A,0,NA,NA,NA,NA,Y,NA,A,01,0,1,0,0,0,0,0,0,0,-,-,NA,NA,LOS ANGELES,BEVERLY HILLS,-118.40570831298828,34.07025909423828
8940520,2019,2019-10-09,1956,2019-09-04,1447,1292,20,3,5,5,1956,0,0,0,NA,0,002,N BROADWAY,CARNELIAN ST,0,NA,Y,A,-,N,NA,NA,NA,NA,NA,NA,NA,NA,NA,Y,4,0,1,2,A,-,09,21802,A,N,D,C,A,A,H,-,A,D,0,NA,NA,NA,NA,Y,NA,A,01,0,0,1,0,0,0,0,0,0,-,-,NA,NA,LOS ANGELES,REDONDO BEACH,-118.38973999023438,33.84560012817383
8940524,2019,2019-10-09,1956,2019-09-11,2158,1262,642,3,5,5,1956,0,0,0,NA,0,003,AVIATION BL,CARNEGIE LN,341,N,N,A,-,N,NA,NA,NA,NA,NA,NA,NA,NA,NA,N,3,0,1,2,A,-,09,21801,A,N,D,G,A,-,H,-,C,D,0,NA,Y,NA,NA,Y,NA,A,01,0,1,0,0,0,0,1,0,0,-,-,NA,NA,LOS ANGELES,REDONDO BEACH,-118.3822021484375,33.87152862548828
8940527,2019,2019-10-08,1910,2019-09-04,0554,04335,NA,3,5,4,1910,0,0,0,NA,0,004,S COLDWATER CYN,MONTE CIELO DR,545,S,N,A,-,N,NA,NA,NA,NA,NA,NA,NA,NA,NA,Y,4,0,1,2,A,-,03,22350,NA,N,C,E,A,A,H,-,C,D,0,NA,NA,NA,NA,Y,NA,A,07,0,0,1,0,0,0,0,0,0,-,-,34.09941864013672,-118.40611267089844,LOS ANGELES,BEVERLY HILLS,-118.40608215332033,34.099979400634766
8940533,2019,2019-09-24,1931,2019-08-25,2206,5325,1931,7,5,5,1931,0,0,0,NA,0,001,RANDOLPH ST,RITA AV,12,E,N,A,-,N,NA,NA,NA,NA,NA,NA,NA,NA,NA,N,4,0,1,2,A,-,09,21803,A,N,D,C,A,A,H,-,C,A,0,NA,NA,NA,NA,Y,NA,A,01,0,0,1,0,0,0,0,0,0,-,-,NA,NA,LOS ANGELES,HUNTINGTON PARK,-118.2238311767578,33.98540496826172
8940550,2019,2019-09-25,1951,2019-09-14,1222,746,702,6,5,3,1951,0,0,0,NA,0,001,PASEO DEL MAR,PALOS VERDES DR W,90,W,N,A,-,N,NA,NA,NA,NA,NA,NA,NA,NA,NA,N,3,0,1,2,A,-,12,22450,A,N,D,G,A,A,H,-,A,A,0,NA,Y,NA,NA,Y,NA,-,NA,0,1,0,0,0,0,1,0,0,-,-,NA,NA,LOS ANGELES,PALOS VERDES EST,-118.41071319580078,33.78850555419922
8940562,2019,2019-09-26,1910,2019-08-21,0925,03410,NA,3,5,4,1910,0,0,0,NA,0,009,S DOHENY DR,BURTON WY,225,S,N,A,-,N,NA,NA,NA,NA,NA,NA,NA,NA,NA,Y,4,0,1,3,A,-,03,22350,NA,N,C,C,A,A,H,-,A,A,0,NA,NA,NA,NA,Y,NA,A,01,0,0,1,0,0,0,0,0,0,-,-,NA,NA,LOS ANGELES,BEVERLY HILLS,-118.38973236083984,34.07147216796875
8940563,2019,2019-09-25,1942,2019-08-23,1843,42981,0514,5,5,7,1942,0,0,0,E,0,5A11W3,I ST,KING AV,30,E,N,A,-,N,NA,NA,NA,NA,NA,NA,NA,NA,NA,N,4,0,1,3,A,-,11,21956,A,F,B,B,E,A,H,-,A,D,0,Y,NA,NA,NA,Y,NA,N,60,0,0,1,0,1,0,0,0,0,-,-,NA,NA,LOS ANGELES,LOS ANGELES,-118.2755126953125,33.780704498291016
8940564,2019,2019-09-25,1942,2019-08-25,1935,37724,1801,7,5,7,1942,0,0,0,R,0,25T23,92ND ST,VERMONT AV,25,E,N,A,-,N,NA,NA,NA,NA,NA,NA,NA,NA,NA,N,4,0,2,2,A,-,01,23152,A,N,B,C,A,A,H,-,C,A,0,NA,NA,NA,NA,Y,Y,A,01,0,0,2,0,0,0,0,0,0,-,-,NA,NA,LOS ANGELES,LOS ANGELES,-118.29148864746094,33.952781677246094
8940566,2019,2019-09-26,1910,2019-08-12,1347,03438,NA,1,5,4,1910,0,0,0,NA,0,009,WILSHIRE BL,S CLARK DR,0,NA,Y,A,-,N,NA,NA,NA,NA,NA,NA,NA,NA,NA,Y,4,0,1,2,A,-,09,21802,A,N,D,C,A,A,H,-,A,A,0,NA,NA,NA,NA,Y,NA,A,01,0,0,1,0,0,0,0,0,0,-,-,NA,NA,LOS ANGELES,BEVERLY HILLS,-118.38469696044922,34.06707000732422
8940567,2019,2019-09-25,1942,2019-08-27,2035,43141,0555,2,5,7,1942,0,0,0,E,0,5A55,1ST,MEYLER,0,NA,Y,A,-,N,NA,NA,NA,NA,NA,NA,NA,NA,NA,Y,4,0,1,2,A,-,04,21703,NA,N,C,C,A,A,H,-,C,D,0,NA,NA,NA,NA,Y,NA,A,01,0,0,1,0,0,0,0,0,0,-,-,NA,NA,LOS ANGELES,LOS ANGELES,-118.29673767089844,33.74333190917969
8940569,2019,2019-10-09,1942,2019-09-03,0330,42866,0374,2,5,7,1942,0,0,0,C,0,3A31W3,MARTIN LUTHER KING JR BL,ARLINGTON AV,0,NA,Y,A,-,N,NA,NA,NA,NA,NA,NA,NA,NA,NA,Y,4,0,2,2,A,-,01,23152,A,N,D,C,A,A,H,-,C,A,0,NA,NA,NA,NA,Y,Y,A,01,0,0,2,0,0,0,0,0,0,-,-,NA,NA,LOS ANGELES,LOS ANGELES,-118.31825256347656,34.01081848144531
8940571,2019,2019-09-25,1942,2019-08-29,1500,31659,585,4,5,7,1942,0,0,0,NA,0,5A25,GAFFEY ST,19TH ST,120,N,N,A,-,N,NA,NA,NA,NA,NA,NA,NA,NA,NA,N,3,0,2,3,A,-,05,21460,A,N,B,C,A,A,H,-,A,D,0,NA,NA,NA,NA,Y,NA,A,01,0,1,1,0,0,0,0,0,0,-,-,NA,NA,LOS ANGELES,LOS ANGELES,-118.29239654541016,33.72731018066406
8940572,2019,2019-09-25,1942,2019-08-31,1430,41704,1835,6,5,7,1942,0,0,0,R,0,25TL24,CENTRAL AV,104TH ST,108,S,N,A,-,N,NA,NA,NA,NA,NA,NA,NA,NA,NA,N,4,0,1,2,A,-,08,22102,NA,N,D,G,A,A,H,-,A,A,0,NA,Y,NA,NA,Y,NA,L,04,0,0,1,0,0,0,1,0,0,-,-,NA,NA,LOS ANGELES,LOS ANGELES,-118.254150390625,33.94155502319336
8940574,2019,2019-10-14,1900,2019-08-30,2100,526902,2916,5,5,4,1974,0,0,0,NA,0,291K1,GRAND AV,LA PUENTE RD,379,S,N,A,-,N,NA,NA,NA,NA,NA,NA,NA,NA,NA,Y,4,0,1,2,A,-,12,21453,A,N,D,C,A,A,H,-,C,-,0,NA,NA,NA,NA,Y,NA,-,-,0,0,1,0,0,0,0,0,0,-,-,34.02878952026367,-117.83667755126952,LOS ANGELES,WALNUT,-117.8368682861328,34.02890396118164
8940575,2019,2019-09-25,1942,2019-08-28,1645,33599,0513,3,5,7,1942,0,0,0,E,0,5A55,W ANAHEIM ST,FIGUEROA PL,0,NA,Y,A,-,N,NA,NA,NA,NA,NA,NA,NA,NA,NA,Y,3,0,2,2,A,-,12,21453,A,N,A,C,A,A,H,-,A,A,0,NA,NA,NA,NA,Y,NA,A,01,0,1,1,0,0,0,0,0,0,-,-,NA,NA,LOS ANGELES,LOS ANGELES,-118.28089141845705,33.778961181640625
8940577,2019,2019-10-09,1942,2019-09-01,2315,43225,0501,7,5,7,1942,0,0,0,E,0,SXL3,182ND ST,WESTERN AV,30,W,N,A,-,N,NA,NA,NA,NA,NA,NA,NA,NA,NA,N,4,0,2,2,A,-,09,21801,A,N,A,C,A,A,H,-,C,A,0,NA,NA,NA,NA,Y,NA,A,01,0,0,2,0,0,0,0,0,0,-,-,NA,NA,LOS ANGELES,LOS ANGELES,-118.30921936035156,33.86560821533203
8940579,2019,2019-09-25,1942,2019-08-29,1020,36659,524,4,5,7,1942,0,0,0,NA,0,5A15,ANAHEIM ST,ISLAND AV,75,E,N,A,-,N,NA,NA,NA,NA,NA,NA,NA,NA,NA,Y,4,0,1,1,A,-,03,22350,A,N,E,I,A,-,H,-,A,A,0,NA,NA,NA,NA,Y,NA,A,01,0,0,1,0,0,0,0,0,0,-,-,NA,NA,LOS ANGELES,LOS ANGELES,-118.2663116455078,33.779762268066406
8940581,2019,2019-10-09,1942,2019-09-03,0910,35936,0373,2,5,7,1942,0,0,0,C,0,25T23,CRENSHAW BL,39TH ST,0,NA,Y,A,-,N,NA,NA,NA,NA,NA,NA,NA,NA,NA,N,4,0,2,2,A,-,12,21453,A,N,D,C,A,A,H,-,A,A,0,NA,NA,NA,NA,Y,NA,A,01,0,0,2,0,0,0,0,0,0,-,-,NA,NA,LOS ANGELES,LOS ANGELES,-118.3353271484375,34.01456832885742
8940583,2019,2019-09-25,1942,2019-08-24,1720,41704,0567,6,5,7,1942,0,0,0,E,0,5A59,S HARBOR BL,GULCH RD,15,S,N,A,-,N,NA,NA,NA,NA,NA,NA,NA,NA,NA,N,4,0,1,2,A,-,03,22350,NA,N,C,C,A,A,H,-,A,A,0,NA,NA,NA,NA,Y,NA,A,01,0,0,1,0,0,0,0,0,0,-,-,NA,NA,LOS ANGELES,LOS ANGELES,-118.27999877929688,33.73000717163086
8940585,2019,2019-10-09,1967,2019-09-10,0909,131,NA,2,5,2,1967,0,0,0,NA,0,NORTH,WILLOW ST,TOWN CENTER EAST,0,NA,Y,A,-,N,NA,NA,NA,NA,NA,NA,NA,NA,NA,Y,4,0,4,2,A,-,12,21453,A,N,D,C,A,A,H,-,A,A,0,NA,NA,NA,NA,Y,NA,A,07,0,0,4,0,0,0,0,0,0,-,-,NA,NA,LOS ANGELES,SIGNAL HILL,NA,NA
8940587,2019,2019-09-25,1900,2019-08-30,1940,638575,2319,5,5,5,1919,0,0,0,NA,0,230K2,SHOEMAKER AV,MOORE ST,0,NA,Y,A,-,N,NA,NA,NA,NA,NA,NA,NA,NA,NA,Y,4,0,1,2,A,-,09,21802,A,N,D,C,A,A,H,-,E,D,0,NA,NA,NA,NA,Y,NA,A,01,0,0,1,0,0,0,0,0,0,-,-,NA,NA,LOS ANGELES,CERRITOS,-118.05525207519533,33.882320404052734
8940589,2019,2019-10-10,1902,2019-09-05,1600,766,23,4,5,5,1902,0,0,0,NA,0,002,DUARTE RD,3RD AV,0,NA,Y,A,-,N,NA,NA,NA,NA,NA,NA,NA,NA,NA,N,4,0,1,2,A,-,09,21802,A,N,D,C,A,A,H,-,A,A,0,NA,NA,NA,NA,Y,NA,A,01,0,0,1,0,0,0,0,0,0,-,-,NA,NA,LOS ANGELES,ARCADIA,-118.02346801757813,34.13064193725586
8940591,2019,2019-09-25,1900,2019-08-30,1256,546264,2316,5,5,5,1919,0,0,0,NA,0,23OK1,CARMENITA RD,183RD ST,0,NA,Y,A,-,N,NA,NA,NA,NA,NA,NA,NA,NA,NA,Y,3,0,2,2,A,-,12,21453,A,N,D,C,A,A,H,-,A,A,0,NA,NA,NA,NA,Y,NA,A,01,0,1,1,0,0,0,0,0,0,-,-,NA,NA,LOS ANGELES,CERRITOS,-118.0464096069336,33.86600875854492
8940594,2019,2019-09-26,1910,2019-08-03,0805,04940,NA,6,5,4,1910,0,0,0,NA,0,009,N MAPLE DR,ALDEN DR,0,NA,Y,A,-,N,NA,NA,NA,NA,NA,NA,NA,NA,NA,N,3,0,1,2,A,-,10,21950,A,N,G,B,B,A,H,-,A,A,0,Y,NA,NA,NA,Y,NA,A,01,0,1,0,0,1,0,0,0,0,-,-,NA,NA,LOS ANGELES,BEVERLY HILLS,-118.39353942871094,34.07529067993164
8940595,2019,2019-09-25,1942,2019-08-23,1500,43475,NA,5,5,7,1942,0,0,0,NA,0,3A57,S LA BREA AV,W JEFFERSON BL,230,N,N,A,-,N,NA,NA,NA,NA,NA,NA,NA,NA,NA,Y,4,0,1,2,A,-,08,21460,5,F,B,C,A,A,H,-,A,A,0,NA,NA,NA,NA,Y,NA,-,99,0,0,1,0,0,0,0,0,0,-,-,NA,NA,LOS ANGELES,LOS ANGELES,-118.3545150756836,34.02607345581055
8940596,2019,2019-09-25,1942,2019-08-21,1925,43270,0541,3,5,7,1942,0,0,0,E,0,25T23,CAPITOL DR,AMELIA AV,45,E,N,A,-,N,NA,NA,NA,NA,NA,NA,NA,NA,NA,Y,3,0,1,1,A,-,01,23152,A,M,E,I,A,A,H,-,C,A,0,NA,NA,NA,NA,Y,Y,A,01,0,1,0,0,0,0,0,0,0,-,-,NA,NA,LOS ANGELES,LOS ANGELES,-118.3007354736328,33.757606506347656
8940597,2019,2019-10-09,1967,2019-09-11,1655,131,NA,3,5,2,1967,0,0,0,NA,0,SOUTH,JUNIPERO AV,WILLOW,360,S,N,A,-,N,NA,NA,NA,NA,NA,NA,NA,NA,NA,Y,4,0,1,2,A,-,04,21703,NA,N,C,C,A,A,H,-,A,D,0,NA,NA,NA,NA,Y,NA,A,01,0,0,1,0,0,0,0,0,0,-,-,NA,NA,LOS ANGELES,SIGNAL HILL,-118.16325378417967,33.8037109375
8940599,2019,2019-09-25,1942,2019-08-14,1100,41262,0358,3,5,7,1942,0,0,0,C,0,3A41,JEFFERSON BL,VERMONT AV,0,NA,Y,A,-,N,NA,NA,NA,NA,NA,NA,NA,NA,NA,N,4,0,1,2,A,-,10,21950,NA,N,G,B,B,A,H,-,A,A,0,Y,NA,NA,NA,Y,NA,A,07,0,0,1,0,1,0,0,0,0,-,-,NA,NA,LOS ANGELES,LOS ANGELES,-118.29151916503906,34.025508880615234
8940601,2019,2019-10-10,1902,2019-09-05,2215,732,12,4,5,5,1902,0,0,0,NA,0,003,SANTA ANITA AV,HUNTINGTON DR,325,N,N,A,-,N,NA,NA,NA,NA,NA,NA,NA,NA,NA,Y,3,0,1,1,A,-,01,23152,A,N,E,I,A,A,H,-,C,D,0,NA,NA,NA,NA,Y,Y,A,01,0,1,0,0,0,0,0,0,0,-,-,NA,NA,LOS ANGELES,ARCADIA,-118.03155517578124,34.14093017578125