CASE_ID,ACCIDENT_YEAR,PROC_DATE,JURIS,COLLISION_DATE,COLLISION_TIME,OFFICER_ID,REPORTING_DISTRICT,DAY_OF_WEEK,CHP_SHIFT,POPULATION,CNTY_CITY_LOC,SPECIAL_COND,BEAT_TYPE,CHP_BEAT_TYPE,CITY_DIVISION_LAPD,CHP_BEAT_CLASS,BEAT_NUMBER,PRIMARY_RD,SECONDARY_RD,DISTANCE,DIRECTION,INTERSECTION,WEATHER_1,WEATHER_2,STATE_HWY_IND,CALTRANS_COUNTY,CALTRANS_DISTRICT,STATE_ROUTE,ROUTE_SUFFIX,POSTMILE_PREFIX,POSTMILE,LOCATION_TYPE,RAMP_INTERSECTION,SIDE_OF_HWY,TOW_AWAY,COLLISION_SEVERITY,NUMBER_KILLED,NUMBER_INJURED,PARTY_COUNT,PRIMARY_COLL_FACTOR,PCF_CODE_OF_VIOL,PCF_VIOL_CATEGORY,PCF_VIOLATION,PCF_VIOL_SUBSECTION,HIT_AND_RUN,TYPE_OF_COLLISION,MVIW,PED_ACTION,ROAD_SURFACE,ROAD_COND_1,ROAD_COND_2,LIGHTING,CONTROL_DEVICE,CHP_ROAD_TYPE,PEDESTRIAN_ACCIDENT,BICYCLE_ACCIDENT,MOTORCYCLE_ACCIDENT,TRUCK_ACCIDENT,NOT_PRIVATE_PROPERTY,ALCOHOL_INVOLVED,STWD_VEHTYPE_AT_FAULT,CHP_VEHTYPE_AT_FAULT,COUNT_SEVERE_INJ,COUNT_VISIBLE_INJ,COUNT_COMPLAINT_PAIN,COUNT_PED_KILLED,COUNT_PED_INJURED,COUNT_BICYCLIST_KILLED,COUNT_BICYCLIST_INJURED,COUNT_MC_KILLED,COUNT_MC_INJURED,PRIMARY_RAMP,SECONDARY_RAMP,LATITUDE,LONGITUDE,COUNTY,CITY,POINT_X,POINT_Y
8943929,2019,2019-10-01,1942,2019-09-13,0725,36678,0908,5,5,7,1942,0,0,0,I,0,9A5,VALERIO ST,TYRONE AV,0,NA,Y,A,-,N,NA,NA,NA,NA,NA,NA,NA,NA,NA,Y,3,0,2,2,A,-,09,21801,A,N,D,C,A,A,H,-,A,A,0,NA,NA,NA,NA,Y,NA,A,01,0,1,1,0,0,0,0,0,0,-,-,NA,NA,LOS ANGELES,LOS ANGELES,-118.4443588256836,34.20481872558594
8943933,2019,2019-10-01,1942,2019-09-15,1700,36678,2136,7,5,7,1942,0,0,0,NA,0,21A5,OWENSMOUTH AV,COHASSET ST,0,NA,Y,A,-,N,NA,NA,NA,NA,NA,NA,NA,NA,NA,Y,4,0,1,2,A,-,09,21802,A,F,D,C,A,A,H,-,A,D,0,NA,NA,NA,NA,Y,NA,-,99,0,0,1,0,0,0,0,0,0,-,-,NA,NA,LOS ANGELES,LOS ANGELES,-118.60157775878906,34.20647048950195
8943937,2019,2019-10-01,1942,2019-09-12,1930,42691,1539,4,5,7,1942,0,0,0,O,0,15A38,OXNARD ST,VINELAND,0,NA,Y,A,-,N,NA,NA,NA,NA,NA,NA,NA,NA,NA,Y,3,0,1,2,A,-,09,21801,A,F,H,A,A,A,H,-,C,A,0,NA,NA,Y,NA,Y,NA,-,99,0,1,0,0,0,0,0,0,1,-,-,NA,NA,LOS ANGELES,LOS ANGELES,-118.37030029296876,34.1794319152832
8943941,2019,2019-10-02,1942,2019-09-16,1600,42921,941,1,5,7,1942,0,0,0,NA,0,X14,KESTER AV,OXNARD ST,13,N,N,A,-,N,NA,NA,NA,NA,NA,NA,NA,NA,NA,N,4,0,1,2,A,-,08,22107,NA,F,-,B,B,A,H,-,A,A,0,Y,NA,NA,NA,Y,NA,-,99,0,0,1,0,1,0,0,0,0,-,-,NA,NA,LOS ANGELES,LOS ANGELES,-118.45744323730467,34.17942428588867
8943945,2019,2019-10-02,1942,2019-09-13,2110,35161,1797,5,5,7,1942,0,0,0,Q,0,17A95,HAYVENHURST AV,CHASE ST,200,S,N,A,-,N,NA,NA,NA,NA,NA,NA,NA,NA,NA,N,3,0,1,1,A,-,03,22350,NA,F,E,I,A,A,H,-,C,D,0,NA,NA,NA,NA,Y,NA,A,01,0,1,0,0,0,0,0,0,0,-,-,NA,NA,LOS ANGELES,LOS ANGELES,-118.49386596679688,34.224273681640625
8943949,2019,2019-10-02,1942,2019-09-17,0920,42051,1902,2,5,7,1942,0,0,0,NA,0,19A7,FOOTHILL BL,BROMONT AV,200,E,N,A,-,N,NA,NA,NA,NA,NA,NA,NA,NA,NA,N,2,0,1,3,A,-,08,22107,NA,F,H,G,A,A,H,-,A,A,0,NA,Y,NA,NA,Y,NA,-,99,1,0,0,0,0,0,1,0,0,-,-,NA,NA,LOS ANGELES,LOS ANGELES,-118.45286560058594,34.323211669921875
8943953,2019,2019-10-01,1942,2019-09-14,0330,43591,2155,6,5,7,1942,0,0,0,NA,0,NA,CALVERT ST,TOPANGA CANYON BL,150,W,N,A,-,N,NA,NA,NA,NA,NA,NA,NA,NA,NA,Y,4,0,1,3,A,-,-,NA,NA,F,B,C,A,A,H,-,C,D,0,NA,NA,NA,NA,Y,NA,A,01,0,0,1,0,0,0,0,0,0,-,-,NA,NA,LOS ANGELES,LOS ANGELES,-118.60637664794922,34.18112564086914
8943996,2019,2020-02-20,1942,2019-09-12,1823,43426,1514,4,5,7,1942,0,0,0,O,0,NA,VANOWEN AV,BEN AV,5,S,N,A,-,N,NA,NA,NA,NA,NA,NA,NA,NA,NA,Y,4,0,1,2,A,-,09,21801,NA,F,D,C,A,A,H,-,B,A,0,NA,NA,NA,NA,Y,Y,-,NA,0,0,1,0,0,0,0,0,0,-,-,NA,NA,LOS ANGELES,LOS ANGELES,-118.39431762695313,34.19395065307617
8944129,2019,2019-09-23,1969,2019-08-23,0730,10050,NA,5,5,5,1969,0,0,0,NA,0,NA,FIRESTONE BL,GARFIELD AV,0,NA,Y,A,-,N,NA,NA,NA,NA,NA,NA,NA,NA,NA,N,4,0,2,3,A,-,10,21950,A,N,-,B,B,A,H,-,A,A,0,Y,NA,NA,NA,Y,NA,A,07,0,0,2,0,2,0,0,0,0,-,-,NA,NA,LOS ANGELES,SOUTH GATE,-118.16525268554688,33.94908905029297
8944137,2019,2019-09-23,1969,2019-08-30,1337,10156,TRAFF,5,5,5,1969,0,0,0,NA,0,NA,TWEEDY BL,MCNERNEY AV,35,W,N,A,-,N,NA,NA,NA,NA,NA,NA,NA,NA,NA,N,4,0,2,2,A,-,03,22350,NA,N,C,C,A,A,H,-,A,A,0,NA,NA,NA,NA,Y,NA,A,08,0,0,2,0,0,0,0,0,0,-,-,NA,NA,LOS ANGELES,SOUTH GATE,-118.1967315673828,33.943241119384766
8944178,2019,2019-10-15,1941,2019-09-01,1747,10025,NA,7,5,7,1941,0,0,0,NA,0,NA,1ST ST,ATLANTIC AV,160,W,N,A,-,N,NA,NA,NA,NA,NA,NA,NA,NA,NA,N,4,0,1,2,A,-,06,21754,A,N,G,B,D,A,H,-,A,A,0,Y,NA,NA,NA,Y,NA,N,NA,0,0,1,0,1,0,0,0,0,-,-,NA,NA,LOS ANGELES,LONG BEACH,-118.18558502197266,33.76811981201172
8944202,2019,2019-11-18,1941,2019-09-03,1136,5767,NA,2,5,7,1941,0,0,0,NA,0,NA,LAKEWOOD BL,CONANT ST,0,NA,Y,A,-,N,NA,NA,NA,NA,NA,NA,NA,NA,NA,Y,3,0,2,2,A,-,12,21453,A,N,D,C,A,A,H,-,A,A,0,NA,NA,NA,NA,Y,NA,A,NA,0,1,1,0,0,0,0,0,0,-,-,NA,NA,LOS ANGELES,LONG BEACH,-118.14263916015624,33.82508087158203
8944242,2019,2019-10-09,1942,2019-08-18,2140,43551,NA,7,5,7,1942,0,0,0,NA,0,18A3,FIGUEROA,REDONDO BEACH,0,NA,Y,A,-,N,NA,NA,NA,NA,NA,NA,NA,NA,NA,Y,4,0,1,3,A,-,12,21453,A,N,A,C,A,A,H,-,C,A,0,NA,NA,NA,NA,Y,NA,-,-,0,0,1,0,0,0,0,0,0,-,-,NA,NA,LOS ANGELES,LOS ANGELES,-118.28305053710938,33.89271926879883
8944245,2019,2019-09-24,1925,2019-08-30,2159,20871,NA,5,5,6,1925,0,0,0,NA,0,001,JUSTIN AV,SAN FERNANDO RD,175,N,N,A,-,N,NA,NA,NA,NA,NA,NA,NA,NA,NA,Y,4,0,1,2,A,-,09,21804,A,N,D,C,A,A,H,-,C,D,0,NA,NA,NA,NA,Y,NA,A,01,0,0,1,0,0,0,0,0,0,-,-,NA,NA,LOS ANGELES,GLENDALE,-118.28987884521484,34.16775894165039
8944246,2019,2019-10-01,1942,2019-08-08,1724,42918,1837,4,5,7,1942,0,0,0,R,0,18A7,WILMINGTON AV,107TH ST,10,N,N,A,-,N,NA,NA,NA,NA,NA,NA,NA,NA,NA,Y,4,0,1,2,A,-,08,22107,NA,N,D,C,A,A,-,-,A,A,0,NA,NA,NA,NA,Y,NA,A,01,0,0,1,0,0,0,0,0,0,-,-,NA,NA,LOS ANGELES,LOS ANGELES,-118.2390365600586,33.9389762878418
8944249,2019,2019-09-24,1925,2019-08-25,1920,26039,242,7,5,6,1925,0,0,0,NA,0,003,VERDUGO RD,HARVARD ST,0,NA,Y,A,-,N,NA,NA,NA,NA,NA,NA,NA,NA,NA,N,4,0,1,2,A,-,03,22350,NA,F,C,C,A,A,H,-,B,A,0,NA,NA,NA,NA,Y,Y,A,01,0,0,1,0,0,0,0,0,0,-,-,NA,NA,LOS ANGELES,GLENDALE,-118.23451995849608,34.1444091796875
8944250,2019,2019-10-01,1942,2019-08-06,0900,43660,1838,2,5,7,1942,0,0,0,R,0,NA,105TH ST,WILMINGTON AV,0,NA,Y,A,-,N,NA,NA,NA,NA,NA,NA,NA,NA,NA,N,4,0,2,2,A,-,12,22450,A,N,D,C,A,A,H,-,A,D,0,NA,NA,NA,NA,Y,Y,A,07,0,0,2,0,0,0,0,0,0,-,-,NA,NA,LOS ANGELES,LOS ANGELES,-118.23902893066406,33.94062042236328
8944252,2019,2019-10-09,1925,2019-09-02,1448,26039,230,1,5,6,1925,0,0,0,NA,0,004,BRAND BL,LEXINGTON DR,138,S,N,A,-,N,NA,NA,NA,NA,NA,NA,NA,NA,NA,N,4,0,2,3,A,-,04,21703,NA,N,C,C,A,A,H,-,A,D,0,NA,NA,NA,NA,Y,NA,A,01,0,0,2,0,0,0,0,0,0,-,-,NA,NA,LOS ANGELES,GLENDALE,-118.25511169433594,34.15134048461914
8944253,2019,2019-09-24,1925,2019-08-29,1253,21995,193,4,5,6,1925,0,0,0,NA,0,001,SONORA AV,5TH ST,133,N,N,A,-,N,NA,NA,NA,NA,NA,NA,NA,NA,NA,N,4,0,1,2,A,-,09,21804,A,N,G,B,E,A,H,-,A,D,0,Y,NA,NA,NA,Y,NA,A,01,0,0,1,0,1,0,0,0,0,-,-,NA,NA,LOS ANGELES,GLENDALE,-118.28433990478516,34.16972351074219
8944254,2019,2019-10-01,1942,2019-08-07,1645,40936,1801,3,5,7,1942,0,0,0,R,0,18X48,MANCHESTER AV,MENLO AV,0,NA,Y,A,-,N,NA,NA,NA,NA,NA,NA,NA,NA,NA,Y,3,0,2,2,A,-,09,21801,A,N,D,C,A,A,H,-,A,D,0,NA,NA,NA,NA,Y,Y,A,01,0,1,1,0,0,0,0,0,0,-,-,NA,NA,LOS ANGELES,LOS ANGELES,-118.29042816162108,33.96002960205078
8944256,2019,2019-10-09,1925,2019-09-04,1917,27U23,3,3,5,6,1925,0,0,0,NA,0,279,E CHEVY CHASE DR,S GLENDALE AV,160,E,N,A,-,N,NA,NA,NA,NA,NA,NA,NA,NA,NA,Y,3,0,1,2,A,-,08,22107,NA,N,D,C,A,A,H,-,C,A,0,NA,NA,NA,NA,Y,NA,A,01,0,1,0,0,0,0,0,0,0,-,-,NA,NA,LOS ANGELES,GLENDALE,-118.25146484375,34.13352966308594
8944257,2019,2019-09-24,1925,2019-08-29,1237,24810,219,4,5,6,1925,0,0,0,NA,0,001,SANCHEZ DR,CENTRAL AV,0,NA,Y,A,-,N,NA,NA,NA,NA,NA,NA,NA,NA,NA,N,4,0,1,2,A,-,07,21658,A,N,B,C,A,A,H,-,A,A,0,NA,NA,NA,NA,Y,NA,A,07,0,0,1,0,0,0,0,0,0,-,-,NA,NA,LOS ANGELES,GLENDALE,-118.25794982910156,34.156028747558594
8944258,2019,2019-10-01,1942,2019-08-05,2030,43551,1802,1,5,7,1942,0,0,0,R,0,18A1,MANCHESTER,MAIN ST,0,NA,Y,A,-,N,NA,NA,NA,NA,NA,NA,NA,NA,NA,Y,4,0,5,2,A,-,09,21801,A,N,D,C,A,A,H,-,C,A,0,NA,NA,NA,NA,Y,NA,A,07,0,0,5,0,0,0,0,0,0,-,-,NA,NA,LOS ANGELES,LOS ANGELES,-118.2738800048828,33.96009063720703
8944260,2019,2020-02-27,1925,2019-09-06,1019,14089,191,5,5,6,1925,0,0,0,NA,0,001,WESTERN AV,GLENOAKS BL,267,S,N,A,-,N,NA,NA,NA,NA,NA,NA,NA,NA,NA,Y,3,0,2,3,A,-,09,21804,A,N,H,C,A,A,H,-,A,D,0,NA,NA,NA,NA,Y,NA,A,01,0,1,1,0,0,0,0,0,0,-,-,NA,NA,LOS ANGELES,GLENDALE,-118.29031372070313,34.17050552368164
8944261,2019,2019-09-24,1942,2019-08-28,0830,43754,1891,3,5,7,1942,0,0,0,R,0,18A3,GARDENA,ORCHARD,0,NA,Y,A,-,N,NA,NA,NA,NA,NA,NA,NA,NA,NA,Y,4,0,2,2,A,-,09,21802,A,N,D,C,A,A,H,-,A,A,0,NA,NA,NA,NA,Y,NA,A,01,0,0,2,0,0,0,0,0,0,-,-,NA,NA,LOS ANGELES,LOS ANGELES,-118.28807067871094,33.881690979003906
8944262,2019,2019-10-01,1942,2019-08-05,2214,43631,1849,1,5,7,1942,0,0,0,R,0,18X95,IMPERIAL HWY,CROESUS,0,NA,Y,A,-,N,NA,NA,NA,NA,NA,NA,NA,NA,NA,Y,3,0,1,2,A,-,09,21801,A,N,B,C,A,A,H,-,C,D,0,NA,NA,NA,NA,Y,NA,A,01,0,1,0,0,0,0,0,0,0,-,-,NA,NA,LOS ANGELES,LOS ANGELES,-118.23355102539064,33.92911911010742
8944265,2019,2019-10-09,1942,2019-08-27,1555,42770,1862,2,5,7,1942,0,0,0,R,0,18A63,120TH ST,AVALON BL,0,NA,Y,A,-,N,NA,NA,NA,NA,NA,NA,NA,NA,NA,N,4,0,2,3,A,-,09,21801,NA,N,A,C,A,A,H,-,A,A,0,NA,NA,NA,NA,Y,NA,A,01,0,0,2,0,0,0,0,0,0,-,-,NA,NA,LOS ANGELES,LOS ANGELES,-118.26524353027344,33.923709869384766
8944268,2019,2019-10-09,1925,2019-09-02,1143,26039,226,1,5,6,1925,0,0,0,NA,0,002,ORANGE ST,WILSON AV,0,NA,Y,A,-,N,NA,NA,NA,NA,NA,NA,NA,NA,NA,N,3,0,1,2,A,-,10,21950,A,N,G,B,B,A,H,-,A,A,0,Y,NA,NA,NA,Y,NA,A,07,0,1,0,0,1,0,0,0,0,-,-,NA,NA,LOS ANGELES,GLENDALE,-118.25641632080078,34.1480598449707
8944269,2019,2019-09-24,1942,2019-08-26,1540,43266,1841,1,5,7,1942,0,0,0,R,0,18A1,VERMONT,107TH ST,0,NA,Y,A,-,N,NA,NA,NA,NA,NA,NA,NA,NA,NA,N,4,0,1,2,A,-,08,22107,NA,N,G,G,A,A,H,-,A,D,0,NA,Y,NA,NA,Y,NA,A,01,0,0,1,0,0,0,1,0,0,-,-,NA,NA,LOS ANGELES,LOS ANGELES,-118.29158782958984,33.939048767089844
8944272,2019,2019-10-09,1925,2019-09-11,1043,13002,261,3,5,6,1925,0,0,0,NA,0,002,COLUMBUS AV,HAWTHORNE ST,0,NA,Y,A,-,N,NA,NA,NA,NA,NA,NA,NA,NA,NA,N,3,0,1,2,A,-,10,21950,A,N,G,B,C,A,H,-,A,A,0,Y,NA,NA,NA,Y,NA,A,01,0,1,0,0,1,0,0,0,0,-,-,NA,NA,LOS ANGELES,GLENDALE,-118.26087188720705,34.1450309753418
8944273,2019,2019-09-24,1942,2019-08-24,1420,40936,1834,6,5,7,1942,0,0,0,R,0,18A4,108TH ST,CLOVIS AV,0,NA,Y,A,-,N,NA,NA,NA,NA,NA,NA,NA,NA,NA,N,4,0,1,2,A,-,05,21650,1,N,D,G,A,A,H,-,A,D,0,NA,Y,NA,NA,Y,Y,L,04,0,0,1,0,0,0,1,0,0,-,-,NA,NA,LOS ANGELES,LOS ANGELES,-118.25657653808594,33.938270568847656
8944276,2019,2019-10-09,1925,2019-09-06,1540,23811,237,5,5,6,1925,0,0,0,NA,0,004,ISABEL ST,CALIFORNIA AV,0,NA,Y,A,-,N,NA,NA,NA,NA,NA,NA,NA,NA,NA,Y,3,0,1,2,A,-,09,21800,D,N,D,C,A,A,H,-,A,B,0,NA,NA,NA,NA,Y,NA,A,01,0,1,0,0,0,0,0,0,0,-,-,NA,NA,LOS ANGELES,GLENDALE,-118.24889373779295,34.14997100830078
8944277,2019,2019-09-24,1942,2019-08-24,0005,43801,1871,6,5,7,1942,0,0,0,R,0,18A1,W 135TH ST,VERMONT AV,0,NA,Y,A,-,N,NA,NA,NA,NA,NA,NA,NA,NA,NA,Y,4,0,1,2,A,-,09,21801,A,N,D,C,A,A,H,-,C,A,0,NA,NA,NA,NA,Y,NA,A,01,0,0,1,0,0,0,0,0,0,-,-,NA,NA,LOS ANGELES,LOS ANGELES,-118.29161071777344,33.909149169921875
8944280,2019,2019-10-09,1925,2019-09-12,1028,14089,239,4,5,6,1925,0,0,0,NA,0,004,LEXINGTON DR,NARANJA DR,320,E,N,A,-,N,NA,NA,NA,NA,NA,NA,NA,NA,NA,N,3,0,1,2,A,-,08,22107,NA,N,B,E,A,A,H,-,A,D,0,NA,NA,NA,NA,Y,NA,A,01,0,1,0,0,0,0,0,0,0,-,-,NA,NA,LOS ANGELES,GLENDALE,-118.23861694335938,34.15171813964844
8944281,2019,2019-09-24,1942,2019-08-24,1956,41159,1849,6,5,7,1942,0,0,0,R,0,18A49,WILMINGTON,111TH ST,25,N,N,A,-,N,NA,NA,NA,NA,NA,NA,NA,NA,NA,Y,3,0,1,2,A,-,03,22350,NA,N,-,C,A,A,H,-,B,A,0,NA,NA,NA,NA,Y,NA,A,01,0,1,0,0,0,0,0,0,0,-,-,NA,NA,LOS ANGELES,LOS ANGELES,-118.2390365600586,33.934356689453125
8944284,2019,2019-10-09,1925,2019-09-06,1432,23811,216,5,5,6,1925,0,0,0,NA,0,002,PACIFIC AV,DORAN ST,300,N,N,A,-,N,NA,NA,NA,NA,NA,NA,NA,NA,NA,N,4,0,1,2,A,-,03,22350,NA,N,-,C,A,A,H,-,A,A,0,NA,NA,NA,NA,Y,NA,A,08,0,0,1,0,0,0,0,0,0,-,-,NA,NA,LOS ANGELES,GLENDALE,-118.26461029052734,34.15483093261719
8944285,2019,2019-09-24,1942,2019-08-18,2100,41068,1821,7,5,7,1942,0,0,0,R,0,18A17,CENTURY BL,HOOVER ST,24,W,N,A,-,N,NA,NA,NA,NA,NA,NA,NA,NA,NA,Y,4,0,3,3,A,-,03,22350,NA,F,C,C,A,A,H,-,C,A,0,NA,NA,NA,NA,Y,NA,-,99,0,0,3,0,0,0,0,0,0,-,-,NA,NA,LOS ANGELES,LOS ANGELES,-118.28704833984376,33.94551086425781
8944288,2019,2019-10-09,1925,2019-09-04,1748,23811,169,3,5,6,1925,0,0,0,NA,0,001,DRYDEN ST,PACIFIC AV,150,E,N,A,-,N,NA,NA,NA,NA,NA,NA,NA,NA,NA,Y,4,0,1,3,A,-,03,22350,NA,N,-,-,A,A,H,-,A,D,0,NA,NA,NA,NA,Y,NA,A,01,0,0,1,0,0,0,0,0,0,-,-,NA,NA,LOS ANGELES,GLENDALE,-118.263916015625,34.160823822021484
8944289,2019,2019-09-24,1942,2019-08-31,1320,37611,1802,6,5,7,1942,0,0,0,R,0,18A3,MAIN,87TH PL,0,NA,Y,A,-,N,NA,NA,NA,NA,NA,NA,NA,NA,NA,N,4,0,1,2,A,-,12,21453,A,F,D,C,A,A,H,-,A,D,0,NA,NA,NA,NA,Y,NA,-,99,0,0,1,0,0,0,0,0,0,-,-,NA,NA,LOS ANGELES,LOS ANGELES,-118.2738800048828,33.95804977416992
8944292,2019,2019-10-09,1942,2019-09-01,2000,43529,1842,7,5,7,1942,0,0,0,R,0,18A41,111TH PL,BROADWAY,0,NA,Y,A,-,N,NA,NA,NA,NA,NA,NA,NA,NA,NA,N,4,0,1,3,A,-,03,22350,NA,F,C,C,A,A,H,-,C,A,0,NA,NA,NA,NA,Y,NA,-,99,0,0,1,0,0,0,0,0,0,-,-,NA,NA,LOS ANGELES,LOS ANGELES,-118.27838897705078,33.93391036987305
8944293,2019,2019-09-24,1942,2019-08-31,1200,37852,1831,6,5,7,1942,0,0,0,R,0,18X36,HOOVER ST,116TH PL,0,NA,Y,A,-,N,NA,NA,NA,NA,NA,NA,NA,NA,NA,Y,3,0,1,2,A,-,03,22350,NA,N,D,D,A,A,H,-,A,-,0,NA,NA,NA,NA,Y,NA,A,01,0,1,0,0,0,0,0,0,0,-,-,NA,NA,LOS ANGELES,LOS ANGELES,-118.28701,33.92809
8944297,2019,2019-09-24,1942,2019-08-30,1246,43945,1802,5,5,7,1942,0,0,0,R,0,18A63,88TH PL,GRAND AV,0,NA,Y,A,-,N,NA,NA,NA,NA,NA,NA,NA,NA,NA,N,3,0,1,2,A,-,05,21650,1,N,D,G,A,A,H,-,A,D,0,NA,Y,NA,NA,Y,NA,A,01,0,1,0,0,0,0,1,0,0,-,-,NA,NA,LOS ANGELES,LOS ANGELES,-118.2802276611328,33.95674133300781
8944299,2019,2019-10-07,1942,2019-07-31,2200,42929,1842,3,5,7,1942,0,0,0,R,0,18A3,IMPERIAL HWY,BROADWAY,0,NA,Y,A,-,N,NA,NA,NA,NA,NA,NA,NA,NA,NA,Y,4,0,3,2,A,-,12,21453,A,N,D,D,A,A,H,-,C,A,0,NA,NA,NA,NA,Y,NA,A,01,0,0,3,0,0,0,0,0,0,-,-,NA,NA,LOS ANGELES,LOS ANGELES,-118.27845764160156,33.93101119995117
8944301,2019,2019-09-24,1942,2019-08-27,1300,43698,1801,2,5,7,1942,0,0,0,R,0,18A1,BROADWAY,90TH ST,0,NA,Y,A,-,N,NA,NA,NA,NA,NA,NA,NA,NA,NA,Y,4,0,3,2,A,-,09,21802,A,N,-,C,A,A,H,-,A,D,0,NA,NA,NA,NA,Y,NA,A,01,0,0,3,0,0,0,0,0,0,-,-,NA,NA,LOS ANGELES,LOS ANGELES,-118.27821350097656,33.955081939697266
8944303,2019,2019-09-24,1942,2019-07-31,1750,32142,1823,3,5,7,1942,0,0,0,R,0,18A34,AVALON BL,CENTURY BL,13,S,N,A,-,N,NA,NA,NA,NA,NA,NA,NA,NA,NA,Y,4,0,1,2,A,-,09,21801,A,F,B,C,A,A,H,-,A,A,0,NA,NA,NA,NA,Y,NA,-,99,0,0,1,0,0,0,0,0,0,-,-,NA,NA,LOS ANGELES,LOS ANGELES,-118.2651824951172,33.94557571411133
8944309,2019,2019-10-08,1942,2019-08-21,1350,37634,1826,3,5,7,1942,0,0,0,R,0,1A1,CENTURY BL,SUCCESS AV,100,E,N,A,-,N,NA,NA,NA,NA,NA,NA,NA,NA,NA,Y,4,0,1,2,A,-,03,22350,NA,N,B,C,A,A,H,-,A,A,0,NA,NA,NA,NA,Y,NA,A,01,0,0,1,0,0,0,0,0,0,-,-,NA,NA,LOS ANGELES,LOS ANGELES,-118.2488250732422,33.94557189941406
8944313,2019,2019-11-14,1942,2019-08-19,1800,43529,1821,1,5,7,1942,0,0,0,R,0,18A35,CENTURY BL,BARING CROSS,0,NA,Y,A,-,N,NA,NA,NA,NA,NA,NA,NA,NA,NA,Y,4,0,3,2,A,-,12,22450,A,N,D,C,A,A,-,-,A,-,0,NA,NA,NA,NA,Y,NA,-,-,0,0,3,0,0,0,0,0,0,-,-,NA,NA,LOS ANGELES,LOS ANGELES,-118.28936767578124,33.945499420166016
8944317,2019,2019-09-24,1942,2019-08-19,1040,43660,NA,1,5,7,1942,0,0,0,NA,0,18A3,AVALON,107TH,0,NA,Y,A,-,N,NA,NA,NA,NA,NA,NA,NA,NA,NA,N,4,0,2,2,A,-,08,22107,NA,N,B,C,A,A,H,-,A,D,0,NA,NA,NA,NA,Y,Y,A,01,0,0,2,0,0,0,0,0,0,-,-,NA,NA,LOS ANGELES,LOS ANGELES,-118.26519012451172,33.93928909301758
8944321,2019,2019-10-04,1942,2019-08-23,1430,41601,1802,5,5,7,1942,0,0,0,R,0,18A1,BROADWAY,87TH PL,0,NA,Y,A,-,N,NA,NA,NA,NA,NA,NA,NA,NA,NA,Y,4,0,1,2,A,-,08,22100,B,N,D,C,A,A,H,-,A,D,0,NA,NA,NA,NA,Y,NA,D,22,0,0,1,0,0,0,0,0,0,-,-,NA,NA,LOS ANGELES,LOS ANGELES,-118.27822875976564,33.95792007446289
8944324,2019,2019-10-01,1924,2019-07-10,0043,80333,19,3,5,5,1924,0,0,0,NA,0,002,VERMONT AV,135TH ST,300,S,N,A,-,N,NA,NA,NA,NA,NA,NA,NA,NA,NA,Y,3,0,1,1,A,-,01,23152,A,N,E,I,A,A,H,-,C,D,0,NA,NA,NA,NA,Y,Y,D,22,0,1,0,0,0,0,0,0,0,-,-,33.90916061401367,-118.29176330566406,LOS ANGELES,GARDENA,-118.29192352294922,33.908329010009766
8944325,2019,2019-10-04,1942,2019-08-25,1650,41801,1891,7,5,7,1942,0,0,0,R,0,18A34,FIGUEROA ST,168TH ST,0,NA,Y,A,-,N,NA,NA,NA,NA,NA,NA,NA,NA,NA,Y,3,0,1,2,A,-,09,21802,A,N,B,C,A,A,H,-,A,D,0,NA,NA,NA,NA,Y,Y,A,01,0,1,0,0,0,0,0,0,0,-,-,NA,NA,LOS ANGELES,LOS ANGELES,-118.28247833251952,33.879390716552734
8944335,2019,2019-10-08,1900,2019-09-09,0810,523088,0333,1,5,4,1939,0,0,0,NA,0,35T1,INGLEWOOD AV,166TH ST,0,NA,Y,A,-,N,NA,NA,NA,NA,NA,NA,NA,NA,NA,Y,3,0,1,3,A,-,09,21801,A,N,D,C,A,A,H,-,A,A,0,NA,NA,NA,NA,Y,NA,A,08,0,1,0,0,0,0,0,0,0,-,-,33.880130767822266,-118.36123657226564,LOS ANGELES,LAWNDALE,-118.36134338378906,33.88011932373047
8944347,2019,2019-10-02,1900,2019-08-27,0820,610410,0333,2,5,4,1939,0,0,0,NA,0,35T1 D,INGLEWOOD AV,162ND ST,0,NA,Y,A,-,N,NA,NA,NA,NA,NA,NA,NA,NA,NA,Y,3,0,1,3,A,-,09,21801,A,N,D,C,A,A,H,-,A,D,0,NA,NA,NA,NA,Y,NA,A,01,0,1,0,0,0,0,0,0,0,-,-,33.88352966308594,-118.36125183105467,LOS ANGELES,LAWNDALE,-118.36134338378906,33.883541107177734
8944349,2019,2019-10-23,1925,2019-09-05,1323,23811,221,4,5,6,1925,0,0,0,NA,0,002,PACIFIC AV,PIONEER DR,150,N,N,A,-,N,NA,NA,NA,NA,NA,NA,NA,NA,NA,N,4,0,1,3,A,-,03,22350,NA,N,B,B,-,A,H,-,A,D,0,Y,NA,NA,NA,Y,NA,A,07,0,0,1,0,1,0,0,0,0,-,-,NA,NA,LOS ANGELES,GLENDALE,-118.26459503173828,34.15563201904297
8944359,2019,2019-10-01,1900,2019-07-29,1500,623021,0332,1,5,4,1939,0,0,0,NA,0,035,ROSECRANS AV,BURIN AV,26,W,N,A,-,N,NA,NA,NA,NA,NA,NA,NA,NA,NA,N,4,0,1,2,A,-,04,21703,NA,N,C,C,A,A,H,-,A,D,0,NA,NA,NA,NA,Y,NA,D,22,0,0,1,0,0,0,0,0,0,-,-,33.90190124511719,-118.35389709472656,LOS ANGELES,LAWNDALE,-118.35393524169922,33.901920318603516