CASE_ID,ACCIDENT_YEAR,PROC_DATE,JURIS,COLLISION_DATE,COLLISION_TIME,OFFICER_ID,REPORTING_DISTRICT,DAY_OF_WEEK,CHP_SHIFT,POPULATION,CNTY_CITY_LOC,SPECIAL_COND,BEAT_TYPE,CHP_BEAT_TYPE,CITY_DIVISION_LAPD,CHP_BEAT_CLASS,BEAT_NUMBER,PRIMARY_RD,SECONDARY_RD,DISTANCE,DIRECTION,INTERSECTION,WEATHER_1,WEATHER_2,STATE_HWY_IND,CALTRANS_COUNTY,CALTRANS_DISTRICT,STATE_ROUTE,ROUTE_SUFFIX,POSTMILE_PREFIX,POSTMILE,LOCATION_TYPE,RAMP_INTERSECTION,SIDE_OF_HWY,TOW_AWAY,COLLISION_SEVERITY,NUMBER_KILLED,NUMBER_INJURED,PARTY_COUNT,PRIMARY_COLL_FACTOR,PCF_CODE_OF_VIOL,PCF_VIOL_CATEGORY,PCF_VIOLATION,PCF_VIOL_SUBSECTION,HIT_AND_RUN,TYPE_OF_COLLISION,MVIW,PED_ACTION,ROAD_SURFACE,ROAD_COND_1,ROAD_COND_2,LIGHTING,CONTROL_DEVICE,CHP_ROAD_TYPE,PEDESTRIAN_ACCIDENT,BICYCLE_ACCIDENT,MOTORCYCLE_ACCIDENT,TRUCK_ACCIDENT,NOT_PRIVATE_PROPERTY,ALCOHOL_INVOLVED,STWD_VEHTYPE_AT_FAULT,CHP_VEHTYPE_AT_FAULT,COUNT_SEVERE_INJ,COUNT_VISIBLE_INJ,COUNT_COMPLAINT_PAIN,COUNT_PED_KILLED,COUNT_PED_INJURED,COUNT_BICYCLIST_KILLED,COUNT_BICYCLIST_INJURED,COUNT_MC_KILLED,COUNT_MC_INJURED,PRIMARY_RAMP,SECONDARY_RAMP,LATITUDE,LONGITUDE,COUNTY,CITY,POINT_X,POINT_Y
8945010,2019,2019-10-16,1941,2019-08-10,0126,11133,NA,6,5,7,1941,0,0,0,NA,0,NA,STUDEBAKER RD,DRISCOLL ST,0,NA,Y,A,-,N,NA,NA,NA,NA,NA,NA,NA,NA,NA,Y,3,0,2,2,A,-,03,22350,NA,N,B,-,A,A,H,-,C,A,0,NA,NA,NA,NA,Y,NA,-,NA,0,1,1,0,0,0,0,0,0,-,-,NA,NA,LOS ANGELES,LONG BEACH,-118.10032653808594,33.785911560058594
8945011,2019,2019-09-26,1942,2019-09-08,0900,42700,1204,7,5,7,1942,0,0,0,L,0,12A3,48TH ST,BUDLONG,100,E,N,A,-,N,NA,NA,NA,NA,NA,NA,NA,NA,NA,N,4,0,3,2,A,-,08,22107,NA,N,C,C,A,A,H,-,A,D,0,NA,NA,NA,NA,Y,NA,A,01,0,0,3,0,0,0,0,0,0,-,-,NA,NA,LOS ANGELES,LOS ANGELES,-118.29605102539064,33.999595642089844
8945015,2019,2019-09-26,1942,2019-09-02,0045,42544,RD023,1,5,7,1942,0,0,0,NA,0,2A75,GLENDALE BL,COURT ST,100,S,N,A,-,N,NA,NA,NA,NA,NA,NA,NA,NA,NA,Y,3,0,1,2,A,-,03,22350,NA,F,B,-,A,A,H,-,C,D,0,NA,NA,NA,NA,Y,NA,-,-,0,1,0,0,0,0,0,0,0,-,-,NA,NA,LOS ANGELES,LOS ANGELES,-118.26020050048828,34.06536865234375
8945019,2019,2019-09-26,1942,2019-09-12,1950,38233,0157,4,5,7,1942,0,0,0,A,0,1A29,EAST 7TH ST,CROCKER ST,50,E,N,A,-,N,NA,NA,NA,NA,NA,NA,NA,NA,NA,N,2,0,1,2,A,-,11,21954,A,N,G,B,D,A,H,-,C,A,0,Y,NA,NA,NA,Y,NA,N,60,1,0,0,0,1,0,0,0,0,-,-,NA,NA,LOS ANGELES,LOS ANGELES,-118.2458038330078,34.04001998901367
8945023,2019,2019-09-26,1942,2019-09-15,2250,40325,0153,7,5,7,1942,0,0,0,A,0,1A41,7TH ST,BROADWAY,14,E,N,A,-,N,NA,NA,NA,NA,NA,NA,NA,NA,NA,N,4,0,1,2,A,-,10,21950,A,N,G,B,B,A,H,-,C,A,0,Y,NA,NA,NA,Y,NA,A,07,0,0,1,0,1,0,0,0,0,-,-,NA,NA,LOS ANGELES,LOS ANGELES,-118.46551513671876,33.99607849121094
8945027,2019,2019-09-26,1942,2019-09-10,1210,40730,0182,2,5,7,1942,0,0,0,A,0,1A61,W OLYMPIC BL,S GRAND AV,0,NA,Y,A,-,N,NA,NA,NA,NA,NA,NA,NA,NA,NA,N,3,0,1,2,A,-,10,21950,A,N,G,B,B,A,H,-,A,A,0,Y,NA,NA,NA,Y,NA,-,-,0,1,0,0,1,0,0,0,0,-,-,NA,NA,LOS ANGELES,LOS ANGELES,-118.26061248779295,34.04302978515625
8945031,2019,2019-09-26,1942,2019-09-15,1415,35267,0162,7,5,7,1942,0,0,0,A,0,1A61,S FIGUEROA ST,W 7TH ST,152,NA,N,A,-,N,NA,NA,NA,NA,NA,NA,NA,NA,NA,Y,4,0,5,3,A,-,03,22350,NA,N,C,C,A,A,H,-,A,A,0,NA,NA,NA,NA,Y,NA,A,07,0,0,5,0,0,0,0,0,0,-,-,NA,NA,LOS ANGELES,LOS ANGELES,-118.25991058349608,34.04941940307617
8945035,2019,2019-10-14,1942,2019-09-15,2000,39508,0166,7,5,7,1942,0,0,0,A,0,1A35,S SAN PEDRO ST,EAST 7TH ST,186,N,N,A,-,N,NA,NA,NA,NA,NA,NA,NA,NA,NA,N,2,0,1,2,A,-,11,21954,A,N,G,B,D,A,H,-,C,D,0,Y,NA,NA,NA,Y,NA,N,60,1,0,0,0,1,0,0,0,0,-,-,NA,NA,LOS ANGELES,LOS ANGELES,-118.2463836669922,34.04108810424805
8945042,2019,2019-09-26,1900,2019-09-01,1259,541469,0523,7,5,4,1971,0,0,0,NA,0,52T1PM,BALDWIN AV,LIVE OAK AV,0,NA,Y,A,-,N,NA,NA,NA,NA,NA,NA,NA,NA,NA,Y,3,0,2,2,A,-,09,21801,A,N,A,C,A,A,H,-,A,A,0,NA,NA,NA,NA,Y,NA,A,01,0,2,0,0,0,0,0,0,0,-,-,34.10432052612305,-118.05162811279295,LOS ANGELES,TEMPLE CITY,-118.05162048339844,34.10429000854492
8945046,2019,2019-09-26,1900,2019-09-04,0802,434049,0530,3,5,5,1959,0,0,0,NA,0,53T1AM,MISSION DR,DELTA AV,0,NA,Y,A,-,N,NA,NA,NA,NA,NA,NA,NA,NA,NA,Y,3,0,1,2,A,-,09,21801,A,N,D,C,A,A,H,-,A,D,0,NA,NA,NA,NA,Y,NA,A,01,0,1,0,0,0,0,0,0,0,-,-,34.089351654052734,-118.08625793457033,LOS ANGELES,ROSEMEAD,-118.08656311035156,34.08940124511719
8945050,2019,2019-09-26,1900,2019-09-08,1618,526298,0531,7,5,5,1959,0,0,0,NA,0,54 PM,TEMPLE CITY BL,GUESS ST,0,NA,Y,A,-,N,NA,NA,NA,NA,NA,NA,NA,NA,NA,Y,3,0,1,3,A,-,09,21801,A,N,D,C,A,A,H,-,A,D,0,NA,NA,NA,NA,Y,NA,A,01,0,1,0,0,0,0,0,0,0,-,-,34.07844161987305,-118.05860900878906,LOS ANGELES,ROSEMEAD,-118.0586166381836,34.07841873168945
8945054,2019,2019-09-26,1900,2019-09-09,0845,499592,0524,1,5,4,1971,0,0,0,NA,0,52T1AM,LOWER AZUSA RD,ARDEN DR,0,NA,Y,A,-,N,NA,NA,NA,NA,NA,NA,NA,NA,NA,Y,4,0,1,3,A,-,04,21703,NA,N,C,C,A,A,H,-,A,A,0,NA,NA,NA,NA,Y,NA,A,01,0,0,1,0,0,0,0,0,0,-,-,34.09000015258789,-118.04000091552734,LOS ANGELES,TEMPLE CITY,-118.04280090332033,34.091590881347656
8945058,2019,2019-09-26,1900,2019-09-12,1830,487834,0530,4,5,5,1959,0,0,0,NA,0,53T1PM,VALLEY BL,DELTA AV,0,NA,Y,A,-,N,NA,NA,NA,NA,NA,NA,NA,NA,NA,N,3,0,1,2,A,-,12,21453,A,N,A,D,A,A,H,-,B,A,0,NA,NA,NA,NA,Y,NA,A,07,0,1,0,0,0,0,0,0,0,-,-,34.08039855957031,-118.0864028930664,LOS ANGELES,ROSEMEAD,-118.0863800048828,34.08034896850586
8945069,2019,2019-09-27,1900,2019-09-04,1555,532124,0521,3,5,4,1971,0,0,0,NA,0,52T1P,OAK AV,GARIBALDI AV,300,S,N,A,-,N,NA,NA,NA,NA,NA,NA,NA,NA,NA,N,4,0,1,2,A,-,21,22106,NA,N,D,C,A,A,H,-,A,D,0,NA,NA,NA,NA,Y,NA,A,07,0,0,1,0,0,0,0,0,0,-,-,34.09101867675781,-118.04673004150392,LOS ANGELES,TEMPLE CITY,-118.06572723388672,34.10883712768555
8945076,2019,2019-10-01,1942,2019-07-06,1225,40858,0185,6,5,7,1942,0,0,0,A,0,1Z34,PICO BL,SANTEE ST,0,NA,Y,A,-,N,NA,NA,NA,NA,NA,NA,NA,NA,NA,N,4,0,1,2,A,-,09,21801,A,N,D,G,A,A,H,-,A,A,0,NA,Y,NA,NA,Y,NA,L,04,0,0,1,0,0,0,1,0,0,-,-,NA,NA,LOS ANGELES,LOS ANGELES,-118.25827026367188,34.03514862060547
8945080,2019,2019-11-13,1942,2019-07-22,0845,43897,0261,1,5,7,1942,0,0,0,B,0,2A91,7TH ST,CORONADO ST,0,NA,Y,A,-,N,NA,NA,NA,NA,NA,NA,NA,NA,NA,N,4,0,1,2,A,-,03,22350,A,F,G,B,B,A,H,-,A,A,0,Y,NA,NA,NA,Y,NA,-,99,0,0,1,0,1,0,0,0,0,-,-,NA,NA,LOS ANGELES,LOS ANGELES,-118.28241729736328,34.058990478515625
8945085,2019,2019-09-27,1900,2019-09-05,2052,519502,0561,4,5,3,1968,0,0,0,NA,0,55T1PM,RUSH ST,SANTA ANITA AV,0,NA,Y,A,-,N,NA,NA,NA,NA,NA,NA,NA,NA,NA,Y,4,0,2,2,A,-,12,21453,A,N,D,C,A,A,H,-,C,A,0,NA,NA,NA,NA,Y,NA,A,07,0,0,2,0,0,0,0,0,0,-,-,34.051849365234375,-118.04238891601564,LOS ANGELES,SOUTH EL MONTE,-118.04244232177734,34.051849365234375
8945088,2019,2019-11-12,1962,2019-07-19,0843,128,NA,5,5,4,1962,0,0,0,NA,0,002,LIVE OAK ST,SAINT FRANCIS ST,0,W,N,A,-,N,NA,NA,NA,NA,NA,NA,NA,NA,NA,N,4,0,1,2,A,-,00,22175,A,N,B,C,A,A,H,-,A,D,0,NA,NA,NA,NA,Y,NA,-,-,0,0,1,0,0,0,0,0,0,-,-,34.10126876831055,-118.09705352783205,LOS ANGELES,SAN GABRIEL,-118.09702301025392,34.10123825073242
8945092,2019,2019-11-13,1942,2019-07-25,1240,43582,1309,4,5,7,1942,0,0,0,M,0,13X71,20TH ST,ALAMEDA ST,6,E,N,A,-,N,NA,NA,NA,NA,NA,NA,NA,NA,NA,N,4,0,1,2,A,-,09,21802,A,N,D,G,A,A,H,-,A,D,0,NA,Y,NA,NA,Y,NA,-,-,0,0,1,0,0,0,1,0,0,-,-,NA,NA,LOS ANGELES,LOS ANGELES,-118.23963928222656,34.018028259277344
8945096,2019,2019-09-30,1942,2019-08-30,1735,43725,1179,5,5,7,1942,0,0,0,K,0,11A86,FIGUEROA AV,AVENUE 43,0,NA,Y,A,-,N,NA,NA,NA,NA,NA,NA,NA,NA,NA,N,4,0,1,2,A,-,09,21801,A,N,H,A,A,A,H,-,A,D,0,NA,NA,Y,NA,Y,NA,A,01,0,0,1,0,0,0,0,0,1,-,-,NA,NA,LOS ANGELES,LOS ANGELES,-118.20864868164064,34.09434127807617
8945100,2019,2019-09-30,1942,2019-08-19,0750,43308,1353,1,5,7,1942,0,0,0,M,0,13A43,AVALON BL,E 40TH PL,0,NA,Y,A,-,N,NA,NA,NA,NA,NA,NA,NA,NA,NA,N,4,0,1,2,A,-,10,21950,A,N,G,G,A,A,H,-,A,D,0,NA,Y,NA,NA,Y,NA,A,01,0,0,1,0,0,0,1,0,0,-,-,NA,NA,LOS ANGELES,LOS ANGELES,-118.26526641845705,34.010231018066406
8945104,2019,2019-09-30,1942,2019-08-06,1745,43071,1313,2,5,7,1942,0,0,0,M,0,13X45,GRIFFITH AV,14TH PL,0,NA,Y,A,-,N,NA,NA,NA,NA,NA,NA,NA,NA,NA,N,4,0,1,2,A,-,12,22450,A,F,D,C,A,A,H,-,A,A,0,NA,NA,NA,NA,Y,NA,-,-,0,0,1,0,0,0,0,0,0,-,-,NA,NA,LOS ANGELES,LOS ANGELES,-118.2507781982422,34.02912139892578
8945108,2019,2019-09-30,1942,2019-08-08,1135,40057,1321,4,5,7,1942,0,0,0,M,0,13A75,GRAND AV,WASHINGTON BL,2,S,N,A,-,N,NA,NA,NA,NA,NA,NA,NA,NA,NA,N,3,0,1,2,A,-,10,21950,A,N,G,B,B,A,H,-,A,A,0,Y,NA,NA,NA,Y,NA,A,01,0,1,0,0,1,0,0,0,0,-,-,NA,NA,LOS ANGELES,LOS ANGELES,-118.26837921142578,34.032615661621094
8945110,2019,2020-01-31,1941,2019-09-13,2252,11133,NA,5,5,7,1941,0,0,0,NA,0,NA,PACIFIC COAST HWY,2ND ST,0,NA,Y,A,-,Y,LA,7,1,-,-,0.56,H,-,S,N,2,0,1,2,A,-,11,21954,A,N,G,B,E,A,H,-,C,A,0,Y,NA,NA,NA,Y,NA,N,NA,1,0,0,0,1,0,0,0,0,-,-,NA,NA,LOS ANGELES,LONG BEACH,-118.11101531982422,33.75774383544922
8945112,2019,2019-11-08,1942,2019-08-10,1340,34734,1353,6,5,7,1942,0,0,0,M,0,13A43,CENTRAL AV,45TH ST,0,NA,Y,A,-,N,NA,NA,NA,NA,NA,NA,NA,NA,NA,Y,4,0,1,4,A,-,03,22350,NA,N,A,C,A,A,H,-,A,D,0,NA,NA,NA,NA,Y,NA,A,01,0,0,1,0,0,0,0,0,0,-,-,NA,NA,LOS ANGELES,LOS ANGELES,-118.25649261474608,34.00297927856445
8945114,2019,2019-09-26,1941,2019-09-14,0142,11228,NA,6,5,7,1941,0,0,0,NA,0,NA,10TH ST,JUNIPERO AV,0,NA,Y,A,-,N,NA,NA,NA,NA,NA,NA,NA,NA,NA,N,4,0,1,2,A,-,11,21456,B,N,D,B,B,-,-,-,C,A,0,Y,NA,NA,NA,Y,NA,A,NA,0,0,1,0,1,0,0,0,0,-,-,NA,NA,LOS ANGELES,LONG BEACH,-118.163330078125,33.77893829345703
8945118,2019,2020-09-29,1941,2019-09-14,0131,11117,NA,6,5,7,1941,0,0,0,NA,0,NA,PARAMOUNT BL,RT 91,0,NA,Y,A,-,Y,LA,7,91,-,R,13.767,R,4,W,Y,3,0,2,1,A,-,07,21658,A,N,A,I,A,A,H,-,C,D,0,NA,NA,NA,NA,Y,NA,A,NA,0,1,1,0,0,0,0,0,0,-,-,NA,NA,LOS ANGELES,LONG BEACH,-118.15739440917967,33.876678466796875
8945123,2019,2019-10-03,1942,2019-09-07,0655,40289,1132,6,5,7,1942,0,0,0,K,0,11A71,GLENDALE BL,ROWENA AV,105,N,N,A,-,N,NA,NA,NA,NA,NA,NA,NA,NA,NA,Y,4,0,1,2,A,-,08,22107,NA,N,B,E,A,A,H,-,A,D,0,NA,NA,NA,NA,Y,NA,A,01,0,0,1,0,0,0,0,0,0,-,-,NA,NA,LOS ANGELES,LOS ANGELES,-118.26349639892578,34.107418060302734
8945127,2019,2019-10-03,1942,2019-09-10,0804,38357,1176,2,5,7,1942,0,0,0,K,0,11A95,RIVERSIDE DR,OROS ST,256,E,N,A,-,N,NA,NA,NA,NA,NA,NA,NA,NA,NA,Y,4,0,1,2,A,-,09,21801,A,N,A,C,A,A,H,-,A,D,0,NA,NA,NA,NA,Y,NA,A,01,0,0,1,0,0,0,0,0,0,-,-,NA,NA,LOS ANGELES,LOS ANGELES,-118.22934722900392,34.08517074584961
8945130,2019,2019-09-30,1942,2019-08-07,1810,43629,0166,3,5,7,1942,0,0,0,A,0,1A12,SAN PEDRO,7TH ST,0,NA,Y,A,-,N,NA,NA,NA,NA,NA,NA,NA,NA,NA,N,3,0,1,2,A,-,09,21801,A,N,D,G,A,A,H,-,B,D,0,NA,Y,NA,NA,Y,NA,A,01,0,1,0,0,0,0,1,0,0,-,-,NA,NA,LOS ANGELES,LOS ANGELES,-118.2467803955078,34.04069900512695
8945134,2019,2019-09-30,1942,2019-08-30,2300,41803,LAPD,5,5,7,1942,0,0,0,NA,0,1151,HOLLYWOOD BL,VERMONT AV,200,W,N,A,-,N,NA,NA,NA,NA,NA,NA,NA,NA,NA,N,3,0,1,2,A,-,00,21950,D,F,G,B,D,A,H,-,C,D,0,Y,NA,NA,NA,Y,Y,-,99,0,1,0,0,1,0,0,0,0,-,-,NA,NA,LOS ANGELES,LOS ANGELES,-118.29226684570313,34.10152816772461
8945138,2019,2019-09-30,1942,2019-08-24,1815,43689,1172,6,5,7,1942,0,0,0,K,0,11X26N,GLENDALE BL,CLIFFORD ST,0,NA,Y,A,-,N,NA,NA,NA,NA,NA,NA,NA,NA,NA,N,4,0,1,2,A,-,08,22107,NA,N,A,C,A,A,H,-,A,D,0,NA,NA,NA,NA,Y,NA,A,07,0,0,1,0,0,0,0,0,0,-,-,NA,NA,LOS ANGELES,LOS ANGELES,-118.25937652587892,34.08893966674805
8945140,2019,2019-09-26,1942,2019-08-18,0240,39730,1353,7,5,7,1942,0,0,0,M,0,13A93,VERNON,MCKINLEY,300,E,N,A,-,N,NA,NA,NA,NA,NA,NA,NA,NA,NA,Y,4,0,1,2,A,-,21,22106,NA,M,C,C,A,A,H,-,C,A,0,NA,NA,NA,NA,Y,NA,-,99,0,0,1,0,0,0,0,0,0,-,-,NA,NA,LOS ANGELES,LOS ANGELES,-118.25991058349608,34.00390625
8945142,2019,2019-10-10,1942,2019-08-30,1720,36240,1135,5,5,7,1942,0,0,0,K,0,1124W5,EAGLE ROCK BL,AVENUE 37,3,W,N,A,-,N,NA,NA,NA,NA,NA,NA,NA,NA,NA,N,4,0,1,2,A,-,03,22350,NA,F,G,B,F,A,H,-,A,D,0,Y,NA,NA,NA,Y,NA,-,99,0,0,1,0,1,0,0,0,0,-,-,NA,NA,LOS ANGELES,LOS ANGELES,-118.23381042480467,34.11761474609375
8945145,2019,2019-09-26,1942,2019-08-31,1820,40756,0111,6,5,7,1942,0,0,0,A,0,1A1,SUNSET BL,FIGUEROA,320,W,N,A,-,N,NA,NA,NA,NA,NA,NA,NA,NA,NA,N,3,0,1,2,A,-,10,21950,NA,F,G,B,A,A,H,-,A,D,0,NA,NA,NA,NA,Y,NA,-,99,0,1,0,0,0,0,0,0,0,-,-,NA,NA,LOS ANGELES,LOS ANGELES,-118.2470474243164,34.06328582763672
8945149,2019,2020-06-24,1942,2019-08-28,2151,42876,1128,3,5,7,1942,0,0,0,K,0,11A25,YORK BL,AVE 64,60,N,N,A,-,N,NA,NA,NA,NA,NA,NA,NA,NA,NA,N,4,0,1,2,A,-,03,22350,NA,F,C,C,A,A,H,-,C,D,0,NA,NA,NA,NA,Y,NA,A,01,0,0,1,0,0,0,0,0,0,-,-,NA,NA,LOS ANGELES,LOS ANGELES,-118.181640625,34.11448669433594
8945153,2019,2019-09-26,1942,2019-08-15,2330,35291,1325,4,5,7,1942,0,0,0,M,0,13A27,E ADAMS BL,S NAOMI AV,0,NA,Y,A,-,N,NA,NA,NA,NA,NA,NA,NA,NA,NA,Y,4,0,1,4,A,-,12,22450,A,F,D,C,A,A,G,-,C,A,0,NA,NA,NA,NA,Y,NA,A,01,0,0,1,0,0,0,0,0,0,-,-,NA,NA,LOS ANGELES,LOS ANGELES,-118.2524871826172,34.01765060424805
8945157,2019,2019-09-26,1942,2019-08-07,1045,43175,RD137,3,5,7,1942,0,0,0,NA,0,13X53,HOOPER BL,SLAUSON,100,N,N,A,-,N,NA,NA,NA,NA,NA,NA,NA,NA,NA,N,4,0,1,2,A,-,03,22350,NA,M,C,C,A,A,H,-,A,A,0,NA,NA,NA,NA,Y,NA,-,99,0,0,1,0,0,0,0,0,0,-,-,NA,NA,LOS ANGELES,LOS ANGELES,-118.25211334228516,33.989593505859375
8945158,2019,2019-10-03,1928,2019-09-13,1722,376,501,5,5,5,1928,0,0,0,NA,0,501,INGLEWOOD AV,EL SEGUNDO BL,303,N,N,A,-,N,NA,NA,NA,NA,NA,NA,NA,NA,NA,Y,3,0,1,2,A,-,08,22107,NA,N,C,E,A,A,H,-,A,D,0,NA,NA,NA,NA,Y,NA,A,01,0,1,0,0,0,0,0,0,0,-,-,33.91640090942383,-118.3612823486328,LOS ANGELES,HAWTHORNE,-118.36128997802734,33.917240142822266
8945161,2019,2019-09-26,1942,2019-08-09,2340,43177,1321,5,5,7,1942,0,0,0,M,0,13X94,HILL ST,W 23RD ST,0,NA,Y,A,-,N,NA,NA,NA,NA,NA,NA,NA,NA,NA,Y,4,0,1,2,A,-,12,21453,A,N,D,C,A,A,H,-,C,A,0,NA,NA,NA,NA,Y,NA,A,01,0,0,1,0,0,0,0,0,0,-,-,NA,NA,LOS ANGELES,LOS ANGELES,-118.26907348632813,34.02853012084961
8945162,2019,2019-10-03,1928,2019-09-12,1126,376,502,4,5,5,1928,0,0,0,NA,0,501,120TH ST,GREVILLEA AV,0,NA,Y,A,-,N,NA,NA,NA,NA,NA,NA,NA,NA,NA,Y,4,0,3,2,A,-,12,21453,A,N,D,C,A,A,H,-,A,A,0,NA,NA,NA,NA,Y,NA,A,07,0,0,3,0,0,0,0,0,0,-,-,33.92362976074219,-118.35488891601564,LOS ANGELES,HAWTHORNE,-118.35478973388672,33.92366027832031
8945165,2019,2019-10-10,1942,2019-08-15,1440,42596,1331,4,5,7,1942,0,0,0,M,0,13Z3,S HILL ST,30TH ST,0,NA,Y,A,-,N,NA,NA,NA,NA,NA,NA,NA,NA,NA,N,4,0,4,3,A,-,12,21453,NA,N,A,C,A,A,H,-,A,A,0,NA,NA,NA,NA,Y,NA,A,01,0,0,4,0,0,0,0,0,0,-,-,NA,NA,LOS ANGELES,LOS ANGELES,-118.27285766601564,34.02275848388672
8945166,2019,2019-10-03,1928,2019-09-16,1448,324,509,1,5,5,1928,0,0,0,NA,0,502,DOTY AV,EL SEGUNDO BL,96,S,N,A,-,N,NA,NA,NA,NA,NA,NA,NA,NA,NA,N,3,0,1,2,A,-,11,21954,A,N,G,B,D,A,H,-,A,A,0,Y,NA,NA,NA,Y,NA,N,60,0,1,0,0,1,0,0,0,0,-,-,33.91643142700195,-118.33954620361328,LOS ANGELES,HAWTHORNE,-118.33956146240234,33.91615676879883
8945169,2019,2019-09-27,1942,2019-08-15,1645,43175,1341,4,5,7,1942,0,0,0,M,0,13X71,BROADWAY PL,W 39TH ST,0,NA,Y,A,-,N,NA,NA,NA,NA,NA,NA,NA,NA,NA,Y,3,0,4,3,A,-,12,22450,A,N,D,C,A,A,H,-,A,A,0,NA,NA,NA,NA,Y,NA,A,01,0,1,3,0,0,0,0,0,0,-,-,NA,NA,LOS ANGELES,LOS ANGELES,-118.27678680419922,34.012088775634766
8945170,2019,2019-10-03,1928,2019-09-03,0704,402,529,2,5,5,1928,0,0,0,NA,0,502,EL SEGUNDO BL,VAN NESS AV,0,NA,Y,A,-,N,NA,NA,NA,NA,NA,NA,NA,NA,NA,N,4,0,1,2,A,-,12,21453,A,N,D,G,A,A,H,-,A,A,0,NA,Y,NA,NA,Y,Y,L,04,0,0,1,0,0,0,1,0,0,-,-,33.91640090942383,-118.31786346435548,LOS ANGELES,HAWTHORNE,-118.31784057617188,33.91646194458008
8945173,2019,2019-09-26,1942,2019-08-12,1220,38538,1303,1,5,7,1942,0,0,0,M,0,13A85,WALL ST,9TH ST,30,S,N,A,-,N,NA,NA,NA,NA,NA,NA,NA,NA,NA,N,3,0,1,2,A,-,17,21200,NA,N,G,G,A,A,H,-,A,D,0,NA,Y,NA,NA,Y,NA,L,04,0,1,0,0,0,0,1,0,0,-,-,NA,NA,LOS ANGELES,LOS ANGELES,-118.25198364257813,34.0386962890625
8945177,2019,2019-09-26,1942,2019-08-13,1210,43175,RD131,2,5,7,1942,0,0,0,NA,0,13X53,16TH ST,MAPLE AV,0,NA,Y,A,-,N,NA,NA,NA,NA,NA,NA,NA,NA,NA,Y,4,0,2,2,A,-,08,22107,NA,N,A,C,A,A,H,-,A,A,0,NA,NA,NA,NA,Y,NA,A,01,0,0,2,0,0,0,0,0,0,-,-,NA,NA,LOS ANGELES,LOS ANGELES,-118.25942230224608,34.031829833984375
8945181,2019,2019-09-26,1942,2019-08-18,1205,43175,1325,7,5,7,1942,0,0,0,M,0,13X45,ADAMS,CENTRAL,200,E,N,A,-,N,NA,NA,NA,NA,NA,NA,NA,NA,NA,Y,3,0,3,5,A,-,08,22107,NA,N,C,C,A,A,H,-,A,D,0,NA,NA,NA,NA,Y,NA,A,01,0,1,2,0,0,0,0,0,0,-,-,NA,NA,LOS ANGELES,LOS ANGELES,-118.25436401367188,34.01850128173828
8945185,2019,2019-09-26,1942,2019-08-19,1900,43175,RD134,1,5,7,1942,0,0,0,NA,0,13X45,CENTRAL BL,43RD ST,0,NA,Y,A,-,N,NA,NA,NA,NA,NA,NA,NA,NA,NA,Y,3,0,2,2,A,-,12,21453,NA,N,D,C,A,A,H,-,A,A,0,NA,NA,NA,NA,Y,NA,A,01,0,2,0,0,0,0,0,0,0,-,-,NA,NA,LOS ANGELES,LOS ANGELES,-118.25649261474608,34.00572967529297
8945186,2019,2019-10-03,1942,2019-09-09,1650,34426,1186,1,5,7,1942,0,0,0,K,0,11A95,PARK ROW DR,SOLANO CYN,300,N,N,A,-,N,NA,NA,NA,NA,NA,NA,NA,NA,NA,Y,4,0,1,1,A,-,03,22350,NA,N,F,-,A,A,H,-,A,D,0,NA,NA,NA,NA,Y,NA,A,07,0,0,1,0,0,0,0,0,0,-,-,NA,NA,LOS ANGELES,LOS ANGELES,-118.23374176025392,34.08454513549805
8945189,2019,2019-09-26,1942,2019-08-07,0930,43959,1345,3,5,7,1942,0,0,0,M,0,13A27,CENTRAL AV,42ND ST,0,NA,Y,A,-,N,NA,NA,NA,NA,NA,NA,NA,NA,NA,Y,3,0,3,2,A,-,09,21801,B,N,D,C,A,A,H,-,A,A,0,NA,NA,NA,NA,Y,NA,A,01,0,1,2,0,0,0,0,0,0,-,-,NA,NA,LOS ANGELES,LOS ANGELES,-118.25649261474608,34.00751876831055
8945193,2019,2019-09-26,1942,2019-08-18,1407,43886,1303,7,5,7,1942,0,0,0,M,0,13A41,MAPLE AV,E PICO BL,150,N,N,A,-,N,NA,NA,NA,NA,NA,NA,NA,NA,NA,N,4,0,1,2,A,-,11,21950,B,F,G,B,E,A,E,-,A,D,0,Y,NA,NA,NA,Y,Y,N,60,0,0,1,0,1,0,0,0,0,-,-,NA,NA,LOS ANGELES,LOS ANGELES,-118.25698089599608,34.034889221191406
8945197,2019,2019-09-26,1942,2019-08-13,1302,43920,1113,2,5,7,1942,0,0,0,K,0,11A17,COLORADO BL,SIERRA VILLA,0,NA,Y,A,-,N,NA,NA,NA,NA,NA,NA,NA,NA,NA,Y,3,0,1,2,A,-,09,21801,A,N,D,C,A,A,H,-,A,-,0,NA,NA,Y,NA,Y,NA,A,01,0,1,0,0,0,0,0,0,0,-,-,NA,NA,LOS ANGELES,LOS ANGELES,-118.22297668457033,34.14210891723633
8945214,2019,2019-09-27,1900,2019-09-03,1505,612438,0541,2,5,3,1921,0,0,0,NA,0,58T1,EVERGREEN ST,DELFORD AV,20,E,N,A,-,N,NA,NA,NA,NA,NA,NA,NA,NA,NA,N,3,0,1,2,A,-,05,21650,1,N,G,G,A,A,H,-,A,D,0,NA,Y,NA,NA,Y,NA,L,04,0,1,0,0,0,0,1,0,0,-,-,34.13481903076172,-117.97962951660156,LOS ANGELES,DUARTE,-117.97970581054688,34.134864807128906