CASE_ID,ACCIDENT_YEAR,PROC_DATE,JURIS,COLLISION_DATE,COLLISION_TIME,OFFICER_ID,REPORTING_DISTRICT,DAY_OF_WEEK,CHP_SHIFT,POPULATION,CNTY_CITY_LOC,SPECIAL_COND,BEAT_TYPE,CHP_BEAT_TYPE,CITY_DIVISION_LAPD,CHP_BEAT_CLASS,BEAT_NUMBER,PRIMARY_RD,SECONDARY_RD,DISTANCE,DIRECTION,INTERSECTION,WEATHER_1,WEATHER_2,STATE_HWY_IND,CALTRANS_COUNTY,CALTRANS_DISTRICT,STATE_ROUTE,ROUTE_SUFFIX,POSTMILE_PREFIX,POSTMILE,LOCATION_TYPE,RAMP_INTERSECTION,SIDE_OF_HWY,TOW_AWAY,COLLISION_SEVERITY,NUMBER_KILLED,NUMBER_INJURED,PARTY_COUNT,PRIMARY_COLL_FACTOR,PCF_CODE_OF_VIOL,PCF_VIOL_CATEGORY,PCF_VIOLATION,PCF_VIOL_SUBSECTION,HIT_AND_RUN,TYPE_OF_COLLISION,MVIW,PED_ACTION,ROAD_SURFACE,ROAD_COND_1,ROAD_COND_2,LIGHTING,CONTROL_DEVICE,CHP_ROAD_TYPE,PEDESTRIAN_ACCIDENT,BICYCLE_ACCIDENT,MOTORCYCLE_ACCIDENT,TRUCK_ACCIDENT,NOT_PRIVATE_PROPERTY,ALCOHOL_INVOLVED,STWD_VEHTYPE_AT_FAULT,CHP_VEHTYPE_AT_FAULT,COUNT_SEVERE_INJ,COUNT_VISIBLE_INJ,COUNT_COMPLAINT_PAIN,COUNT_PED_KILLED,COUNT_PED_INJURED,COUNT_BICYCLIST_KILLED,COUNT_BICYCLIST_INJURED,COUNT_MC_KILLED,COUNT_MC_INJURED,PRIMARY_RAMP,SECONDARY_RAMP,LATITUDE,LONGITUDE,COUNTY,CITY,POINT_X,POINT_Y
8946896,2019,2019-10-07,1941,2019-09-22,1110,11401,NA,7,5,7,1941,0,0,0,NA,0,NA,PINE AV,12TH ST,0,NA,Y,A,-,N,NA,NA,NA,NA,NA,NA,NA,NA,NA,Y,4,0,1,3,A,-,09,21802,A,N,D,C,A,A,H,-,A,A,0,NA,NA,Y,NA,Y,NA,D,NA,0,0,1,0,0,0,0,0,1,-,-,NA,NA,LOS ANGELES,LONG BEACH,-118.19239044189452,33.78144073486328
8946907,2019,2019-10-08,1942,2019-09-14,0935,39762,752,6,5,7,1942,0,0,0,NA,0,7AL,PACKARD ST,STEARNS DR,35,W,N,A,-,N,NA,NA,NA,NA,NA,NA,NA,NA,NA,Y,4,0,1,2,A,-,03,22350,A,N,B,E,A,A,H,-,A,A,0,NA,NA,NA,NA,Y,NA,A,01,0,0,1,0,0,0,0,0,0,-,-,NA,NA,LOS ANGELES,LOS ANGELES,-118.37033081054688,34.05419921875
8946911,2019,2019-10-07,1942,2019-09-11,0850,39449,0706,3,5,7,1942,0,0,0,G,0,7A85,HIGHLAND AV,WARING AV,0,NA,Y,A,-,N,NA,NA,NA,NA,NA,NA,NA,NA,NA,N,4,0,1,2,A,-,09,21802,A,N,D,C,A,A,H,-,A,A,0,NA,NA,NA,NA,Y,NA,D,22,0,0,1,0,0,0,0,0,0,-,-,NA,NA,LOS ANGELES,LOS ANGELES,-118.33859252929688,34.08525848388672
8947000,2019,2019-10-03,1942,2019-09-13,1045,43371,2005,5,5,7,1942,0,0,0,NA,0,20A13,BEVERLY BL,N ARDMORE AV,0,NA,Y,A,-,N,NA,NA,NA,NA,NA,NA,NA,NA,NA,N,4,0,1,2,A,-,07,21658,A,N,C,C,A,A,H,-,A,A,0,NA,NA,NA,NA,Y,NA,A,01,0,0,1,0,0,0,0,0,0,-,-,NA,NA,LOS ANGELES,LOS ANGELES,-118.30233001708984,34.07627868652344
8947018,2019,2019-10-04,1953,2019-09-17,2352,7404,1953,2,5,6,1953,0,0,0,NA,0,002,WASHINGTON BL,LOS ROBLES,0,NA,Y,A,-,N,NA,NA,NA,NA,NA,NA,NA,NA,NA,Y,4,0,1,2,A,-,09,21804,A,N,D,C,A,A,H,-,C,D,0,NA,NA,NA,NA,Y,NA,A,01,0,0,1,0,0,0,0,0,0,-,-,NA,NA,LOS ANGELES,PASADENA,-118.14163970947266,34.16893005371094
8947042,2019,2019-10-04,1942,2019-09-06,1825,37952,1128,5,5,7,1942,0,0,0,K,0,11A25,YORK BL,N AVENUE 63,0,NA,Y,A,-,N,NA,NA,NA,NA,NA,NA,NA,NA,NA,N,4,0,1,2,A,-,09,21801,A,N,D,C,A,A,H,-,A,A,0,NA,NA,NA,NA,Y,NA,A,01,0,0,1,0,0,0,0,0,0,-,-,NA,NA,LOS ANGELES,LOS ANGELES,-118.18263244628906,34.114830017089844
8947043,2019,2019-10-04,1953,2019-09-12,1757,2037,1953,4,5,6,1953,0,0,0,NA,0,003,EAST FOOTHILL BL,N SIERRA MADRE BL,0,NA,Y,A,-,N,NA,NA,NA,NA,NA,NA,NA,NA,NA,Y,3,0,4,2,A,-,08,22107,NA,N,D,C,A,A,H,-,A,A,0,NA,NA,NA,NA,Y,NA,A,01,0,1,3,0,0,0,0,0,0,-,-,NA,NA,LOS ANGELES,PASADENA,-118.1003189086914,34.14982986450195
8947046,2019,2019-10-04,1942,2019-09-06,1625,34426,1172,5,5,7,1942,0,0,0,K,0,11A71,SILVER LAKE BL,SCOTT PL,0,NA,Y,A,-,N,NA,NA,NA,NA,NA,NA,NA,NA,NA,Y,4,0,1,2,A,-,09,21801,A,N,D,C,A,A,H,-,A,D,0,NA,NA,Y,NA,Y,NA,A,01,0,0,1,0,0,0,0,0,1,-,-,NA,NA,LOS ANGELES,LOS ANGELES,-118.27060699462892,34.08570861816406
8947047,2019,2019-10-04,1953,2019-09-13,1844,7868,1953,5,5,6,1953,0,0,0,NA,0,004,WALNUT ST,DAISY AV,0,NA,Y,A,-,N,NA,NA,NA,NA,NA,NA,NA,NA,NA,N,4,0,1,2,A,-,09,21802,A,N,D,C,A,A,H,-,A,A,0,NA,NA,NA,NA,Y,NA,A,01,0,0,1,0,0,0,0,0,0,-,-,NA,NA,LOS ANGELES,PASADENA,-118.09297943115234,34.14801025390625
8947049,2019,2019-10-03,1900,2019-09-10,1830,600059,1419,2,5,1,1932,0,0,0,NA,0,141T6,VALLEY BL,LEMON CREEK DR,0,NA,Y,A,-,N,NA,NA,NA,NA,NA,NA,NA,NA,NA,Y,2,0,1,2,A,-,17,21461,A,N,D,C,A,A,H,-,B,D,0,NA,NA,Y,NA,Y,NA,A,01,1,0,0,0,0,0,0,0,1,-,-,34.00815963745117,-117.86151123046876,LOS ANGELES,INDUSTRY,-117.8616180419922,34.00823974609375
8947050,2019,2019-10-04,1942,2019-09-12,0740,35373,1313,4,5,7,1942,0,0,0,M,0,13A13,STANFORD AV,WASHINGTON BL,0,NA,Y,A,-,N,NA,NA,NA,NA,NA,NA,NA,NA,NA,N,4,0,1,2,A,-,10,21950,A,F,G,B,B,A,H,-,A,A,0,Y,NA,NA,NA,Y,NA,-,99,0,0,1,0,1,0,0,0,0,-,-,NA,NA,LOS ANGELES,LOS ANGELES,-118.44908142089844,33.98984146118164
8947051,2019,2019-10-04,1953,2019-09-13,0848,5476,1453,5,5,6,1953,0,0,0,NA,0,002,LOS ROBLES AV,ASHTABULA ST,50,S,N,A,-,N,NA,NA,NA,NA,NA,NA,NA,NA,NA,N,4,0,1,2,A,-,03,22350,NA,N,C,C,A,A,H,-,A,A,0,NA,NA,NA,NA,Y,NA,A,07,0,0,1,0,0,0,0,0,0,-,-,NA,NA,LOS ANGELES,PASADENA,-118.14154815673828,34.15895462036133
8947053,2019,2019-10-03,1900,2019-09-10,1615,406363,1416,2,5,1,1932,0,0,0,NA,0,141T5,COLIMA RD,WALNUT HALL RD,0,NA,Y,A,-,N,NA,NA,NA,NA,NA,NA,NA,NA,NA,Y,4,0,2,2,A,-,09,21801,A,N,D,C,A,A,H,-,A,A,0,NA,NA,NA,NA,Y,NA,A,07,0,0,2,0,0,0,0,0,0,-,-,33.99018096923828,-117.91770935058594,LOS ANGELES,INDUSTRY,-117.91773223876952,33.990211486816406
8947055,2019,2019-10-28,1953,2019-09-14,0909,1003,1953,6,5,6,1953,0,0,0,NA,0,001,SOUTH FAIR OAKS AV,S FAIR OAKS AV 556,0,NA,Y,A,-,N,NA,NA,NA,NA,NA,NA,NA,NA,NA,N,4,0,1,2,A,-,05,21650,1,N,D,G,A,A,H,-,A,D,0,NA,Y,NA,NA,Y,NA,A,01,0,0,1,0,0,0,1,0,0,-,-,NA,NA,LOS ANGELES,PASADENA,-118.150398,34.136347
8947057,2019,2019-10-03,1900,2019-09-10,1149,600059,1415,2,5,1,1932,0,0,0,NA,0,141T6,AZUSA AV,GALE AV,420,N,N,A,-,N,NA,NA,NA,NA,NA,NA,NA,NA,NA,N,4,0,7,2,A,-,03,22350,NA,N,C,C,A,A,H,-,A,D,0,NA,NA,NA,NA,Y,NA,A,01,0,0,7,0,0,0,0,0,0,-,-,34.00185012817383,-117.9307098388672,LOS ANGELES,INDUSTRY,-117.9307098388672,34.00131607055664
8947059,2019,2019-10-04,1953,2019-09-14,1136,7791,1953,6,5,6,1953,0,0,0,NA,0,005,COLORADO BL,TERRACE DR,800,W,N,A,-,N,NA,NA,NA,NA,NA,NA,NA,NA,NA,N,3,0,1,2,A,-,08,22107,NA,N,H,G,A,A,H,-,A,D,0,NA,Y,NA,NA,Y,NA,A,01,0,1,0,0,0,0,1,0,0,-,-,NA,NA,LOS ANGELES,PASADENA,-118.1602783203125,34.1457405090332
8947061,2019,2019-10-03,1900,2019-09-05,1710,543275,1418,4,5,1,1932,0,0,0,NA,0,141T5,ROWLAND ST,AJAX CIR,0,NA,Y,A,-,N,NA,NA,NA,NA,NA,NA,NA,NA,NA,Y,3,0,1,2,A,-,09,21804,A,N,D,C,A,A,H,-,A,D,0,NA,NA,Y,NA,Y,NA,A,01,0,1,0,0,0,0,0,0,1,-,-,34.00120162963867,-117.91380310058594,LOS ANGELES,INDUSTRY,-117.91371917724608,34.0012092590332
8947063,2019,2019-10-04,1953,2019-09-17,2048,1268,1953,2,5,6,1953,0,0,0,NA,0,004,SIERRA MADRE BL,LA TIERRA ST,25,E,N,A,-,N,NA,NA,NA,NA,NA,NA,NA,NA,NA,N,4,0,1,2,A,-,03,22350,NA,M,C,C,A,A,H,-,C,A,0,NA,NA,NA,NA,Y,NA,A,01,0,0,1,0,0,0,0,0,0,-,-,NA,NA,LOS ANGELES,PASADENA,-118.09560394287108,34.15176773071289
8947065,2019,2019-10-03,1900,2019-09-04,1544,600059,1418,3,5,1,1932,0,0,0,NA,0,141T6,FULLERTON RD,ARENTH AV,0,NA,Y,A,-,N,NA,NA,NA,NA,NA,NA,NA,NA,NA,Y,3,0,4,2,A,-,09,21801,A,N,D,C,A,A,H,-,A,A,0,NA,NA,NA,NA,Y,NA,A,01,0,1,3,0,0,0,0,0,0,-,-,34.00341033935547,-117.90421295166016,LOS ANGELES,INDUSTRY,-117.90415191650392,34.003299713134766
8947066,2019,2019-10-04,1942,2019-09-09,1310,40099,1377,1,5,7,1942,0,0,0,M,0,13A75,E 53RD ST,LONG BEACH AV,150,W,N,A,-,N,NA,NA,NA,NA,NA,NA,NA,NA,NA,N,4,0,1,2,C,-,18,NA,NA,N,C,C,F,A,H,-,A,D,0,Y,NA,NA,NA,Y,NA,-,-,0,0,1,0,1,0,0,0,0,-,-,NA,NA,LOS ANGELES,LOS ANGELES,-118.24390411376952,33.99477005004883
8947067,2019,2019-10-04,1953,2019-09-02,2059,7791,1953,1,5,6,1953,0,0,0,NA,0,005,LOS ROBLES AV,WALNUT ST,0,NA,Y,A,-,N,NA,NA,NA,NA,NA,NA,NA,NA,NA,Y,4,0,2,2,A,-,09,21801,A,F,D,C,A,A,H,-,C,A,0,NA,NA,NA,NA,Y,Y,A,07,0,0,2,0,0,0,0,0,0,-,-,NA,NA,LOS ANGELES,PASADENA,-118.1414794921875,34.14952850341797
8947069,2019,2019-10-03,1900,2019-09-02,1630,618053,1417,1,5,1,1932,0,0,0,NA,0,141T5,AZUSA AV,TEMPLE AV,71,S,N,A,-,N,NA,NA,NA,NA,NA,NA,NA,NA,NA,N,2,0,1,2,A,-,11,21954,A,N,G,B,D,A,H,-,A,D,0,Y,NA,NA,NA,Y,NA,N,60,1,0,0,0,1,0,0,0,0,-,-,34.024391174316406,-117.91766357421876,LOS ANGELES,INDUSTRY,-117.91777801513672,34.02449417114258
8947070,2019,2019-10-04,1942,2019-09-05,1620,37952,1381,4,5,7,1942,0,0,0,M,0,13A93,S BROADWAY,W 61ST ST,0,NA,Y,A,-,N,NA,NA,NA,NA,NA,NA,NA,NA,NA,N,4,0,1,2,A,-,03,22350,NA,N,C,C,A,A,H,-,A,D,0,NA,NA,NA,NA,Y,NA,A,01,0,0,1,0,0,0,0,0,0,-,-,NA,NA,LOS ANGELES,LOS ANGELES,-118.27828979492188,33.98421096801758
8947071,2019,2019-10-04,1953,2019-09-03,1447,9296,NA,2,5,6,1953,0,0,0,NA,0,NA,WALNUT ST,VINEDO AV,0,NA,Y,A,-,N,NA,NA,NA,NA,NA,NA,NA,NA,NA,N,3,0,1,2,A,-,12,22450,A,N,D,G,A,A,H,-,A,D,0,NA,Y,NA,NA,Y,NA,L,04,0,1,0,0,0,0,1,0,0,-,-,NA,NA,LOS ANGELES,PASADENA,-118.09609222412108,34.1479606628418
8947073,2019,2019-10-03,1942,2019-09-15,1450,38007,2021,7,5,7,1942,0,0,0,NA,0,20A1,BRONSON AV,6TH ST,0,NA,Y,A,-,N,NA,NA,NA,NA,NA,NA,NA,NA,NA,Y,4,0,1,2,A,-,09,21802,A,N,D,C,A,A,H,-,A,A,0,NA,NA,NA,NA,Y,NA,A,07,0,0,1,0,0,0,0,0,0,-,-,NA,NA,LOS ANGELES,LOS ANGELES,-118.31777954101564,34.063480377197266
8947074,2019,2019-10-04,1942,2019-09-05,0745,39759,1324,4,5,7,1942,0,0,0,M,0,13A27,S NAOMI AV,E 20TH ST,0,NA,Y,A,-,N,NA,NA,NA,NA,NA,NA,NA,NA,NA,N,4,0,1,3,A,-,11,21950,B,N,G,B,B,A,H,-,A,A,0,Y,NA,NA,NA,Y,NA,A,01,0,0,1,0,1,0,0,0,0,-,-,NA,NA,LOS ANGELES,LOS ANGELES,-118.24903106689452,34.02177047729492
8947075,2019,2019-10-04,1953,2019-09-04,0848,3775,NA,3,5,6,1953,0,0,0,NA,0,003,CALIFORNIA BL,ARDEN RD,15,W,N,A,-,N,NA,NA,NA,NA,NA,NA,NA,NA,NA,Y,4,0,2,2,A,-,04,21703,NA,N,C,C,A,A,H,-,A,A,0,NA,NA,NA,NA,Y,NA,A,01,0,0,2,0,0,0,0,0,0,-,-,NA,NA,LOS ANGELES,PASADENA,-118.1244888305664,34.135921478271484
8947077,2019,2019-10-03,1942,2019-09-06,0004,43440,NA,5,5,7,1942,0,0,0,NA,0,7A47,VENICE BL,CADILLAC AV,73,W,N,A,-,N,NA,NA,NA,NA,NA,NA,NA,NA,NA,N,3,0,1,2,A,-,06,21750,A,F,D,G,A,A,H,-,C,A,0,NA,Y,NA,NA,Y,NA,-,NA,0,1,0,0,0,0,1,0,0,-,-,NA,NA,LOS ANGELES,LOS ANGELES,-118.37438201904295,34.037330627441406
8947078,2019,2019-10-04,1942,2019-09-18,1000,39938,NA,3,5,7,1942,0,0,0,NA,0,NA,OLIVE ST,S 6TH ST,227,NA,N,A,-,N,NA,NA,NA,NA,NA,NA,NA,NA,NA,N,4,0,1,2,A,-,03,22350,NA,M,G,B,F,A,H,-,A,A,0,Y,NA,NA,NA,Y,NA,-,99,0,0,1,0,1,0,0,0,0,-,-,NA,NA,LOS ANGELES,LOS ANGELES,-118.25420379638672,34.048038482666016
8947079,2019,2019-10-04,1953,2019-09-04,0757,1001,1953,3,5,6,1953,0,0,0,NA,0,005,CALIFORNIA BL,WILSON AV,0,NA,Y,A,-,N,NA,NA,NA,NA,NA,NA,NA,NA,NA,Y,4,0,1,2,A,-,12,21453,A,N,A,C,A,A,H,-,A,A,0,NA,NA,NA,NA,Y,NA,A,01,0,0,1,0,0,0,0,0,0,-,-,NA,NA,LOS ANGELES,PASADENA,-118.12796783447266,34.13591003417969
8947081,2019,2019-10-03,1942,2019-09-09,2030,42745,0765,1,5,7,1942,0,0,0,G,0,7A17,PICO BL,TREMAINE AV,0,NA,Y,A,-,N,NA,NA,NA,NA,NA,NA,NA,NA,NA,N,4,0,1,2,A,-,10,21950,A,F,G,B,B,A,H,-,C,A,0,Y,NA,NA,NA,Y,NA,-,99,0,0,1,0,1,0,0,0,0,-,-,NA,NA,LOS ANGELES,LOS ANGELES,-118.34092712402344,34.048301696777344
8947082,2019,2019-10-04,1942,2019-09-04,1635,34458,1385,3,5,7,1942,0,0,0,M,0,13A85,AVALON BL,E SLAUSON AV,247,S,N,A,-,N,NA,NA,NA,NA,NA,NA,NA,NA,NA,N,3,0,1,2,A,-,06,21750,A,F,B,C,A,A,H,-,A,D,0,NA,NA,NA,NA,Y,NA,-,99,0,1,0,0,0,0,0,0,0,-,-,NA,NA,LOS ANGELES,LOS ANGELES,-118.26519775390624,33.98857116699219
8947083,2019,2019-10-04,1953,2019-09-05,0832,3367,195,4,5,6,1953,0,0,0,NA,0,004,SIERRA MADRE VILLA AV,FOOTHILL BL,0,NA,Y,A,-,N,NA,NA,NA,NA,NA,NA,NA,NA,NA,N,4,0,1,2,A,-,10,21950,A,N,G,B,B,A,H,-,A,A,0,Y,NA,NA,NA,Y,NA,A,01,0,0,1,0,1,0,0,0,0,-,-,NA,NA,LOS ANGELES,PASADENA,-118.08248901367188,34.150081634521484
8947085,2019,2019-10-03,1942,2019-09-07,1715,43639,0721,6,5,7,1942,0,0,0,G,0,7A32W7,LA CIENEGA,CLIFTON WY,75,N,N,A,-,N,NA,NA,NA,NA,NA,NA,NA,NA,NA,Y,4,0,1,3,A,-,04,21703,NA,F,C,C,A,A,H,-,A,A,0,NA,NA,NA,NA,Y,NA,A,07,0,0,1,0,0,0,0,0,0,-,-,NA,NA,LOS ANGELES,LOS ANGELES,-118.37635040283205,34.06943130493164
8947086,2019,2019-10-15,1942,2019-09-03,1600,40099,1309,2,5,7,1942,0,0,0,M,0,13A9,SANTA FE AV,E 11TH ST,5,N,N,A,-,N,NA,NA,NA,NA,NA,NA,NA,NA,NA,Y,3,0,1,2,B,-,22,NA,NA,N,D,C,A,A,H,-,A,A,0,NA,NA,Y,NA,Y,NA,A,01,0,1,0,0,0,0,0,0,1,-,-,NA,NA,LOS ANGELES,LOS ANGELES,-118.23008728027344,34.02304458618164
8947087,2019,2019-10-04,1953,2019-09-05,1739,3398,1953,4,5,6,1953,0,0,0,NA,0,003,ORANGE GROVE BL,ALLEN AV,0,NA,Y,A,-,N,NA,NA,NA,NA,NA,NA,NA,NA,NA,Y,3,0,1,2,A,-,09,21801,A,N,A,C,A,A,H,-,A,A,0,NA,NA,NA,NA,Y,NA,A,01,0,1,0,0,0,0,0,0,0,-,-,NA,NA,LOS ANGELES,PASADENA,-118.11318206787108,34.15789031982422
8947089,2019,2019-10-03,1942,2019-09-09,1610,38007,0723,1,5,7,1942,0,0,0,G,0,7A21,BEVERLY BL,N CRESCENT HEIGHTS BL,55,W,N,A,-,N,NA,NA,NA,NA,NA,NA,NA,NA,NA,N,4,0,2,2,A,-,03,22350,NA,F,C,C,A,A,H,-,A,D,0,NA,NA,NA,NA,Y,NA,-,99,0,0,2,0,0,0,0,0,0,-,-,NA,NA,LOS ANGELES,LOS ANGELES,-118.36605072021484,34.07609176635742
8947091,2019,2019-10-04,1953,2019-09-20,1044,0552,1953,5,5,6,1953,0,0,0,NA,0,003,WASHINGTON BL,DOMINION AV,0,NA,Y,A,-,N,NA,NA,NA,NA,NA,NA,NA,NA,NA,Y,3,0,2,2,A,-,09,21801,A,N,D,C,A,A,H,-,A,A,0,NA,NA,NA,NA,Y,NA,A,01,0,2,0,0,0,0,0,0,0,-,-,NA,NA,LOS ANGELES,PASADENA,-118.1142578125,34.16912841796875
8947093,2019,2019-10-03,1942,2019-09-11,1535,36847,0721,3,5,7,1942,0,0,0,G,0,7A73,BEVERLY BL,LA CIENEGA BL,0,NA,Y,A,-,N,NA,NA,NA,NA,NA,NA,NA,NA,NA,N,4,0,1,2,A,-,10,21950,A,F,G,B,B,A,H,-,A,A,0,Y,NA,NA,NA,Y,NA,-,99,0,0,1,0,1,0,0,0,0,-,-,NA,NA,LOS ANGELES,LOS ANGELES,-118.37660980224608,34.0760612487793
8947094,2019,2019-10-04,1942,2019-09-10,1925,43777,1395,2,5,7,1942,0,0,0,M,0,4A58,FLORENCE AV,AVALON BL,0,NA,Y,A,-,N,NA,NA,NA,NA,NA,NA,NA,NA,NA,Y,4,0,3,3,D,-,00,NA,NA,N,D,C,A,A,H,-,E,B,0,NA,NA,NA,NA,Y,NA,-,-,0,0,3,0,0,0,0,0,0,-,-,NA,NA,LOS ANGELES,LOS ANGELES,-118.2651824951172,33.974708557128906
8947095,2019,2019-10-28,1953,2019-09-20,2225,1928,1953,5,5,6,1953,0,0,0,NA,0,002,MARENGO AV,WASHINGTON BL,0,NA,Y,A,-,N,NA,NA,NA,NA,NA,NA,NA,NA,NA,N,3,0,1,2,A,-,12,21453,A,N,D,G,A,A,H,-,C,A,0,NA,Y,NA,NA,Y,NA,-,-,0,1,0,0,0,0,1,0,0,-,-,NA,NA,LOS ANGELES,PASADENA,-118.14617919921876,34.168880462646484
8947097,2019,2019-10-03,1942,2019-09-09,1120,34959,0723,1,5,7,1942,0,0,0,G,0,7A21,BEVERLY BL,HAYWORTH AV,18,E,N,A,-,N,NA,NA,NA,NA,NA,NA,NA,NA,NA,N,4,0,1,2,A,-,03,22350,NA,F,C,C,A,A,H,-,A,D,0,NA,NA,NA,NA,Y,NA,-,99,0,0,1,0,0,0,0,0,0,-,-,NA,NA,LOS ANGELES,LOS ANGELES,-118.36257934570313,34.07611083984375
8947098,2019,2019-10-04,1942,2019-09-10,0850,41927,1321,2,5,7,1942,0,0,0,M,0,13A13,BROADWAY,22ND ST,0,NA,Y,A,-,N,NA,NA,NA,NA,NA,NA,NA,NA,NA,Y,3,0,1,2,A,-,09,21802,A,N,D,C,A,A,H,-,A,A,0,NA,NA,NA,NA,Y,NA,A,01,0,1,0,0,0,0,0,0,0,-,-,NA,NA,LOS ANGELES,LOS ANGELES,-118.26750946044922,34.02878952026367
8947099,2019,2019-10-04,1953,2019-09-18,1349,3367,1953,3,5,6,1953,0,0,0,NA,0,004,WALNUT ST,SAN GABRIEL BL,100,E,N,A,-,N,NA,NA,NA,NA,NA,NA,NA,NA,NA,Y,4,0,2,2,A,-,09,21801,A,N,-,C,A,A,H,-,A,A,0,NA,NA,NA,NA,Y,NA,A,07,0,0,2,0,0,0,0,0,0,-,-,NA,NA,LOS ANGELES,PASADENA,-118.09423828125,34.14799499511719
8947101,2019,2019-10-03,1942,2019-09-15,1658,41671,0702,7,5,7,1942,0,0,0,G,0,7A1,WARING AV,N VISTA ST,65,W,N,A,-,N,NA,NA,NA,NA,NA,NA,NA,NA,NA,N,2,0,1,2,A,-,08,22107,NA,N,H,G,A,A,H,-,A,A,0,NA,Y,NA,NA,Y,NA,L,04,1,0,0,0,0,0,1,0,0,-,-,NA,NA,LOS ANGELES,LOS ANGELES,-118.35245513916016,34.0853157043457
8947103,2019,2019-10-04,1953,2019-09-17,1641,0999,PASAD,2,5,6,1953,0,0,0,NA,0,005,DEL MAR BL,ORANGE GROVE BL,150,W,N,A,-,N,NA,NA,NA,NA,NA,NA,NA,NA,NA,Y,4,0,1,2,A,-,04,21703,NA,N,D,C,A,A,H,-,A,D,0,NA,NA,NA,NA,Y,NA,A,07,0,0,1,0,0,0,0,0,0,-,-,NA,NA,LOS ANGELES,PASADENA,-118.15946197509766,34.14073181152344
8947105,2019,2019-10-03,1942,2019-09-11,1709,43906,0752,3,5,7,1942,0,0,0,G,0,7A22,PICO BL,STEARNS DR,0,NA,Y,A,-,N,NA,NA,NA,NA,NA,NA,NA,NA,NA,N,3,0,1,2,A,-,10,21950,A,N,A,B,B,A,H,-,A,D,0,Y,NA,NA,NA,Y,NA,A,01,0,1,0,0,1,0,0,0,0,-,-,NA,NA,LOS ANGELES,LOS ANGELES,-118.37113189697266,34.05236053466797
8947107,2019,2019-10-04,1953,2019-09-09,0654,9296,NA,1,5,6,1953,0,0,0,NA,0,NA,SAN GABRIEL BL,ONEIDA ST,100,N,N,A,-,N,NA,NA,NA,NA,NA,NA,NA,NA,NA,Y,4,0,1,2,A,-,09,21801,A,N,D,C,A,A,H,-,A,D,0,NA,NA,NA,NA,Y,NA,A,01,0,0,1,0,0,0,0,0,0,-,-,NA,NA,LOS ANGELES,PASADENA,-118.09465026855467,34.140472412109375
8947109,2019,2019-10-11,1942,2019-09-10,1215,40899,0743,2,5,7,1942,0,0,0,G,0,7A33,W 8TH ST,S STANLEY AV,60,W,N,A,-,N,NA,NA,NA,NA,NA,NA,NA,NA,NA,N,3,0,1,2,C,-,18,NA,NA,N,H,G,A,A,H,-,A,D,0,NA,Y,NA,NA,Y,NA,-,-,0,1,0,0,0,0,1,0,0,-,-,NA,NA,LOS ANGELES,LOS ANGELES,-118.35683441162108,34.060768127441406
8947111,2019,2019-10-04,1953,2019-09-10,1943,5974,1953,2,5,6,1953,0,0,0,NA,0,005,CORDOVA ST,EUCLID AV,0,NA,Y,A,-,N,NA,NA,NA,NA,NA,NA,NA,NA,NA,N,3,0,1,2,A,-,12,21453,A,N,G,B,B,A,H,-,C,A,0,Y,NA,NA,NA,Y,NA,A,01,0,1,0,0,1,0,0,0,0,-,-,NA,NA,LOS ANGELES,PASADENA,-118.14292144775392,34.14213943481445
8947112,2019,2019-10-03,1953,2019-09-11,1213,7724,LA CO,3,5,6,1953,0,0,0,NA,0,001,RAYMOND AV,CALIFORNIA BL,0,NA,Y,A,-,N,NA,NA,NA,NA,NA,NA,NA,NA,NA,Y,2,0,3,4,A,-,03,22350,NA,N,E,B,B,A,H,-,A,A,0,Y,NA,NA,NA,Y,NA,A,01,1,1,1,0,2,0,0,0,0,-,-,NA,NA,LOS ANGELES,PASADENA,-118.14881134033205,34.135799407958984
8947113,2019,2019-10-03,1942,2019-09-11,0815,43985,0836,3,5,7,1942,0,0,0,H,0,8A95,LITTLE SANTA MONICA,PANDORA,5,E,N,A,-,N,NA,NA,NA,NA,NA,NA,NA,NA,NA,N,3,0,1,2,A,-,17,21235,G,N,D,C,A,A,H,-,A,D,0,NA,NA,NA,NA,Y,NA,M,94,0,1,0,0,0,0,0,0,0,-,-,NA,NA,LOS ANGELES,LOS ANGELES,-118.424756,34.056717
8947115,2019,2019-10-04,1953,2019-09-10,1504,5974,1953,2,5,6,1953,0,0,0,NA,0,001,PALMETTO DR,ORANGE GROVE BL,0,NA,Y,B,-,N,NA,NA,NA,NA,NA,NA,NA,NA,NA,Y,3,0,1,2,A,-,12,22450,NA,N,D,C,A,A,H,-,A,A,0,NA,NA,NA,NA,Y,NA,A,01,0,1,0,0,0,0,0,0,0,-,-,NA,NA,LOS ANGELES,PASADENA,-118.15914916992188,34.13734817504883
8947116,2019,2019-10-03,1953,2019-09-11,0130,1268,1953,3,5,6,1953,0,0,0,NA,0,004,E COLORADO BL,KINNELOA AV,80,W,N,A,-,N,NA,NA,NA,NA,NA,NA,NA,NA,NA,Y,4,0,1,2,A,-,03,22350,NA,N,A,I,A,A,H,-,C,A,0,NA,NA,NA,NA,Y,NA,A,01,0,0,1,0,0,0,0,0,0,-,-,NA,NA,LOS ANGELES,PASADENA,-118.0872039794922,34.14620590209961