CASE_ID,ACCIDENT_YEAR,PROC_DATE,JURIS,COLLISION_DATE,COLLISION_TIME,OFFICER_ID,REPORTING_DISTRICT,DAY_OF_WEEK,CHP_SHIFT,POPULATION,CNTY_CITY_LOC,SPECIAL_COND,BEAT_TYPE,CHP_BEAT_TYPE,CITY_DIVISION_LAPD,CHP_BEAT_CLASS,BEAT_NUMBER,PRIMARY_RD,SECONDARY_RD,DISTANCE,DIRECTION,INTERSECTION,WEATHER_1,WEATHER_2,STATE_HWY_IND,CALTRANS_COUNTY,CALTRANS_DISTRICT,STATE_ROUTE,ROUTE_SUFFIX,POSTMILE_PREFIX,POSTMILE,LOCATION_TYPE,RAMP_INTERSECTION,SIDE_OF_HWY,TOW_AWAY,COLLISION_SEVERITY,NUMBER_KILLED,NUMBER_INJURED,PARTY_COUNT,PRIMARY_COLL_FACTOR,PCF_CODE_OF_VIOL,PCF_VIOL_CATEGORY,PCF_VIOLATION,PCF_VIOL_SUBSECTION,HIT_AND_RUN,TYPE_OF_COLLISION,MVIW,PED_ACTION,ROAD_SURFACE,ROAD_COND_1,ROAD_COND_2,LIGHTING,CONTROL_DEVICE,CHP_ROAD_TYPE,PEDESTRIAN_ACCIDENT,BICYCLE_ACCIDENT,MOTORCYCLE_ACCIDENT,TRUCK_ACCIDENT,NOT_PRIVATE_PROPERTY,ALCOHOL_INVOLVED,STWD_VEHTYPE_AT_FAULT,CHP_VEHTYPE_AT_FAULT,COUNT_SEVERE_INJ,COUNT_VISIBLE_INJ,COUNT_COMPLAINT_PAIN,COUNT_PED_KILLED,COUNT_PED_INJURED,COUNT_BICYCLIST_KILLED,COUNT_BICYCLIST_INJURED,COUNT_MC_KILLED,COUNT_MC_INJURED,PRIMARY_RAMP,SECONDARY_RAMP,LATITUDE,LONGITUDE,COUNTY,CITY,POINT_X,POINT_Y
8948653,2018,2019-09-26,1924,2018-06-19,1115,109942,15,2,5,5,1924,0,0,0,NA,0,8L7D,CRENSHAW BL,139TH ST,27,N,N,A,-,N,NA,NA,NA,NA,NA,NA,NA,NA,NA,N,3,0,1,2,A,-,09,21802,A,M,C,C,A,A,H,-,A,A,0,NA,NA,Y,NA,Y,NA,-,NA,0,1,0,0,0,0,0,0,1,-,-,33.90557861328125,-118.32650756835938,LOS ANGELES,GARDENA,-118.32655334472656,33.90561294555664
8948657,2018,2019-09-26,1924,2018-06-17,0617,114642,46,7,5,5,1924,0,0,0,NA,0,8T3,NORMANDIE AV,155TH ST,0,NA,Y,B,-,N,NA,NA,NA,NA,NA,NA,NA,NA,NA,Y,4,0,2,2,A,-,01,23152,A,N,D,C,A,A,H,-,C,D,0,NA,NA,NA,NA,Y,Y,A,01,0,0,2,0,0,0,0,0,0,-,-,33.89141082763672,-118.30023193359376,LOS ANGELES,GARDENA,-118.29953002929688,33.89030075073242
8948661,2019,2019-11-13,1900,2019-06-23,1823,531269,0250,7,5,4,1945,0,0,0,NA,0,28T,ATLANTIC BL,61ST ST,0,NA,Y,A,-,N,NA,NA,NA,NA,NA,NA,NA,NA,NA,Y,4,0,1,2,A,-,12,21453,A,N,B,C,A,A,H,-,A,A,0,NA,NA,NA,NA,Y,NA,-,NA,0,0,1,0,0,0,0,0,0,-,-,33.983001708984375,-118.18599700927734,LOS ANGELES,MAYWOOD,-118.18614196777344,33.9835205078125
8948669,2019,2019-11-19,1900,2019-06-27,0101,604401,1,4,5,3,1914,0,0,0,NA,0,001,SLAUSON AV,ALEXANDER ST,20,E,-,A,-,N,NA,NA,NA,NA,NA,NA,NA,NA,NA,Y,4,0,1,1,A,-,03,22350,NA,N,A,I,A,A,H,-,C,A,0,NA,NA,NA,NA,Y,NA,-,NA,0,0,1,0,0,0,0,0,0,-,-,NA,NA,LOS ANGELES,COMMERCE,-118.1579818725586,33.9853630065918
8948672,2019,2019-10-08,1942,2019-09-01,2320,43893,0331,7,5,7,1942,0,0,0,C,0,3L50,LA BREA AV,JEFFERSON BL,2,S,N,A,-,N,NA,NA,NA,NA,NA,NA,NA,NA,NA,N,4,0,1,2,A,-,05,21202,NA,N,B,G,A,A,H,-,C,A,0,NA,Y,NA,NA,Y,NA,L,04,0,0,1,0,0,0,1,0,0,-,-,NA,NA,LOS ANGELES,LOS ANGELES,-118.35487365722656,34.025516510009766
8948673,2019,2019-11-13,1900,2019-06-27,0830,487839,0241,4,5,3,1914,0,0,0,NA,0,27T/D,TELEGRAPH RD,MCBRIDE AV,0,NA,Y,A,-,N,NA,NA,NA,NA,NA,NA,NA,NA,NA,Y,3,0,2,2,A,-,-,NA,NA,N,D,C,A,A,H,-,A,D,0,NA,NA,NA,NA,Y,NA,A,01,0,1,1,0,0,0,0,0,0,-,-,NA,NA,LOS ANGELES,COMMERCE,-118.17083740234376,34.01601028442383
8948683,2019,2019-10-08,1900,2019-09-12,1500,504665,1348,4,5,3,1903,0,0,0,NA,0,134A,ARTESIA BL,ALBURTIS AV,10,E,N,A,-,N,NA,NA,NA,NA,NA,NA,NA,NA,NA,N,4,0,2,3,A,-,04,21703,NA,N,C,C,A,A,H,-,A,D,0,NA,NA,NA,Y,Y,NA,F,26,0,0,2,0,0,0,0,0,0,-,-,NA,NA,LOS ANGELES,ARTESIA,-118.08397674560548,33.87308120727539
8948684,2019,2019-10-08,1942,2019-09-19,0845,40289,0257,4,5,7,1942,0,0,0,B,0,2A69,COLUMBIA AV,W 6TH ST,35,N,N,A,-,N,NA,NA,NA,NA,NA,NA,NA,NA,NA,N,4,0,1,2,A,-,11,21954,A,N,G,B,E,A,H,-,A,D,0,Y,NA,NA,NA,Y,NA,N,60,0,0,1,0,1,0,0,0,0,-,-,NA,NA,LOS ANGELES,LOS ANGELES,-118.26625823974608,34.055904388427734
8948692,2019,2019-10-08,1942,2019-09-19,1425,37952,0153,4,5,7,1942,0,0,0,A,0,1A41,S BROADWAY,W 6TH ST,200,N,N,A,-,N,NA,NA,NA,NA,NA,NA,NA,NA,NA,Y,4,0,2,2,A,-,06,21750,A,N,B,C,A,A,H,-,A,D,0,NA,NA,NA,NA,Y,NA,D,22,0,0,2,0,0,0,0,0,0,-,-,NA,NA,LOS ANGELES,LOS ANGELES,-118.25160980224608,34.04707717895508
8948696,2019,2019-10-08,1942,2019-09-18,2210,40325,0132,3,5,7,1942,0,0,0,A,0,1A1,3RD ST,FIGUEROA,160,W,N,A,-,N,NA,NA,NA,NA,NA,NA,NA,NA,NA,N,3,0,2,2,A,-,07,21658,A,N,B,C,A,A,H,-,C,A,0,NA,NA,Y,NA,Y,NA,D,22,0,1,1,0,0,0,0,0,2,-,-,NA,NA,LOS ANGELES,LOS ANGELES,-118.25499725341795,34.05530548095703
8948698,2019,2019-10-08,1942,2019-09-08,1230,37540,1343,7,5,7,1942,0,0,0,M,0,13A43,E 35TH ST,AVALON BL,100,E,N,A,-,N,NA,NA,NA,NA,NA,NA,NA,NA,NA,N,4,0,1,2,A,-,11,21954,A,N,G,B,E,A,H,-,A,D,0,Y,NA,NA,NA,Y,NA,N,60,0,0,1,0,1,0,0,0,0,-,-,NA,NA,LOS ANGELES,LOS ANGELES,-118.2649383544922,34.01435470581055
8948702,2019,2019-10-09,1942,2019-09-09,1925,42515,1347,1,5,7,1942,0,0,0,M,0,13X62,NEVIN AV,E 27TH ST,150,S,N,A,-,N,NA,NA,NA,NA,NA,NA,NA,NA,NA,Y,3,0,2,3,A,-,03,22350,NA,N,C,E,A,A,H,-,A,D,0,NA,NA,NA,NA,Y,NA,D,22,0,2,0,0,0,0,0,0,0,-,-,NA,NA,LOS ANGELES,LOS ANGELES,-118.24563598632813,34.01247024536133
8948703,2019,2019-10-24,1900,2019-09-19,2027,532457,1322,4,5,5,1935,0,0,0,NA,0,132T2P,RT 19,HEDDA ST,0,NA,Y,A,-,N,NA,NA,NA,NA,NA,NA,NA,NA,NA,Y,4,0,1,2,A,-,09,21802,A,N,D,C,A,A,H,-,C,A,0,NA,NA,NA,NA,Y,NA,A,01,0,0,1,0,0,0,0,0,0,-,-,33.86410140991211,-118.14260864257813,LOS ANGELES,LAKEWOOD,-118.142609,33.864101
8948704,2019,2019-10-08,1942,2019-09-09,1715,42955,0185,1,5,7,1942,0,0,0,A,0,1A85,S MAIN ST,E 11TH ST,0,NA,Y,A,-,N,NA,NA,NA,NA,NA,NA,NA,NA,NA,Y,4,0,1,2,A,-,06,21755,A,N,B,C,A,A,H,-,A,A,0,NA,NA,NA,Y,Y,NA,-,NA,0,0,1,0,0,0,0,0,0,-,-,NA,NA,LOS ANGELES,LOS ANGELES,-118.25816345214844,34.03907012939453
8948706,2019,2019-10-07,1942,2019-09-08,2135,39062,1364,7,5,7,1942,0,0,0,M,0,13A43,S CENTRAL AV,E 46TH ST,40,N,N,A,-,N,NA,NA,NA,NA,NA,NA,NA,NA,NA,N,4,0,3,2,A,-,08,22107,NA,F,A,C,A,A,H,-,C,A,0,NA,NA,NA,NA,Y,NA,-,99,0,0,3,0,0,0,0,0,0,-,-,NA,NA,LOS ANGELES,LOS ANGELES,-118.25649261474608,34.002159118652344
8948708,2019,2019-10-08,1942,2019-09-17,2500,40865,0191,2,5,7,1942,0,0,0,A,0,1A61,S FIGUEROA ST,W 18TH ST,0,NA,Y,A,-,N,NA,NA,NA,NA,NA,NA,NA,NA,NA,N,4,0,1,2,A,-,04,21703,NA,N,C,C,A,A,H,-,A,A,0,NA,NA,NA,NA,Y,NA,D,22,0,0,1,0,0,0,0,0,0,-,-,NA,NA,LOS ANGELES,LOS ANGELES,-118.27140045166016,34.035430908203125
8948710,2019,2019-10-08,1942,2019-09-09,0645,36238,1309,1,5,7,1942,0,0,0,M,0,13A9,E 20TH ST,S ALAMEDA ST,0,NA,Y,A,-,N,NA,NA,NA,NA,NA,NA,NA,NA,NA,N,4,0,1,2,A,-,09,21802,A,N,D,C,A,A,H,-,A,A,0,NA,NA,NA,NA,Y,NA,A,01,0,0,1,0,0,0,0,0,0,-,-,NA,NA,LOS ANGELES,LOS ANGELES,-118.23966217041016,34.018028259277344
8948714,2019,2019-10-09,1942,2019-09-07,2330,39508,1341,6,5,7,1942,0,0,0,M,0,13A41,S BROADWAY,W 36TH PL,8,N,N,A,-,N,NA,NA,NA,NA,NA,NA,NA,NA,NA,Y,3,0,2,2,A,-,05,21651,A,N,A,C,A,A,H,-,D,D,0,NA,NA,NA,NA,Y,NA,A,01,0,1,1,0,0,0,0,0,0,-,-,NA,NA,LOS ANGELES,LOS ANGELES,-118.27545166015624,34.01652145385742
8948715,2019,2019-10-09,1942,2019-09-06,1930,43432,1251,5,5,7,1942,0,0,0,L,0,25T23,FLORENCE AV,MADDEN AV,109,W,N,A,-,N,NA,NA,NA,NA,NA,NA,NA,NA,NA,N,3,0,1,2,A,-,11,21954,A,N,G,B,D,A,H,-,C,A,0,Y,NA,NA,Y,Y,NA,N,60,0,1,0,0,1,0,0,0,0,-,-,NA,NA,LOS ANGELES,LOS ANGELES,-118.32592010498048,33.97455978393555
8948717,2019,2019-09-26,1920,2019-06-16,1652,12609,1920,7,5,6,1920,0,0,0,NA,0,006,BROOKSHIRE AV,ALAMEDA ST,0,NA,Y,A,-,N,NA,NA,NA,NA,NA,NA,NA,NA,NA,Y,3,0,1,3,A,-,09,21801,A,N,D,C,A,A,H,-,A,A,0,NA,NA,NA,NA,Y,NA,A,01,0,1,0,0,0,0,0,0,0,-,-,NA,NA,LOS ANGELES,DOWNEY,-118.13858795166016,33.92628860473633
8948718,2019,2019-10-08,1942,2019-09-13,1630,40865,1347,5,5,7,1942,0,0,0,M,0,13A27,S ALAMEDA ST,E 24TH ST,0,NA,Y,A,-,N,NA,NA,NA,NA,NA,NA,NA,NA,NA,Y,4,0,2,2,A,-,12,21453,A,N,D,C,A,A,H,-,A,A,0,NA,NA,NA,NA,Y,NA,-,-,0,0,2,0,0,0,0,0,0,-,-,NA,NA,LOS ANGELES,LOS ANGELES,-118.23964691162108,34.014869689941406
8948724,2019,2019-10-03,1942,2019-09-16,1822,36814,1144,1,5,7,1942,0,0,0,K,0,11A71,ARMSTRONG AV,SILVER LAKE BL,138,W,N,A,-,N,NA,NA,NA,NA,NA,NA,NA,NA,NA,Y,4,0,2,1,A,-,21,22106,NA,N,E,I,A,A,H,-,B,D,0,NA,NA,NA,NA,Y,NA,A,01,0,0,2,0,0,0,0,0,0,-,-,NA,NA,LOS ANGELES,LOS ANGELES,-118.26123809814452,34.100616455078125
8948728,2019,2019-10-03,1900,2019-09-03,0916,549925,0463,2,5,4,1936,0,0,0,NA,0,46T1D,IMPERIAL HWY,SANTA GERTRUDES AV,377,E,N,A,-,N,NA,NA,NA,NA,NA,NA,NA,NA,NA,N,4,0,1,2,A,-,09,21801,A,N,D,C,A,A,D,-,A,A,0,NA,NA,Y,NA,Y,NA,A,01,0,0,1,0,0,0,0,0,1,-,-,NA,NA,LOS ANGELES,LA MIRADA,-117.9931182861328,33.91728973388672
8948732,2019,2019-10-11,1900,2019-09-07,0804,626045,0454,6,5,6,1949,0,0,0,NA,0,43K1,ROSECRANS AV,SHOEMAKER AV,23,E,N,A,-,N,NA,NA,NA,NA,NA,NA,NA,NA,NA,N,4,0,1,2,A,-,03,22350,NA,N,C,C,A,A,H,-,A,A,0,NA,NA,NA,NA,Y,NA,A,01,0,0,1,0,0,0,0,0,0,-,-,NA,NA,LOS ANGELES,NORWALK,-118.05524444580078,33.90243911743164
8948736,2019,2020-01-07,1900,2019-09-09,0834,548793,0454,1,5,6,1949,0,0,0,NA,0,43H,ROSECRANS AV,RT 5,0,NA,Y,A,-,Y,LA,7,5,-,-,3.724,R,4,S,Y,3,0,1,2,A,-,12,21453,A,N,D,C,A,A,H,-,A,A,0,NA,NA,NA,NA,Y,NA,A,01,0,1,0,0,0,0,0,0,0,-,SF,NA,NA,LOS ANGELES,NORWALK,-118.06510925292967,33.90494155883789
8948740,2019,2019-10-03,1967,2019-09-20,1320,136,NA,5,5,2,1967,0,0,0,NA,0,SOUTH,BURNETT,LEWIS AV,0,NA,Y,A,-,N,NA,NA,NA,NA,NA,NA,NA,NA,NA,N,3,0,1,2,D,-,00,NA,NA,N,H,G,A,A,H,-,A,A,0,NA,Y,NA,NA,Y,NA,-,-,0,1,0,0,0,0,1,0,0,-,-,NA,NA,LOS ANGELES,SIGNAL HILL,-118.17961120605467,33.80073928833008
8948744,2019,2020-01-07,1900,2019-09-16,1420,510509,1121,1,5,6,1992,0,0,0,NA,0,112T4,AVE I,RT 14,0,NA,Y,B,G,Y,LA,7,14,-,R,68.827,R,4,N,Y,4,0,2,2,A,-,12,21453,A,N,B,C,A,A,H,-,A,A,0,NA,NA,NA,NA,Y,NA,A,01,0,0,2,0,0,0,0,0,0,-,-,NA,NA,LOS ANGELES,LANCASTER,-118.16988372802734,34.701778411865234
8948748,2019,2019-10-03,1900,2019-09-07,2013,615272,1126,6,5,6,1992,0,0,0,NA,0,112T1,15TH ST WEST,AVE J-8,0,NA,Y,A,-,N,NA,NA,NA,NA,NA,NA,NA,NA,NA,Y,4,0,1,2,A,-,08,22107,NA,N,-,C,A,A,H,-,C,A,0,NA,NA,NA,NA,Y,NA,A,07,0,0,1,0,0,0,0,0,0,-,-,NA,NA,LOS ANGELES,LANCASTER,-118.15682983398438,34.68217086791992
8948752,2019,2019-10-03,1900,2019-09-14,2225,647475,1124,6,5,6,1992,0,0,0,NA,0,111D,SIERRA HWY,AVE M,493,N,N,A,-,N,NA,NA,NA,NA,NA,NA,NA,NA,NA,N,4,0,1,2,D,-,00,NA,NA,F,G,B,E,A,H,-,D,D,0,Y,NA,NA,NA,Y,Y,-,-,0,0,1,0,1,0,0,0,0,-,-,NA,NA,LOS ANGELES,LANCASTER,-118.12847900390624,34.64719772338867
8948753,2019,2019-10-01,1901,2019-09-01,1113,204,30,7,5,5,1901,0,0,0,NA,0,003,DATE,MISSION,0,NA,Y,A,-,N,NA,NA,NA,NA,NA,NA,NA,NA,NA,Y,4,0,1,2,A,-,09,21802,A,N,D,C,A,A,H,-,A,A,0,NA,NA,NA,NA,Y,NA,A,01,0,0,1,0,0,0,0,0,0,-,-,NA,NA,LOS ANGELES,ALHAMBRA,-118.14804840087892,34.08000946044922
8948756,2019,2019-10-11,1900,2019-09-08,2320,630202,1125,7,5,6,1992,0,0,0,NA,0,112T2,CAMOLIN LN,OLDFIELD ST,119,N,N,A,-,N,NA,NA,NA,NA,NA,NA,NA,NA,NA,N,3,0,1,2,A,-,08,22107,NA,M,A,E,A,A,H,-,C,D,0,NA,NA,NA,NA,Y,NA,A,01,0,1,0,0,0,0,0,0,0,-,-,NA,NA,LOS ANGELES,LANCASTER,-118.16232299804688,34.692474365234375
8948757,2019,2019-10-01,1901,2019-09-03,1025,283,30,2,5,5,1901,0,0,0,NA,0,003,MISSION,DATE,0,NA,Y,A,-,N,NA,NA,NA,NA,NA,NA,NA,NA,NA,N,4,0,2,2,A,-,09,21802,A,N,D,C,A,A,H,-,A,A,0,NA,NA,NA,NA,Y,NA,A,07,0,0,2,0,0,0,0,0,0,-,-,NA,NA,LOS ANGELES,ALHAMBRA,-118.14804840087892,34.08000946044922
8948760,2019,2019-10-03,1900,2019-09-23,1523,510509,1137,1,5,6,1992,0,0,0,NA,0,112T4,25TH ST E,NUGENT ST,0,NA,Y,A,-,N,NA,NA,NA,NA,NA,NA,NA,NA,NA,N,4,0,4,2,A,-,09,21801,A,N,B,C,A,A,H,-,A,D,0,NA,NA,NA,NA,Y,NA,A,01,0,0,4,0,0,0,0,0,0,-,-,NA,NA,LOS ANGELES,LANCASTER,-118.08587646484376,34.693359375
8948761,2019,2019-10-01,1901,2019-09-03,1653,284,16,2,5,5,1901,0,0,0,NA,0,004,VALLEY BL,CABRILLO AV,0,NA,Y,A,-,N,NA,NA,NA,NA,NA,NA,NA,NA,NA,N,3,0,1,2,A,-,03,22350,NA,M,C,C,A,A,H,-,A,A,0,NA,NA,NA,NA,Y,NA,A,01,0,1,0,0,0,0,0,0,0,-,-,NA,NA,LOS ANGELES,ALHAMBRA,-118.15830230712892,34.07640075683594
8948764,2019,2019-10-03,1900,2019-09-19,1540,510509,1126,4,5,6,1992,0,0,0,NA,0,112T4,AVE J,16TH ST W,117,W,N,A,-,N,NA,NA,NA,NA,NA,NA,NA,NA,NA,Y,4,0,2,2,A,-,07,21658,A,N,B,C,A,A,H,-,A,D,0,NA,NA,NA,NA,Y,NA,A,01,0,0,2,0,0,0,0,0,0,-,-,NA,NA,LOS ANGELES,LANCASTER,-118.15887451171876,34.689430236816406
8948765,2019,2019-10-01,1901,2019-09-05,1636,285,18,4,5,5,1901,0,0,0,NA,0,004,VALLEY BL,MARGUERITA AV,0,NA,Y,A,-,N,NA,NA,NA,NA,NA,NA,NA,NA,NA,Y,4,0,1,2,A,-,12,21453,A,N,D,C,A,A,H,-,A,A,0,NA,NA,NA,NA,Y,NA,A,07,0,0,1,0,0,0,0,0,0,-,-,NA,NA,LOS ANGELES,ALHAMBRA,-118.13819885253906,34.0777587890625
8948768,2019,2019-10-03,1900,2019-09-11,2500,602401,1127,3,5,6,1992,0,0,0,NA,0,112T2,40TH ST WEST,AVE I,1388,S,N,A,-,N,NA,NA,NA,NA,NA,NA,NA,NA,NA,N,2,0,1,2,D,-,00,NA,NA,F,G,B,-,-,H,-,D,D,0,Y,NA,NA,NA,Y,NA,-,-,1,0,0,0,1,0,0,0,0,-,-,NA,NA,LOS ANGELES,LANCASTER,-118.20162963867188,34.70026397705078
8948769,2019,2019-10-01,1901,2019-09-05,1837,295,13,4,5,5,1901,0,0,0,NA,0,002,6TH ST,VALLEY BL,45,S,N,A,-,N,NA,NA,NA,NA,NA,NA,NA,NA,NA,Y,4,0,1,2,A,-,09,21804,A,N,B,C,A,A,H,-,A,D,0,NA,NA,NA,NA,Y,NA,A,01,0,0,1,0,0,0,0,0,0,-,-,NA,NA,LOS ANGELES,ALHAMBRA,-118.1293487548828,34.078086853027344
8948772,2019,2019-10-03,1900,2019-09-15,0739,602401,1133,7,5,6,1992,0,0,0,NA,0,112T2,AVE J,CHALLENGER WY,30,W,N,A,-,N,NA,NA,NA,NA,NA,NA,NA,NA,NA,Y,3,0,4,2,A,-,08,22107,NA,N,C,C,A,A,H,-,A,A,0,NA,NA,NA,NA,Y,NA,A,01,0,2,2,0,0,0,0,0,0,-,-,NA,NA,LOS ANGELES,LANCASTER,-118.11272430419922,34.689453125
8948773,2019,2019-10-01,1955,2019-09-16,1458,42608,0035,1,5,6,1955,0,0,0,NA,0,002,ANDERWOOD CT,ALAMEDA ST,250,W,N,A,-,N,NA,NA,NA,NA,NA,NA,NA,NA,NA,Y,4,0,1,2,A,-,09,21804,A,N,D,C,A,A,H,-,A,D,0,NA,NA,NA,NA,Y,NA,A,01,0,0,1,0,0,0,0,0,0,-,-,NA,NA,LOS ANGELES,POMONA,-117.75702667236328,34.077613830566406
8948776,2019,2019-10-03,1900,2019-09-16,0719,602401,1192,1,5,6,1992,0,0,0,NA,0,112T2,30TH ST W,AVENUE L,0,NA,Y,A,-,N,NA,NA,NA,NA,NA,NA,NA,NA,NA,Y,3,0,5,4,A,-,12,21453,A,N,D,C,A,A,H,-,A,A,0,NA,NA,NA,NA,Y,NA,A,01,0,2,3,0,0,0,0,0,0,-,-,NA,NA,LOS ANGELES,LANCASTER,-118.18347930908205,34.66027069091797
8948777,2019,2019-10-01,1955,2019-09-15,1503,42609,38,7,5,6,1955,0,0,0,NA,0,002,WHITE AV,ARROW HWY,2000,S,N,A,-,N,NA,NA,NA,NA,NA,NA,NA,NA,NA,Y,4,0,1,2,A,-,09,21801,A,N,D,C,A,A,H,-,A,A,0,NA,NA,NA,NA,Y,NA,A,07,0,0,1,0,0,0,0,0,0,-,-,NA,NA,LOS ANGELES,POMONA,-117.7641830444336,34.08896255493164
8948780,2019,2019-10-03,1900,2019-09-15,1907,540658,1126,7,5,6,1992,0,0,0,NA,0,111T1,AVE 23,15TH ST WEST,0,NA,Y,A,-,N,NA,NA,NA,NA,NA,NA,NA,NA,NA,Y,4,0,1,2,A,-,12,21453,A,F,D,C,A,A,H,-,A,A,0,NA,NA,NA,NA,Y,NA,A,01,0,0,1,0,0,0,0,0,0,-,-,NA,NA,LOS ANGELES,LANCASTER,NA,NA
8948781,2019,2019-10-01,1955,2019-09-06,2352,42270,97,5,5,6,1955,0,0,0,NA,0,004,MISSION BL,RESERVOIR ST,152,W,N,A,-,N,NA,NA,NA,NA,NA,NA,NA,NA,NA,Y,4,0,1,2,A,-,09,21801,A,N,D,C,A,A,H,-,C,A,0,NA,NA,NA,NA,Y,NA,A,01,0,0,1,0,0,0,0,0,0,-,-,NA,NA,LOS ANGELES,POMONA,-117.7331085205078,34.0555305480957
8948784,2019,2019-10-03,1900,2019-09-15,1540,618055,1129,7,5,6,1992,0,0,0,NA,0,111T1,AVENUE K,SIERRA HWY,0,NA,Y,A,-,N,NA,NA,NA,NA,NA,NA,NA,NA,NA,Y,4,0,1,2,A,-,12,21453,A,M,D,C,A,A,H,-,A,A,0,NA,NA,NA,NA,Y,NA,A,01,0,0,1,0,0,0,0,0,0,-,-,NA,NA,LOS ANGELES,LANCASTER,-118.13294982910156,34.67498016357422
8948785,2019,2019-10-01,1955,2019-09-12,0823,40624,90,4,5,6,1955,0,0,0,NA,0,004,MISSION BL,EAST END AV,0,NA,Y,A,-,N,NA,NA,NA,NA,NA,NA,NA,NA,NA,N,4,0,1,2,A,-,09,21801,A,N,D,C,A,A,H,-,A,A,0,NA,Y,NA,NA,Y,NA,A,07,0,0,1,0,0,0,1,0,0,-,-,NA,NA,LOS ANGELES,POMONA,-117.72382354736328,34.05575942993164
8948788,2019,2019-10-03,1900,2019-09-21,1727,610418,1133,6,5,6,1992,0,0,0,NA,0,111T1,AVE J,CHALLENGER WY,39,W,N,A,-,N,NA,NA,NA,NA,NA,NA,NA,NA,NA,N,4,0,3,3,A,-,03,22350,NA,N,C,C,A,A,H,-,A,A,0,NA,NA,NA,NA,Y,NA,A,01,0,0,3,0,0,0,0,0,0,-,-,NA,NA,LOS ANGELES,LANCASTER,-118.11277770996094,34.689456939697266
8948789,2019,2019-10-01,1955,2019-09-12,0706,40632,18,4,5,6,1955,0,0,0,NA,0,003,LINCOLN AV,INDIAN HILL BL,0,NA,Y,A,-,N,NA,NA,NA,NA,NA,NA,NA,NA,NA,Y,3,0,2,2,A,-,08,22107,NA,N,A,C,A,A,H,-,A,A,0,NA,NA,NA,NA,Y,NA,A,01,0,2,0,0,0,0,0,0,0,-,-,NA,NA,LOS ANGELES,POMONA,-117.71923828125,34.0709114074707
8948792,2019,2019-10-03,1900,2019-09-19,1753,610418,1192,4,5,6,1992,0,0,0,NA,0,111T1,AVE M,30TH ST W,0,NA,Y,A,-,N,NA,NA,NA,NA,NA,NA,NA,NA,NA,Y,4,0,1,2,A,-,09,21801,A,N,A,C,A,A,H,-,A,A,0,NA,NA,NA,NA,Y,NA,A,01,0,0,1,0,0,0,0,0,0,-,-,NA,NA,LOS ANGELES,LANCASTER,-118.18305206298828,34.64569091796875
8948793,2019,2019-10-01,1955,2019-09-12,1810,42602,087,4,5,6,1955,0,0,0,NA,0,004,PHILADELPHIA ST,PALOMARES ST,375,E,N,A,-,N,NA,NA,NA,NA,NA,NA,NA,NA,NA,N,4,0,2,2,A,-,03,22350,NA,F,C,C,A,A,H,-,A,A,0,NA,NA,NA,NA,Y,NA,A,01,0,0,2,0,0,0,0,0,0,-,-,NA,NA,LOS ANGELES,POMONA,-117.7436752319336,34.03345489501953
8948796,2019,2019-10-03,1900,2019-09-18,2056,610418,1135,3,5,6,1992,0,0,0,NA,0,111T1,CHALLENGER WY,AVE J,0,NA,Y,A,-,N,NA,NA,NA,NA,NA,NA,NA,NA,NA,Y,4,0,4,2,A,-,09,21801,A,N,A,C,A,A,H,-,C,A,0,NA,NA,NA,NA,Y,NA,A,01,0,0,4,0,0,0,0,0,0,-,-,NA,NA,LOS ANGELES,LANCASTER,-118.11266,34.68948
8948797,2019,2019-10-01,1909,2019-09-16,2105,586,1909,1,5,4,1909,0,0,0,NA,0,001,GARFIELD AV,IRA AV,0,NA,Y,A,-,N,NA,NA,NA,NA,NA,NA,NA,NA,NA,N,3,0,1,2,A,-,10,21950,NA,N,D,B,B,A,H,-,C,A,0,Y,NA,NA,NA,Y,NA,A,01,0,1,0,0,1,0,0,0,0,-,-,NA,NA,LOS ANGELES,BELL GARDENS,-118.15679931640624,33.959598541259766
8948800,2019,2019-10-03,1900,2019-09-17,1454,620752,1192,2,5,6,1992,0,0,0,NA,0,111T2,AVE L,37TH ST W,0,NA,Y,A,-,N,NA,NA,NA,NA,NA,NA,NA,NA,NA,Y,2,0,4,2,A,-,12,22450,A,N,D,C,A,A,H,-,A,A,0,NA,NA,NA,NA,Y,NA,A,01,1,2,1,0,0,0,0,0,0,-,-,NA,NA,LOS ANGELES,LANCASTER,-118.19686889648438,34.66019058227539
8948804,2019,2019-10-08,1942,2019-08-31,1850,41933,0357,6,5,7,1942,0,0,0,C,0,25TL25,37TH ST,NORMANDIE AV,113,E,N,A,-,N,NA,NA,NA,NA,NA,NA,NA,NA,NA,Y,2,0,1,3,A,-,11,21954,A,N,G,B,E,A,H,-,A,D,0,Y,NA,NA,Y,Y,NA,N,60,1,0,0,0,1,0,0,0,0,-,-,NA,NA,LOS ANGELES,LOS ANGELES,-118.2998275756836,34.020973205566406
8948806,2019,2019-10-08,1900,2019-09-24,1358,620752,1120,2,5,6,1992,0,0,0,NA,0,111T2,AVENUE G,50TH ST WEST,9,W,N,A,-,N,NA,NA,NA,NA,NA,NA,NA,NA,NA,Y,4,0,1,2,A,-,08,22107,NA,N,D,C,A,A,H,-,A,D,0,NA,NA,NA,NA,Y,NA,A,01,0,0,1,0,0,0,0,0,0,-,-,NA,NA,LOS ANGELES,LANCASTER,-118.21956634521484,34.73305130004883