CASE_ID,ACCIDENT_YEAR,PROC_DATE,JURIS,COLLISION_DATE,COLLISION_TIME,OFFICER_ID,REPORTING_DISTRICT,DAY_OF_WEEK,CHP_SHIFT,POPULATION,CNTY_CITY_LOC,SPECIAL_COND,BEAT_TYPE,CHP_BEAT_TYPE,CITY_DIVISION_LAPD,CHP_BEAT_CLASS,BEAT_NUMBER,PRIMARY_RD,SECONDARY_RD,DISTANCE,DIRECTION,INTERSECTION,WEATHER_1,WEATHER_2,STATE_HWY_IND,CALTRANS_COUNTY,CALTRANS_DISTRICT,STATE_ROUTE,ROUTE_SUFFIX,POSTMILE_PREFIX,POSTMILE,LOCATION_TYPE,RAMP_INTERSECTION,SIDE_OF_HWY,TOW_AWAY,COLLISION_SEVERITY,NUMBER_KILLED,NUMBER_INJURED,PARTY_COUNT,PRIMARY_COLL_FACTOR,PCF_CODE_OF_VIOL,PCF_VIOL_CATEGORY,PCF_VIOLATION,PCF_VIOL_SUBSECTION,HIT_AND_RUN,TYPE_OF_COLLISION,MVIW,PED_ACTION,ROAD_SURFACE,ROAD_COND_1,ROAD_COND_2,LIGHTING,CONTROL_DEVICE,CHP_ROAD_TYPE,PEDESTRIAN_ACCIDENT,BICYCLE_ACCIDENT,MOTORCYCLE_ACCIDENT,TRUCK_ACCIDENT,NOT_PRIVATE_PROPERTY,ALCOHOL_INVOLVED,STWD_VEHTYPE_AT_FAULT,CHP_VEHTYPE_AT_FAULT,COUNT_SEVERE_INJ,COUNT_VISIBLE_INJ,COUNT_COMPLAINT_PAIN,COUNT_PED_KILLED,COUNT_PED_INJURED,COUNT_BICYCLIST_KILLED,COUNT_BICYCLIST_INJURED,COUNT_MC_KILLED,COUNT_MC_INJURED,PRIMARY_RAMP,SECONDARY_RAMP,LATITUDE,LONGITUDE,COUNTY,CITY,POINT_X,POINT_Y
8952908,2019,2019-11-05,1942,2019-09-17,1300,42678,0955,2,5,7,1942,0,0,0,I,0,9A19,MAGNOLIA,HAZELTINE AV,0,NA,Y,A,-,N,NA,NA,NA,NA,NA,NA,NA,NA,NA,Y,3,0,2,2,A,-,09,21801,A,N,A,C,A,A,H,-,A,A,0,NA,NA,NA,NA,Y,NA,-,-,0,1,1,0,0,0,0,0,0,-,-,NA,NA,LOS ANGELES,LOS ANGELES,-118.44000244140624,34.164859771728516
8952915,2019,2019-10-21,1942,2019-09-13,1545,43146,0471,5,5,7,1942,0,0,0,D,0,4A71,BOYLE AV,GARNET ST,30,S,N,A,-,N,NA,NA,NA,NA,NA,NA,NA,NA,NA,Y,2,0,1,2,A,-,05,21650,NA,F,A,C,A,A,H,-,A,D,0,NA,NA,NA,NA,Y,NA,D,22,1,0,0,0,0,0,0,0,0,-,-,NA,NA,LOS ANGELES,LOS ANGELES,-118.22018432617188,34.030967712402344
8952927,2019,2019-10-21,1942,2019-09-26,0200,43988,0135,4,5,7,1942,0,0,0,A,0,1A41,LOS ANGELES,3RD ST,0,NA,Y,A,-,N,NA,NA,NA,NA,NA,NA,NA,NA,NA,Y,3,0,3,2,A,-,12,21453,A,N,D,C,A,A,D,-,C,A,0,NA,NA,NA,NA,Y,NA,A,01,0,3,0,0,0,0,0,0,0,-,-,NA,NA,LOS ANGELES,LOS ANGELES,-118.24474334716795,34.04851150512695
8952935,2019,2019-10-21,1942,2019-09-21,0720,37540,1395,6,5,7,1942,0,0,0,M,0,13A93,AVALON BL,EAST 6TH ST,45,N,N,A,-,N,NA,NA,NA,NA,NA,NA,NA,NA,NA,Y,3,0,3,4,A,-,01,23152,A,N,C,C,A,A,H,-,A,D,0,NA,NA,NA,NA,Y,Y,A,01,0,1,2,0,0,0,0,0,0,-,-,NA,NA,LOS ANGELES,LOS ANGELES,-118.26519012451172,33.97987365722656
8952947,2019,2019-11-12,1942,2019-09-20,0150,40829,RD13,5,5,7,1942,0,0,0,NA,0,13A9,CENTRAL AV,16TH ST,3,S,N,A,-,N,NA,NA,NA,NA,NA,NA,NA,NA,NA,N,3,0,1,1,A,-,03,22350,NA,N,E,I,A,A,H,-,C,A,0,NA,NA,NA,Y,Y,NA,F,21,0,1,0,0,0,0,0,0,0,-,-,NA,NA,LOS ANGELES,LOS ANGELES,-118.24879455566406,34.02641296386719
8952949,2019,2019-12-10,1966,2019-09-23,1208,10938,5,1,5,3,1966,0,0,0,NA,0,NA,SYCAMORE PL,GRANDVIEW AV,975,N,N,A,-,N,NA,NA,NA,NA,NA,NA,NA,NA,NA,Y,3,0,1,3,A,-,03,22350,NA,N,C,C,A,A,H,-,A,D,0,NA,NA,NA,NA,Y,NA,A,01,0,1,0,0,0,0,0,0,0,-,-,NA,NA,LOS ANGELES,SIERRA MADRE,-118.04226684570313,34.16944122314453
8952955,2019,2019-10-21,1942,2019-09-27,1140,34332,1147,5,5,7,1942,0,0,0,K,0,11A89,N SAN FERNANDO RD,MACON ST,0,NA,Y,B,-,N,NA,NA,NA,NA,NA,NA,NA,NA,NA,Y,3,0,4,3,A,-,03,22350,NA,N,C,C,A,A,H,-,A,A,0,NA,NA,NA,NA,Y,NA,D,22,0,1,3,0,0,0,0,0,0,-,-,NA,NA,LOS ANGELES,LOS ANGELES,-118.23551177978516,34.10026931762695
8952959,2019,2019-10-21,1942,2019-09-25,2230,25115,1109,3,5,7,1942,0,0,0,K,0,11A17,EAGLE VISTA DR,KIPLING AV,50,N,N,A,-,N,NA,NA,NA,NA,NA,NA,NA,NA,NA,N,2,0,1,2,B,-,22,NA,NA,N,G,B,E,A,H,-,D,D,0,Y,NA,NA,NA,Y,NA,D,82,1,0,0,0,1,0,0,0,0,-,-,NA,NA,LOS ANGELES,LOS ANGELES,-118.1941375732422,34.1406135559082
8952961,2019,2019-10-18,1942,2019-09-12,0830,27792,0923,4,5,7,1942,0,0,0,I,0,9A23,VICTORY BL,KESTER AV,750,W,N,A,-,N,NA,NA,NA,NA,NA,NA,NA,NA,NA,Y,4,0,2,2,A,-,09,21804,A,N,C,C,A,A,H,-,A,D,0,NA,NA,NA,NA,Y,NA,A,01,0,0,2,0,0,0,0,0,0,-,-,NA,NA,LOS ANGELES,LOS ANGELES,-118.45992279052734,34.18665313720703
8952962,2019,2019-10-17,1942,2019-09-06,1645,42921,0938,5,5,7,1942,0,0,0,I,0,9X14,WOODMAN AV,SYLVAN ST,10,N,N,A,-,N,NA,NA,NA,NA,NA,NA,NA,NA,NA,N,4,0,2,2,A,-,09,21801,A,N,D,-,A,A,H,-,A,D,0,NA,NA,NA,NA,Y,NA,-,NA,0,0,2,0,0,0,0,0,0,-,-,NA,NA,LOS ANGELES,LOS ANGELES,-118.43126678466795,34.184879302978516
8952965,2019,2019-10-18,1942,2019-09-06,1530,38857,0966,5,5,7,1942,0,0,0,I,0,9A63,FULTON AV,ADDISON ST,100,N,N,A,-,N,NA,NA,NA,NA,NA,NA,NA,NA,NA,Y,3,0,2,2,A,-,03,22350,NA,N,C,C,A,A,H,-,A,D,0,NA,NA,NA,NA,Y,NA,A,01,0,1,1,0,0,0,0,0,0,-,-,NA,NA,LOS ANGELES,LOS ANGELES,-118.42252349853516,34.16151428222656
8952966,2019,2019-10-17,1942,2019-09-24,1630,41158,0937,2,5,7,1942,0,0,0,I,0,9A41,HAZELTINE AV,BESSEMER ST,35,S,N,A,-,N,NA,NA,NA,NA,NA,NA,NA,NA,NA,Y,3,0,1,2,A,-,09,21804,A,N,D,G,A,A,H,-,A,A,0,NA,Y,NA,NA,Y,NA,L,04,0,1,0,0,0,0,1,0,0,-,-,NA,NA,LOS ANGELES,LOS ANGELES,-118.43997192382813,34.18113327026367
8952969,2019,2019-10-18,1942,2019-09-27,0815,38399,0981,5,5,7,1942,0,0,0,I,0,9A89,VENTURA BL,NOBLE AV,0,NA,Y,A,-,N,NA,NA,NA,NA,NA,NA,NA,NA,NA,Y,4,0,1,2,A,-,09,21801,A,N,D,C,A,A,H,-,A,A,0,NA,NA,NA,NA,Y,NA,A,01,0,0,1,0,0,0,0,0,0,-,-,NA,NA,LOS ANGELES,LOS ANGELES,-118.46179962158205,34.153079986572266
8952970,2019,2019-10-17,1942,2019-09-09,1600,38017,0964,1,5,7,1942,0,0,0,I,0,9A63,RIVERSIDE DR,SYLMAR AV,35,E,N,A,-,N,NA,NA,NA,NA,NA,NA,NA,NA,NA,N,4,0,1,1,C,-,18,NA,NA,N,E,J,A,A,C,-,A,D,0,NA,Y,NA,NA,Y,NA,-,-,0,0,1,0,0,0,1,0,0,-,-,NA,NA,LOS ANGELES,LOS ANGELES,-118.44639587402344,34.15761184692383
8952973,2019,2019-10-18,1942,2019-09-26,1505,39192,0932,4,5,7,1942,0,0,0,I,0,9A23,VICTORY BL,HALBRENT AV,20,W,N,A,-,N,NA,NA,NA,NA,NA,NA,NA,NA,NA,N,4,0,3,3,A,-,08,22107,NA,N,B,C,A,A,H,-,A,D,0,NA,NA,NA,NA,Y,NA,A,01,0,0,3,0,0,0,0,0,0,-,-,NA,NA,LOS ANGELES,LOS ANGELES,-118.46512603759766,34.186649322509766
8952974,2019,2019-10-17,1942,2019-09-13,0900,34561,0991,5,5,7,1942,0,0,0,I,0,9A89,WOODCLIFF RD,VALLEY VISTA BL,0,NA,Y,A,-,N,NA,NA,NA,NA,NA,NA,NA,NA,NA,Y,4,0,1,3,A,-,09,21801,A,N,D,C,A,A,H,-,A,A,0,NA,NA,NA,NA,Y,NA,A,01,0,0,1,0,0,0,0,0,0,-,-,NA,NA,LOS ANGELES,LOS ANGELES,-118.46736145019533,34.148799896240234
8952977,2019,2019-10-18,1942,2019-09-15,1930,42251,0909,7,5,7,1942,0,0,0,I,0,9A19,SHERMAN WY,RANCHITO AV,500,NA,N,A,-,N,NA,NA,NA,NA,NA,NA,NA,NA,NA,Y,4,0,6,2,A,-,09,21804,A,N,D,C,A,A,H,-,C,D,0,NA,NA,NA,NA,Y,NA,A,01,0,0,6,0,0,0,0,0,0,-,-,NA,NA,LOS ANGELES,LOS ANGELES,-118.43560791015624,34.20119857788086
8952978,2019,2019-10-17,1942,2019-09-14,1910,42309,0938,6,5,7,1942,0,0,0,I,0,9A37,VICTORY BL,WOODMAN AV,0,NA,Y,B,-,N,NA,NA,NA,NA,NA,NA,NA,NA,NA,N,4,0,1,2,A,-,09,21801,A,N,A,C,A,A,H,-,C,A,0,NA,NA,NA,NA,Y,NA,A,01,0,0,1,0,0,0,0,0,0,-,-,NA,NA,LOS ANGELES,LOS ANGELES,-118.43125915527344,34.18667984008789
8952981,2019,2019-10-18,1942,2019-09-10,2040,43810,0946,2,5,7,1942,0,0,0,I,0,9A63,WOODMAN AV,HATTERAS ST,114,N,N,A,-,N,NA,NA,NA,NA,NA,NA,NA,NA,NA,N,3,0,1,2,A,-,11,21954,A,N,G,B,D,A,H,-,C,D,0,Y,NA,NA,NA,Y,NA,N,60,0,1,0,0,1,0,0,0,0,-,-,NA,NA,LOS ANGELES,LOS ANGELES,-118.43124389648438,34.17604446411133
8952982,2019,2019-10-17,1942,2019-09-30,1045,34420,0964,1,5,7,1942,0,0,0,I,0,9A63,HAZELTINE AV,RIVERSIDE DR,0,NA,Y,A,-,N,NA,NA,NA,NA,NA,NA,NA,NA,NA,Y,4,0,1,2,A,-,09,21801,A,N,D,C,A,A,H,-,A,A,0,NA,NA,NA,NA,Y,NA,A,01,0,0,1,0,0,0,0,0,0,-,-,NA,NA,LOS ANGELES,LOS ANGELES,-118.44000244140624,34.15761184692383
8952985,2019,2019-10-31,1942,2019-09-10,1115,41725,0906,2,5,7,1942,0,0,0,I,0,9A23,VAN NUYS BL,VALERIO ST,30,S,N,B,-,N,NA,NA,NA,NA,NA,NA,NA,NA,NA,Y,4,0,2,2,A,-,09,21801,A,N,D,C,A,A,H,-,A,D,0,NA,NA,NA,NA,Y,NA,A,01,0,0,2,0,0,0,0,0,0,-,-,NA,NA,LOS ANGELES,LOS ANGELES,-118.4487533569336,34.20474624633789
8952986,2019,2019-10-17,1942,2019-09-30,1615,41514,0937,1,5,7,1942,0,0,0,I,0,9A37,VICTORY BL,MATILIJA AV,0,NA,Y,A,-,N,NA,NA,NA,NA,NA,NA,NA,NA,NA,N,4,0,2,2,A,-,09,21801,A,N,D,C,A,A,H,-,A,D,0,NA,NA,Y,NA,Y,NA,A,07,0,0,2,0,0,0,0,0,1,-,-,NA,NA,LOS ANGELES,LOS ANGELES,-118.43345642089844,34.186668395996094
8952989,2019,2019-10-18,1942,2019-09-12,1145,41158,0914,4,5,7,1942,0,0,0,I,0,9A23,VAN NUYS BL,SHERMAN WY,125,N,N,A,-,N,NA,NA,NA,NA,NA,NA,NA,NA,NA,N,4,0,1,2,A,-,00,26151,NA,N,B,G,A,A,H,-,A,D,0,NA,Y,NA,NA,Y,NA,L,04,0,0,1,0,0,0,1,0,0,-,-,NA,NA,LOS ANGELES,LOS ANGELES,-118.44872283935548,34.201534271240234
8952990,2019,2019-10-17,1942,2019-09-25,2135,34599,0909,3,5,7,1942,0,0,0,I,0,9A5,WOODMAN AV,WOODMAN PL,71,S,N,A,-,N,NA,NA,NA,NA,NA,NA,NA,NA,NA,N,4,0,3,2,A,-,03,22350,NA,N,C,C,A,A,H,-,C,A,0,NA,NA,NA,NA,Y,NA,A,01,0,0,3,0,0,0,0,0,0,-,-,NA,NA,LOS ANGELES,LOS ANGELES,-118.43125915527344,34.206966400146484
8952991,2019,2019-10-17,1967,2019-09-29,0217,157,NA,7,5,2,1967,0,0,0,NA,0,SOUTH,WALNUT AV,HILL,390,S,N,A,-,N,NA,NA,NA,NA,NA,NA,NA,NA,NA,Y,3,0,3,3,A,-,08,22107,NA,N,D,E,A,A,H,-,C,D,0,NA,NA,NA,NA,Y,NA,A,01,0,1,2,0,0,0,0,0,0,-,-,NA,NA,LOS ANGELES,SIGNAL HILL,-118.17203521728516,33.79606246948242
8952994,2019,2019-10-17,1942,2019-09-24,0830,31931,0929,2,5,7,1942,0,0,0,I,0,9A37,FULTON AV,VICTORY BL,200,S,N,A,-,N,NA,NA,NA,NA,NA,NA,NA,NA,NA,Y,3,0,2,2,A,-,09,21804,A,N,A,C,A,A,H,-,A,D,0,NA,NA,NA,NA,Y,Y,A,01,0,1,1,0,0,0,0,0,0,-,-,NA,NA,LOS ANGELES,LOS ANGELES,-118.42250061035156,34.18613052368164
8952998,2019,2019-10-17,1942,2019-09-15,2025,33757,0991,7,5,7,1942,0,0,0,I,0,9A89,MULHOLLAND DR,STONERIDGE LN,300,E,N,A,-,N,NA,NA,NA,NA,NA,NA,NA,NA,NA,Y,3,0,1,1,A,-,03,22350,NA,N,E,I,A,A,H,-,C,D,0,NA,NA,NA,NA,Y,NA,A,01,0,1,0,0,0,0,0,0,0,-,-,NA,NA,LOS ANGELES,LOS ANGELES,-118.45714569091795,34.13200759887695
8952999,2019,2019-10-17,1942,2019-09-18,0605,37118,0911,3,5,7,1942,0,0,0,I,0,9A23,SHERMAN WY,ORION AV,0,NA,Y,-,-,N,NA,NA,NA,NA,NA,NA,NA,NA,NA,N,3,0,1,2,A,-,05,21202,NA,N,D,G,A,A,H,-,B,D,0,NA,Y,NA,NA,Y,NA,L,04,0,1,0,0,0,0,1,0,0,-,-,NA,NA,LOS ANGELES,LOS ANGELES,-118.47055816650392,34.20124816894531
8953001,2019,2019-10-31,1942,2019-09-19,0740,42678,0952,4,5,7,1942,0,0,0,I,0,9A41,CEDROS AV,BURBANK BL,0,NA,Y,B,-,N,NA,NA,NA,NA,NA,NA,NA,NA,NA,Y,4,0,5,3,A,-,12,21453,A,N,D,C,A,A,H,-,A,A,0,NA,NA,NA,NA,Y,NA,A,01,0,0,5,0,0,0,0,0,0,-,-,NA,NA,LOS ANGELES,LOS ANGELES,-118.4530792236328,34.17211151123047
8953002,2019,2019-10-17,1942,2019-09-22,1810,40704,0932,7,5,7,1942,0,0,0,I,0,9X6,COLUMBUS AV,FRIAR ST,50,S,N,A,-,N,NA,NA,NA,NA,NA,NA,NA,NA,NA,N,4,0,1,2,A,-,08,22107,NA,N,B,E,A,A,H,-,A,D,0,NA,NA,NA,NA,Y,NA,-,NA,0,0,1,0,0,0,0,0,0,-,-,NA,NA,LOS ANGELES,LOS ANGELES,-118.46401977539064,34.18559265136719
8953003,2019,2019-10-17,1942,2019-09-07,1420,40141,0943,6,5,7,1942,0,0,0,I,0,9A41,TYRONE AV,BURBANK BL,100,S,N,A,-,N,NA,NA,NA,NA,NA,NA,NA,NA,NA,Y,4,0,1,2,A,-,09,21801,A,N,D,C,A,A,H,-,A,D,0,NA,NA,NA,NA,Y,NA,A,01,0,0,1,0,0,0,0,0,0,-,-,NA,NA,LOS ANGELES,LOS ANGELES,-118.44434356689452,34.171836853027344
8953005,2019,2019-10-18,1942,2019-09-18,0645,39217,0932,3,5,7,1942,0,0,0,I,0,9A23,VICTORY BL,WILLIS AV,75,W,N,A,-,N,NA,NA,NA,NA,NA,NA,NA,NA,NA,Y,3,0,1,2,A,-,06,21755,A,N,C,C,A,-,H,-,A,D,0,NA,NA,Y,NA,Y,NA,C,02,0,1,0,0,0,0,0,0,1,-,-,NA,NA,LOS ANGELES,LOS ANGELES,-118.45552825927734,34.18666076660156
8953006,2019,2019-10-17,1942,2019-09-22,1755,43366,0969,7,5,7,1942,0,0,0,I,0,X52,COLD WATER CANYON,LA MAIDA ST,360,N,N,A,-,N,NA,NA,NA,NA,NA,NA,NA,NA,NA,NA,3,0,1,3,A,-,07,21658,A,N,C,C,A,A,H,-,A,D,0,NA,NA,NA,NA,Y,NA,-,NA,0,1,0,0,0,0,0,0,0,-,-,NA,NA,LOS ANGELES,LOS ANGELES,-118.41378784179688,34.15951919555664
8953007,2019,2019-10-17,1942,2019-09-29,1520,40119,0926,7,5,7,1942,0,0,0,I,0,9A19,VAN NUYS BL,KITTRIDGE ST,0,NA,Y,A,-,N,NA,NA,NA,NA,NA,NA,NA,NA,NA,N,4,0,2,2,A,-,12,21453,A,N,D,C,A,A,H,-,A,A,0,NA,NA,NA,NA,Y,NA,A,01,0,0,2,0,0,0,0,0,0,-,-,NA,NA,LOS ANGELES,LOS ANGELES,-118.44873046875,34.19065856933594
8953009,2019,2019-10-18,1942,2019-09-04,1015,30452,0974,3,5,7,1942,0,0,0,I,0,9A89,VAN NUYS BL,HORTENSE ST,0,NA,Y,A,-,N,NA,NA,NA,NA,NA,NA,NA,NA,NA,N,3,0,1,2,A,-,09,21801,A,N,H,A,A,A,H,-,A,A,0,NA,NA,Y,NA,Y,NA,A,01,0,1,0,0,0,0,0,0,1,-,-,NA,NA,LOS ANGELES,LOS ANGELES,-118.44869995117188,34.15475845336914
8953010,2019,2019-10-17,1942,2019-09-18,1705,32242,929,3,5,7,1942,0,0,0,NA,0,9A89,VICTORY BL,WOODMAN AV,60,E,N,A,-,N,NA,NA,NA,NA,NA,NA,NA,NA,NA,N,4,0,1,2,A,-,09,21804,A,N,D,G,A,A,H,-,A,D,0,NA,Y,NA,NA,Y,NA,A,01,0,0,1,0,0,0,1,0,0,-,-,NA,NA,LOS ANGELES,LOS ANGELES,-118.43106079101564,34.18667984008789
8953011,2019,2019-10-17,1942,2019-09-23,1635,37304,0935,1,5,7,1942,0,0,0,I,0,9A41,TYRONE AV,FRIAR ST,0,NA,Y,A,-,N,NA,NA,NA,NA,NA,NA,NA,NA,NA,N,4,0,1,2,A,-,09,21802,B,N,D,C,A,A,H,-,A,A,0,NA,NA,NA,NA,Y,NA,A,07,0,0,1,0,0,0,0,0,0,-,-,NA,NA,LOS ANGELES,LOS ANGELES,-118.44434356689452,34.1856803894043
8953014,2019,2019-10-17,1942,2019-09-19,1830,41840,1,4,5,7,1942,0,0,0,NA,0,0911,SEPULVEDA BL,VANOWEN ST,160,S,N,A,-,N,NA,NA,NA,NA,NA,NA,NA,NA,NA,N,3,0,1,2,A,-,09,21801,A,N,D,C,A,A,H,-,C,A,0,NA,NA,NA,NA,Y,NA,-,NA,0,1,0,0,0,0,0,0,0,-,-,NA,NA,LOS ANGELES,LOS ANGELES,-118.4661865234375,34.1934814453125
8953015,2019,2019-10-17,1942,2019-09-27,1930,30702,0905,5,5,7,1942,0,0,0,I,0,9A5,VAN NUYS BL,WYANDOTTE ST,55,S,N,A,-,N,NA,NA,NA,NA,NA,NA,NA,NA,NA,N,4,0,1,2,B,-,22,NA,NA,N,G,B,F,A,H,-,A,D,0,Y,NA,NA,NA,Y,NA,A,01,0,0,1,0,1,0,0,0,0,-,-,NA,NA,LOS ANGELES,LOS ANGELES,-118.4487533569336,34.20282745361328
8953018,2019,2019-10-17,1942,2019-09-23,1815,38326,0985,1,5,7,1942,0,0,0,I,0,9A89,MILBANK ST,HAZELTINE AV,30,N,N,A,-,N,NA,NA,NA,NA,NA,NA,NA,NA,NA,N,4,0,1,2,A,-,08,22100,A,N,B,C,A,A,H,-,A,A,0,NA,NA,NA,NA,Y,NA,A,01,0,0,1,0,0,0,0,0,0,-,-,NA,NA,LOS ANGELES,LOS ANGELES,-118.4399871826172,34.153018951416016
8953019,2019,2019-10-24,1942,2019-09-28,1830,31652,0904,6,5,7,1942,0,0,0,I,0,9A5,SHERMAN WY,KESTER AV,70,E,N,B,-,N,NA,NA,NA,NA,NA,NA,NA,NA,NA,N,4,0,1,2,A,-,03,22350,NA,N,C,C,A,A,H,-,B,A,0,NA,NA,NA,NA,Y,NA,A,01,0,0,1,0,0,0,0,0,0,-,-,NA,NA,LOS ANGELES,LOS ANGELES,-118.4572296142578,34.201141357421875
8953020,2019,2019-10-17,1976,2019-09-17,1616,498,NA,2,5,5,1976,0,0,0,NA,0,001,BEVERLY BL,NORWALK BL,252,E,N,A,-,N,NA,NA,NA,NA,NA,NA,NA,NA,NA,Y,2,0,2,3,A,-,01,23152,A,F,E,I,F,A,H,-,A,D,0,Y,NA,NA,NA,Y,Y,A,01,1,0,1,0,1,0,0,0,0,-,-,NA,NA,LOS ANGELES,WHITTIER,-118.0549774169922,33.99808120727539
8953022,2019,2019-10-17,1942,2019-09-22,1105,39217,0941,7,5,7,1942,0,0,0,I,0,9A41,VAN NUYS BL,OXNARD ST,0,NA,Y,A,-,N,NA,NA,NA,NA,NA,NA,NA,NA,NA,Y,4,0,4,2,A,-,12,21453,A,N,D,C,A,A,H,-,A,A,0,NA,NA,NA,NA,Y,NA,A,07,0,0,4,0,0,0,0,0,0,-,-,NA,NA,LOS ANGELES,LOS ANGELES,-118.44873809814452,34.17940139770508
8953023,2019,2019-10-17,1942,2019-09-19,0655,39217,0931,4,5,7,1942,0,0,0,I,0,9A23,VICTORY BL,FIRMAMENT AV,18,E,N,A,-,N,NA,NA,NA,NA,NA,NA,NA,NA,NA,Y,3,0,1,2,A,-,09,21802,A,N,D,-,A,A,H,-,A,A,0,NA,NA,Y,NA,Y,NA,A,07,0,1,0,0,0,0,0,0,1,-,-,NA,NA,LOS ANGELES,LOS ANGELES,-118.47181701660156,34.186641693115234
8953024,2019,2019-10-17,1956,2019-09-28,1915,1323,13,6,5,5,1956,0,0,0,NA,0,001,CAMINO REAL,JUANITA AV,0,NA,Y,A,-,N,NA,NA,NA,NA,NA,NA,NA,NA,NA,N,4,0,1,2,A,-,10,21950,NA,N,G,J,A,A,H,-,C,D,0,NA,NA,NA,NA,Y,NA,A,01,0,0,1,0,0,0,0,0,0,-,-,NA,NA,LOS ANGELES,REDONDO BEACH,-118.37960052490234,33.83293914794922
8953026,2019,2019-10-17,1942,2019-09-21,0915,38399,0969,6,5,7,1942,0,0,0,I,0,9A37,FULTON AV,MAGNOLIA BL,22,N,N,A,-,N,NA,NA,NA,NA,NA,NA,NA,NA,NA,Y,3,0,2,3,A,-,12,21453,A,N,D,C,A,A,H,-,A,A,0,NA,NA,Y,NA,Y,NA,C,06,0,2,0,0,0,0,0,0,1,-,-,NA,NA,LOS ANGELES,LOS ANGELES,-118.42251586914064,34.1649284362793
8953027,2019,2019-10-17,1942,2019-09-13,0810,40119,0998,5,5,7,1942,0,0,0,I,0,9A89,VENTURA BL,DIXIE CANYON AV,0,NA,Y,A,-,N,NA,NA,NA,NA,NA,NA,NA,NA,NA,Y,3,0,3,2,A,-,12,21453,A,N,D,C,A,A,H,-,A,A,0,NA,NA,NA,NA,Y,NA,A,07,0,1,2,0,0,0,0,0,0,-,-,NA,NA,LOS ANGELES,LOS ANGELES,-118.42488861083984,34.146949768066406
8953028,2019,2019-10-17,1956,2019-09-25,1744,1296,66,3,5,5,1956,0,0,0,NA,0,004,MARINE AV,HOTEL DR,0,NA,Y,A,-,N,NA,NA,NA,NA,NA,NA,NA,NA,NA,Y,4,0,1,2,A,-,09,21801,A,N,D,C,A,A,H,-,A,A,0,NA,NA,Y,NA,Y,NA,C,02,0,0,1,0,0,0,0,0,1,-,-,NA,NA,LOS ANGELES,REDONDO BEACH,NA,NA
8953030,2019,2019-10-17,1942,2019-09-03,0715,27792,0981,2,5,7,1942,0,0,0,I,0,9A89,VENTURA BL,COLUMBUS AV,0,NA,Y,A,-,N,NA,NA,NA,NA,NA,NA,NA,NA,NA,N,4,0,1,2,A,-,09,21801,A,N,D,C,A,A,H,-,A,A,0,NA,NA,NA,NA,Y,NA,A,01,0,0,1,0,0,0,0,0,0,-,-,NA,NA,LOS ANGELES,LOS ANGELES,-118.46399688720705,34.15345001220703
8953031,2019,2019-10-17,1942,2019-09-13,0750,34561,0919,5,5,7,1942,0,0,0,I,0,9A19,WOODMAN AV,HART ST,0,NA,Y,A,-,N,NA,NA,NA,NA,NA,NA,NA,NA,NA,Y,3,0,2,2,A,-,12,21453,A,N,D,C,A,A,H,-,A,A,0,NA,NA,NA,NA,Y,NA,A,07,0,1,1,0,0,0,0,0,0,-,-,NA,NA,LOS ANGELES,LOS ANGELES,-118.43126678466795,34.19757080078125
8953034,2019,2019-10-17,1942,2019-09-21,1645,38191,0964,6,5,7,1942,0,0,0,I,0,9A63,HUSTON ST,HAZELTINE AV,68,W,N,A,-,N,NA,NA,NA,NA,NA,NA,NA,NA,NA,N,3,0,1,2,A,-,11,21956,A,N,G,B,C,A,H,-,A,D,0,Y,NA,NA,NA,Y,NA,N,60,0,1,0,0,1,0,0,0,0,-,-,NA,NA,LOS ANGELES,LOS ANGELES,-118.44022369384766,34.15940856933594
8953035,2019,2019-10-24,1942,2019-09-03,1100,37912,0946,2,5,7,1942,0,0,0,I,0,19A75,OXNARD ST,OXNARD ST 13955,0,NA,-,A,-,N,NA,NA,NA,NA,NA,NA,NA,NA,NA,Y,4,0,2,2,A,-,09,21804,A,N,B,D,A,A,H,-,A,D,0,NA,NA,NA,NA,Y,NA,A,01,0,0,2,0,0,0,0,0,0,-,-,NA,NA,LOS ANGELES,LOS ANGELES,-118.43726,34.179398
8953038,2019,2019-10-17,1942,2019-09-27,1605,40141,0923,5,5,7,1942,0,0,0,I,0,9A23,VANOWEN ST,KESTER AV,60,W,N,A,-,N,NA,NA,NA,NA,NA,NA,NA,NA,NA,N,4,0,2,2,A,-,03,22350,NA,N,C,C,A,A,H,-,A,D,0,NA,NA,NA,NA,Y,NA,A,01,0,0,2,0,0,0,0,0,0,-,-,NA,NA,LOS ANGELES,LOS ANGELES,-118.4576416015625,34.19392013549805
8953039,2019,2019-10-17,1942,2019-09-01,0720,37080,0914,7,5,7,1942,0,0,0,I,0,9A23,VOSE ST,KESTER AV,150,W,N,A,-,N,NA,NA,NA,NA,NA,NA,NA,NA,NA,N,3,0,1,2,A,-,06,21755,A,N,B,C,A,A,H,-,A,D,0,NA,NA,Y,NA,Y,NA,C,03,0,1,0,0,0,0,0,0,1,-,-,NA,NA,LOS ANGELES,LOS ANGELES,-118.45795440673828,34.198448181152344
8953088,2019,2019-10-18,1956,2019-09-26,1820,1281,42,4,5,5,1956,0,0,0,NA,0,004,ARTESIA BL,RINDLE LN,0,NA,Y,A,-,N,NA,NA,NA,NA,NA,NA,NA,NA,NA,Y,3,0,4,3,A,-,01,23153,F,N,A,C,A,A,H,-,A,A,0,NA,NA,NA,NA,Y,Y,A,07,0,1,3,0,0,0,0,0,0,-,-,NA,NA,LOS ANGELES,REDONDO BEACH,NA,NA