CASE_ID,ACCIDENT_YEAR,PROC_DATE,JURIS,COLLISION_DATE,COLLISION_TIME,OFFICER_ID,REPORTING_DISTRICT,DAY_OF_WEEK,CHP_SHIFT,POPULATION,CNTY_CITY_LOC,SPECIAL_COND,BEAT_TYPE,CHP_BEAT_TYPE,CITY_DIVISION_LAPD,CHP_BEAT_CLASS,BEAT_NUMBER,PRIMARY_RD,SECONDARY_RD,DISTANCE,DIRECTION,INTERSECTION,WEATHER_1,WEATHER_2,STATE_HWY_IND,CALTRANS_COUNTY,CALTRANS_DISTRICT,STATE_ROUTE,ROUTE_SUFFIX,POSTMILE_PREFIX,POSTMILE,LOCATION_TYPE,RAMP_INTERSECTION,SIDE_OF_HWY,TOW_AWAY,COLLISION_SEVERITY,NUMBER_KILLED,NUMBER_INJURED,PARTY_COUNT,PRIMARY_COLL_FACTOR,PCF_CODE_OF_VIOL,PCF_VIOL_CATEGORY,PCF_VIOLATION,PCF_VIOL_SUBSECTION,HIT_AND_RUN,TYPE_OF_COLLISION,MVIW,PED_ACTION,ROAD_SURFACE,ROAD_COND_1,ROAD_COND_2,LIGHTING,CONTROL_DEVICE,CHP_ROAD_TYPE,PEDESTRIAN_ACCIDENT,BICYCLE_ACCIDENT,MOTORCYCLE_ACCIDENT,TRUCK_ACCIDENT,NOT_PRIVATE_PROPERTY,ALCOHOL_INVOLVED,STWD_VEHTYPE_AT_FAULT,CHP_VEHTYPE_AT_FAULT,COUNT_SEVERE_INJ,COUNT_VISIBLE_INJ,COUNT_COMPLAINT_PAIN,COUNT_PED_KILLED,COUNT_PED_INJURED,COUNT_BICYCLIST_KILLED,COUNT_BICYCLIST_INJURED,COUNT_MC_KILLED,COUNT_MC_INJURED,PRIMARY_RAMP,SECONDARY_RAMP,LATITUDE,LONGITUDE,COUNTY,CITY,POINT_X,POINT_Y
8953092,2019,2019-10-18,1925,2019-09-26,0801,26039,239,4,5,6,1925,0,0,0,NA,0,004,VERDUGO RD,STANLEY AV,0,NA,Y,A,-,N,NA,NA,NA,NA,NA,NA,NA,NA,NA,Y,3,0,2,2,A,-,09,21802,A,N,D,C,A,A,H,-,A,D,0,NA,NA,NA,NA,Y,NA,A,01,0,1,1,0,0,0,0,0,0,-,-,NA,NA,LOS ANGELES,GLENDALE,-118.2358169555664,34.149009704589844
8953096,2019,2019-10-31,1925,2019-09-26,1848,24489,255,4,5,6,1925,0,0,0,NA,0,003,COLORADO,EVERETT,325,W,N,A,-,N,NA,NA,NA,NA,NA,NA,NA,NA,NA,N,4,0,1,2,A,-,09,21804,A,N,D,D,A,A,H,-,C,D,0,NA,NA,NA,NA,Y,NA,A,01,0,0,1,0,0,0,0,0,0,-,-,NA,NA,LOS ANGELES,GLENDALE,-118.24663543701172,34.142669677734375
8953100,2019,2019-10-18,1925,2019-09-23,1512,20089,279,1,5,6,1925,0,0,0,NA,0,003,ACACIA AV,GLENDALE AV,230,W,N,A,-,N,NA,NA,NA,NA,NA,NA,NA,NA,NA,N,4,0,1,2,A,-,11,21954,A,N,G,B,D,A,H,-,A,D,0,Y,NA,NA,NA,Y,NA,N,60,0,0,1,0,1,0,0,0,0,-,-,NA,NA,LOS ANGELES,GLENDALE,-118.25254821777344,34.134761810302734
8953104,2019,2019-10-18,1925,2019-09-25,1320,14089,239,3,5,6,1925,0,0,0,NA,0,004,WILSON AV,CHEVY CHASE DR,0,NA,Y,A,-,N,NA,NA,NA,NA,NA,NA,NA,NA,NA,Y,3,0,1,2,A,-,09,21801,NA,N,A,C,A,A,H,-,A,A,0,NA,NA,NA,NA,Y,NA,A,01,0,1,0,0,0,0,0,0,0,-,-,NA,NA,LOS ANGELES,GLENDALE,-118.23950958251952,34.148101806640625
8953108,2019,2019-10-18,1925,2019-09-29,2002,27561,3,7,5,6,1925,0,0,0,NA,0,238,ADAMS ST,BROADWAY,0,NA,Y,A,-,N,NA,NA,NA,NA,NA,NA,NA,NA,NA,N,4,0,1,2,A,-,00,22106,A,F,G,B,B,A,H,-,B,A,0,Y,NA,NA,NA,Y,NA,-,NA,0,0,1,0,1,0,0,0,0,-,-,NA,NA,LOS ANGELES,GLENDALE,-118.2418212890625,34.14625930786133
8953112,2019,2019-10-18,1925,2019-09-29,1754,28043,263,7,5,6,1925,0,0,0,NA,0,002,PACIFIC AV,BROADWAY,26,S,N,A,-,N,NA,NA,NA,NA,NA,NA,NA,NA,NA,N,3,0,1,2,A,-,05,21650,1,N,D,G,A,A,H,-,A,A,0,NA,Y,NA,NA,Y,NA,L,04,0,1,0,0,0,0,1,0,0,-,-,NA,NA,LOS ANGELES,GLENDALE,-118.26424407958984,34.146759033203125
8953116,2019,2019-10-31,1925,2019-09-30,0730,27423,267,1,5,6,1925,0,0,0,NA,0,002,RIVERDALE DR,PACIFIC,205,E,N,A,-,N,NA,NA,NA,NA,NA,NA,NA,NA,NA,N,4,0,1,2,A,-,10,21952,NA,N,D,G,A,A,H,-,A,D,0,NA,Y,NA,NA,Y,NA,A,01,0,0,1,0,0,0,1,0,0,-,-,NA,NA,LOS ANGELES,GLENDALE,-118.26373291015624,34.13871383666992
8953120,2019,2019-10-18,1925,2019-09-27,1500,23811,214,5,5,6,1925,0,0,0,NA,0,001,PACIFIC AV,BURCHETT ST,0,NA,Y,A,-,N,NA,NA,NA,NA,NA,NA,NA,NA,NA,Y,4,0,1,2,A,-,12,21453,A,N,D,C,A,A,H,-,A,A,0,NA,NA,NA,NA,Y,NA,A,01,0,0,1,0,0,0,0,0,0,-,-,NA,NA,LOS ANGELES,GLENDALE,-118.26409149169922,34.15742874145508
8953137,2019,2019-10-17,1942,2019-08-30,0905,38471,0904,5,5,7,1942,0,0,0,I,0,9A5W2,SATICOY ST,NORTH HONOR WY,0,NA,Y,A,-,N,NA,NA,NA,NA,NA,NA,NA,NA,NA,N,4,0,1,2,A,-,05,21650,1,N,G,G,A,A,H,-,A,A,0,NA,Y,NA,NA,Y,NA,L,04,0,0,1,0,0,0,1,0,0,-,-,NA,NA,LOS ANGELES,LOS ANGELES,NA,NA
8953189,2019,2019-10-17,1900,2019-08-21,0745,640951,0612,3,5,6,1985,0,0,0,NA,0,065,WHITES CANYON RD,STILLMORE ST,0,NA,Y,A,-,N,NA,NA,NA,NA,NA,NA,NA,NA,NA,N,4,0,1,3,A,-,12,21453,A,N,D,C,A,A,H,-,A,A,0,NA,NA,NA,NA,Y,NA,A,01,0,0,1,0,0,0,0,0,0,-,-,34.418399810791016,-118.47200012207033,LOS ANGELES,SANTA CLARITA,-118.47216796875,34.41836166381836
8953204,2019,2019-10-18,1970,2019-08-03,0130,216179,4,6,5,4,1970,0,0,0,NA,0,00S,FREMONT AV,ALHAMBRA RD,440,N,N,A,-,N,NA,NA,NA,NA,NA,NA,NA,NA,NA,Y,4,0,1,2,A,-,01,23152,A,N,E,E,A,A,H,-,C,D,0,NA,NA,NA,NA,Y,Y,A,01,0,0,1,0,0,0,0,0,0,-,-,NA,NA,LOS ANGELES,SOUTH PASADENA,-118.1521453857422,34.09978485107422
8953215,2019,2019-11-26,1902,2019-10-03,1510,779,11,4,5,5,1902,0,0,0,NA,0,001,2ND AV,COLORADO BL,0,NA,Y,A,-,N,NA,NA,NA,NA,NA,NA,NA,NA,NA,N,3,0,1,2,A,-,11,21954,A,N,G,B,E,A,H,-,A,D,0,Y,NA,NA,NA,Y,NA,N,60,0,1,0,0,1,0,0,0,0,-,-,NA,NA,LOS ANGELES,ARCADIA,-118.02530670166016,34.14558029174805
8953262,2019,2019-10-25,1900,2019-09-25,0610,40857,2920,3,5,5,1990,0,0,0,NA,0,292K1,TEMPLE AV,GOLDEN SPRINGS DR,0,NA,Y,B,-,N,NA,NA,NA,NA,NA,NA,NA,NA,NA,Y,3,0,2,2,A,-,12,21453,A,N,D,C,A,A,H,-,A,A,0,NA,NA,NA,NA,Y,NA,D,22,0,1,1,0,0,0,0,0,0,-,-,NA,NA,LOS ANGELES,DIAMOND BAR,-117.79477691650392,34.03773880004883
8953318,2019,2019-10-23,1967,2019-09-30,1655,143,NA,1,5,2,1967,0,0,0,NA,0,SOUTH,CHERRY AV,SKYLINE DR,0,NA,Y,A,-,N,NA,NA,NA,NA,NA,NA,NA,NA,NA,Y,4,0,2,2,C,-,18,NA,NA,N,D,C,A,A,H,-,A,A,0,NA,NA,NA,NA,Y,NA,-,-,0,0,2,0,0,0,0,0,0,-,-,NA,NA,LOS ANGELES,SIGNAL HILL,-118.16754913330078,33.800750732421875
8953442,2019,2019-10-23,1942,2019-09-26,1120,37824,0192,4,5,7,1942,0,0,0,A,0,1X32,OLIVE ST,VENICE BL,0,NA,Y,B,-,N,NA,NA,NA,NA,NA,NA,NA,NA,NA,Y,3,0,1,2,A,-,08,22100,B,N,D,C,A,A,H,-,A,A,0,NA,NA,NA,NA,Y,NA,A,01,0,1,0,0,0,0,0,0,0,-,-,NA,NA,LOS ANGELES,LOS ANGELES,-118.26541137695313,34.035221099853516
8953443,2019,2019-11-08,1942,2019-09-25,0610,37505,0111,3,5,7,1942,0,0,0,A,0,1A1,CESAR CHAVEZ AV,FIGUEROA ST,0,NA,Y,A,-,N,NA,NA,NA,NA,NA,NA,NA,NA,NA,Y,4,0,1,2,A,-,09,21801,A,N,D,C,A,A,H,-,A,A,0,NA,NA,NA,NA,Y,NA,A,01,0,0,1,0,0,0,0,0,0,-,-,NA,NA,LOS ANGELES,LOS ANGELES,-118.24631,34.06266
8953446,2019,2019-11-07,1942,2019-09-12,2025,42767,LAPD,4,5,7,1942,0,0,0,NA,0,0152,S OLIVE ST,W 6TH ST,5,N,N,A,-,N,NA,NA,NA,NA,NA,NA,NA,NA,NA,N,4,0,1,2,A,-,10,21950,A,F,G,B,B,A,H,-,C,A,0,Y,NA,NA,NA,Y,NA,-,99,0,0,1,0,1,0,0,0,0,-,-,NA,NA,LOS ANGELES,LOS ANGELES,-118.25418853759766,34.04804992675781
8953447,2019,2019-10-18,1942,2019-09-25,2020,42876,0112,3,5,7,1942,0,0,0,A,0,1A1,TEMPLE ST,ALVARADO ST,80,E,N,A,-,N,NA,NA,NA,NA,NA,NA,NA,NA,NA,N,3,0,1,2,A,-,07,21658,A,F,B,C,A,A,H,-,C,D,0,NA,NA,Y,NA,Y,NA,-,99,0,1,0,0,0,0,0,0,1,-,-,NA,NA,LOS ANGELES,LOS ANGELES,-118.26780700683594,34.070186614990234
8953450,2019,2019-10-23,1942,2019-09-20,2124,39876,0479,5,5,7,1942,0,0,0,D,0,24T33,ESPERANZA ST,PERCY ST,190,S,N,A,-,N,NA,NA,NA,NA,NA,NA,NA,NA,NA,N,4,0,2,2,A,-,03,22350,NA,F,D,C,A,A,H,-,C,D,0,NA,NA,NA,NA,Y,NA,-,99,0,0,2,0,0,0,0,0,0,-,-,NA,NA,LOS ANGELES,LOS ANGELES,-118.19571685791016,34.02619171142578
8953451,2019,2019-10-21,1942,2019-09-26,0830,40275,0289,4,5,7,1942,0,0,0,B,0,2A91,S UNION AV,W 12TH ST,0,NA,Y,B,-,N,NA,NA,NA,NA,NA,NA,NA,NA,NA,N,4,0,1,3,A,-,04,21703,NA,N,C,C,A,A,H,-,A,D,0,NA,NA,NA,NA,Y,NA,A,01,0,0,1,0,0,0,0,0,0,-,-,NA,NA,LOS ANGELES,LOS ANGELES,-118.27603912353516,34.04621124267578
8953454,2019,2019-10-23,1942,2019-09-19,2154,39876,0454,4,5,7,1942,0,0,0,D,0,24T31,4TH ST,BOYLE AV,4,E,N,A,-,N,NA,NA,NA,NA,NA,NA,NA,NA,NA,Y,4,0,1,2,A,-,09,21801,A,F,A,C,A,A,H,-,C,A,0,NA,NA,NA,NA,Y,NA,A,07,0,0,1,0,0,0,0,0,0,-,-,NA,NA,LOS ANGELES,LOS ANGELES,-118.21962738037108,34.043060302734375
8953455,2019,2019-10-18,1942,2019-09-17,1540,42515,1309,2,5,7,1942,0,0,0,M,0,13X62,SANTA FE AV,OLYMPIC BL,380,S,N,A,-,N,NA,NA,NA,NA,NA,NA,NA,NA,NA,N,3,0,1,2,A,-,10,21952,NA,N,D,G,A,A,H,-,A,D,0,NA,Y,NA,NA,Y,NA,A,01,0,1,0,0,0,0,1,0,0,-,-,NA,NA,LOS ANGELES,LOS ANGELES,-118.22999572753906,34.02457809448242
8953458,2019,2019-10-23,1942,2019-09-14,0150,37782,0464,6,5,7,1942,0,0,0,D,0,4A53,SOTO ST,MICHIGAN ST,12,S,N,A,-,N,NA,NA,NA,NA,NA,NA,NA,NA,NA,N,4,0,1,2,A,-,07,21658,A,F,C,C,A,A,H,-,C,A,0,NA,NA,NA,NA,Y,NA,-,99,0,0,1,0,0,0,0,0,0,-,-,NA,NA,LOS ANGELES,LOS ANGELES,-118.2089385986328,34.04500961303711
8953459,2019,2019-10-18,1942,2019-09-18,1800,33471,1321,3,5,7,1942,0,0,0,M,0,13X71,HILL ST,24TH ST,0,NA,Y,A,-,N,NA,NA,NA,NA,NA,NA,NA,NA,NA,Y,3,0,2,2,A,-,09,21800,C,N,D,C,A,A,H,-,A,D,0,NA,NA,NA,NA,Y,NA,A,01,0,1,1,0,0,0,0,0,0,-,-,NA,NA,LOS ANGELES,LOS ANGELES,-118.26960754394533,34.027679443359375
8953460,2019,2019-10-18,1928,2019-09-24,1322,376,531,2,5,5,1928,0,0,0,NA,0,501,TRURO AV,IMPERIAL HWY,158,N,N,A,-,N,NA,NA,NA,NA,NA,NA,NA,NA,NA,N,3,0,1,2,A,-,09,21804,A,N,D,C,A,A,H,-,A,D,0,NA,NA,NA,NA,Y,NA,A,01,0,1,0,0,0,0,0,0,0,-,-,33.930931091308594,-118.35800933837892,LOS ANGELES,HAWTHORNE,-118.35807800292967,33.930938720703125
8953462,2019,2019-10-23,1925,2019-09-30,1357,21089,269,1,5,6,1925,0,0,0,NA,0,002,BRAND BL,MAPLE ST,83,N,N,A,-,N,NA,NA,NA,NA,NA,NA,NA,NA,NA,N,4,0,1,2,A,-,17,22517,NA,N,G,G,A,A,H,-,A,A,0,NA,Y,NA,NA,Y,NA,A,01,0,0,1,0,0,0,1,0,0,-,-,NA,NA,LOS ANGELES,GLENDALE,-118.25502014160156,34.13857650756836
8953463,2019,2019-10-18,1942,2019-09-24,1815,41956,1383,2,5,7,1942,0,0,0,M,0,1A2,59TH PL,BROADWAY,0,NA,Y,A,-,N,NA,NA,NA,NA,NA,NA,NA,NA,NA,N,4,0,1,2,A,-,12,21453,A,N,B,C,A,A,H,-,A,A,0,NA,NA,NA,NA,Y,NA,A,01,0,0,1,0,0,0,0,0,0,-,-,NA,NA,LOS ANGELES,LOS ANGELES,-118.27828979492188,33.986000061035156
8953467,2019,2019-10-18,1942,2019-09-16,1952,43934,LOSAN,1,5,7,1942,0,0,0,NA,0,13A13,14TH PL,SAN PEDRO,2,E,N,A,-,N,NA,NA,NA,NA,NA,NA,NA,NA,NA,N,4,0,1,2,A,-,08,22107,NA,F,B,B,D,A,-,-,C,D,0,Y,NA,NA,NA,Y,Y,-,-,0,0,1,0,1,0,0,0,0,-,-,NA,NA,LOS ANGELES,LOS ANGELES,-118.2550811767578,34.03119659423828
8953471,2019,2019-10-18,1942,2019-09-16,1700,43271,1347,1,5,7,1942,0,0,0,M,0,13X71,LONG BEACH AV,41ST PL,30,N,N,A,-,N,NA,NA,NA,NA,NA,NA,NA,NA,NA,N,3,0,2,1,A,-,16,29004,A,N,A,I,A,A,-,-,A,D,0,NA,NA,NA,NA,Y,NA,A,08,0,2,0,0,0,0,0,0,0,-,-,NA,NA,LOS ANGELES,LOS ANGELES,-118.24324035644533,34.00727081298828
8953475,2019,2019-10-18,1942,2019-09-17,0710,34332,0212,2,5,7,1942,0,0,0,B,0,2A5,CLINTON ST,N WESTMORELAND AV,0,NA,Y,A,-,N,NA,NA,NA,NA,NA,NA,NA,NA,NA,N,3,0,1,3,A,-,10,21950,A,N,-,B,B,-,H,-,A,A,0,Y,NA,NA,NA,Y,NA,A,01,0,1,0,0,1,0,0,0,0,-,-,NA,NA,LOS ANGELES,LOS ANGELES,-118.28801727294922,34.081790924072266
8953479,2019,2019-10-18,1942,2019-09-20,1250,33471,1317,5,5,7,1942,0,0,0,M,0,BXL4,CENTRAL AV,14TH ST,50,S,N,A,-,N,NA,NA,NA,NA,NA,NA,NA,NA,NA,NA,4,0,1,2,A,-,08,22107,NA,N,B,C,A,A,H,-,A,-,0,NA,NA,NA,NA,Y,NA,A,01,0,0,1,0,0,0,0,0,0,-,-,NA,NA,LOS ANGELES,LOS ANGELES,-118.24697875976564,34.028324127197266
8953480,2019,2019-10-18,1942,2019-09-04,1720,39751,0139,3,5,7,1942,0,0,0,A,0,1X32,TRACTION,3RD ST,0,NA,Y,A,-,N,NA,NA,NA,NA,NA,NA,NA,NA,NA,Y,4,0,1,3,A,-,12,22450,NA,M,B,C,A,A,H,-,A,D,0,NA,NA,NA,NA,Y,NA,-,-,0,0,1,0,0,0,0,0,0,-,-,NA,NA,LOS ANGELES,LOS ANGELES,-118.23651123046876,34.045738220214844
8953483,2019,2019-12-03,1942,2019-09-21,1500,41923,1303,6,5,7,1942,0,0,0,M,0,1321,12TH ST,MAPLE AV,100,E,N,A,-,N,NA,NA,NA,NA,NA,NA,NA,NA,NA,N,4,0,1,2,A,-,21,22106,NA,N,G,B,E,A,H,-,A,D,0,Y,NA,NA,NA,Y,NA,A,01,0,0,1,0,1,0,0,0,0,-,-,NA,NA,LOS ANGELES,LOS ANGELES,-118.25607299804688,34.03549575805664
8953484,2019,2019-10-18,1942,2019-09-19,0135,39565,0154,4,5,7,1942,0,0,0,A,0,1A61,6TH ST,MAIN ST,10,S,N,A,-,N,NA,NA,NA,NA,NA,NA,NA,NA,NA,Y,3,0,1,2,A,-,08,22107,NA,F,B,C,A,A,H,-,A,A,0,NA,NA,Y,NA,Y,NA,-,99,0,1,0,0,0,0,0,0,1,-,-,NA,NA,LOS ANGELES,LOS ANGELES,-118.24992370605467,34.045249938964844
8953487,2019,2019-10-18,1942,2019-09-18,1830,42416,1321,3,5,7,1942,0,0,0,M,0,DESK,FIGUEROA ST,23RD ST,0,NA,Y,A,-,N,NA,NA,NA,NA,NA,NA,NA,NA,NA,N,3,0,1,2,A,-,08,22107,NA,F,G,G,A,A,H,-,A,A,0,NA,Y,NA,NA,Y,NA,-,99,0,1,0,0,0,0,1,0,0,-,-,NA,NA,LOS ANGELES,LOS ANGELES,-118.27436065673828,34.03078842163086
8953488,2019,2019-10-18,1942,2019-09-15,0445,38409,0192,7,5,7,1942,0,0,0,A,0,1A29,FLOWER ST,VENICE BL,120,N,N,A,-,N,NA,NA,NA,NA,NA,NA,NA,NA,NA,Y,4,0,2,2,A,-,03,22350,NA,N,C,C,A,A,H,-,C,D,0,NA,NA,NA,NA,Y,NA,-,NA,0,0,2,0,0,0,0,0,0,-,-,NA,NA,LOS ANGELES,LOS ANGELES,-118.26864624023438,34.03728485107422
8953491,2019,2019-10-18,1942,2019-09-17,0750,40695,1309,2,5,7,1942,0,0,0,M,0,DESK,S SANTA FE AV,BAY ST,0,NA,Y,A,-,N,NA,NA,NA,NA,NA,NA,NA,NA,NA,N,4,0,1,2,A,-,03,22350,NA,F,A,C,A,A,H,-,A,-,0,NA,NA,NA,NA,Y,NA,-,99,0,0,1,0,0,0,0,0,0,-,-,NA,NA,LOS ANGELES,LOS ANGELES,-118.22998809814452,34.03158950805664
8953495,2019,2019-10-18,1942,2019-09-21,2300,43615,1352,6,5,7,1942,0,0,0,M,0,13A93,SAN PEDRO,VERNON,0,NA,Y,A,-,N,NA,NA,NA,NA,NA,NA,NA,NA,NA,Y,4,0,2,2,A,-,00,20001,A,F,C,C,A,A,H,-,C,A,0,NA,NA,NA,NA,Y,NA,-,99,0,0,2,0,0,0,0,0,0,-,-,NA,NA,LOS ANGELES,LOS ANGELES,-118.27263641357422,34.00382995605469
8953499,2019,2019-11-05,1942,2019-09-20,0940,43959,1383,5,5,7,1942,0,0,0,M,0,13A27,MAIN ST,62ND ST,0,NA,Y,A,-,N,NA,NA,NA,NA,NA,NA,NA,NA,NA,Y,4,0,5,2,A,-,09,21802,A,N,D,C,A,A,H,-,A,D,0,NA,NA,NA,NA,Y,NA,A,07,0,0,5,0,0,0,0,0,0,-,-,NA,NA,LOS ANGELES,LOS ANGELES,-118.27394104003906,33.98331832885742
8953500,2019,2019-10-31,1942,2019-09-23,2325,48032,0111,1,5,7,1942,0,0,0,A,0,1A29,SUNSET BL,FIGUEROA ST,15,S,N,A,-,N,NA,NA,NA,NA,NA,NA,NA,NA,NA,Y,4,0,1,2,A,-,-,NA,NA,F,D,C,A,A,H,-,C,D,0,NA,NA,NA,NA,Y,NA,-,NA,0,0,1,0,0,0,0,0,0,-,-,NA,NA,LOS ANGELES,LOS ANGELES,-118.24630737304688,34.062660217285156
8953503,2019,2019-11-08,1942,2019-09-20,0900,43884,1341,5,5,7,1942,0,0,0,M,0,13A41,BROADWAY PL,30TH ST,30,S,N,A,-,N,NA,NA,NA,NA,NA,NA,NA,NA,NA,Y,4,0,1,3,A,-,12,22450,A,N,A,C,A,A,H,-,A,D,0,NA,NA,NA,NA,Y,NA,A,01,0,0,1,0,0,0,0,0,0,-,-,NA,NA,LOS ANGELES,LOS ANGELES,-118.27183532714844,34.022216796875
8953504,2019,2019-12-10,1942,2019-09-15,1825,43443,0139,7,5,7,1942,0,0,0,A,0,1X44W5,ALAMEDA ST,2ND ST,30,S,N,A,-,N,NA,NA,NA,NA,NA,NA,NA,NA,NA,N,4,0,1,2,A,-,07,21658,A,F,B,C,A,A,H,-,A,-,0,NA,NA,NA,NA,Y,NA,-,99,0,0,1,0,0,0,0,0,0,-,-,NA,NA,LOS ANGELES,LOS ANGELES,-118.23810577392578,34.047096252441406
8953507,2019,2019-10-18,1942,2019-09-19,1735,38052,1354,4,5,7,1942,0,0,0,M,0,13A41,MAIN ST,43RD ST,50,N,N,A,-,N,NA,NA,NA,NA,NA,NA,NA,NA,NA,Y,4,0,1,2,A,-,09,21801,A,F,B,C,A,A,H,-,A,D,0,NA,NA,NA,NA,Y,NA,-,99,0,0,1,0,0,0,0,0,0,-,-,NA,NA,LOS ANGELES,LOS ANGELES,-118.27400970458984,34.005775451660156
8953508,2019,2019-10-18,1942,2019-09-15,2030,43856,0111,7,5,7,1942,0,0,0,A,0,1A29,SUNSET BL,FIGUEROA ST,10,E,N,A,-,N,NA,NA,NA,NA,NA,NA,NA,NA,NA,N,4,0,4,2,A,-,03,22350,NA,F,C,C,A,A,H,-,C,A,0,NA,NA,NA,NA,Y,NA,-,99,0,0,4,0,0,0,0,0,0,-,-,NA,NA,LOS ANGELES,LOS ANGELES,-118.24630737304688,34.062660217285156
8953511,2019,2019-10-18,1942,2019-08-21,0930,39759,1363,3,5,7,1942,0,0,0,M,0,13A73,CENTRAL AV,E 48TH ST,0,NA,Y,A,-,N,NA,NA,NA,NA,NA,NA,NA,NA,NA,N,4,0,1,2,A,-,10,21950,A,M,G,B,B,A,H,-,A,A,0,Y,NA,NA,NA,Y,NA,-,99,0,0,1,0,1,0,0,0,0,-,-,NA,NA,LOS ANGELES,LOS ANGELES,-118.25647735595705,34.00025939941406
8953512,2019,2019-10-18,1942,2019-09-27,0830,40289,0191,5,5,7,1942,0,0,0,A,0,1A61,W VENICE BL,CONVENTION CENTER DR,40,W,N,B,-,N,NA,NA,NA,NA,NA,NA,NA,NA,NA,N,3,0,3,2,A,-,04,21703,NA,N,C,C,A,A,H,-,A,D,0,NA,NA,NA,NA,Y,NA,A,07,0,1,2,0,0,0,0,0,0,-,-,NA,NA,LOS ANGELES,LOS ANGELES,-118.27188110351564,34.03823471069336
8953515,2019,2019-10-18,1942,2019-09-03,1015,33130,0195,2,5,7,1942,0,0,0,A,0,Z27,HILL ST,14TH ST,0,NA,Y,A,-,N,NA,NA,NA,NA,NA,NA,NA,NA,NA,N,4,0,2,2,A,-,12,22450,A,N,D,D,A,A,H,-,A,A,0,NA,NA,NA,NA,Y,NA,-,-,0,0,2,0,0,0,0,0,0,-,-,NA,NA,LOS ANGELES,LOS ANGELES,-118.26344299316406,34.03609848022461
8953516,2019,2019-10-18,1942,2019-09-26,2310,25116,0111,4,5,7,1942,0,0,0,A,0,1A1,N LOS ANGELES ST,ARCADIA ST,0,NA,Y,A,-,N,NA,NA,NA,NA,NA,NA,NA,NA,NA,N,4,0,1,2,A,-,11,21954,A,N,G,B,B,A,H,-,C,D,0,Y,NA,NA,NA,Y,NA,A,01,0,0,1,0,1,0,0,0,0,-,-,NA,NA,LOS ANGELES,LOS ANGELES,-118.23918914794922,34.05527877807617
8953519,2019,2019-12-30,1942,2019-09-27,2110,42573,0128,5,5,7,1942,0,0,0,A,0,1X23,2ND ST,CENTRAL AV,0,NA,Y,A,-,N,NA,NA,NA,NA,NA,NA,NA,NA,NA,N,3,0,1,2,A,-,03,22350,NA,N,D,C,A,A,H,-,C,A,0,NA,NA,NA,NA,Y,NA,-,NA,0,1,0,0,0,0,0,0,0,-,-,NA,NA,LOS ANGELES,LOS ANGELES,-118.23937225341795,34.04767990112305
8953520,2019,2019-10-18,1942,2019-09-27,1710,34426,0195,5,5,7,1942,0,0,0,A,0,1A85,HILL ST,18TH ST,50,S,N,A,-,N,NA,NA,NA,NA,NA,NA,NA,NA,NA,N,4,0,1,2,A,-,04,21703,NA,N,C,C,A,A,H,-,A,A,0,NA,NA,NA,NA,Y,NA,A,01,0,0,1,0,0,0,0,0,0,-,-,NA,NA,LOS ANGELES,LOS ANGELES,-118.26580047607422,34.03315734863281
8953521,2019,2019-10-17,1920,2019-09-20,2221,13321,1920,5,5,6,1920,0,0,0,NA,0,002,FIRESTONE BL,OLD RIVER SCHOOL RD,7,W,N,A,-,N,NA,NA,NA,NA,NA,NA,NA,NA,NA,Y,4,0,1,2,A,-,08,22107,NA,N,E,I,A,A,H,-,C,A,0,NA,NA,NA,NA,Y,NA,A,08,0,0,1,0,0,0,0,0,0,-,-,NA,NA,LOS ANGELES,DOWNEY,-118.14902496337892,33.94718551635742
8953522,2019,2019-10-16,1920,2019-09-04,1112,11992,NA,3,5,6,1920,0,0,0,NA,0,006,DOWNEY AV,STEWART AND GRAY RD,165,N,N,A,-,N,NA,NA,NA,NA,NA,NA,NA,NA,NA,Y,4,0,1,2,A,-,09,21804,A,N,D,C,A,A,H,-,A,A,0,NA,NA,NA,NA,Y,NA,A,01,0,0,1,0,0,0,0,0,0,-,-,NA,NA,LOS ANGELES,DOWNEY,-118.1384048461914,33.93244934082031
8953525,2019,2019-10-17,1920,2019-09-21,1057,11792,1920,6,5,6,1920,0,0,0,NA,0,006,ALAMEDA ST,DOLAN AV,0,NA,Y,A,-,N,NA,NA,NA,NA,NA,NA,NA,NA,NA,N,4,0,2,2,A,-,09,21802,A,N,D,C,A,A,H,-,A,A,0,NA,NA,NA,NA,Y,NA,A,07,0,0,2,0,0,0,0,0,0,-,-,NA,NA,LOS ANGELES,DOWNEY,-118.14012908935548,33.92695999145508
8953526,2019,2019-10-16,1920,2019-09-05,1238,12476,NA,4,5,6,1920,0,0,0,NA,0,005,FIRESTONE BL,PATTON RD,300,E,N,A,-,N,NA,NA,NA,NA,NA,NA,NA,NA,NA,N,4,0,1,2,A,-,09,21801,A,N,B,C,A,A,H,-,A,D,0,NA,NA,NA,NA,Y,NA,A,01,0,0,1,0,0,0,0,0,0,-,-,NA,NA,LOS ANGELES,DOWNEY,-118.12681579589844,33.9368896484375
8953530,2019,2019-10-16,1920,2019-09-09,0456,12699,NA,1,5,6,1920,0,0,0,NA,0,003,FLORENCE AV,PARAMOUNT BL,220,W,N,A,-,N,NA,NA,NA,NA,NA,NA,NA,NA,NA,Y,4,0,1,2,A,-,09,21801,A,N,D,C,A,A,H,-,C,D,0,NA,NA,Y,NA,Y,NA,A,01,0,0,1,0,0,0,0,0,1,-,-,NA,NA,LOS ANGELES,DOWNEY,-118.13066864013672,33.95386505126953