CASE_ID,ACCIDENT_YEAR,PROC_DATE,JURIS,COLLISION_DATE,COLLISION_TIME,OFFICER_ID,REPORTING_DISTRICT,DAY_OF_WEEK,CHP_SHIFT,POPULATION,CNTY_CITY_LOC,SPECIAL_COND,BEAT_TYPE,CHP_BEAT_TYPE,CITY_DIVISION_LAPD,CHP_BEAT_CLASS,BEAT_NUMBER,PRIMARY_RD,SECONDARY_RD,DISTANCE,DIRECTION,INTERSECTION,WEATHER_1,WEATHER_2,STATE_HWY_IND,CALTRANS_COUNTY,CALTRANS_DISTRICT,STATE_ROUTE,ROUTE_SUFFIX,POSTMILE_PREFIX,POSTMILE,LOCATION_TYPE,RAMP_INTERSECTION,SIDE_OF_HWY,TOW_AWAY,COLLISION_SEVERITY,NUMBER_KILLED,NUMBER_INJURED,PARTY_COUNT,PRIMARY_COLL_FACTOR,PCF_CODE_OF_VIOL,PCF_VIOL_CATEGORY,PCF_VIOLATION,PCF_VIOL_SUBSECTION,HIT_AND_RUN,TYPE_OF_COLLISION,MVIW,PED_ACTION,ROAD_SURFACE,ROAD_COND_1,ROAD_COND_2,LIGHTING,CONTROL_DEVICE,CHP_ROAD_TYPE,PEDESTRIAN_ACCIDENT,BICYCLE_ACCIDENT,MOTORCYCLE_ACCIDENT,TRUCK_ACCIDENT,NOT_PRIVATE_PROPERTY,ALCOHOL_INVOLVED,STWD_VEHTYPE_AT_FAULT,CHP_VEHTYPE_AT_FAULT,COUNT_SEVERE_INJ,COUNT_VISIBLE_INJ,COUNT_COMPLAINT_PAIN,COUNT_PED_KILLED,COUNT_PED_INJURED,COUNT_BICYCLIST_KILLED,COUNT_BICYCLIST_INJURED,COUNT_MC_KILLED,COUNT_MC_INJURED,PRIMARY_RAMP,SECONDARY_RAMP,LATITUDE,LONGITUDE,COUNTY,CITY,POINT_X,POINT_Y
8953534,2019,2019-10-16,1920,2019-09-10,1247,12609,1920,2,5,6,1920,0,0,0,NA,0,001,COLUMBIA WY,IMPERIAL HWY,67,S,N,A,-,N,NA,NA,NA,NA,NA,NA,NA,NA,NA,Y,3,0,2,2,A,-,09,21804,A,N,D,C,A,A,H,-,A,A,0,NA,NA,NA,NA,Y,NA,A,07,0,1,1,0,0,0,0,0,0,-,-,NA,NA,LOS ANGELES,DOWNEY,-118.13414764404295,33.91682815551758
8953538,2019,2019-10-16,1920,2019-09-10,1814,13022,NA,2,5,6,1920,0,0,0,NA,0,001,BELLFLOWER BL,WASHBURN RD,16,S,N,A,-,N,NA,NA,NA,NA,NA,NA,NA,NA,NA,N,4,0,1,2,A,-,10,21950,A,N,G,B,B,A,H,-,A,A,0,Y,NA,NA,NA,Y,NA,A,01,0,0,1,0,1,0,0,0,0,-,-,NA,NA,LOS ANGELES,DOWNEY,-118.12542724609376,33.92424774169922
8953542,2019,2019-10-16,1920,2019-09-11,0840,11992,NA,3,5,6,1920,0,0,0,NA,0,006,GARDENDALE ST,LAKEWOOD BL,50,W,N,A,-,N,NA,NA,NA,NA,NA,NA,NA,NA,NA,N,4,0,1,2,D,-,00,NA,NA,M,C,C,A,A,H,-,A,A,0,NA,NA,NA,NA,Y,NA,-,-,0,0,1,0,0,0,0,0,0,-,-,NA,NA,LOS ANGELES,DOWNEY,-118.14266204833984,33.91055679321289
8953546,2019,2019-10-16,1920,2019-09-03,1210,12476,NA,2,5,6,1920,0,0,0,NA,0,002,COLE ST,PARROT AV,0,NA,Y,A,-,N,NA,NA,NA,NA,NA,NA,NA,NA,NA,N,4,0,1,2,A,-,09,21800,B,N,D,C,A,A,H,-,A,D,0,NA,NA,NA,NA,Y,NA,A,01,0,0,1,0,0,0,0,0,0,-,-,NA,NA,LOS ANGELES,DOWNEY,-118.1435089111328,33.93260955810547
8953550,2019,2019-10-16,1920,2019-09-05,1354,11992,NA,4,5,6,1920,0,0,0,NA,0,002,FIRESTONE BL,RYERSON AV,375,E,N,A,-,N,NA,NA,NA,NA,NA,NA,NA,NA,NA,Y,3,0,1,2,A,-,09,21801,A,N,D,C,A,A,H,-,A,A,0,NA,NA,NA,NA,Y,NA,A,01,0,1,0,0,0,0,0,0,0,-,-,NA,NA,LOS ANGELES,DOWNEY,-118.15328216552734,33.94747543334961
8953554,2019,2019-10-16,1920,2019-09-20,0623,12609,1920,5,5,6,1920,0,0,0,NA,0,002,STEWART AND GRAY RD,PERNELL AV,0,NA,Y,A,-,N,NA,NA,NA,NA,NA,NA,NA,NA,NA,N,4,0,1,2,D,-,00,NA,NA,N,G,B,E,A,H,-,A,D,0,Y,NA,NA,NA,Y,NA,-,-,0,0,1,0,1,0,0,0,0,-,-,NA,NA,LOS ANGELES,DOWNEY,-118.15966796875,33.943119049072266
8953558,2019,2019-10-16,1920,2019-09-22,0938,12605,DOWNE,7,5,6,1920,0,0,0,NA,0,001,FOSTER RD,BELLFLOWER BL,0,NA,Y,A,-,N,NA,NA,NA,NA,NA,NA,NA,NA,NA,Y,4,0,1,2,A,-,17,21461,A,N,D,C,A,A,H,-,A,A,0,NA,NA,NA,NA,Y,NA,A,01,0,0,1,0,0,0,0,0,0,-,-,NA,NA,LOS ANGELES,DOWNEY,-118.12535858154295,33.909751892089844
8953562,2019,2019-10-15,1920,2019-09-24,0802,12609,1920,2,5,6,1920,0,0,0,NA,0,006,IMPERIAL HWY,DOWNEY AV,0,NA,Y,A,-,N,NA,NA,NA,NA,NA,NA,NA,NA,NA,Y,3,0,2,2,A,-,09,21801,A,N,D,C,A,A,H,-,A,A,0,NA,NA,NA,NA,Y,NA,A,01,0,1,1,0,0,0,0,0,0,-,-,NA,NA,LOS ANGELES,DOWNEY,-118.14688110351564,33.92131042480469
8953566,2019,2019-10-25,1920,2019-09-16,1342,13022,NA,1,5,6,1920,0,0,0,NA,0,002,STEWART AND GRAY RD,RIVES AV,0,NA,Y,A,-,N,NA,NA,NA,NA,NA,NA,NA,NA,NA,Y,4,0,1,2,A,-,12,21453,A,N,D,C,A,A,H,-,C,A,0,NA,NA,NA,NA,Y,Y,A,01,0,0,1,0,0,0,0,0,0,-,-,NA,NA,LOS ANGELES,DOWNEY,-118.14804077148438,33.9370002746582
8953574,2019,2019-10-15,1920,2019-09-24,1605,13022,NA,2,5,6,1920,0,0,0,NA,0,005,LAKEWOOD BL,FLORENCE AV,259,S,N,A,-,N,NA,NA,NA,NA,NA,NA,NA,NA,NA,N,4,0,1,2,A,-,08,22107,NA,N,B,C,A,A,H,-,A,A,0,NA,NA,NA,NA,Y,NA,A,01,0,0,1,0,0,0,0,0,0,-,-,NA,NA,LOS ANGELES,DOWNEY,-118.11759185791016,33.94684982299805
8953578,2019,2019-10-15,1920,2019-09-14,1734,13321,1920,6,5,6,1920,0,0,0,NA,0,004,FLORENCE AV,VULTEE AV,264,E,N,A,-,N,NA,NA,NA,NA,NA,NA,NA,NA,NA,N,3,0,2,2,A,-,03,22350,NA,N,C,C,A,A,H,-,A,A,0,NA,NA,NA,NA,Y,NA,A,01,0,1,1,0,0,0,0,0,0,-,-,NA,NA,LOS ANGELES,DOWNEY,-118.11531829833984,33.94655990600586
8953582,2019,2019-10-15,1920,2019-09-13,1430,11992,NA,5,5,6,1920,0,0,0,NA,0,005,BELLMAN AV,CHEROKEE DR,0,NA,Y,A,-,N,NA,NA,NA,NA,NA,NA,NA,NA,NA,Y,3,0,3,2,A,-,09,21802,A,N,D,C,A,A,H,-,A,A,0,NA,NA,NA,NA,Y,NA,A,01,0,2,1,0,0,0,0,0,0,-,-,NA,NA,LOS ANGELES,DOWNEY,-118.1219482421875,33.94429016113281
8953586,2019,2019-10-15,1920,2019-09-15,0935,11992,NA,7,5,6,1920,0,0,0,NA,0,006,LAKEWOOD BL,APOLLO WY,100,S,N,A,-,N,NA,NA,NA,NA,NA,NA,NA,NA,NA,Y,3,0,1,1,A,-,08,22107,NA,N,E,I,A,A,H,-,A,A,0,NA,NA,NA,NA,Y,NA,A,01,0,1,0,0,0,0,0,0,0,-,-,NA,NA,LOS ANGELES,DOWNEY,-118.1338119506836,33.922306060791016
8953590,2019,2019-10-15,1920,2019-09-15,1839,13645,1920,7,5,6,1920,0,0,0,NA,0,001,BELLFLOWER BL,APOLLO WY,0,NA,Y,A,-,N,NA,NA,NA,NA,NA,NA,NA,NA,NA,Y,4,0,1,3,A,-,08,22107,NA,N,D,C,A,A,H,-,B,A,0,NA,NA,NA,NA,Y,NA,A,01,0,0,1,0,0,0,0,0,0,-,-,NA,NA,LOS ANGELES,DOWNEY,-118.12542724609376,33.92277145385742
8953593,2019,2019-10-17,1942,2019-09-19,2030,38427,10,4,5,7,1942,0,0,0,J,0,10L90,WILBUR AV,OXNARD ST,0,NA,Y,A,-,N,NA,NA,NA,NA,NA,NA,NA,NA,NA,NA,3,0,1,2,A,-,00,20015,NA,F,-,B,B,A,H,-,C,A,0,Y,NA,NA,NA,Y,NA,-,-,0,1,0,0,1,0,0,0,0,-,-,NA,NA,LOS ANGELES,LOS ANGELES,-118.5447235107422,34.18016052246094
8953594,2019,2019-10-15,1920,2019-09-16,1501,11792,1920,1,5,6,1920,0,0,0,NA,0,002,PARAMOUNT BL,SPRINGER ST,0,NA,Y,A,-,N,NA,NA,NA,NA,NA,NA,NA,NA,NA,N,4,0,3,2,A,-,09,21801,A,N,D,C,A,A,H,-,A,D,0,NA,NA,NA,NA,Y,NA,A,01,0,0,3,0,0,0,0,0,0,-,-,NA,NA,LOS ANGELES,DOWNEY,-118.14878845214844,33.92826843261719
8953598,2019,2019-10-15,1920,2019-09-14,1712,13321,1920,6,5,6,1920,0,0,0,NA,0,003,OLD RIVER SCHOOL RD,RIO FLORA PL,15,N,N,A,-,N,NA,NA,NA,NA,NA,NA,NA,NA,NA,Y,3,0,1,2,A,-,09,21801,A,N,D,C,A,A,H,-,A,A,0,NA,NA,NA,NA,Y,NA,A,01,0,1,0,0,0,0,0,0,0,-,-,NA,NA,LOS ANGELES,DOWNEY,-118.14659881591795,33.95055389404297
8953601,2019,2019-12-20,1900,2019-09-12,0852,618139,0642,4,5,6,1985,0,0,0,NA,0,62T1,COPPER HILL DR,CALEX DR,0,NA,Y,A,-,N,NA,NA,NA,NA,NA,NA,NA,NA,NA,Y,4,0,1,2,D,-,00,NA,NA,N,D,C,A,A,H,-,A,A,0,NA,NA,NA,NA,Y,NA,-,-,0,0,1,0,0,0,0,0,0,-,-,34.462371826171875,-118.5480728149414,LOS ANGELES,SANTA CLARITA,-118.54792022705078,34.462249755859375
8953602,2019,2019-10-10,1900,2019-09-09,0925,519514,2607,1,5,6,1950,0,0,0,NA,0,263T1,42ND ST EAST,TRENTON AV,0,NA,Y,A,-,N,NA,NA,NA,NA,NA,NA,NA,NA,NA,N,3,0,1,2,A,-,21,22106,NA,N,C,B,F,A,H,-,A,D,0,Y,NA,NA,NA,Y,NA,A,01,0,1,0,0,1,0,0,0,0,-,-,34.563499450683594,-118.05390167236328,LOS ANGELES,PALMDALE,-118.05390167236328,34.56328201293945
8953603,2019,2019-10-11,1900,2019-09-19,1105,549925,0460,4,5,4,1936,0,0,0,NA,0,46T1/D,TELEGRAPH RD,SPRINGVALE DR,32,S,N,A,-,N,NA,NA,NA,NA,NA,NA,NA,NA,NA,N,4,0,1,2,A,-,03,22350,NA,N,C,C,A,A,H,-,A,A,0,NA,NA,NA,NA,Y,NA,A,07,0,0,1,0,0,0,0,0,0,-,-,NA,NA,LOS ANGELES,LA MIRADA,-118.01746368408205,33.92050552368164
8953605,2019,2019-10-11,1900,2019-09-17,1930,612439,0622,2,5,6,1985,0,0,0,NA,0,62T1,ROCKWELL CYN RD,MCBEAN PKWY,300,N,N,A,-,N,NA,NA,NA,NA,NA,NA,NA,NA,NA,N,4,0,1,2,A,-,08,22107,NA,N,C,G,A,A,H,-,C,D,0,NA,Y,NA,NA,Y,NA,A,07,0,0,1,0,0,0,1,0,0,-,-,34.41059875488281,-118.57369995117188,LOS ANGELES,SANTA CLARITA,-118.5651397705078,34.39567947387695
8953606,2019,2019-10-10,1900,2019-09-10,1505,514671,2608,2,5,6,1950,0,0,0,NA,0,263T1,AVENUE R,26TH ST EAST,0,NA,Y,A,-,N,NA,NA,NA,NA,NA,NA,NA,NA,NA,N,4,0,1,2,A,-,09,21801,A,N,D,C,A,A,H,-,A,D,0,NA,NA,NA,NA,Y,NA,A,01,0,0,1,0,0,0,0,0,0,-,-,NA,NA,LOS ANGELES,PALMDALE,-118.0835189819336,34.57273864746094
8953607,2019,2019-10-11,1900,2019-09-08,1048,011421,0454,7,5,6,1949,0,0,0,NA,0,46K2,FIRESTONE BL,KALNOR AV,166,W,N,A,-,N,NA,NA,NA,NA,NA,NA,NA,NA,NA,Y,4,0,1,4,A,-,09,21801,A,N,B,C,A,A,H,-,A,D,0,NA,NA,NA,NA,Y,NA,A,01,0,0,1,0,0,0,0,0,0,-,-,NA,NA,LOS ANGELES,NORWALK,-118.07770538330078,33.91044998168945
8953609,2019,2019-10-11,1900,2019-09-13,1700,623588,0622,5,5,6,1985,0,0,0,NA,0,62T1,VALENCIA BL,CITRUS ST,0,NA,Y,A,-,N,NA,NA,NA,NA,NA,NA,NA,NA,NA,Y,3,0,2,2,A,-,12,21453,A,N,D,C,A,A,H,-,A,A,0,NA,NA,NA,NA,Y,NA,A,01,0,1,1,0,0,0,0,0,0,-,-,34.41305923461914,-118.55451202392578,LOS ANGELES,SANTA CLARITA,-118.55449676513672,34.41313171386719
8953610,2019,2019-10-10,1900,2019-09-10,1943,601485,2621,2,5,6,1950,0,0,0,NA,0,1900,SIERRA HWY,AVENUE N,962,S,N,A,-,N,NA,NA,NA,NA,NA,NA,NA,NA,NA,N,4,0,1,2,A,-,07,21658,A,N,B,C,A,A,H,-,D,D,0,NA,NA,NA,NA,Y,NA,A,01,0,0,1,0,0,0,0,0,0,-,-,34.62689971923828,-118.1251983642578,LOS ANGELES,PALMDALE,-118.1255340576172,34.62850570678711
8953611,2019,2019-10-11,1955,2019-09-24,1855,42261,50,2,5,6,1955,0,0,0,NA,0,001,WHITE AV,MONTEREY AV,0,NA,Y,A,-,N,NA,NA,NA,NA,NA,NA,NA,NA,NA,Y,3,0,2,2,D,-,00,NA,NA,N,D,C,A,A,H,-,C,A,0,NA,NA,NA,NA,Y,NA,-,-,0,1,1,0,0,0,0,0,0,-,-,NA,NA,LOS ANGELES,POMONA,-117.75897979736328,34.06032180786133
8953613,2019,2019-10-11,1900,2019-09-17,1420,525750,0613,2,5,6,1985,0,0,0,NA,0,61T1,SOLEDAD CANYON RD,CROSSGLADE AV,60,W,N,A,-,N,NA,NA,NA,NA,NA,NA,NA,NA,NA,N,4,0,1,2,A,-,03,22350,NA,N,C,C,A,A,H,-,A,D,0,NA,NA,NA,NA,Y,NA,A,01,0,0,1,0,0,0,0,0,0,-,-,34.41579818725586,-118.4670181274414,LOS ANGELES,SANTA CLARITA,-118.4665756225586,34.415672302246094
8953614,2019,2019-10-10,1900,2019-09-10,2052,601485,2612,2,5,6,1950,0,0,0,NA,0,262T1,RANCHO VISTA BL,DUNBAR ST,0,NA,Y,A,-,N,NA,NA,NA,NA,NA,NA,NA,NA,NA,Y,4,0,3,2,A,-,17,24250,NA,N,A,C,A,A,H,-,C,D,0,NA,NA,NA,NA,Y,NA,A,01,0,0,3,0,0,0,0,0,0,-,-,34.60169982910156,-118.1613998413086,LOS ANGELES,PALMDALE,-118.16144,34.60174
8953615,2019,2019-10-11,1955,2019-09-16,0544,41920,06,1,5,6,1955,0,0,0,NA,0,001,HOLT AV,GORDON ST,9,NA,N,A,-,N,NA,NA,NA,NA,NA,NA,NA,NA,NA,N,3,0,1,2,A,-,11,21950,B,N,G,B,C,A,H,-,A,D,0,Y,NA,NA,NA,Y,NA,N,60,0,1,0,0,1,0,0,0,0,-,-,NA,NA,LOS ANGELES,POMONA,-117.75357818603516,34.06230163574219
8953617,2019,2019-10-11,1900,2019-09-16,0520,629219,0642,1,5,6,1985,0,0,0,NA,0,62T1,COPPER HILL DR,AVENIDA RANCHO TESORO,118,W,N,A,-,N,NA,NA,NA,NA,NA,NA,NA,NA,NA,Y,4,0,1,1,A,-,08,22107,NA,N,E,I,A,A,H,-,A,D,0,NA,NA,NA,NA,Y,NA,A,01,0,0,1,0,0,0,0,0,0,-,-,34.46329879760742,-118.55660247802734,LOS ANGELES,SANTA CLARITA,-118.5561981201172,34.46318435668945
8953618,2019,2019-10-10,1900,2019-09-12,0555,480768,2607,4,5,6,1950,0,0,0,NA,0,262T1,40TH ST EAST,VENTURE PL,176,S,N,A,-,N,NA,NA,NA,NA,NA,NA,NA,NA,NA,Y,3,0,1,1,A,-,08,22107,NA,N,E,I,A,A,H,-,A,D,0,NA,NA,NA,NA,Y,NA,A,01,0,1,0,0,0,0,0,0,0,-,-,34.58415985107422,-118.05828857421876,LOS ANGELES,PALMDALE,-118.05842590332033,34.58417892456055
8953619,2019,2019-10-11,1955,2019-09-13,2358,41920,55,5,5,6,1955,0,0,0,NA,0,001,HOLT AV,DUDLEY ST,266,NA,N,A,-,N,NA,NA,NA,NA,NA,NA,NA,NA,NA,N,4,0,1,2,A,-,00,21703,A,M,G,B,A,A,H,-,B,D,0,NA,Y,NA,NA,Y,NA,-,99,0,0,1,0,0,0,1,0,0,-,-,NA,NA,LOS ANGELES,POMONA,-117.77667236328124,34.06172180175781
8953621,2019,2019-10-11,1900,2019-09-15,1125,629219,0641,7,5,6,1985,0,0,0,NA,0,64T1,BOUQUET CANYON RD,HEIDI JO LN,34,W,N,A,-,N,NA,NA,NA,NA,NA,NA,NA,NA,NA,Y,3,0,1,2,A,-,09,21802,A,N,D,C,A,A,H,-,A,A,0,NA,NA,NA,NA,Y,NA,A,01,0,1,0,0,0,0,0,0,0,-,-,34.441200256347656,-118.51361846923828,LOS ANGELES,SANTA CLARITA,-118.51382446289064,34.44114685058594
8953622,2019,2019-10-10,1900,2019-09-04,0758,541571,2608,3,5,6,1950,0,0,0,NA,0,263T1,AVENUE Q,28TH ST EAST,161,E,N,A,-,N,NA,NA,NA,NA,NA,NA,NA,NA,NA,Y,4,0,4,3,A,-,03,22350,NA,N,C,C,A,A,H,-,A,A,0,NA,NA,NA,NA,Y,NA,A,01,0,0,4,0,0,0,0,0,0,-,-,34.587501525878906,-118.07784271240234,LOS ANGELES,PALMDALE,-118.07862854003906,34.587440490722656
8953626,2019,2019-10-10,1900,2019-09-16,1250,489417,2619,1,5,6,1950,0,0,0,NA,0,262T1,SIERRA HWY,TECHNOLOGY DR,650,S,N,A,-,N,NA,NA,NA,NA,NA,NA,NA,NA,NA,N,4,0,1,2,A,-,03,22350,NA,N,C,C,A,A,H,-,A,A,0,NA,NA,NA,NA,Y,NA,A,01,0,0,1,0,0,0,0,0,0,-,-,34.59299850463867,-118.12000274658205,LOS ANGELES,PALMDALE,-118.11969757080078,34.592872619628906
8953634,2019,2019-10-10,1900,2019-09-09,1510,407357,0623,1,5,6,1985,0,0,0,NA,0,62T1,TOURNAMENT RD,GOLF COURSE RD,0,NA,Y,A,-,N,NA,NA,NA,NA,NA,NA,NA,NA,NA,N,4,0,1,2,A,-,10,21950,A,N,G,B,B,A,H,-,A,A,0,Y,NA,NA,NA,Y,NA,A,01,0,0,1,0,1,0,0,0,0,-,-,34.390419006347656,-118.5588836669922,LOS ANGELES,SANTA CLARITA,-118.55885314941406,34.390411376953125
8953635,2019,2019-10-11,1955,2019-09-18,0750,41484,44,3,5,6,1955,0,0,0,NA,0,001,DUDLEY ST,ARROYO AV,11,E,N,A,-,N,NA,NA,NA,NA,NA,NA,NA,NA,NA,N,4,0,1,2,A,-,10,21950,A,N,G,B,B,A,H,-,A,A,0,Y,NA,NA,NA,Y,NA,A,01,0,0,1,0,1,0,0,0,0,-,-,NA,NA,LOS ANGELES,POMONA,-117.77753448486328,34.06658935546875
8953638,2019,2019-12-24,1900,2019-09-10,0730,612439,0629,2,5,6,1985,0,0,0,NA,0,62T1,LYONS AV,WILEY CANYON RD,0,NA,Y,A,-,N,NA,NA,NA,NA,NA,NA,NA,NA,NA,N,3,0,1,2,A,-,05,21650,1,M,D,G,A,A,H,-,A,A,0,NA,Y,NA,NA,Y,NA,L,04,0,1,0,0,0,0,1,0,0,-,-,34.378700256347656,-118.55829620361328,LOS ANGELES,SANTA CLARITA,-118.55838775634766,34.37881088256836
8953639,2019,2019-10-11,1955,2019-09-17,0821,41484,26,2,5,6,1955,0,0,0,NA,0,002,GAREY AV,LA VERNE AV,0,NA,Y,A,-,N,NA,NA,NA,NA,NA,NA,NA,NA,NA,Y,3,0,1,2,A,-,09,21801,A,N,A,C,A,A,H,-,A,A,0,NA,NA,NA,NA,Y,NA,A,01,0,1,0,0,0,0,0,0,0,-,-,NA,NA,LOS ANGELES,POMONA,-117.75148010253906,34.085601806640625
8953642,2019,2019-10-10,1900,2019-09-03,1435,480759,0645,2,5,6,1985,0,0,0,NA,0,64T1,KELLY JOHNSON PKWY,CONSTELLATION RD,0,NA,Y,A,-,N,NA,NA,NA,NA,NA,NA,NA,NA,NA,N,4,0,1,2,A,-,09,21801,A,N,D,C,A,A,H,-,A,A,0,NA,NA,NA,NA,Y,NA,A,07,0,0,1,0,0,0,0,0,0,-,-,34.448020935058594,-118.57946014404295,LOS ANGELES,SANTA CLARITA,-118.57948303222656,34.44797134399414
8953643,2019,2019-10-11,1955,2019-09-19,0833,41484,12,4,5,6,1955,0,0,0,NA,0,003,SAN BERNARDINO AV,TOWNE AV,34,E,N,A,-,N,NA,NA,NA,NA,NA,NA,NA,NA,NA,Y,4,0,1,2,A,-,08,22107,NA,N,B,C,A,A,H,-,A,A,0,NA,NA,NA,NA,Y,NA,A,01,0,0,1,0,0,0,0,0,0,-,-,NA,NA,LOS ANGELES,POMONA,-117.74195861816406,34.075801849365234
8953646,2019,2019-10-10,1900,2019-09-03,1640,480759,0644,2,5,6,1985,0,0,0,NA,0,62T1,VALENCIA BL,MAGIC MOUNTAIN PKWY,42,N,N,A,-,N,NA,NA,NA,NA,NA,NA,NA,NA,NA,N,4,0,1,2,D,-,00,NA,NA,N,C,C,A,A,H,-,A,A,0,NA,NA,NA,NA,Y,NA,-,-,0,0,1,0,0,0,0,0,0,-,-,34.41627883911133,-118.54975128173828,LOS ANGELES,SANTA CLARITA,-118.54979705810548,34.41606903076172
8953647,2019,2019-10-11,1955,2019-09-19,0714,41484,6,4,5,6,1955,0,0,0,NA,0,001,HOLT AV,PARK AVE,45,E,N,A,-,N,NA,NA,NA,NA,NA,NA,NA,NA,NA,Y,3,0,1,2,A,-,09,21801,A,N,H,I,A,A,H,-,A,A,0,NA,NA,Y,NA,Y,NA,A,01,0,1,0,0,0,0,0,0,1,-,-,NA,NA,LOS ANGELES,POMONA,-117.75450897216795,34.06228256225586
8953650,2019,2019-10-10,1900,2019-09-02,1710,629219,0629,1,5,6,1985,0,0,0,NA,0,62T1,LYONS AV,VALLEY ST,0,NA,Y,A,-,N,NA,NA,NA,NA,NA,NA,NA,NA,NA,Y,4,0,2,2,A,-,12,21453,A,N,D,C,A,A,H,-,A,A,0,NA,NA,NA,NA,Y,NA,A,08,0,0,2,0,0,0,0,0,0,-,-,34.37971115112305,-118.54061889648438,LOS ANGELES,SANTA CLARITA,-118.54074096679688,34.37971115112305
8953651,2019,2019-10-11,1955,2019-09-08,1537,41138,34,7,5,6,1955,0,0,0,NA,0,002,ARROW HWY,FULTON RD,0,NA,Y,A,-,N,NA,NA,NA,NA,NA,NA,NA,NA,NA,Y,4,0,3,2,A,-,12,22450,A,N,D,C,A,A,H,-,A,A,0,NA,NA,NA,NA,Y,NA,A,01,0,0,3,0,0,0,0,0,0,-,-,NA,NA,LOS ANGELES,POMONA,-117.75617218017578,34.09006118774414
8953655,2019,2019-10-11,1955,2019-09-25,0802,40437,NA,3,5,6,1955,0,0,0,NA,0,001,ORANGE GROVE AV,UNION AV,0,NA,N,A,-,N,NA,NA,NA,NA,NA,NA,NA,NA,NA,N,4,0,4,3,A,-,03,22350,NA,N,C,C,A,A,H,-,A,D,0,NA,NA,NA,NA,Y,NA,A,01,0,0,4,0,0,0,0,0,0,-,-,NA,NA,LOS ANGELES,POMONA,-117.78330230712892,34.06357955932617
8953658,2019,2020-03-11,1900,2019-09-04,1405,626575,0613,3,5,6,1985,0,0,0,NA,0,61T1,SOLEDAD CANYON RD,WHITES CANYON RD,255,E,N,A,-,N,NA,NA,NA,NA,NA,NA,NA,NA,NA,N,4,0,1,2,A,-,10,21950,A,N,G,B,C,A,H,-,A,D,0,Y,NA,NA,NA,Y,NA,A,01,0,0,1,0,1,0,0,0,0,-,-,34.41469955444336,-118.47059631347656,LOS ANGELES,SANTA CLARITA,-118.47132873535156,34.41572189331055
8953659,2019,2019-10-11,1955,2019-09-18,2007,42602,0089,3,5,6,1955,0,0,0,NA,0,004,RESERVOIR ST,COUNTY RD,0,NA,Y,A,-,N,NA,NA,NA,NA,NA,NA,NA,NA,NA,Y,4,0,2,2,A,-,00,21801,2,N,D,C,A,A,H,-,C,A,0,NA,NA,NA,NA,Y,NA,A,01,0,0,2,0,0,0,0,0,0,-,-,NA,NA,LOS ANGELES,POMONA,-117.73152160644533,34.026451110839844
8953662,2019,2019-10-10,1900,2019-09-03,1930,612439,0631,2,5,6,1985,0,0,0,NA,0,61T1,SANDY DR,SIERRA HWY,0,NA,Y,A,-,N,NA,NA,NA,NA,NA,NA,NA,NA,NA,N,4,0,1,2,A,-,05,21650,1,N,D,G,A,A,H,-,C,D,0,NA,Y,NA,NA,Y,NA,L,04,0,0,1,0,0,0,1,0,0,-,-,34.412200927734375,-118.45760345458984,LOS ANGELES,SANTA CLARITA,-118.45767974853516,34.412139892578125
8953663,2019,2019-10-11,1955,2019-09-20,2314,40632,26,5,5,6,1955,0,0,0,NA,0,002,GAREY AV,LA VERNE AV,281,N,N,A,-,N,NA,NA,NA,NA,NA,NA,NA,NA,NA,Y,4,0,1,2,A,-,03,22350,NA,N,C,C,A,A,H,-,C,A,0,NA,NA,NA,NA,Y,NA,-,NA,0,0,1,0,0,0,0,0,0,-,-,NA,NA,LOS ANGELES,POMONA,-117.75112152099608,34.08631134033203
8953666,2019,2019-10-10,1900,2019-09-04,1715,623588,0629,3,5,6,1985,0,0,0,NA,0,62T1,LYONS AV,APPLE ST,25,W,N,A,-,N,NA,NA,NA,NA,NA,NA,NA,NA,NA,Y,4,0,1,2,A,-,03,22350,NA,N,C,C,A,A,H,-,A,A,0,NA,NA,NA,NA,Y,NA,A,01,0,0,1,0,0,0,0,0,0,-,-,34.379669189453125,-118.54247283935548,LOS ANGELES,SANTA CLARITA,-118.54256439208984,34.37973403930664
8953667,2019,2019-10-11,1955,2019-09-15,0759,42045,92,7,5,6,1955,0,0,0,NA,0,004,RESERVOIR ST,GRAND AV,0,NA,Y,A,-,N,NA,NA,NA,NA,NA,NA,NA,NA,NA,Y,4,0,1,2,A,-,12,21453,A,N,D,C,A,A,H,-,A,A,0,NA,NA,NA,NA,Y,NA,A,01,0,0,1,0,0,0,0,0,0,-,-,NA,NA,LOS ANGELES,POMONA,-117.73233795166016,34.048248291015625