CASE_ID,ACCIDENT_YEAR,PROC_DATE,JURIS,COLLISION_DATE,COLLISION_TIME,OFFICER_ID,REPORTING_DISTRICT,DAY_OF_WEEK,CHP_SHIFT,POPULATION,CNTY_CITY_LOC,SPECIAL_COND,BEAT_TYPE,CHP_BEAT_TYPE,CITY_DIVISION_LAPD,CHP_BEAT_CLASS,BEAT_NUMBER,PRIMARY_RD,SECONDARY_RD,DISTANCE,DIRECTION,INTERSECTION,WEATHER_1,WEATHER_2,STATE_HWY_IND,CALTRANS_COUNTY,CALTRANS_DISTRICT,STATE_ROUTE,ROUTE_SUFFIX,POSTMILE_PREFIX,POSTMILE,LOCATION_TYPE,RAMP_INTERSECTION,SIDE_OF_HWY,TOW_AWAY,COLLISION_SEVERITY,NUMBER_KILLED,NUMBER_INJURED,PARTY_COUNT,PRIMARY_COLL_FACTOR,PCF_CODE_OF_VIOL,PCF_VIOL_CATEGORY,PCF_VIOLATION,PCF_VIOL_SUBSECTION,HIT_AND_RUN,TYPE_OF_COLLISION,MVIW,PED_ACTION,ROAD_SURFACE,ROAD_COND_1,ROAD_COND_2,LIGHTING,CONTROL_DEVICE,CHP_ROAD_TYPE,PEDESTRIAN_ACCIDENT,BICYCLE_ACCIDENT,MOTORCYCLE_ACCIDENT,TRUCK_ACCIDENT,NOT_PRIVATE_PROPERTY,ALCOHOL_INVOLVED,STWD_VEHTYPE_AT_FAULT,CHP_VEHTYPE_AT_FAULT,COUNT_SEVERE_INJ,COUNT_VISIBLE_INJ,COUNT_COMPLAINT_PAIN,COUNT_PED_KILLED,COUNT_PED_INJURED,COUNT_BICYCLIST_KILLED,COUNT_BICYCLIST_INJURED,COUNT_MC_KILLED,COUNT_MC_INJURED,PRIMARY_RAMP,SECONDARY_RAMP,LATITUDE,LONGITUDE,COUNTY,CITY,POINT_X,POINT_Y
8955776,2019,2019-10-18,1900,2019-09-20,0719,615106,2608,5,5,6,1950,0,0,0,NA,0,261T1,AVE R,25TH ST EAST,875,W,N,A,-,N,NA,NA,NA,NA,NA,NA,NA,NA,NA,Y,4,0,1,3,A,-,09,21804,A,N,D,C,A,A,H,-,A,D,0,NA,NA,NA,NA,Y,NA,A,07,0,0,1,0,0,0,0,0,0,-,-,34.57265853881836,-118.08995056152344,LOS ANGELES,PALMDALE,-118.0878677368164,34.572731018066406
8955780,2019,2019-10-21,1900,2019-09-17,1550,601485,2603,2,5,6,1950,0,0,0,NA,0,262T1,AVE S,HALFMOON DR,139,W,N,A,-,N,NA,NA,NA,NA,NA,NA,NA,NA,NA,N,4,0,1,2,A,-,04,21703,NA,N,C,-,A,A,H,-,A,D,0,NA,NA,NA,NA,Y,NA,A,01,0,0,1,0,0,0,0,0,0,-,-,34.55799865722656,-118.08799743652344,LOS ANGELES,PALMDALE,-118.08808135986328,34.55812454223633
8955784,2019,2019-10-21,1900,2019-09-16,1820,538684,3611,1,5,6,1950,0,0,0,NA,0,263T1,AVE S,PARK AND RIDE,0,NA,Y,A,-,N,NA,NA,NA,NA,NA,NA,NA,NA,NA,Y,4,0,2,2,A,-,03,22350,NA,N,C,C,A,-,H,-,A,A,0,NA,NA,NA,NA,Y,NA,A,01,0,0,2,0,0,0,0,0,0,-,-,34.33285903930664,-118.73650360107422,LOS ANGELES,PALMDALE,NA,NA
8955795,2019,2019-10-18,1942,2019-09-29,1815,43894,0334,7,5,7,1942,0,0,0,C,0,3A74,12TH AV,36TH ST,0,NA,Y,A,-,N,NA,NA,NA,NA,NA,NA,NA,NA,NA,NA,4,0,1,2,A,-,11,21954,A,N,G,B,D,A,H,-,B,D,0,Y,NA,NA,NA,Y,NA,N,60,0,0,1,0,1,0,0,0,0,-,-,NA,NA,LOS ANGELES,LOS ANGELES,-118.33167,34.02335
8955853,2019,2019-10-17,1953,2019-09-23,0942,3367,1953,1,5,6,1953,0,0,0,NA,0,003,DEL MAR BL,SAN MARINO AV,0,NA,Y,A,-,N,NA,NA,NA,NA,NA,NA,NA,NA,NA,Y,3,0,2,3,A,-,12,22450,A,N,D,C,A,A,H,-,A,A,0,NA,NA,NA,NA,Y,NA,A,01,0,2,0,0,0,0,0,0,0,-,-,NA,NA,LOS ANGELES,PASADENA,-118.10829925537108,34.141990661621094
8955857,2019,2019-10-17,1953,2019-09-27,0400,2183,1953,5,5,6,1953,0,0,0,NA,0,003,GARFIELD AV,WASHINGTON BL,500,N,N,B,-,N,NA,NA,NA,NA,NA,NA,NA,NA,NA,Y,3,0,1,2,A,-,01,23152,A,M,B,E,A,A,H,-,D,D,0,NA,NA,NA,NA,Y,Y,A,01,0,1,0,0,0,0,0,0,0,-,-,NA,NA,LOS ANGELES,PASADENA,-118.14390563964844,34.17027282714844
8955861,2019,2019-10-17,1900,2019-09-30,2025,524132,0647,1,5,6,1985,0,0,0,NA,0,62T1,VIA PRINCESSA,OAK RIDGE DR,0,NA,Y,A,-,N,NA,NA,NA,NA,NA,NA,NA,NA,NA,Y,4,0,1,1,A,-,08,22107,NA,N,E,I,A,A,H,-,C,A,0,NA,NA,NA,NA,Y,NA,A,01,0,0,1,0,0,0,0,0,0,-,-,34.397499084472656,-118.53600311279295,LOS ANGELES,SANTA CLARITA,-118.53585815429688,34.397281646728516
8955865,2019,2019-10-17,1900,2019-09-30,1250,618139,0647,1,5,6,1985,0,0,0,NA,0,64T1,SOLEDAD CANYON RD,COMMUTER WY,126,E,N,A,-,N,NA,NA,NA,NA,NA,NA,NA,NA,NA,Y,4,0,1,2,A,-,03,22350,NA,N,C,C,A,A,H,-,A,D,0,NA,NA,NA,NA,Y,NA,A,01,0,0,1,0,0,0,0,0,0,-,-,34.41579818725586,-118.52555084228516,LOS ANGELES,SANTA CLARITA,-118.52569580078124,34.41566467285156
8955869,2019,2019-10-17,1900,2019-09-28,0900,626575,0610,6,5,6,1985,0,0,0,NA,0,61T1,RUETHER AV,GOLDEN TRIANGLE RD,0,NA,Y,A,-,N,NA,NA,NA,NA,NA,NA,NA,NA,NA,Y,4,0,2,3,A,-,12,21453,A,N,D,C,A,A,H,-,A,A,0,NA,NA,NA,NA,Y,NA,A,01,0,0,2,0,0,0,0,0,0,-,-,34.419898986816406,-118.49829864501952,LOS ANGELES,SANTA CLARITA,-118.49842071533205,34.42005920410156
8955873,2019,2019-10-17,1900,2019-09-24,1645,630201,0642,2,5,6,1985,0,0,0,NA,0,64T1,MCBEAN PKWY,HAYWARD ST,140,S,N,A,-,N,NA,NA,NA,NA,NA,NA,NA,NA,NA,Y,4,0,1,4,A,-,03,22350,NA,N,C,C,A,A,H,-,A,D,0,NA,NA,NA,NA,Y,NA,A,01,0,0,1,0,0,0,0,0,0,-,-,34.46662902832031,-118.56144714355467,LOS ANGELES,SANTA CLARITA,NA,NA
8955877,2019,2019-10-17,1900,2019-09-17,1035,274594,0642,2,5,6,1985,0,0,0,NA,0,64T1,DICKASON DR,SMYTH DR,0,NA,Y,A,-,N,NA,NA,NA,NA,NA,NA,NA,NA,NA,Y,3,0,2,2,A,-,09,21801,A,N,D,C,A,A,H,-,A,A,0,NA,NA,NA,NA,Y,NA,A,01,0,2,0,0,0,0,0,0,0,-,-,34.438899993896484,-118.56330108642578,LOS ANGELES,SANTA CLARITA,-118.56313323974608,34.438961029052734
8955881,2019,2019-10-17,1900,2019-09-24,1540,630201,0621,2,5,6,1985,0,0,0,NA,0,64T1,MCBEAN PKWY,TOWN CENTER DR,0,NA,Y,A,-,N,NA,NA,NA,NA,NA,NA,NA,NA,NA,N,3,0,1,2,A,-,10,21950,A,N,G,B,B,A,H,-,A,A,0,Y,NA,NA,NA,Y,NA,A,01,0,1,0,0,1,0,0,0,0,-,-,34.41563034057617,-118.56096649169922,LOS ANGELES,SANTA CLARITA,-118.56243896484376,34.41775894165039
8955885,2019,2019-10-17,1900,2019-09-24,0005,635664,0612,2,5,6,1985,0,0,0,NA,0,61T1,WHITES CANYON RD,RAINIER ST,195,S,N,A,-,N,NA,NA,NA,NA,NA,NA,NA,NA,NA,Y,4,0,1,1,A,-,03,22350,NA,N,E,I,A,A,H,-,C,D,0,NA,NA,NA,NA,Y,NA,A,01,0,0,1,0,0,0,0,0,0,-,-,34.425689697265625,-118.47090911865234,LOS ANGELES,SANTA CLARITA,-118.4707489013672,34.425621032714844
8955889,2019,2019-10-17,1900,2019-09-22,1705,612439,0631,7,5,6,1985,0,0,0,NA,0,61T1,SOLEDAD CANYON RD,OAK SPRINGS CANYON RD,0,NA,Y,A,-,N,NA,NA,NA,NA,NA,NA,NA,NA,NA,Y,4,0,1,2,A,-,07,21658,A,N,C,C,A,A,H,-,A,D,0,NA,NA,Y,NA,Y,NA,A,01,0,0,1,0,0,0,0,0,1,-,-,34.428001403808594,-118.41510009765624,LOS ANGELES,SANTA CLARITA,-118.41520690917967,34.42823028564453
8955893,2019,2019-10-17,1900,2019-09-21,0845,508705,0614,6,5,6,1985,0,0,0,NA,0,64T1,PLEASANTDALE ST,DEEPTREE AV,0,NA,Y,A,-,N,NA,NA,NA,NA,NA,NA,NA,NA,NA,Y,4,0,1,2,A,-,09,21801,A,N,D,C,A,A,H,-,A,D,0,NA,NA,NA,NA,Y,NA,A,08,0,0,1,0,0,0,0,0,0,-,-,34.420799255371094,-118.47350311279295,LOS ANGELES,SANTA CLARITA,-118.47344207763672,34.42074966430664
8955897,2019,2019-10-17,1900,2019-09-20,1540,626575,0617,5,5,6,1985,0,0,0,NA,0,61T1,SIERRA HWY,RAINBOW GLEN DR,150,N,N,A,-,N,NA,NA,NA,NA,NA,NA,NA,NA,NA,Y,4,0,1,2,A,-,03,22350,NA,N,C,C,A,A,H,-,A,D,0,NA,NA,NA,NA,Y,NA,A,08,0,0,1,0,0,0,0,0,0,-,-,34.397769927978516,-118.48269653320313,LOS ANGELES,SANTA CLARITA,-118.4800262451172,34.397891998291016
8955901,2019,2019-10-17,1900,2019-09-20,1125,508705,0642,5,5,6,1985,0,0,0,NA,0,64T1,MCBEAN PKWY,SKYCREST CIR,0,NA,Y,A,-,N,NA,NA,NA,NA,NA,NA,NA,NA,NA,Y,4,0,1,2,A,-,09,21802,A,N,D,C,A,A,H,-,A,D,0,NA,NA,NA,NA,Y,NA,A,07,0,0,1,0,0,0,0,0,0,-,-,34.44810104370117,-118.55269622802734,LOS ANGELES,SANTA CLARITA,-118.5527572631836,34.4480094909668
8955905,2019,2019-10-17,1900,2019-09-21,1825,626575,0631,6,5,6,1985,0,0,0,NA,0,61T1,SIERRA HWY,SCHERZINGER LN,150,N,N,A,-,N,NA,NA,NA,NA,NA,NA,NA,NA,NA,Y,4,0,1,3,A,-,07,21658,A,N,F,C,A,A,H,-,A,D,0,NA,NA,NA,NA,Y,NA,A,01,0,0,1,0,0,0,0,0,0,-,-,34.423648834228516,-118.45046997070313,LOS ANGELES,SANTA CLARITA,-118.45037078857422,34.424068450927734
8955909,2019,2019-10-17,1900,2019-09-16,1535,437456,0642,1,5,6,1985,0,0,0,NA,0,64T1,COPPER HILL DR,SECO CANYON RD,490,W,N,A,-,N,NA,NA,NA,NA,NA,NA,NA,NA,NA,Y,4,0,1,2,A,-,09,21804,A,N,D,C,A,A,H,-,A,D,0,NA,NA,NA,NA,Y,NA,A,01,0,0,1,0,0,0,0,0,0,-,-,34.46022033691406,-118.53614807128906,LOS ANGELES,SANTA CLARITA,-118.53601837158205,34.4600944519043
8955913,2019,2019-10-17,1900,2019-09-13,1725,626575,0635,5,5,6,1985,0,0,0,NA,0,61T1,ABELIA RD,DAHLIA RIDGE DR,20,N,N,A,-,N,NA,NA,NA,NA,NA,NA,NA,NA,NA,Y,3,0,1,2,A,-,09,21801,A,N,D,C,A,A,H,-,A,D,0,NA,NA,NA,NA,Y,NA,A,01,0,1,0,0,0,0,0,0,0,-,-,34.452598571777344,-118.39176940917967,LOS ANGELES,SANTA CLARITA,-118.38956451416016,34.45260238647461
8955917,2019,2019-10-17,1900,2019-09-13,1430,626575,0613,5,5,6,1985,0,0,0,NA,0,61T1,SOLEDAD CANYON RD,HIDAWAY AV,300,E,N,A,-,N,NA,NA,NA,NA,NA,NA,NA,NA,NA,Y,4,0,2,2,A,-,09,21804,A,N,D,C,A,A,H,-,A,D,0,NA,NA,NA,NA,Y,NA,A,08,0,0,2,0,0,0,0,0,0,-,-,34.4157600402832,-118.46743011474608,LOS ANGELES,SANTA CLARITA,-118.46797943115234,34.415706634521484
8955926,2019,2019-10-18,1900,2019-08-31,1019,602959,1434,6,5,4,1937,0,0,0,NA,0,143T1,OLD VALLEY BL,GLENDORA AV,40,E,N,A,-,N,NA,NA,NA,NA,NA,NA,NA,NA,NA,Y,4,0,1,2,A,-,08,22107,NA,N,C,E,A,A,H,-,A,D,0,NA,NA,NA,NA,Y,NA,A,01,0,0,1,0,0,0,0,0,0,-,-,34.019859313964844,-117.95375823974608,LOS ANGELES,LA PUENTE,-117.95404815673828,34.020042419433594
8955930,2019,2019-10-18,1907,2019-08-27,0749,193,2,2,5,4,1907,0,0,0,NA,0,NA,ATLANTIC AV,RANDOLPH ST,2,NA,N,A,-,N,NA,NA,NA,NA,NA,NA,NA,NA,NA,N,3,0,1,2,A,-,10,21950,A,F,G,B,B,A,H,-,A,A,0,Y,NA,NA,NA,Y,NA,A,01,0,1,0,0,1,0,0,0,0,-,-,33.98134994506836,-118.18653106689452,LOS ANGELES,BELL,-118.18647003173828,33.981361389160156
8955988,2019,2019-10-21,1942,2019-09-19,1900,41957,0621,4,5,7,1942,0,0,0,F,0,6A31,LAUREL PASS AV,WONDERLAND AV,340,N,N,A,-,N,NA,NA,NA,NA,NA,NA,NA,NA,NA,Y,4,0,1,2,A,-,05,21650,NA,N,B,C,A,A,H,-,A,D,0,NA,NA,NA,NA,Y,NA,A,01,0,0,1,0,0,0,0,0,0,-,-,NA,NA,LOS ANGELES,LOS ANGELES,-118.3809814453125,34.11518859863281
8955996,2019,2019-10-18,1942,2019-10-08,2120,40209,2036,2,5,7,1942,0,0,0,NA,0,20A45,WILSHIRE BL,CATALINA ST,45,W,N,A,-,N,NA,NA,NA,NA,NA,NA,NA,NA,NA,N,3,0,1,2,A,-,11,21955,NA,N,G,B,D,A,H,-,C,A,0,Y,NA,NA,NA,Y,Y,N,60,0,1,0,0,1,0,0,0,0,-,-,NA,NA,LOS ANGELES,LOS ANGELES,-118.29554748535156,34.06175994873047
8956000,2019,2019-10-21,1942,2019-09-18,1830,43351,2093,3,5,7,1942,0,0,0,NA,0,20A16,WESTERN AV,WASHINGTON BL,0,NA,Y,A,-,N,NA,NA,NA,NA,NA,NA,NA,NA,NA,Y,4,0,3,2,A,-,12,21453,NA,N,A,C,A,A,H,-,A,A,0,NA,NA,NA,NA,Y,NA,A,01,0,0,3,0,0,0,0,0,0,-,-,NA,NA,LOS ANGELES,LOS ANGELES,-118.30899047851564,34.039920806884766
8956001,2019,2019-11-19,1942,2019-09-30,1740,43726,2062,1,5,7,1942,0,0,0,NA,0,20A53,COUNTRY CLUB DR,MANHATTAN PL,0,NA,-,A,-,N,NA,NA,NA,NA,NA,NA,NA,NA,NA,N,4,0,1,2,A,-,17,21200,NA,N,D,G,A,A,H,-,B,D,0,NA,Y,NA,NA,Y,NA,L,04,0,0,1,0,0,0,1,0,0,-,-,NA,NA,LOS ANGELES,LOS ANGELES,-118.31015777587892,34.04941177368164
8956005,2019,2019-10-18,1942,2019-10-03,1150,38007,2017,4,5,7,1942,0,0,0,NA,0,20A25,W 3RD ST,S VERMONT AV,50,W,N,A,-,N,NA,NA,NA,NA,NA,NA,NA,NA,NA,N,4,0,1,2,A,-,03,22350,NA,N,C,C,A,A,H,-,A,D,0,NA,NA,NA,NA,Y,NA,D,22,0,0,1,0,0,0,0,0,0,-,-,NA,NA,LOS ANGELES,LOS ANGELES,-118.29181671142578,34.06904983520508
8956009,2019,2019-10-21,1942,2019-09-25,1630,38007,2054,3,5,7,1942,0,0,0,NA,0,20A53,S ARDMORE AV,W OLYMPIC BL,0,NA,Y,A,-,N,NA,NA,NA,NA,NA,NA,NA,NA,NA,Y,3,0,2,2,A,-,09,21802,A,N,D,C,A,A,H,-,A,A,0,NA,NA,NA,NA,Y,NA,D,22,0,1,1,0,0,0,0,0,0,-,-,NA,NA,LOS ANGELES,LOS ANGELES,-118.30209350585938,34.05263137817383
8956013,2019,2019-10-21,1942,2019-09-19,1035,39594,2062,4,5,7,1942,0,0,0,NA,0,20A69,OLYMPIC BL,WESTERN BL,0,NA,Y,A,-,N,NA,NA,NA,NA,NA,NA,NA,NA,NA,Y,3,0,4,4,A,-,12,21453,A,N,D,C,A,A,H,-,A,A,0,NA,NA,NA,NA,Y,NA,A,01,0,1,3,0,0,0,0,0,0,-,-,NA,NA,LOS ANGELES,LOS ANGELES,-118.30906677246094,34.05263900756836
8956016,2019,2019-11-18,1900,2019-09-01,1000,522052,0974,7,5,4,1979,0,0,0,NA,0,92T1,FOUNTAIN AV,ORANGE GROVE AV,10,W,N,A,-,N,NA,NA,NA,NA,NA,NA,NA,NA,NA,Y,3,0,1,2,A,-,08,22107,NA,N,D,C,A,A,H,-,A,D,0,NA,NA,NA,NA,Y,NA,I,10,0,1,0,0,0,0,0,0,0,-,-,34.09149169921875,-118.38198852539064,LOS ANGELES,WEST HOLLYWOOD,-118.36040496826172,34.09444046020508
8956046,2019,2019-11-05,1942,2019-09-09,1420,43983,0914,1,5,7,1942,0,0,0,I,0,9A19,SHERMAN WY,SHERMAN CIR,100,E,N,A,-,N,NA,NA,NA,NA,NA,NA,NA,NA,NA,N,4,0,1,2,A,-,04,21703,NA,N,C,C,A,A,H,-,A,A,0,NA,NA,NA,NA,Y,NA,A,01,0,0,1,0,0,0,0,0,0,-,-,NA,NA,LOS ANGELES,LOS ANGELES,-118.45056915283205,34.20117950439453
8956054,2019,2019-10-30,1942,2019-08-31,2200,32372,0904,6,5,7,1942,0,0,0,I,0,9A23,SHERMAN WY,SEPULVEDA BL,80,NA,N,A,-,N,NA,NA,NA,NA,NA,NA,NA,NA,NA,N,4,0,1,3,A,-,03,22350,NA,N,C,C,A,A,H,-,C,A,0,NA,NA,NA,NA,Y,NA,A,01,0,0,1,0,0,0,0,0,0,-,-,NA,NA,LOS ANGELES,LOS ANGELES,-118.46620178222656,34.20124816894531
8956062,2019,2019-10-25,1942,2019-09-09,0850,39048,0919,1,5,7,1942,0,0,0,I,0,9A5,WOODMAN AV,SHERMAN WY,450,N,N,A,-,N,NA,NA,NA,NA,NA,NA,NA,NA,NA,Y,4,0,2,2,A,-,09,21801,A,N,D,C,A,A,G,-,A,D,0,NA,NA,NA,NA,Y,NA,A,01,0,0,2,0,0,0,0,0,0,-,-,NA,NA,LOS ANGELES,LOS ANGELES,-118.43125915527344,34.202423095703125
8956066,2019,2019-10-24,1942,2019-09-17,1540,32242,0916,2,5,7,1942,0,0,0,I,0,9A19,SHERMAN WY,HAZELTINE AV,450,W,N,A,-,N,NA,NA,NA,NA,NA,NA,NA,NA,NA,Y,4,0,4,3,A,-,04,21703,NA,N,C,C,A,A,H,-,A,D,0,NA,NA,NA,NA,Y,NA,A,01,0,0,4,0,0,0,0,0,0,-,-,NA,NA,LOS ANGELES,LOS ANGELES,-118.4414520263672,34.20122146606445
8956074,2019,2019-11-04,1942,2019-10-01,0515,42448,09,2,5,7,1942,0,0,0,I,0,9A19,VAN NUYS BL,OXNARD ST,0,NA,-,A,-,N,NA,NA,NA,NA,NA,NA,NA,NA,NA,Y,4,0,1,2,A,-,12,21453,A,F,D,C,A,A,H,-,C,A,0,NA,NA,NA,NA,Y,NA,A,07,0,0,1,0,0,0,0,0,0,-,-,NA,NA,LOS ANGELES,LOS ANGELES,-118.44873809814452,34.17940139770508
8956155,2019,2019-10-18,1942,2019-09-24,1540,39492,2011,2,5,7,1942,0,0,0,NA,0,20A16,BEVERLY BL,GRAMERCY PL,0,NA,Y,A,-,N,NA,NA,NA,NA,NA,NA,NA,NA,NA,N,4,0,1,2,A,-,09,21801,NA,N,D,G,A,A,H,-,A,D,0,NA,Y,NA,NA,Y,NA,A,01,0,0,1,0,0,0,1,0,0,-,-,NA,NA,LOS ANGELES,LOS ANGELES,-118.31249237060548,34.07624816894531
8956163,2019,2019-10-22,1942,2019-10-06,0200,39262,2031,7,5,7,1942,0,0,0,NA,0,20A33,NORTON AV,LEEWARD AV,42,N,N,A,-,N,NA,NA,NA,NA,NA,NA,NA,NA,NA,Y,3,0,1,3,A,-,01,23152,A,N,C,E,A,A,H,-,C,D,0,NA,NA,NA,NA,Y,Y,A,01,0,1,0,0,0,0,0,0,0,-,-,NA,NA,LOS ANGELES,LOS ANGELES,-118.31803894042967,34.05911636352539
8956164,2019,2019-10-21,1941,2019-10-05,1009,10068,NA,6,5,7,1941,0,0,0,NA,0,NA,CARSON ST,CLARK AV,0,NA,Y,A,-,N,NA,NA,NA,NA,NA,NA,NA,NA,NA,Y,3,0,6,3,A,-,12,21453,A,N,D,C,A,A,H,-,A,A,0,NA,NA,NA,NA,Y,NA,A,NA,0,2,4,0,0,0,0,0,0,-,-,NA,NA,LOS ANGELES,LONG BEACH,-118.13387298583984,33.83237838745117
8956167,2019,2019-10-22,1942,2019-10-02,2335,38090,2074,3,5,7,1942,0,0,0,NA,0,20A71,ROOSEVELT AV,WEST WASHINGTON BL,220,N,N,A,-,N,NA,NA,NA,NA,NA,NA,NA,NA,NA,Y,3,0,1,2,A,-,01,23152,A,N,B,C,A,A,H,-,C,D,0,NA,NA,NA,NA,Y,Y,A,01,0,1,0,0,0,0,0,0,0,-,-,NA,NA,LOS ANGELES,LOS ANGELES,-118.3018035888672,34.040584564208984
8956168,2019,2019-10-21,1941,2019-10-04,1313,11358,NA,5,5,7,1941,0,0,0,NA,0,NA,LAKEWOOD BL,23RD ST,250,N,N,A,-,N,NA,NA,NA,NA,NA,NA,NA,NA,NA,Y,4,0,2,5,A,-,03,22350,NA,N,A,D,A,A,H,-,A,D,0,NA,NA,NA,NA,Y,NA,-,NA,0,0,2,0,0,0,0,0,0,-,-,NA,NA,LOS ANGELES,LONG BEACH,-118.14278411865234,33.80036544799805
8956171,2019,2019-10-22,1942,2019-10-05,1650,37966,2022,6,5,7,1942,0,0,0,NA,0,20A1,W 5TH ST,S WESTERN AV,140,W,N,A,-,N,NA,NA,NA,NA,NA,NA,NA,NA,NA,N,2,0,1,2,A,-,11,21954,A,F,G,B,D,A,H,-,A,A,0,Y,NA,NA,NA,Y,NA,N,60,1,0,0,0,1,0,0,0,0,-,-,NA,NA,LOS ANGELES,LOS ANGELES,-118.3095703125,34.065311431884766
8956172,2019,2019-10-21,1941,2019-10-04,1050,11244,NA,5,5,7,1941,0,0,0,NA,0,NA,OCEAN BL,ELM AV,6,E,N,A,-,N,NA,NA,NA,NA,NA,NA,NA,NA,NA,N,3,0,1,2,A,-,10,21950,A,N,B,B,B,A,H,-,A,A,0,Y,NA,NA,NA,Y,NA,A,NA,0,1,0,0,1,0,0,0,0,-,-,NA,NA,LOS ANGELES,LONG BEACH,-118.1876220703125,33.766727447509766
8956175,2019,2019-10-22,1942,2019-10-07,1900,42664,2081,1,5,7,1942,0,0,0,NA,0,20A71,WESTERN AV,WASHINGTON BL,40,N,N,A,-,N,NA,NA,NA,NA,NA,NA,NA,NA,NA,Y,4,0,1,2,A,-,08,22107,NA,N,D,C,A,A,H,-,C,D,0,NA,NA,NA,NA,Y,NA,A,01,0,0,1,0,0,0,0,0,0,-,-,NA,NA,LOS ANGELES,LOS ANGELES,-118.30899047851564,34.04003143310547
8956176,2019,2019-10-21,1941,2019-10-04,0637,11338,NA,5,5,7,1941,0,0,0,NA,0,NA,CHERRY AV,BIXBY RD,0,NA,Y,A,-,N,NA,NA,NA,NA,NA,NA,NA,NA,NA,Y,2,0,1,2,A,-,12,21453,A,N,D,C,A,A,H,-,B,A,0,NA,NA,NA,NA,Y,NA,A,NA,1,0,0,0,0,0,0,0,0,-,-,NA,NA,LOS ANGELES,LONG BEACH,-118.16773986816406,33.826690673828125
8956179,2019,2019-10-22,1942,2019-10-04,1045,43331,2019,5,5,7,1942,0,0,0,NA,0,20A39,BEVERLY BL,MADISON AV,0,NA,Y,A,-,N,NA,NA,NA,NA,NA,NA,NA,NA,NA,N,2,0,1,2,A,-,11,21956,A,N,G,B,E,-,H,-,A,D,0,Y,NA,NA,NA,Y,NA,N,60,1,0,0,0,1,0,0,0,0,-,-,NA,NA,LOS ANGELES,LOS ANGELES,-118.28942108154295,34.07630920410156
8956180,2019,2019-10-21,1941,2019-10-02,1454,6179,NA,3,5,7,1941,0,0,0,NA,0,NA,LOMA VISTA,DAISY AV,28,E,N,A,-,N,NA,NA,NA,NA,NA,NA,NA,NA,NA,N,3,0,1,2,A,-,03,22350,NA,F,C,G,A,A,H,-,A,D,0,NA,Y,NA,NA,Y,NA,A,NA,0,1,0,0,0,0,1,0,0,-,-,NA,NA,LOS ANGELES,LONG BEACH,-118.19927215576172,33.78199005126953
8956183,2019,2019-10-22,1942,2019-10-02,0300,43887,2027,3,5,7,1942,0,0,0,NA,0,20A45,WESTERN AV,BEVERLY,0,NA,Y,A,-,N,NA,NA,NA,NA,NA,NA,NA,NA,NA,N,4,0,2,2,A,-,03,22350,NA,F,C,C,A,A,H,-,C,-,0,NA,NA,NA,NA,Y,NA,-,99,0,0,2,0,0,0,0,0,0,-,-,NA,NA,LOS ANGELES,LOS ANGELES,-118.30915069580078,34.07625961303711
8956184,2019,2019-10-21,1941,2019-10-03,2235,5145,NA,4,5,7,1941,0,0,0,NA,0,NA,DELTA AV,WILLOW ST,183,N,N,A,-,N,NA,NA,NA,NA,NA,NA,NA,NA,NA,N,3,0,2,4,D,-,00,NA,NA,N,H,B,E,A,H,-,C,D,0,Y,NA,NA,NA,Y,NA,-,-,0,1,1,0,2,0,0,0,0,-,-,NA,NA,LOS ANGELES,LONG BEACH,-118.21112823486328,33.804893493652344
8956187,2019,2019-10-22,1942,2019-10-01,0725,37842,20A39,2,5,7,1942,0,0,0,NA,0,20A13,WILSHIRE BL,WILSHIRE PL,0,NA,Y,A,-,N,NA,NA,NA,NA,NA,NA,NA,NA,NA,N,4,0,1,2,A,-,17,21228,NA,N,D,C,A,A,H,-,A,D,0,NA,NA,NA,NA,Y,NA,M,94,0,0,1,0,0,0,0,0,0,-,-,NA,NA,LOS ANGELES,LOS ANGELES,-118.28782653808594,34.06182861328125
8956188,2019,2019-10-21,1941,2019-10-01,0842,11379,NA,2,5,7,1941,0,0,0,NA,0,NA,DODGE WY,LOMA AV,49,E,N,A,-,N,NA,NA,NA,NA,NA,NA,NA,NA,NA,Y,3,0,1,1,A,-,03,22350,NA,N,E,I,A,A,H,-,A,D,0,NA,NA,NA,NA,Y,NA,A,NA,0,1,0,0,0,0,0,0,0,-,-,NA,NA,LOS ANGELES,LONG BEACH,-118.150146484375,33.76250457763672
8956191,2019,2019-10-22,1942,2019-10-04,0910,43681,2039,5,5,7,1942,0,0,0,NA,0,20A71,WILSHIRE BL,WESTMORELAND AV,0,NA,Y,A,-,N,NA,NA,NA,NA,NA,NA,NA,NA,NA,N,4,0,1,2,A,-,12,21453,A,N,D,B,B,A,H,-,A,A,0,Y,NA,NA,NA,Y,NA,A,01,0,0,1,0,1,0,0,0,0,-,-,NA,NA,LOS ANGELES,LOS ANGELES,-118.28907775878906,34.06184005737305