CASE_ID,ACCIDENT_YEAR,PROC_DATE,JURIS,COLLISION_DATE,COLLISION_TIME,OFFICER_ID,REPORTING_DISTRICT,DAY_OF_WEEK,CHP_SHIFT,POPULATION,CNTY_CITY_LOC,SPECIAL_COND,BEAT_TYPE,CHP_BEAT_TYPE,CITY_DIVISION_LAPD,CHP_BEAT_CLASS,BEAT_NUMBER,PRIMARY_RD,SECONDARY_RD,DISTANCE,DIRECTION,INTERSECTION,WEATHER_1,WEATHER_2,STATE_HWY_IND,CALTRANS_COUNTY,CALTRANS_DISTRICT,STATE_ROUTE,ROUTE_SUFFIX,POSTMILE_PREFIX,POSTMILE,LOCATION_TYPE,RAMP_INTERSECTION,SIDE_OF_HWY,TOW_AWAY,COLLISION_SEVERITY,NUMBER_KILLED,NUMBER_INJURED,PARTY_COUNT,PRIMARY_COLL_FACTOR,PCF_CODE_OF_VIOL,PCF_VIOL_CATEGORY,PCF_VIOLATION,PCF_VIOL_SUBSECTION,HIT_AND_RUN,TYPE_OF_COLLISION,MVIW,PED_ACTION,ROAD_SURFACE,ROAD_COND_1,ROAD_COND_2,LIGHTING,CONTROL_DEVICE,CHP_ROAD_TYPE,PEDESTRIAN_ACCIDENT,BICYCLE_ACCIDENT,MOTORCYCLE_ACCIDENT,TRUCK_ACCIDENT,NOT_PRIVATE_PROPERTY,ALCOHOL_INVOLVED,STWD_VEHTYPE_AT_FAULT,CHP_VEHTYPE_AT_FAULT,COUNT_SEVERE_INJ,COUNT_VISIBLE_INJ,COUNT_COMPLAINT_PAIN,COUNT_PED_KILLED,COUNT_PED_INJURED,COUNT_BICYCLIST_KILLED,COUNT_BICYCLIST_INJURED,COUNT_MC_KILLED,COUNT_MC_INJURED,PRIMARY_RAMP,SECONDARY_RAMP,LATITUDE,LONGITUDE,COUNTY,CITY,POINT_X,POINT_Y
8956192,2019,2019-10-21,1941,2019-10-02,1910,11339,NA,3,5,7,1941,0,0,0,NA,0,NA,LINDEN AV,ANAHEIM ST,0,NA,Y,A,-,N,NA,NA,NA,NA,NA,NA,NA,NA,NA,N,4,0,1,2,A,-,08,22107,NA,N,G,B,B,A,H,-,C,D,0,Y,NA,NA,NA,Y,NA,A,NA,0,0,1,0,1,0,0,0,0,-,-,NA,NA,LOS ANGELES,LONG BEACH,-118.18666839599608,33.78261184692383
8956195,2019,2019-11-05,1942,2019-10-04,0040,35516,2024,5,5,7,1942,0,0,0,NA,0,20A33,OXFORD AV,5TH ST,40,N,N,A,-,N,NA,NA,NA,NA,NA,NA,NA,NA,NA,N,4,0,1,2,A,-,03,22350,NA,N,B,G,A,A,H,-,C,D,0,NA,Y,NA,NA,Y,NA,-,-,0,0,1,0,0,0,1,0,0,-,-,NA,NA,LOS ANGELES,LOS ANGELES,-118.307861328125,34.0654411315918
8956196,2019,2019-10-30,1941,2019-10-03,0650,11394,NA,4,5,7,1941,0,0,0,NA,0,NA,JUNIPERO AV,PCH,0,NA,Y,A,-,N,NA,NA,NA,NA,NA,NA,NA,NA,NA,N,4,0,1,2,A,-,10,21950,A,F,G,B,C,A,H,-,A,A,0,Y,NA,NA,NA,Y,NA,A,NA,0,0,1,0,1,0,0,0,0,-,-,NA,NA,LOS ANGELES,LONG BEACH,-118.16333770751952,33.789859771728516
8956199,2019,2019-10-22,1942,2019-10-03,1700,42232,2099,4,5,7,1942,0,0,0,NA,0,20A36,W 20TH,HOOVER,0,NA,Y,A,-,N,NA,NA,NA,NA,NA,NA,NA,NA,NA,N,4,0,1,2,A,-,10,21950,A,N,G,B,B,A,H,-,A,A,0,Y,NA,NA,NA,Y,NA,A,01,0,0,1,0,1,0,0,0,0,-,-,NA,NA,LOS ANGELES,LOS ANGELES,-118.28404235839844,34.03812026977539
8956200,2019,2019-10-21,1941,2019-10-02,1000,5695,NA,3,5,7,1941,0,0,0,NA,0,NA,COVER ST,SCHAUFELE AV,0,NA,Y,A,-,N,NA,NA,NA,NA,NA,NA,NA,NA,NA,Y,4,0,1,2,A,-,09,21802,A,N,D,C,A,A,H,-,A,A,0,NA,NA,NA,NA,Y,NA,A,NA,0,0,1,0,0,0,0,0,0,-,-,NA,NA,LOS ANGELES,LONG BEACH,-118.14800262451172,33.827720642089844
8956203,2019,2019-10-22,1942,2019-10-01,1050,39436,2016,2,5,7,1942,0,0,0,NA,0,20A25,S NORMANDIE AV,W 3RD ST,100,N,N,A,-,N,NA,NA,NA,NA,NA,NA,NA,NA,NA,N,4,0,1,2,A,-,17,21228,NA,N,D,G,A,A,H,-,A,D,0,NA,Y,NA,NA,Y,NA,L,04,0,0,1,0,0,0,1,0,0,-,-,NA,NA,LOS ANGELES,LOS ANGELES,-118.30036163330078,34.06928253173828
8956204,2019,2019-10-21,1941,2019-10-02,1341,11406,NA,3,5,7,1941,0,0,0,NA,0,NA,56TH ST,OLIVE AV,0,NA,Y,A,-,N,NA,NA,NA,NA,NA,NA,NA,NA,NA,N,4,0,1,2,A,-,09,21802,A,N,D,J,A,A,H,-,A,A,0,NA,NA,NA,NA,Y,NA,A,NA,0,0,1,0,0,0,0,0,0,-,-,NA,NA,LOS ANGELES,LONG BEACH,-118.18301391601564,33.85810089111328
8956207,2019,2019-10-22,1942,2019-10-02,0800,40496,2088,3,5,7,1942,0,0,0,NA,0,20A97,ARAPAHOE AV,VENICE BL,0,NA,Y,A,-,N,NA,NA,NA,NA,NA,NA,NA,NA,NA,N,3,0,2,3,A,-,10,21950,C,N,G,B,B,A,H,-,A,A,0,Y,NA,NA,NA,Y,NA,A,07,0,2,0,0,2,0,0,0,0,-,-,NA,NA,LOS ANGELES,LOS ANGELES,-118.28534698486328,34.044071197509766
8956216,2019,2019-10-30,1942,2019-10-03,1055,33937,0656,4,5,7,1942,0,0,0,F,0,6A31,SANTA MONICA BL,COLE AV,21,W,N,A,-,N,NA,NA,NA,NA,NA,NA,NA,NA,NA,N,4,0,1,2,A,-,12,21453,A,N,D,C,A,A,H,-,A,A,0,NA,NA,NA,NA,Y,NA,-,-,0,0,1,0,0,0,0,0,0,-,-,NA,NA,LOS ANGELES,LOS ANGELES,-118.32997131347656,34.09074020385742
8956219,2019,2019-10-22,1942,2019-10-02,0720,41262,0335,3,5,7,1942,0,0,0,C,0,3X95,30TH,7TH,6,W,N,A,-,N,NA,NA,NA,NA,NA,NA,NA,NA,NA,N,4,0,1,3,A,-,03,22350,NA,F,C,C,A,A,H,-,A,-,0,NA,NA,NA,NA,Y,NA,-,99,0,0,1,0,0,0,0,0,0,-,-,NA,NA,LOS ANGELES,LOS ANGELES,-118.32480621337892,34.02764892578125
8956220,2019,2019-10-21,1942,2019-10-05,2045,43441,0622,6,5,7,1942,0,0,0,F,0,6A31,LAUREL CANYON BL,LAUREL CANYON PL,70,S,N,A,-,N,NA,NA,NA,NA,NA,NA,NA,NA,NA,Y,4,0,2,2,A,-,03,22350,NA,N,D,C,A,A,H,-,C,D,0,NA,NA,NA,NA,Y,NA,A,01,0,0,2,0,0,0,0,0,0,-,-,NA,NA,LOS ANGELES,LOS ANGELES,-118.3738250732422,34.12046432495117
8956224,2019,2019-10-21,1942,2019-10-05,0015,41292,0657,6,5,7,1942,0,0,0,F,0,6A77,WILTON PL,SANTA MONICA BL,200,S,N,A,-,N,NA,NA,NA,NA,NA,NA,NA,NA,NA,N,4,0,1,2,A,-,15,21235,A,N,D,C,A,A,H,-,C,D,0,NA,NA,NA,NA,Y,NA,M,94,0,0,1,0,0,0,0,0,0,-,-,NA,NA,LOS ANGELES,LOS ANGELES,-118.31357574462892,34.09020233154297
8956227,2019,2019-10-22,1941,2019-10-05,2250,11386,NA,6,5,7,1941,0,0,0,NA,0,NA,19TH ST,ORANGE AV,0,NA,Y,A,-,N,NA,NA,NA,NA,NA,NA,NA,NA,NA,Y,4,0,1,3,A,-,01,23152,A,N,C,E,A,A,H,-,C,D,0,NA,NA,NA,NA,Y,Y,A,NA,0,0,1,0,0,0,0,0,0,-,-,NA,NA,LOS ANGELES,LONG BEACH,-118.17630767822266,33.79127883911133
8956228,2019,2019-10-21,1942,2019-10-05,0945,34672,0643,6,5,7,1942,0,0,0,F,0,6XL69,HOLLYWOOD BL,VISTA ST,20,E,N,A,-,N,NA,NA,NA,NA,NA,NA,NA,NA,NA,N,3,0,1,2,A,-,08,22100,A,N,B,C,A,A,H,-,A,-,0,NA,NA,Y,NA,Y,NA,A,01,0,1,0,0,0,0,0,0,1,-,-,NA,NA,LOS ANGELES,LOS ANGELES,-118.35182189941406,34.10163116455078
8956231,2019,2019-10-22,1941,2019-10-06,1057,10807,NA,7,5,7,1941,0,0,0,NA,0,NA,MAGNOLIA AV,21ST ST,0,NA,Y,A,-,N,NA,NA,NA,NA,NA,NA,NA,NA,NA,Y,3,0,1,2,A,-,09,21802,A,N,D,C,A,A,H,-,A,D,0,NA,NA,NA,NA,Y,NA,D,NA,0,1,0,0,0,0,0,0,0,-,-,NA,NA,LOS ANGELES,LONG BEACH,-118.1981201171875,33.7952995300293
8956232,2019,2019-10-21,1942,2019-10-04,0850,27575,668,5,5,7,1942,0,0,0,NA,0,6A49,SUNSET BL,VAN NESS AV,0,NA,Y,A,-,N,NA,NA,NA,NA,NA,NA,NA,NA,NA,Y,3,0,2,2,A,-,03,22350,NA,N,C,C,A,A,H,-,A,A,0,NA,NA,NA,NA,Y,NA,A,01,0,1,1,0,0,0,0,0,0,-,-,NA,NA,LOS ANGELES,LOS ANGELES,-118.31578063964844,34.09804916381836
8956235,2019,2019-10-22,1941,2019-10-05,1336,11226,NA,6,5,7,1941,0,0,0,NA,0,NA,WILLOW ST,EASY AV,0,NA,Y,A,-,N,NA,NA,NA,NA,NA,NA,NA,NA,NA,Y,4,0,1,2,A,-,09,21801,A,N,D,C,A,A,H,-,A,A,0,NA,NA,NA,NA,Y,NA,A,NA,0,0,1,0,0,0,0,0,0,-,-,NA,NA,LOS ANGELES,LONG BEACH,-118.21002960205078,33.80438995361328
8956239,2019,2019-10-30,1941,2019-10-05,1306,11416,NA,6,5,7,1941,0,0,0,NA,0,NA,TEMPLE AV,ANAHEIM ST,0,NA,Y,A,-,N,NA,NA,NA,NA,NA,NA,NA,NA,NA,N,4,0,1,2,A,-,05,21202,A,N,G,G,A,A,H,-,A,D,0,NA,Y,NA,NA,Y,NA,L,NA,0,0,1,0,0,0,1,0,0,-,-,NA,NA,LOS ANGELES,LONG BEACH,-118.15895080566406,33.78260040283203
8956240,2019,2019-10-21,1900,2019-10-03,2255,616068,0456,4,5,6,1949,0,0,0,NA,0,43T1,PIONEER BL,EXCELSIOR DR,0,NA,Y,A,-,N,NA,NA,NA,NA,NA,NA,NA,NA,NA,Y,4,0,1,2,A,-,12,21453,A,N,D,C,A,A,H,-,C,A,0,NA,NA,NA,NA,Y,NA,A,01,0,0,1,0,0,0,0,0,0,-,-,NA,NA,LOS ANGELES,NORWALK,-118.08251953125,33.8949089050293
8956241,2019,2019-10-18,1942,2019-09-21,1440,38007,0646,6,5,7,1942,0,0,0,F,0,6A63,WILCOX AV,HOLLYWOOD BL,170,S,N,A,-,N,NA,NA,NA,NA,NA,NA,NA,NA,NA,N,3,0,1,2,A,-,09,21804,A,N,A,C,A,A,H,-,A,D,0,NA,NA,NA,NA,Y,NA,M,94,0,1,0,0,0,0,0,0,0,-,-,NA,NA,LOS ANGELES,LOS ANGELES,-118.33103942871094,34.10112380981445
8956242,2019,2019-10-21,1942,2019-09-17,1800,40315,0636,2,5,7,1942,0,0,0,F,0,6A15,N LAS PALMA AV,YUCCA ST,50,N,N,A,-,N,NA,NA,NA,NA,NA,NA,NA,NA,NA,Y,4,0,1,2,A,-,03,22350,NA,N,C,C,A,A,H,-,A,A,0,NA,NA,NA,NA,Y,NA,A,07,0,0,1,0,0,0,0,0,0,-,-,NA,NA,LOS ANGELES,LOS ANGELES,-118.33616638183594,34.103336334228516
8956244,2019,2019-10-21,1942,2019-09-20,1630,41059,2034,5,5,7,1942,0,0,0,NA,0,20A1,HARVARD BL,8TH ST,0,NA,Y,A,-,N,NA,NA,NA,NA,NA,NA,NA,NA,NA,N,4,0,1,2,A,-,11,21956,A,N,G,B,B,A,H,-,A,A,0,Y,NA,NA,NA,Y,NA,A,01,0,0,1,0,1,0,0,0,0,-,-,NA,NA,LOS ANGELES,LOS ANGELES,-118.30416870117188,34.05768966674805
8956245,2019,2019-10-18,1942,2019-09-25,1910,41957,0667,3,5,7,1942,0,0,0,F,0,6A67,W SUNSET BL,N VAN NESS AV,0,NA,Y,A,-,N,NA,NA,NA,NA,NA,NA,NA,NA,NA,N,3,0,1,2,A,-,12,21453,A,N,D,C,A,A,H,-,C,A,0,NA,NA,NA,NA,Y,NA,A,01,0,1,0,0,0,0,0,0,0,-,-,NA,NA,LOS ANGELES,LOS ANGELES,-118.31578063964844,34.09804916381836
8956246,2019,2019-10-21,1942,2019-09-24,1725,37966,0668,2,5,7,1942,0,0,0,F,0,6A79,LA MIRADA AV,N WILTON PL,0,NA,Y,A,-,N,NA,NA,NA,NA,NA,NA,NA,NA,NA,Y,4,0,2,2,A,-,09,21802,A,N,D,C,A,A,H,-,A,A,0,NA,NA,NA,NA,Y,NA,A,07,0,0,2,0,0,0,0,0,0,-,-,NA,NA,LOS ANGELES,LOS ANGELES,-118.3135986328125,34.09376907348633
8956247,2019,2019-10-21,1941,2019-09-28,0934,11358,NA,6,5,7,1941,0,0,0,NA,0,NA,7TH ST,SANTIAGO AV,0,NA,Y,A,-,N,NA,NA,NA,NA,NA,NA,NA,NA,NA,Y,2,0,1,2,A,-,12,21453,A,N,A,C,A,A,H,-,A,A,0,NA,NA,Y,NA,Y,NA,C,NA,1,0,0,0,0,0,0,0,1,-,-,NA,NA,LOS ANGELES,LONG BEACH,-118.12853240966795,33.77534866333008
8956248,2019,2019-10-21,1942,2019-09-22,1305,34959,2083,7,5,7,1942,0,0,0,NA,0,20A71,WESTMORELAND AV,VENICE BL,0,NA,Y,A,-,N,NA,NA,NA,NA,NA,NA,NA,NA,NA,N,4,0,1,2,A,-,09,21804,A,N,H,G,A,A,H,-,A,D,0,NA,Y,NA,NA,Y,NA,L,04,0,0,1,0,0,0,1,0,0,-,-,NA,NA,LOS ANGELES,LOS ANGELES,-118.28923797607422,34.04426193237305
8956249,2019,2019-10-18,1942,2019-09-17,0830,42114,0625,2,5,7,1942,0,0,0,F,0,6A49,HIGHLAND AV,PAT MOORE WY,0,NA,Y,A,-,N,NA,NA,NA,NA,NA,NA,NA,NA,NA,Y,4,0,2,2,A,-,08,22107,NA,N,B,C,A,A,H,-,A,D,0,NA,NA,NA,NA,Y,NA,-,NA,0,0,2,0,0,0,0,0,0,-,-,NA,NA,LOS ANGELES,LOS ANGELES,-118.3362274169922,34.11138916015625
8956250,2019,2019-10-21,1942,2019-09-30,1605,42566,0666,1,5,7,1942,0,0,0,F,0,6A46,CAHUENGA BL,SANTA MONICA BL,0,NA,Y,A,-,N,NA,NA,NA,NA,NA,NA,NA,NA,NA,Y,4,0,2,2,D,-,00,NA,NA,N,A,C,A,A,H,-,A,A,0,NA,NA,NA,NA,Y,NA,-,-,0,0,2,0,0,0,0,0,0,-,-,NA,NA,LOS ANGELES,LOS ANGELES,-118.32887268066406,34.09074020385742
8956252,2019,2019-10-21,1942,2019-09-24,1805,37357,2,2,5,7,1942,0,0,0,NA,0,2034,IROLO,7TH,120,N,N,A,-,N,NA,NA,NA,NA,NA,NA,NA,NA,NA,Y,4,0,2,2,A,-,09,21804,A,N,D,C,A,A,H,-,A,D,0,NA,NA,Y,NA,Y,NA,A,01,0,0,2,0,0,0,0,0,1,-,-,NA,NA,LOS ANGELES,LOS ANGELES,-118.3009033203125,34.0600700378418
8956253,2019,2019-10-18,1942,2019-09-28,1025,40260,643,6,5,7,1942,0,0,0,NA,0,6A67,FRANKLIN AV,LA BREA AV,10,E,N,B,-,N,NA,NA,NA,NA,NA,NA,NA,NA,NA,Y,2,0,4,3,A,-,03,22350,NA,N,A,C,A,B,H,-,A,D,0,NA,NA,NA,NA,Y,NA,A,01,1,0,3,0,0,0,0,0,0,-,-,NA,NA,LOS ANGELES,LOS ANGELES,-118.34583282470705,34.10375213623047
8956254,2019,2019-10-21,1942,2019-09-26,1255,37966,0649,4,5,7,1942,0,0,0,F,0,11A51,N NORMANDIE AV,HOLLYWOOD BL,0,NA,Y,A,-,N,NA,NA,NA,NA,NA,NA,NA,NA,NA,N,4,0,1,2,A,-,10,21950,A,N,G,B,B,A,H,-,A,A,0,Y,NA,NA,NA,Y,NA,A,07,0,0,1,0,1,0,0,0,0,-,-,NA,NA,LOS ANGELES,LOS ANGELES,-118.3005599975586,34.101749420166016
8956256,2019,2019-10-21,1942,2019-09-26,1500,38007,2041,4,5,7,1942,0,0,0,NA,0,20A53,W OLYMPIC BL,5TH AV,0,NA,Y,B,-,N,NA,NA,NA,NA,NA,NA,NA,NA,NA,Y,4,0,2,2,A,-,09,21801,A,N,D,C,A,A,H,-,A,D,0,NA,NA,NA,NA,Y,NA,A,01,0,0,2,0,0,0,0,0,0,-,-,NA,NA,LOS ANGELES,LOS ANGELES,-118.31961059570313,34.05342102050781
8956257,2019,2019-10-18,1942,2019-09-03,1030,39038,LOSAN,2,5,7,1942,0,0,0,NA,0,6A15,FRANKLIN AV,ARGYLE AV,0,NA,Y,A,-,N,NA,NA,NA,NA,NA,NA,NA,NA,NA,N,4,0,1,2,A,-,03,22350,NA,F,C,C,A,A,H,-,A,A,0,NA,NA,NA,NA,Y,NA,-,99,0,0,1,0,0,0,0,0,0,-,-,NA,NA,LOS ANGELES,LOS ANGELES,-118.32523345947266,34.105220794677734
8956258,2019,2019-10-21,1942,2019-09-24,1100,35267,0645,2,5,7,1942,0,0,0,F,0,6A45,N MANSFIELD AV,W SUNSET BL,10,S,N,A,-,N,NA,NA,NA,NA,NA,NA,NA,NA,NA,N,4,0,1,2,A,-,05,21650,1,N,H,G,A,A,H,-,A,D,0,NA,Y,NA,NA,Y,NA,L,04,0,0,1,0,0,0,1,0,0,-,-,NA,NA,LOS ANGELES,LOS ANGELES,-118.34052276611328,34.09794235229492
8956260,2019,2019-11-14,1942,2019-09-24,2120,43885,2091,2,5,7,1942,0,0,0,NA,0,20A71,ARLINGTON AV,WASHINGTON,150,S,N,A,-,N,NA,NA,NA,NA,NA,NA,NA,NA,NA,Y,4,0,1,2,A,-,08,22107,NA,N,B,C,A,A,H,-,C,A,0,NA,NA,Y,NA,Y,NA,-,-,0,0,1,0,0,0,0,0,1,-,-,NA,NA,LOS ANGELES,LOS ANGELES,-118.31771850585938,34.03947830200195
8956261,2019,2019-10-18,1942,2019-09-16,0350,40690,0663,1,5,7,1942,0,0,0,F,0,6A63,N MC CADDEN PL,SANTA MONICA BL,16,N,N,A,-,N,NA,NA,NA,NA,NA,NA,NA,NA,NA,N,2,0,1,2,C,-,18,NA,NA,F,G,B,D,A,H,-,C,D,0,Y,NA,NA,NA,Y,NA,-,-,1,0,0,0,1,0,0,0,0,-,-,NA,NA,LOS ANGELES,LOS ANGELES,-118.33744049072266,34.09074401855469
8956262,2019,2019-10-21,1942,2019-09-19,1915,38090,0644,4,5,7,1942,0,0,0,F,0,6A45,W SUNSET BL,N MARTEL AV,0,NA,Y,A,-,N,NA,NA,NA,NA,NA,NA,NA,NA,NA,N,4,0,1,2,A,-,09,21801,A,N,D,C,A,A,H,-,C,D,0,NA,NA,NA,NA,Y,NA,A,01,0,0,1,0,0,0,0,0,0,-,-,NA,NA,LOS ANGELES,LOS ANGELES,-118.35067749023438,34.0980110168457
8956264,2019,2019-10-21,1942,2019-09-26,1145,42834,2026,4,5,7,1942,0,0,0,NA,0,7TL38,6TH ST,OCCIDENTAL BL,0,NA,Y,B,-,N,NA,NA,NA,NA,NA,NA,NA,NA,NA,Y,4,0,1,2,A,-,08,22107,NA,N,B,C,A,A,H,-,A,A,0,NA,NA,NA,NA,Y,NA,A,01,0,0,1,0,0,0,0,0,0,-,-,NA,NA,LOS ANGELES,LOS ANGELES,-118.284301,34.063709
8956265,2019,2019-10-18,1942,2019-09-22,0240,41513,0666,7,5,7,1942,0,0,0,F,0,0240,CAHUENGA BL,DE LONGPRE AV,55,N,N,A,-,N,NA,NA,NA,NA,NA,NA,NA,NA,NA,N,4,0,1,3,A,-,08,22107,NA,F,B,C,A,A,H,-,C,D,0,NA,NA,NA,NA,Y,NA,A,01,0,0,1,0,0,0,0,0,0,-,-,NA,NA,LOS ANGELES,LOS ANGELES,-118.32952117919922,34.09629821777344
8956266,2019,2019-10-21,1942,2019-09-29,0940,34959,0632,7,5,7,1942,0,0,0,F,0,6A31,SUNSET BL,CRESCENT HEIGHTS BL,92,E,N,A,-,N,NA,NA,NA,NA,NA,NA,NA,NA,NA,N,4,0,1,2,A,-,09,21804,A,N,D,C,A,A,H,-,A,D,0,NA,NA,NA,NA,Y,NA,A,01,0,0,1,0,0,0,0,0,0,-,-,NA,NA,LOS ANGELES,LOS ANGELES,-118.36538696289064,34.09798812866211
8956268,2019,2019-10-21,1942,2019-09-26,0920,43137,LOS A,4,5,7,1942,0,0,0,NA,0,0920,BEVERLY BL,NORMANDIE AV,0,NA,Y,A,-,N,NA,NA,NA,NA,NA,NA,NA,NA,NA,N,4,0,1,2,A,-,09,21801,A,N,D,G,A,A,H,-,A,D,0,NA,Y,NA,NA,Y,NA,A,01,0,0,1,0,0,0,1,0,0,-,-,NA,NA,LOS ANGELES,LOS ANGELES,-118.30040740966795,34.076290130615234
8956269,2019,2019-10-18,1942,2019-09-20,1950,41957,0647,5,5,7,1942,0,0,0,F,0,6A67,N VERMONT AV,HAROLD WY,10,N,N,A,-,N,NA,NA,NA,NA,NA,NA,NA,NA,NA,N,4,0,1,2,A,-,05,21650,1,F,D,G,A,A,H,-,C,A,0,NA,Y,NA,NA,Y,NA,L,04,0,0,1,0,0,0,1,0,0,-,-,NA,NA,LOS ANGELES,LOS ANGELES,NA,NA
8956270,2019,2019-10-21,1942,2019-09-24,1000,43694,0646,2,5,7,1942,0,0,0,F,0,6A1,SUNSET BL,CAHUENGA,18,W,N,A,-,N,NA,NA,NA,NA,NA,NA,NA,NA,NA,N,4,0,2,2,D,-,00,NA,NA,N,C,C,A,A,H,-,A,A,0,NA,NA,NA,NA,Y,NA,-,-,0,0,2,0,0,0,0,0,0,-,-,NA,NA,LOS ANGELES,LOS ANGELES,-118.32955169677734,34.09800720214844
8956272,2019,2019-10-21,1942,2019-09-22,1534,37468,2005,7,5,7,1942,0,0,0,NA,0,20A16,MELROSE AV,NORMANDIE AV,0,NA,Y,A,-,N,NA,NA,NA,NA,NA,NA,NA,NA,NA,N,3,0,1,2,A,-,12,21453,A,N,A,C,A,A,H,-,A,A,0,NA,NA,Y,NA,Y,NA,C,02,0,1,0,0,0,0,0,0,1,-,-,NA,NA,LOS ANGELES,LOS ANGELES,-118.30048370361328,34.08354949951172
8956273,2019,2019-10-18,1942,2019-09-23,0145,43304,0657,1,5,7,1942,0,0,0,F,0,6A76,SANTA MONICA BL,ST ANDREWS,0,NA,Y,A,-,N,NA,NA,NA,NA,NA,NA,NA,NA,NA,N,3,0,2,3,A,-,10,21950,NA,N,G,B,B,A,H,-,C,D,0,Y,NA,NA,NA,Y,Y,-,99,0,2,0,0,2,0,0,0,0,-,-,NA,NA,LOS ANGELES,LOS ANGELES,-118.31139373779295,34.09075927734375
8956274,2019,2019-10-21,1942,2019-09-29,1115,35267,0646,7,5,7,1942,0,0,0,F,0,6A67,VINE ST,HOLLYWOOD BL,0,NA,Y,A,-,N,NA,NA,NA,NA,NA,NA,NA,NA,NA,N,4,0,1,2,A,-,12,21453,A,N,D,C,A,A,H,-,A,A,0,NA,NA,NA,NA,Y,NA,-,-,0,0,1,0,0,0,0,0,0,-,-,NA,NA,LOS ANGELES,LOS ANGELES,-118.32666015625,34.101600646972656
8956276,2019,2019-10-21,1942,2019-09-09,0110,40026,2024,1,5,7,1942,0,0,0,NA,0,20XL3,WESTERN AV,6TH ST,30,S,N,A,-,N,NA,NA,NA,NA,NA,NA,NA,NA,NA,Y,3,0,2,2,A,-,03,22350,NA,N,C,C,A,A,H,-,C,A,0,NA,NA,NA,NA,Y,NA,A,01,0,1,1,0,0,0,0,0,0,-,-,NA,NA,LOS ANGELES,LOS ANGELES,-118.3091049194336,34.063438415527344
8956277,2019,2019-10-18,1942,2019-09-08,2114,42980,1245,7,5,7,1942,0,0,0,L,0,12A3,GAGE AV,BUDLONG AV,500,W,N,A,-,N,NA,NA,NA,NA,NA,NA,NA,NA,NA,N,3,0,1,3,A,-,03,22350,NA,F,G,G,A,A,H,-,C,A,0,NA,Y,NA,NA,Y,NA,-,99,0,1,0,0,0,0,1,0,0,-,-,NA,NA,LOS ANGELES,LOS ANGELES,-118.29751586914064,33.98234176635742
8956278,2019,2019-10-21,1942,2019-09-30,0600,43868,0628,1,5,7,1942,0,0,0,F,0,6A49,GOWER ST,FRANKLIN,46,S,N,A,-,N,NA,NA,NA,NA,NA,NA,NA,NA,NA,N,4,0,1,1,A,-,03,22350,NA,N,E,I,A,A,H,-,B,A,0,NA,NA,Y,NA,Y,NA,C,02,0,0,1,0,0,0,0,0,1,-,-,NA,NA,LOS ANGELES,LOS ANGELES,-118.32244110107422,34.105125427246094
8956280,2019,2019-10-21,1942,2019-09-19,0850,38013,2076,4,5,7,1942,0,0,0,NA,0,20A71,W 14TH ST,S NORMANDIE AV,123,W,N,A,-,N,NA,NA,NA,NA,NA,NA,NA,NA,NA,N,3,0,3,2,A,-,09,21804,A,N,D,C,A,A,H,-,A,D,0,NA,NA,NA,NA,Y,NA,A,01,0,2,1,0,0,0,0,0,0,-,-,NA,NA,LOS ANGELES,LOS ANGELES,-118.30068206787108,34.04632568359375
8956281,2019,2019-10-18,1942,2019-09-08,2000,42471,1258,7,5,7,1942,0,0,0,L,0,25T29,79TH ST,S MAIN ST,310,E,N,A,-,N,NA,NA,NA,NA,NA,NA,NA,NA,NA,Y,4,0,1,5,A,-,03,22350,NA,F,C,E,E,A,H,-,C,D,0,Y,NA,NA,NA,Y,NA,A,01,0,0,1,0,1,0,0,0,0,-,-,NA,NA,LOS ANGELES,LOS ANGELES,-118.27288818359376,33.967872619628906
8956282,2019,2019-10-21,1942,2019-09-30,1145,43116,0659,1,5,7,1942,0,0,0,F,0,6A77,SUNSET,HOBART,0,NA,Y,A,-,N,NA,NA,NA,NA,NA,NA,NA,NA,NA,N,4,0,1,2,A,-,08,22101,NA,N,D,C,A,A,H,-,A,A,0,NA,NA,NA,NA,Y,NA,-,NA,0,0,1,0,0,0,0,0,0,-,-,NA,NA,LOS ANGELES,LOS ANGELES,-118.30561065673828,34.098121643066406
8956284,2019,2019-10-21,1942,2019-09-23,1115,38251,2034,1,5,7,1942,0,0,0,NA,0,20A45,IROLO ST,W 7TH ST,181,N,N,A,-,N,NA,NA,NA,NA,NA,NA,NA,NA,NA,N,3,0,2,2,A,-,11,21954,A,N,H,B,D,A,H,-,A,D,0,Y,Y,NA,NA,Y,NA,N,60,0,2,0,0,1,0,1,0,0,-,-,NA,NA,LOS ANGELES,LOS ANGELES,-118.3009033203125,34.060237884521484
8956286,2019,2019-10-21,1942,2019-09-25,1905,38090,0638,3,5,7,1942,0,0,0,F,0,6A49,FRANKLIN AV,N VAN NESS AV,30,E,N,A,-,N,NA,NA,NA,NA,NA,NA,NA,NA,NA,Y,4,0,6,2,A,-,09,21802,A,N,C,C,A,A,H,-,C,A,0,NA,NA,NA,NA,Y,NA,A,07,0,0,6,0,0,0,0,0,0,-,-,NA,NA,LOS ANGELES,LOS ANGELES,-118.31575775146484,34.105262756347656
8956288,2019,2019-10-21,1942,2019-09-21,1935,41107,2014,6,5,7,1942,0,0,0,NA,0,20XL3,KINGSLEY DR,BEVERLY BL,300,S,N,A,-,N,NA,NA,NA,NA,NA,NA,NA,NA,NA,Y,3,0,1,3,A,-,05,21650,NA,N,B,C,A,A,H,-,C,D,0,NA,NA,NA,NA,Y,NA,-,NA,0,1,0,0,0,0,0,0,0,-,-,NA,NA,LOS ANGELES,LOS ANGELES,-118.30352020263672,34.076271057128906