CASE_ID,ACCIDENT_YEAR,PROC_DATE,JURIS,COLLISION_DATE,COLLISION_TIME,OFFICER_ID,REPORTING_DISTRICT,DAY_OF_WEEK,CHP_SHIFT,POPULATION,CNTY_CITY_LOC,SPECIAL_COND,BEAT_TYPE,CHP_BEAT_TYPE,CITY_DIVISION_LAPD,CHP_BEAT_CLASS,BEAT_NUMBER,PRIMARY_RD,SECONDARY_RD,DISTANCE,DIRECTION,INTERSECTION,WEATHER_1,WEATHER_2,STATE_HWY_IND,CALTRANS_COUNTY,CALTRANS_DISTRICT,STATE_ROUTE,ROUTE_SUFFIX,POSTMILE_PREFIX,POSTMILE,LOCATION_TYPE,RAMP_INTERSECTION,SIDE_OF_HWY,TOW_AWAY,COLLISION_SEVERITY,NUMBER_KILLED,NUMBER_INJURED,PARTY_COUNT,PRIMARY_COLL_FACTOR,PCF_CODE_OF_VIOL,PCF_VIOL_CATEGORY,PCF_VIOLATION,PCF_VIOL_SUBSECTION,HIT_AND_RUN,TYPE_OF_COLLISION,MVIW,PED_ACTION,ROAD_SURFACE,ROAD_COND_1,ROAD_COND_2,LIGHTING,CONTROL_DEVICE,CHP_ROAD_TYPE,PEDESTRIAN_ACCIDENT,BICYCLE_ACCIDENT,MOTORCYCLE_ACCIDENT,TRUCK_ACCIDENT,NOT_PRIVATE_PROPERTY,ALCOHOL_INVOLVED,STWD_VEHTYPE_AT_FAULT,CHP_VEHTYPE_AT_FAULT,COUNT_SEVERE_INJ,COUNT_VISIBLE_INJ,COUNT_COMPLAINT_PAIN,COUNT_PED_KILLED,COUNT_PED_INJURED,COUNT_BICYCLIST_KILLED,COUNT_BICYCLIST_INJURED,COUNT_MC_KILLED,COUNT_MC_INJURED,PRIMARY_RAMP,SECONDARY_RAMP,LATITUDE,LONGITUDE,COUNTY,CITY,POINT_X,POINT_Y
8957015,2019,2019-10-21,1918,2019-03-16,0834,1146,340,6,5,4,1918,0,0,0,NA,0,PATROL,WASHINGTON PL,SAWTELLE BL,0,NA,Y,A,-,N,NA,NA,NA,NA,NA,NA,NA,NA,NA,Y,4,0,1,3,A,-,12,21453,A,N,D,C,A,A,H,-,A,A,0,NA,NA,NA,Y,Y,NA,A,01,0,0,1,0,0,0,0,0,0,-,-,34.00735092163086,-118.4164581298828,LOS ANGELES,CULVER CITY,-118.4164810180664,34.00728988647461
8957018,2019,2019-10-31,1918,2019-07-26,0645,701,1918,5,5,4,1918,0,0,0,NA,0,4M5,WASHINGTON BL,NATIONAL BL,0,NA,Y,A,-,N,NA,NA,NA,NA,NA,NA,NA,NA,NA,Y,3,0,1,2,A,-,09,21801,A,N,D,C,A,A,H,-,A,A,0,NA,NA,NA,NA,Y,NA,D,22,0,1,0,0,0,0,0,0,0,-,-,34.029598236083984,-118.38198089599608,LOS ANGELES,CULVER CITY,-118.38652801513672,34.02817153930664
8957019,2019,2019-10-21,1918,2019-03-23,0619,1123,NA,6,5,4,1918,0,0,0,NA,0,4T25,WASHINGTON BL,KENSINGTON RD,56,E,N,B,-,N,NA,NA,NA,NA,NA,NA,NA,NA,NA,Y,3,0,1,1,A,-,08,22107,NA,N,E,I,A,A,H,-,B,D,0,NA,NA,NA,NA,Y,NA,D,23,0,1,0,0,0,0,0,0,0,-,-,33.998069763183594,-118.41979217529295,LOS ANGELES,CULVER CITY,-118.41960906982422,33.99814987182617
8957021,2019,2019-10-30,1918,2019-03-01,0938,1123,NA,5,5,4,1918,0,0,0,NA,0,4T25,WASHINGTON BL,MCMANUS AV,45,W,N,A,-,N,NA,NA,NA,NA,NA,NA,NA,NA,NA,N,4,0,2,2,A,-,08,22107,NA,N,B,C,A,A,H,-,A,D,0,NA,NA,NA,NA,Y,NA,A,07,0,0,2,0,0,0,0,0,0,-,-,34.03240966796875,-118.37464141845705,LOS ANGELES,CULVER CITY,-118.3796615600586,34.03092956542969
8957023,2019,2019-10-21,1918,2019-03-25,1300,701,1918,1,5,4,1918,0,0,0,NA,0,4T5,SEPULVEDA BL,JEFFERSON BL,315,N,N,A,-,N,NA,NA,NA,NA,NA,NA,NA,NA,NA,Y,4,0,1,2,A,-,03,22350,NA,N,C,C,A,A,H,-,A,D,0,NA,NA,NA,NA,Y,NA,D,22,0,0,1,0,0,0,0,0,0,-,-,33.990150451660156,-118.39517974853516,LOS ANGELES,CULVER CITY,-118.39637756347656,33.99655532836914
8957026,2019,2019-10-22,1918,2019-08-06,1130,701,1918,2,5,4,1918,0,0,0,NA,0,4M5,OVERLAND AV,CULVER BL,41,S,N,A,-,N,NA,NA,NA,NA,NA,NA,NA,NA,NA,N,4,0,1,2,A,-,21,22106,NA,N,C,C,A,A,H,-,A,A,0,NA,NA,NA,NA,Y,NA,D,22,0,0,1,0,0,0,0,0,0,-,-,34.01388931274414,-118.40251159667967,LOS ANGELES,CULVER CITY,-118.40249633789064,34.01386260986328
8957029,2019,2019-10-21,1918,2019-06-22,1200,798,NA,6,5,4,1918,0,0,0,NA,0,4T24,SLAUSON AV,BRISTOL PKWY,0,NA,Y,A,-,N,NA,NA,NA,NA,NA,NA,NA,NA,NA,N,4,0,1,2,A,-,03,22350,NA,N,C,C,A,A,H,-,A,A,0,NA,NA,NA,NA,Y,NA,D,22,0,0,1,0,0,0,0,0,0,-,-,33.9888801574707,-118.38671112060548,LOS ANGELES,CULVER CITY,-118.38680267333984,33.98889923095703
8957030,2019,2019-10-30,1918,2019-08-21,0830,701,NA,3,5,4,1918,0,0,0,NA,0,NA,SLAUSON AV,BUCKINGHAM PKWY,395,W,N,A,-,N,NA,NA,NA,NA,NA,NA,NA,NA,NA,Y,3,0,4,4,A,-,03,22350,NA,N,C,C,A,A,H,-,A,D,0,NA,NA,NA,NA,Y,NA,D,23,0,2,2,0,0,0,0,0,0,-,-,33.988929748535156,-118.3804931640625,LOS ANGELES,CULVER CITY,-118.3818817138672,33.98896026611328
8957034,2019,2019-10-29,1918,2019-08-21,1545,799,1,3,5,4,1918,0,0,0,NA,0,4M9,DUQUESNE AV,LUCERNE AV,275,S,N,A,-,N,NA,NA,NA,NA,NA,NA,NA,NA,NA,Y,4,0,2,3,A,-,03,22350,NA,N,C,C,A,A,H,-,A,D,0,NA,NA,NA,NA,Y,NA,A,01,0,0,2,0,0,0,0,0,0,-,-,34.01782989501953,-118.39013671875,LOS ANGELES,CULVER CITY,-118.3893814086914,34.01744842529297
8957037,2019,2019-10-21,1918,2019-04-10,0540,1036,NA,3,5,4,1918,0,0,0,NA,0,PATROL,WASHINGTON BL,NATIONAL BL,0,NA,Y,A,-,N,NA,NA,NA,NA,NA,NA,NA,NA,NA,Y,4,0,1,2,A,-,09,21801,A,N,A,C,A,A,H,-,B,A,0,NA,NA,NA,NA,Y,NA,A,01,0,0,1,0,0,0,0,0,0,-,-,34.029598236083984,-118.38198089599608,LOS ANGELES,CULVER CITY,-118.38652801513672,34.02817153930664
8957110,2019,2019-10-18,1900,2019-08-10,1200,570667,0251,6,5,4,1945,0,0,0,NA,0,28T,SLAUSON AV,MAYFLOWER AV,180,E,N,A,-,N,NA,NA,NA,NA,NA,NA,NA,NA,NA,N,4,0,1,2,A,-,08,22107,NA,N,C,E,A,A,H,-,A,D,0,NA,NA,NA,NA,Y,Y,A,01,0,0,1,0,0,0,0,0,0,-,-,NA,NA,LOS ANGELES,MAYWOOD,-118.1805419921875,33.98664855957031
8957282,2019,2019-10-17,1918,2019-01-03,2317,798,NA,4,5,4,1918,0,0,0,NA,0,4T24,WASHINGTON BL,FAY AV W,60,W,N,B,-,N,NA,NA,NA,NA,NA,NA,NA,NA,NA,Y,3,0,1,1,A,-,01,23152,G,N,E,I,A,B,H,-,C,D,0,NA,NA,NA,NA,Y,Y,A,07,0,1,0,0,0,0,0,0,0,-,-,34.032081604003906,-118.37587738037108,LOS ANGELES,CULVER CITY,-118.3806610107422,34.030662536621094
8957283,2019,2019-10-17,1918,2019-02-16,2208,1166,5,6,5,4,1918,0,0,0,NA,0,PATROL,SLAUSON AV,HANNUM AV,0,NA,Y,A,-,N,NA,NA,NA,NA,NA,NA,NA,NA,NA,Y,3,0,2,2,A,-,12,21453,A,N,D,C,A,A,H,-,C,A,0,NA,NA,NA,NA,Y,NA,A,01,0,1,1,0,0,0,0,0,0,-,-,33.98857116699219,-118.3918228149414,LOS ANGELES,CULVER CITY,-118.3918914794922,33.98860168457031
8957284,2019,2019-10-18,1918,2019-03-07,1320,798,NA,4,5,4,1918,0,0,0,NA,0,4T24,GREEN VALLEY CIR,FOX HILLS DR,0,NA,Y,A,-,N,NA,NA,NA,NA,NA,NA,NA,NA,NA,Y,4,0,2,2,A,-,09,21802,A,N,D,C,A,A,H,-,A,A,0,NA,NA,NA,NA,Y,NA,A,01,0,0,2,0,0,0,0,0,0,-,-,33.98408889770508,-118.39295959472656,LOS ANGELES,CULVER CITY,-118.39299774169922,33.98414993286133
8957286,2019,2019-10-17,1918,2019-01-31,0410,1178,NA,4,5,4,1918,0,0,0,NA,0,NA,WASHINGTON PL,SEPULVEDA BL,0,NA,Y,A,-,N,NA,NA,NA,NA,NA,NA,NA,NA,NA,Y,3,0,1,2,A,-,12,21453,A,N,D,C,A,A,H,-,C,A,0,NA,NA,NA,NA,Y,NA,A,01,0,1,0,0,0,0,0,0,0,-,-,34.0088005065918,-118.41397857666016,LOS ANGELES,CULVER CITY,-118.41394805908205,34.0088005065918
8957287,2019,2019-10-17,1918,2019-02-13,1745,798,NA,3,5,4,1918,0,0,0,NA,0,4T24,NATIONAL BL,HELMS AV,0,NA,Y,C,-,N,NA,NA,NA,NA,NA,NA,NA,NA,NA,Y,3,0,2,2,A,-,09,21801,A,N,D,D,A,A,H,-,C,D,0,NA,NA,NA,NA,Y,NA,A,01,0,2,0,0,0,0,0,0,0,-,-,34.02872085571289,-118.3786163330078,LOS ANGELES,CULVER CITY,-118.38320922851564,34.02724838256836
8957288,2019,2019-10-18,1900,2019-04-03,0400,604401,0246,3,5,3,1914,0,0,0,NA,0,0EM,SLAUSON AV,SLAUSON AV 5601,0,NA,-,A,-,N,NA,NA,NA,NA,NA,NA,NA,NA,NA,Y,4,0,1,2,A,-,03,22350,NA,N,B,C,A,A,H,-,C,A,0,NA,NA,NA,NA,Y,NA,A,01,0,0,1,0,0,0,0,0,0,-,-,NA,NA,LOS ANGELES,COMMERCE,-118.164345,33.986154
8957290,2019,2019-10-17,1918,2019-01-24,1415,798,NA,4,5,4,1918,0,0,0,NA,0,4T24,BRISTOL PKWY,GREEN VALLEY CIR,0,NA,Y,A,-,N,NA,NA,NA,NA,NA,NA,NA,NA,NA,N,3,0,1,2,A,-,10,21950,A,N,G,B,B,A,H,-,A,A,0,Y,NA,NA,NA,Y,NA,A,01,0,1,0,0,1,0,0,0,0,-,-,33.983551025390625,-118.39089965820313,LOS ANGELES,CULVER CITY,-118.39092254638672,33.983551025390625
8957291,2019,2019-10-17,1918,2019-02-07,1805,701,1918,4,5,4,1918,0,0,0,NA,0,4T5,BRISTOL PKWY,HANNUM AV,0,NA,Y,A,-,N,NA,NA,NA,NA,NA,NA,NA,NA,NA,N,3,0,1,2,A,-,10,21950,A,N,G,B,B,A,H,-,C,A,0,Y,NA,NA,NA,Y,NA,A,07,0,1,0,0,1,0,0,0,0,-,-,33.9871711730957,-118.38670349121094,LOS ANGELES,CULVER CITY,-118.38678741455078,33.98720932006836
8957292,2019,2019-10-18,1918,2019-04-25,1520,646,1918,4,5,4,1918,0,0,0,NA,0,4M4,SEPULVEDA BL,JANISANN AV,0,NA,Y,A,-,N,NA,NA,NA,NA,NA,NA,NA,NA,NA,Y,4,0,1,2,A,-,09,21801,A,N,D,C,A,A,H,-,A,D,0,NA,NA,NA,NA,Y,NA,A,01,0,0,1,0,0,0,0,0,0,-,-,33.99684143066406,-118.39665985107422,LOS ANGELES,CULVER CITY,-118.39672088623048,33.99679946899414
8957294,2019,2019-10-17,1918,2019-01-23,0912,1056,NA,3,5,4,1918,0,0,0,NA,0,4T26,SEPULVEDA BL,BRADDOCK DR,226,S,N,A,-,N,NA,NA,NA,NA,NA,NA,NA,NA,NA,Y,4,0,1,2,A,-,03,22350,NA,N,D,C,A,A,H,-,A,D,0,NA,NA,NA,NA,Y,NA,A,01,0,0,1,0,0,0,0,0,0,-,-,34.002899169921875,-118.40682220458984,LOS ANGELES,CULVER CITY,-118.4062271118164,34.0025520324707
8957295,2019,2019-10-17,1918,2019-02-05,1820,798,NA,2,5,4,1918,0,0,0,NA,0,4T24,MATTESON AV,HURON AV,0,NA,Y,A,-,N,NA,NA,NA,NA,NA,NA,NA,NA,NA,Y,4,0,1,2,A,-,12,22450,A,N,D,C,A,A,H,-,C,A,0,NA,NA,NA,NA,Y,NA,A,07,0,0,1,0,0,0,0,0,0,-,-,34.004600524902344,-118.23999786376952,LOS ANGELES,CULVER CITY,-118.41240692138672,34.01300048828125
8957296,2019,2019-10-18,1918,2019-04-24,1700,701,1918,3,5,4,1918,0,0,0,NA,0,4T5,WASHINGTON BL,ROBERTSON BL,0,NA,Y,A,-,N,NA,NA,NA,NA,NA,NA,NA,NA,NA,Y,3,0,3,3,A,-,12,21453,A,N,D,C,A,A,H,-,A,A,0,NA,NA,NA,NA,Y,NA,A,01,0,2,1,0,0,0,0,0,0,-,-,34.02602005004883,-118.39016723632813,LOS ANGELES,CULVER CITY,-118.39022064208984,34.02598190307617
8957298,2019,2019-10-17,1918,2019-01-23,0750,646,1918,3,5,4,1918,0,0,0,NA,0,4M4,ELENDA ST,BARMAN AV,0,NA,Y,A,-,N,NA,NA,NA,NA,NA,NA,NA,NA,NA,N,3,0,1,2,A,-,12,22450,A,N,D,G,A,A,H,-,A,A,0,NA,Y,NA,NA,Y,NA,L,04,0,1,0,0,0,0,1,0,0,-,-,34.00859832763672,-118.4034423828125,LOS ANGELES,CULVER CITY,-118.4035186767578,34.008609771728516
8957299,2019,2019-10-17,1918,2019-02-04,1740,701,1918,1,5,4,1918,0,0,0,NA,0,4T5,SAWTELLE BL,CULVER BL,301,S,N,B,-,N,NA,NA,NA,NA,NA,NA,NA,NA,NA,Y,3,0,3,2,A,-,08,22107,NA,N,C,E,A,B,H,-,C,D,0,NA,NA,NA,NA,Y,NA,A,07,0,2,1,0,0,0,0,0,0,-,-,34.00231170654297,-118.41172027587892,LOS ANGELES,CULVER CITY,-118.41124725341795,34.002037048339844
8957300,2019,2019-10-18,1918,2019-04-21,0915,1056,NA,7,5,4,1918,0,0,0,NA,0,4T26,WASHINGTON BL,SAWTELLE BL,0,NA,Y,A,-,N,NA,NA,NA,NA,NA,NA,NA,NA,NA,Y,3,0,3,3,A,-,03,22350,NA,N,C,C,A,A,H,-,A,D,0,NA,NA,Y,NA,Y,NA,A,07,0,1,2,0,0,0,0,0,1,-,-,34.00423812866211,-118.4145736694336,LOS ANGELES,CULVER CITY,-118.41464996337892,34.00419998168945
8957302,2019,2019-10-17,1918,2019-01-19,1159,1123,NA,6,5,4,1918,0,0,0,NA,0,4T25,CULVER BL,ELENDA ST,0,NA,Y,A,-,N,NA,NA,NA,NA,NA,NA,NA,NA,NA,Y,4,0,1,2,A,-,12,21453,A,N,D,C,A,A,H,-,A,A,0,NA,NA,NA,NA,Y,NA,A,01,0,0,1,0,0,0,0,0,0,-,-,34.01007080078125,-118.40567016601564,LOS ANGELES,CULVER CITY,-118.40570068359376,34.01005935668945
8957303,2019,2019-10-17,1918,2019-02-03,0120,1073,NA,7,5,4,1918,0,0,0,NA,0,PATROL,MALAT WY,VERA WY,210,S,N,A,-,N,NA,NA,NA,NA,NA,NA,NA,NA,NA,Y,3,0,1,3,A,-,01,23152,A,N,A,E,A,A,H,-,C,D,0,NA,NA,NA,NA,Y,Y,A,01,0,1,0,0,0,0,0,0,0,-,-,NA,NA,LOS ANGELES,CULVER CITY,-118.3925552368164,33.99285888671875
8957304,2019,2019-10-18,1918,2019-04-18,2030,701,1918,4,5,4,1918,0,0,0,NA,0,4T5,WASHINGTON BL,MOORE ST,97,W,N,A,-,N,NA,NA,NA,NA,NA,NA,NA,NA,NA,Y,3,0,3,9,A,-,07,21658,A,N,C,E,F,A,H,-,C,D,0,Y,NA,NA,NA,Y,NA,A,07,0,3,0,0,3,0,0,0,0,-,-,33.99565124511719,-118.43739318847656,LOS ANGELES,CULVER CITY,-118.43768310546876,33.995513916015625
8957306,2019,2019-10-30,1918,2019-01-15,1735,799,2,2,5,4,1918,0,0,0,NA,0,4M9,WASHINGTON PL,SEPULVEDA BL,9,W,N,B,C,N,NA,NA,NA,NA,NA,NA,NA,NA,NA,N,4,0,1,2,A,-,10,21950,A,N,G,B,B,B,H,-,C,A,0,Y,NA,NA,NA,Y,NA,A,07,0,0,1,0,1,0,0,0,0,-,-,34.008819580078125,-118.41396331787108,LOS ANGELES,CULVER CITY,-118.41397094726564,34.008785247802734
8957307,2019,2019-10-30,1900,2019-03-19,2200,619573,0241,2,5,3,1914,0,0,0,NA,0,27T1,EASTERN AV,TELEGRAPH RD,36,S,N,A,-,N,NA,NA,NA,NA,NA,NA,NA,NA,NA,Y,3,0,3,2,A,-,12,21453,A,N,D,C,A,A,H,-,C,A,0,NA,NA,NA,NA,Y,NA,A,01,0,1,2,0,0,0,0,0,0,-,-,NA,NA,LOS ANGELES,COMMERCE,-118.17403411865234,34.0173225402832
8957308,2019,2019-10-18,1918,2019-04-17,0900,646,1918,3,5,4,1918,0,0,0,NA,0,4M4,JEFFERSON BL,RAINTREE CIR,275,E,N,A,-,N,NA,NA,NA,NA,NA,NA,NA,NA,NA,N,4,0,1,2,A,-,03,22350,NA,N,C,C,A,A,H,-,A,A,0,NA,NA,NA,NA,Y,NA,A,01,0,0,1,0,0,0,0,0,0,-,-,34.0101203918457,-118.39044952392578,LOS ANGELES,CULVER CITY,-118.3901824951172,34.01085662841797
8957310,2019,2019-10-17,1918,2019-01-14,0650,1056,NA,1,5,4,1918,0,0,0,NA,0,4T26,JEFFERSON BL,DUQUESNE AV,0,NA,Y,C,-,N,NA,NA,NA,NA,NA,NA,NA,NA,NA,N,4,0,1,2,A,-,11,21456,B,N,G,B,B,B,H,-,A,A,0,Y,NA,NA,NA,Y,NA,N,60,0,0,1,0,1,0,0,0,0,-,-,34.01675033569336,-118.38803863525392,LOS ANGELES,CULVER CITY,-118.38804626464844,34.016719818115234
8957311,2019,2019-10-17,1918,2019-03-29,1444,798,NA,5,5,4,1918,0,0,0,NA,0,4T24,HANNUM AV,UPLANDER WY,193,E,N,A,-,N,NA,NA,NA,NA,NA,NA,NA,NA,NA,Y,4,0,1,2,A,-,08,22102,NA,N,D,C,A,A,H,-,A,D,0,NA,NA,NA,NA,Y,NA,A,01,0,0,1,0,0,0,0,0,0,-,-,33.59148025512695,-118.23020935058594,LOS ANGELES,CULVER CITY,-118.38402557373048,33.987457275390625
8957312,2019,2019-10-18,1918,2019-04-11,1615,701,1918,4,5,4,1918,0,0,0,NA,0,4T5,SLAUSON AV,RT 90,380,E,N,A,-,N,NA,NA,NA,NA,NA,NA,NA,NA,NA,N,4,0,1,2,A,-,04,21703,NA,N,C,C,A,A,H,-,A,D,0,NA,NA,NA,NA,Y,NA,A,01,0,0,1,0,0,0,0,0,0,-,-,33.98878860473633,-118.38922119140624,LOS ANGELES,CULVER CITY,-118.38815307617188,33.9888916015625
8957314,2019,2019-10-17,1918,2019-01-12,1800,1128,1918,6,5,4,1918,0,0,0,NA,0,PATROL,WASHINGTON BL,PROSPECT AV,60,E,N,C,-,N,NA,NA,NA,NA,NA,NA,NA,NA,NA,Y,4,0,1,1,A,-,03,22350,NA,N,E,J,A,B,G,-,C,D,0,NA,NA,NA,NA,Y,NA,A,01,0,0,1,0,0,0,0,0,0,-,-,34.01211166381836,-118.41023254394533,LOS ANGELES,CULVER CITY,-118.41017150878906,34.01224899291992
8957315,2019,2019-10-17,1918,2019-03-28,0920,646,1918,4,5,4,1918,0,0,0,NA,0,4M4,CENTINELA AV,WASHINGTON BL,0,NA,Y,A,-,N,NA,NA,NA,NA,NA,NA,NA,NA,NA,Y,4,0,1,2,A,-,09,21801,A,N,D,C,A,A,H,-,A,A,0,NA,NA,NA,NA,Y,NA,A,01,0,0,1,0,0,0,0,0,0,-,-,33.99694061279297,-118.42845153808594,LOS ANGELES,CULVER CITY,-118.42845916748048,33.996971130371094
8957316,2019,2019-10-18,1918,2019-04-09,2051,798,NA,2,5,4,1918,0,0,0,NA,0,4T24,WASHINGTON BL,MIDWAY AV,9,E,N,A,-,N,NA,NA,NA,NA,NA,NA,NA,NA,NA,N,3,0,1,2,A,-,01,23152,A,N,D,C,A,A,H,-,C,D,0,NA,NA,NA,NA,Y,Y,A,01,0,1,0,0,0,0,0,0,0,-,-,34.015350341796875,-118.40712738037108,LOS ANGELES,CULVER CITY,-118.40712738037108,34.015357971191406
8957318,2019,2019-10-17,1918,2019-01-12,1608,1150,NA,6,5,4,1918,0,0,0,NA,0,NA,CULVER BL,SAWTELLE BL,0,NA,Y,C,-,N,NA,NA,405,NA,NA,NA,NA,NA,NA,N,4,0,1,2,A,-,12,21453,A,N,A,C,A,B,H,-,B,A,0,NA,NA,NA,NA,Y,NA,A,01,0,0,1,0,0,0,0,0,0,-,-,34.0023307800293,-118.41172027587892,LOS ANGELES,CULVER CITY,-118.4111328125,34.00278091430664
8957319,2019,2019-10-17,1918,2019-03-27,0926,1123,NA,3,5,4,1918,0,0,0,NA,0,4T25,JEFFERSON BL,HETZLER RD,170,E,N,A,-,N,NA,NA,NA,NA,NA,NA,NA,NA,NA,N,3,0,1,2,A,-,17,22517,NA,N,H,G,A,A,H,-,A,D,0,NA,Y,NA,NA,Y,NA,A,01,0,1,0,0,0,0,1,0,0,-,-,34.02048110961914,-118.38256072998048,LOS ANGELES,CULVER CITY,-118.3820343017578,34.02061462402344
8957320,2019,2019-10-18,1918,2019-04-08,1505,1056,NA,1,5,4,1918,0,0,0,NA,0,4T26,WASHINGTON BL,OVERLAND AV,0,NA,Y,A,-,N,NA,NA,NA,NA,NA,NA,NA,NA,NA,Y,4,0,1,4,A,-,01,23152,B,N,C,C,A,A,H,-,A,A,0,NA,NA,NA,NA,Y,Y,A,08,0,0,1,0,0,0,0,0,0,-,-,34.01686096191406,-118.40544128417967,LOS ANGELES,CULVER CITY,-118.40548706054688,34.016841888427734
8957322,2019,2019-10-17,1918,2019-01-09,1834,798,NA,3,5,4,1918,0,0,0,NA,0,4T24,CULVER BL,JASMINE AV,0,NA,Y,A,-,N,NA,NA,NA,NA,NA,NA,NA,NA,NA,N,3,0,1,2,A,-,09,21800,A,N,H,G,A,A,H,-,C,D,0,NA,Y,NA,NA,Y,NA,A,08,0,1,0,0,0,0,1,0,0,-,-,34.01792907714844,-118.39911651611328,LOS ANGELES,CULVER CITY,-118.39920043945313,34.01795959472656
8957323,2019,2019-10-17,1918,2019-03-26,1355,798,NA,2,5,4,1918,0,0,0,NA,0,2424,SEPULVEDA BL,SAWTELLE BL,30,S,N,A,-,N,NA,NA,NA,NA,NA,NA,NA,NA,NA,N,4,0,1,2,A,-,03,22350,NA,N,H,G,A,A,H,-,A,A,0,NA,Y,NA,NA,Y,NA,L,04,0,0,1,0,0,0,1,0,0,-,-,33.995121002197266,-118.39537048339844,LOS ANGELES,CULVER CITY,-118.39540863037108,33.99502944946289
8957326,2019,2019-10-16,1918,2019-01-09,1040,798,NA,3,5,4,1918,0,0,0,NA,0,4T24,SEPULVEDA BL,CENTINELA AV,0,NA,Y,A,-,N,NA,NA,NA,NA,NA,NA,NA,NA,NA,Y,4,0,2,2,D,-,00,NA,NA,N,D,C,A,A,H,-,A,A,0,NA,NA,NA,NA,Y,NA,-,-,0,0,2,0,0,0,0,0,0,-,-,33.981040954589844,-118.3947296142578,LOS ANGELES,CULVER CITY,-118.3948211669922,33.981040954589844
8957327,2019,2019-10-17,1918,2019-03-24,1935,1146,NA,7,5,4,1918,0,0,0,NA,0,NA,SLAUSON AV,HANNUM AV,0,NA,Y,A,-,N,NA,NA,NA,NA,NA,NA,NA,NA,NA,N,3,0,1,2,A,-,12,21453,A,F,D,C,A,A,H,-,C,A,0,NA,NA,NA,NA,Y,NA,A,01,0,1,0,0,0,0,0,0,0,-,-,33.98857116699219,-118.3918228149414,LOS ANGELES,CULVER CITY,-118.3918914794922,33.98860168457031
8957328,2019,2019-10-18,1918,2019-04-06,1621,1135,1918,6,5,4,1918,0,0,0,NA,0,PATROL,FOX HILLS DR,HANNUM AV,503,W,N,A,-,N,NA,NA,NA,NA,NA,NA,NA,NA,NA,N,4,0,1,2,A,-,09,21804,A,N,D,C,A,A,H,-,A,D,0,NA,NA,NA,NA,Y,NA,A,01,0,0,1,0,0,0,0,0,0,-,-,33.98699951171875,-118.38970184326172,LOS ANGELES,CULVER CITY,-118.3906021118164,33.98582458496094
8957330,2019,2019-10-16,1918,2019-01-08,1624,798,NA,2,5,4,1918,0,0,0,NA,0,4T24,WASHINGTON BL,MINERVA AV,0,NA,Y,A,-,N,NA,NA,NA,NA,NA,NA,NA,NA,NA,N,4,0,1,4,A,-,11,21950,B,N,B,C,E,A,H,-,A,B,0,Y,NA,NA,NA,Y,NA,N,60,0,0,1,0,0,0,0,0,0,-,-,34.00183868408203,-118.4158935546875,LOS ANGELES,CULVER CITY,-118.4158935546875,34.0019416809082
8957331,2019,2019-10-17,1918,2019-03-22,2133,798,NA,5,5,4,1918,0,0,0,NA,0,4T24,OVERLAND AV,SOUTH DR,65,S,N,A,-,N,NA,NA,NA,NA,NA,NA,NA,NA,NA,N,3,0,1,1,A,-,01,23152,B,N,E,I,A,A,H,-,C,D,0,NA,NA,NA,NA,Y,Y,A,01,0,1,0,0,0,0,0,0,0,-,-,33.99367904663086,-118.39034271240234,LOS ANGELES,CULVER CITY,-118.39046478271484,33.99360656738281
8957334,2019,2019-10-16,1918,2019-01-07,0055,1158,NA,1,5,4,1918,0,0,0,NA,0,NA,IRVING PL,CULVER BL,311,S,N,C,-,N,NA,NA,NA,NA,NA,NA,NA,NA,NA,N,4,0,1,4,A,-,01,23153,A,N,G,B,E,B,H,-,C,D,0,Y,NA,NA,NA,Y,Y,A,07,0,0,1,0,1,0,0,0,0,-,-,34.023048400878906,-118.39508819580078,LOS ANGELES,CULVER CITY,-118.39427185058594,34.022491455078125
8957335,2019,2019-10-17,1918,2019-03-21,1803,798,NA,4,5,4,1918,0,0,0,NA,0,4T24,WASHINGTON BL,NATIONAL BL,0,NA,Y,A,-,N,NA,NA,NA,NA,NA,NA,NA,NA,NA,Y,3,0,1,2,A,-,17,21663,NA,N,G,B,F,A,H,-,A,A,0,Y,NA,NA,NA,Y,NA,A,01,0,1,0,0,1,0,0,0,0,-,-,34.029598236083984,-118.38198089599608,LOS ANGELES,CULVER CITY,-118.38652801513672,34.02817153930664