CASE_ID,ACCIDENT_YEAR,PROC_DATE,JURIS,COLLISION_DATE,COLLISION_TIME,OFFICER_ID,REPORTING_DISTRICT,DAY_OF_WEEK,CHP_SHIFT,POPULATION,CNTY_CITY_LOC,SPECIAL_COND,BEAT_TYPE,CHP_BEAT_TYPE,CITY_DIVISION_LAPD,CHP_BEAT_CLASS,BEAT_NUMBER,PRIMARY_RD,SECONDARY_RD,DISTANCE,DIRECTION,INTERSECTION,WEATHER_1,WEATHER_2,STATE_HWY_IND,CALTRANS_COUNTY,CALTRANS_DISTRICT,STATE_ROUTE,ROUTE_SUFFIX,POSTMILE_PREFIX,POSTMILE,LOCATION_TYPE,RAMP_INTERSECTION,SIDE_OF_HWY,TOW_AWAY,COLLISION_SEVERITY,NUMBER_KILLED,NUMBER_INJURED,PARTY_COUNT,PRIMARY_COLL_FACTOR,PCF_CODE_OF_VIOL,PCF_VIOL_CATEGORY,PCF_VIOLATION,PCF_VIOL_SUBSECTION,HIT_AND_RUN,TYPE_OF_COLLISION,MVIW,PED_ACTION,ROAD_SURFACE,ROAD_COND_1,ROAD_COND_2,LIGHTING,CONTROL_DEVICE,CHP_ROAD_TYPE,PEDESTRIAN_ACCIDENT,BICYCLE_ACCIDENT,MOTORCYCLE_ACCIDENT,TRUCK_ACCIDENT,NOT_PRIVATE_PROPERTY,ALCOHOL_INVOLVED,STWD_VEHTYPE_AT_FAULT,CHP_VEHTYPE_AT_FAULT,COUNT_SEVERE_INJ,COUNT_VISIBLE_INJ,COUNT_COMPLAINT_PAIN,COUNT_PED_KILLED,COUNT_PED_INJURED,COUNT_BICYCLIST_KILLED,COUNT_BICYCLIST_INJURED,COUNT_MC_KILLED,COUNT_MC_INJURED,PRIMARY_RAMP,SECONDARY_RAMP,LATITUDE,LONGITUDE,COUNTY,CITY,POINT_X,POINT_Y
8957832,2019,2019-10-16,1946,2019-08-09,0725,P25,1946,5,5,4,1946,0,0,0,NA,0,002,MAYFLOWER,DUARTE,0,NA,Y,A,-,N,NA,NA,NA,NA,NA,NA,NA,NA,NA,Y,4,0,1,2,A,-,12,21453,A,N,D,C,A,A,H,-,A,A,0,NA,NA,NA,NA,Y,NA,A,01,0,0,1,0,0,0,0,0,0,-,-,NA,NA,LOS ANGELES,MONROVIA,-118.00943756103516,34.13222122192383
8957836,2019,2019-10-16,1946,2019-08-29,1452,P33,NA,4,5,4,1946,0,0,0,NA,0,003,IVY,MAPLE,0,NA,Y,A,-,N,NA,NA,NA,NA,NA,NA,NA,NA,NA,N,3,0,1,2,A,-,09,21802,A,N,D,C,A,A,H,-,A,D,0,NA,NA,NA,NA,Y,NA,A,07,0,1,0,0,0,0,0,0,0,-,-,NA,NA,LOS ANGELES,MONROVIA,-117.99867248535156,34.14155197143555
8957840,2019,2019-10-16,1946,2019-08-30,1523,49,1943,5,5,4,1946,0,0,0,NA,0,002,W DUARTE,MAYFLOWER,0,NA,Y,A,-,N,NA,NA,NA,NA,NA,NA,NA,NA,NA,N,4,0,1,2,A,-,03,22350,NA,N,C,C,A,A,H,-,A,A,0,NA,NA,NA,NA,Y,NA,A,01,0,0,1,0,0,0,0,0,0,-,-,NA,NA,LOS ANGELES,MONROVIA,-118.00943756103516,34.13222122192383
8957964,2019,2019-10-14,1942,2019-08-31,0400,NA,1983,6,5,7,1942,0,0,0,NA,0,19A79,ROSCOE BL,COLUMBUS AV,0,NA,Y,A,-,N,NA,NA,NA,NA,NA,NA,NA,NA,NA,Y,3,0,1,1,A,-,08,22107,NA,M,A,I,A,A,H,-,C,A,0,NA,NA,NA,NA,Y,NA,-,99,0,1,0,0,0,0,0,0,0,-,-,NA,NA,LOS ANGELES,LOS ANGELES,-118.46547698974608,34.221439361572266
8958024,2019,2019-10-15,1942,2019-10-01,1845,33504,1517,2,5,7,1942,0,0,0,O,0,15A27,BAKMAN AV,VANOWEN ST,127,S,N,A,-,N,NA,NA,NA,NA,NA,NA,NA,NA,NA,Y,4,0,1,4,A,-,01,23152,A,F,B,E,A,A,H,-,C,D,0,NA,NA,NA,NA,Y,Y,A,01,0,0,1,0,0,0,0,0,0,-,-,NA,NA,LOS ANGELES,LOS ANGELES,-118.37794494628906,34.193603515625
8958029,2019,2019-10-21,1942,2019-09-25,1745,40936,1256,3,5,7,1942,0,0,0,L,0,18X48,HOOVER ST,74TH ST,30,S,N,A,-,N,NA,NA,NA,NA,NA,NA,NA,NA,NA,N,4,0,1,2,A,-,03,22350,NA,F,C,C,A,A,H,-,A,D,0,NA,NA,NA,NA,Y,Y,-,99,0,0,1,0,0,0,0,0,0,-,-,NA,NA,LOS ANGELES,LOS ANGELES,-118.28711700439452,33.972599029541016
8958031,2019,2019-10-15,1941,2019-09-30,2213,11273,NA,1,5,7,1941,0,0,0,NA,0,NA,6TH ST,LONG BEACH BL,0,NA,Y,A,-,N,NA,NA,NA,NA,NA,NA,NA,NA,NA,Y,2,0,1,2,A,-,12,21453,A,N,D,C,A,A,H,-,C,A,0,NA,NA,NA,NA,Y,NA,A,NA,1,0,0,0,0,0,0,0,0,-,-,NA,NA,LOS ANGELES,LONG BEACH,-118.18949127197266,33.77415084838867
8958035,2019,2019-10-15,1941,2019-09-30,2123,10772,NA,1,5,7,1941,0,0,0,NA,0,NA,ORANGE AV,16TH ST,0,NA,Y,A,-,N,NA,NA,NA,NA,NA,NA,NA,NA,NA,Y,3,0,2,1,-,-,-,NA,NA,N,A,I,A,A,H,-,C,A,0,NA,NA,NA,NA,Y,NA,-,-,0,1,1,0,0,0,0,0,0,-,-,NA,NA,LOS ANGELES,LONG BEACH,-118.17656707763672,33.7871208190918
8958037,2019,2019-11-01,1942,2019-06-11,1505,43705,1203,2,5,7,1942,0,0,0,L,0,12A31,VERNON AV,WESTERN AV,10,W,N,A,-,N,NA,NA,NA,NA,NA,NA,NA,NA,NA,N,2,0,1,4,A,-,03,22350,NA,N,D,C,E,A,H,-,A,D,0,Y,NA,NA,NA,Y,NA,A,01,1,0,0,0,1,0,0,0,0,-,-,NA,NA,LOS ANGELES,LOS ANGELES,-118.3089599609375,34.003719329833984
8958039,2019,2019-10-15,1931,2019-09-30,0711,5649,1931,1,5,5,1931,0,0,0,NA,0,004,STATE ST,GAGE AV,127,S,N,A,B,N,NA,NA,NA,NA,NA,NA,NA,NA,NA,N,3,0,1,2,A,-,09,21804,A,N,D,G,A,A,H,-,A,D,0,NA,Y,NA,NA,Y,NA,L,04,0,1,0,0,0,0,1,0,0,-,-,NA,NA,LOS ANGELES,HUNTINGTON PARK,-118.21255493164064,33.98038101196289
8958043,2019,2019-10-16,1931,2019-09-20,1449,5649,1931,5,5,5,1931,0,0,0,NA,0,001,PACIFIC BL,55TH ST,0,NA,Y,A,-,N,NA,NA,NA,NA,NA,NA,NA,NA,NA,Y,4,0,1,2,A,-,09,21801,A,N,D,C,A,A,H,-,A,A,0,NA,NA,NA,NA,Y,NA,A,01,0,0,1,0,0,0,0,0,0,-,-,NA,NA,LOS ANGELES,HUNTINGTON PARK,-118.22524261474608,33.9929313659668
8958055,2019,2019-10-15,1941,2019-09-26,2314,10729,NA,4,5,7,1941,0,0,0,NA,0,NA,PACIFIC COAST HWY,JUDSON AV,15,E,N,A,-,N,NA,NA,NA,NA,NA,NA,NA,NA,NA,N,3,0,1,2,A,-,08,22107,NA,N,A,B,B,A,H,-,C,A,0,Y,NA,NA,NA,Y,NA,A,NA,0,1,0,0,1,0,0,0,0,-,-,NA,NA,LOS ANGELES,LONG BEACH,-118.22132873535156,33.789859771728516
8958059,2019,2019-10-15,1942,2019-09-26,1620,38017,2189,4,5,7,1942,0,0,0,NA,0,21A97,VENTURA BL,SERRANIA AV,0,NA,Y,A,-,N,NA,NA,NA,NA,NA,NA,NA,NA,NA,N,4,0,1,2,A,-,03,22350,NA,F,D,C,A,A,H,-,A,A,0,NA,NA,NA,NA,Y,NA,-,99,0,0,1,0,0,0,0,0,0,-,-,NA,NA,LOS ANGELES,LOS ANGELES,-118.58824920654295,34.16640090942383
8958063,2019,2019-10-15,1941,2019-09-28,0215,6179,NA,6,5,7,1941,0,0,0,NA,0,NA,BROADWAY,TRIBUNE CT,14,W,N,A,-,N,NA,NA,NA,NA,NA,NA,NA,NA,NA,N,4,0,2,3,A,-,11,21954,A,N,G,B,D,A,H,-,C,D,0,Y,NA,NA,NA,Y,Y,N,NA,0,0,2,0,2,0,0,0,0,-,-,NA,NA,LOS ANGELES,LONG BEACH,-118.19176483154295,33.769309997558594
8958090,2019,2019-10-22,1942,2019-09-09,1020,38912,421,1,5,7,1942,0,0,0,NA,0,4A53,BROADWAY,AVENUE 21,100,E,N,A,-,N,NA,NA,NA,NA,NA,NA,NA,NA,NA,Y,4,0,2,2,A,-,12,21453,NA,N,D,C,A,A,H,-,A,A,0,NA,NA,NA,NA,Y,NA,D,22,0,0,2,0,0,0,0,0,0,-,-,NA,NA,LOS ANGELES,LOS ANGELES,-118.26694488525392,34.029659271240234
8958094,2019,2019-10-24,1942,2019-09-24,0630,36238,1351,2,5,7,1942,0,0,0,M,0,13A61,BROADWAY,VERNON AV,0,NA,Y,A,-,N,NA,NA,NA,NA,NA,NA,NA,NA,NA,Y,3,0,2,3,A,-,09,21801,A,N,B,C,A,A,H,-,A,A,0,NA,NA,NA,NA,Y,NA,A,01,0,1,1,0,0,0,0,0,0,-,-,NA,NA,LOS ANGELES,LOS ANGELES,-118.27837371826172,34.00379943847656
8958102,2019,2019-10-22,1942,2019-09-11,0805,43929,457,3,5,7,1942,0,0,0,NA,0,4A53,SARATOGA,CESAR CHAVEZ,100,S,N,A,-,N,NA,NA,NA,NA,NA,NA,NA,NA,NA,N,4,0,1,2,A,-,09,21801,A,N,-,C,A,A,H,-,A,D,0,NA,NA,NA,NA,Y,NA,A,01,0,0,1,0,0,0,0,0,0,-,-,NA,NA,LOS ANGELES,LOS ANGELES,-118.203039,34.044374
8958106,2019,2020-01-31,1942,2019-09-26,0955,34332,0477,4,5,7,1942,0,0,0,D,0,4A71,GOLDEN STATE FWY,SOTO ST,0,NA,Y,B,-,Y,LA,7,60,-,R,0.511,R,4,W,Y,3,0,1,2,A,-,12,21453,A,N,D,C,A,A,H,-,A,A,0,NA,NA,NA,NA,Y,NA,D,22,0,1,0,0,0,0,0,0,0,NF,-,NA,NA,LOS ANGELES,LOS ANGELES,-118.216552734375,34.02972412109375
8958112,2019,2019-10-25,1942,2019-07-24,2130,42665,1208,3,5,7,1942,0,0,0,L,0,12A15,S FIGUEROA ST,W 47TH ST,0,NA,Y,A,-,N,NA,NA,NA,NA,NA,NA,NA,NA,NA,N,2,0,1,2,A,-,11,21954,A,N,G,B,D,A,H,-,C,A,0,Y,NA,NA,NA,Y,NA,N,60,1,0,0,0,1,0,0,0,0,-,-,NA,NA,LOS ANGELES,LOS ANGELES,-118.28272247314452,34.00101852416992
8958150,2019,2019-10-21,1906,2019-09-21,0404,4434,NA,6,5,5,1906,0,0,0,NA,0,002,STEWART AV,EDISON POLE #1384646E,45,S,N,A,-,N,NA,NA,NA,NA,NA,NA,NA,NA,NA,Y,3,0,2,2,A,-,08,22107,NA,N,A,E,A,A,H,-,C,D,0,NA,NA,NA,Y,Y,NA,A,01,0,2,0,0,0,0,0,0,0,-,-,NA,NA,LOS ANGELES,BALDWIN PARK,NA,NA
8958156,2019,2019-10-29,1942,2019-09-21,1555,43177,0465,6,5,7,1942,0,0,0,D,0,13X65,5TH ST,CONCORD ST,50,W,N,A,-,N,NA,NA,NA,NA,NA,NA,NA,NA,NA,N,2,0,1,2,A,-,10,21950,A,N,G,B,D,A,H,-,A,D,0,Y,NA,NA,NA,Y,NA,A,01,1,0,0,0,1,0,0,0,0,-,-,NA,NA,LOS ANGELES,LOS ANGELES,-118.20009613037108,34.03343200683594
8958160,2019,2019-10-21,1942,2019-09-18,1420,43165,467,3,5,7,1942,0,0,0,NA,0,4A97,SOTO ST,INEZ ST,0,NA,Y,A,-,N,NA,NA,NA,NA,NA,NA,NA,NA,NA,N,4,0,1,3,A,-,09,21801,NA,N,D,C,A,A,H,-,A,A,0,NA,NA,NA,NA,Y,NA,A,01,0,0,1,0,0,0,0,0,0,-,-,NA,NA,LOS ANGELES,LOS ANGELES,-118.21439361572266,34.036460876464844
8958164,2019,2019-10-18,1942,2019-09-30,1800,42886,1259,1,5,7,1942,0,0,0,L,0,12X42,CENTRAL AV,76TH ST,0,NA,Y,A,-,N,NA,NA,NA,NA,NA,NA,NA,NA,NA,N,4,0,1,3,A,-,10,21950,NA,F,G,B,B,A,H,-,A,-,0,Y,NA,NA,NA,Y,NA,-,99,0,0,1,0,1,0,0,0,0,-,-,NA,NA,LOS ANGELES,LOS ANGELES,-118.25640869140624,33.97119140625
8958168,2019,2019-10-18,1942,2019-09-20,2350,43079,1268,5,5,7,1942,0,0,0,L,0,12XL59,MANCHESTER AV,BROADWAY,0,NA,Y,A,-,N,NA,NA,NA,NA,NA,NA,NA,NA,NA,Y,3,0,2,2,A,-,09,21801,NA,F,-,C,A,A,H,-,C,A,0,NA,NA,NA,NA,Y,NA,A,01,0,2,0,0,0,0,0,0,0,-,-,NA,NA,LOS ANGELES,LOS ANGELES,-118.27828216552734,33.960079193115234
8958172,2019,2019-10-18,1900,2019-09-08,1626,624934,1122,7,5,6,1992,0,0,0,NA,0,112T2,AVENUE I,FERN AV,0,NA,Y,A,-,N,NA,NA,NA,NA,NA,NA,NA,NA,NA,Y,4,0,2,2,A,-,12,21453,A,N,D,C,A,A,H,-,A,A,0,NA,NA,NA,NA,Y,NA,A,01,0,0,2,0,0,0,0,0,0,-,-,NA,NA,LOS ANGELES,LANCASTER,-118.14556884765624,34.703941345214844
8958176,2019,2019-12-09,1900,2019-09-29,2200,613055,1126,7,5,6,1992,0,0,0,NA,0,111T1,AVENUE M,RT 14,37,W,N,A,-,Y,LA,7,14,-,R,64.475,R,4,N,N,4,0,1,2,A,-,09,21802,A,N,D,C,A,A,H,-,D,D,0,NA,NA,NA,NA,Y,NA,A,01,0,0,1,0,0,0,0,0,0,-,NF,NA,NA,LOS ANGELES,LANCASTER,-118.15306091308594,34.64277648925781
8958180,2019,2019-10-18,1900,2019-09-27,1522,625432,1121,5,5,6,1992,0,0,0,NA,0,112T2,AVENUE I,11TH ST W,0,NA,Y,A,-,N,NA,NA,NA,NA,NA,NA,NA,NA,NA,Y,3,0,1,2,A,-,09,21804,A,N,D,C,A,A,H,-,A,D,0,NA,NA,NA,NA,Y,NA,A,01,0,1,0,0,0,0,0,0,0,-,-,NA,NA,LOS ANGELES,LANCASTER,-118.1494369506836,34.70396041870117
8958184,2019,2019-10-30,1942,2019-09-07,1630,43296,1273,6,5,7,1942,0,0,0,L,0,12X4W7,87TH ST,HARVARD BL,2,E,N,A,-,N,NA,NA,NA,NA,NA,NA,NA,NA,NA,N,4,0,1,2,A,-,12,22450,A,F,G,B,B,A,H,-,A,D,0,Y,NA,NA,NA,Y,NA,-,99,0,0,1,0,1,0,0,0,0,-,-,NA,NA,LOS ANGELES,LOS ANGELES,-118.30684661865234,33.958988189697266
8958188,2019,2019-11-07,1942,2019-09-08,1340,39526,1255,7,5,7,1942,0,0,0,L,0,12A57,DENKER AV,74TH ST,0,NA,Y,A,-,N,NA,NA,NA,NA,NA,NA,NA,NA,NA,N,4,0,1,2,A,-,12,22450,A,F,D,C,A,A,H,-,A,D,0,NA,NA,NA,NA,Y,NA,-,99,0,0,1,0,0,0,0,0,0,-,-,NA,NA,LOS ANGELES,LOS ANGELES,-118.30462646484376,33.97277069091797
8958190,2019,2019-10-21,1942,2019-09-07,1600,43836,1239,6,5,7,1942,0,0,0,L,0,12A73,59TH PL,GRAND AV,0,NA,Y,A,-,N,NA,NA,NA,NA,NA,NA,NA,NA,NA,Y,3,0,1,2,A,-,12,22450,A,F,B,C,A,A,H,-,A,-,0,NA,NA,NA,NA,Y,Y,-,99,0,1,0,0,0,0,0,0,0,-,-,NA,NA,LOS ANGELES,LOS ANGELES,-118.28012084960938,33.986000061035156
8958244,2019,2019-11-04,1946,2019-08-07,1012,P41,1946,3,5,4,1946,0,0,0,NA,0,003,MOUTAIN,EVERGREEN,294,S,N,A,-,N,NA,NA,NA,NA,NA,NA,NA,NA,NA,Y,4,0,1,2,A,-,12,21453,A,N,D,C,A,A,H,-,A,A,0,NA,NA,NA,NA,Y,NA,-,-,0,0,1,0,0,0,0,0,0,-,-,NA,NA,LOS ANGELES,MONROVIA,-117.986328125,34.13422393798828
8958248,2019,2019-10-18,1946,2019-08-14,0655,P58,1946,3,5,4,1946,0,0,0,NA,0,002,POMONA,MAGNOLIA,335,E,N,A,-,N,NA,NA,NA,NA,NA,NA,NA,NA,NA,N,4,0,1,2,A,-,09,21804,A,N,D,C,A,A,H,-,A,D,0,NA,NA,NA,NA,Y,NA,A,01,0,0,1,0,0,0,0,0,0,-,-,NA,NA,LOS ANGELES,MONROVIA,-118.00398254394533,34.134239196777344
8958249,2019,2019-10-22,1942,2019-09-25,2008,42017,0453,3,5,7,1942,0,0,0,D,0,4G9,BAILEY ST,1ST ST,100,N,N,A,-,N,NA,NA,NA,NA,NA,NA,NA,NA,NA,N,3,0,1,2,A,-,09,21801,A,N,D,G,A,A,-,-,B,A,0,NA,Y,NA,NA,Y,NA,A,01,0,1,0,0,0,0,1,0,0,-,-,NA,NA,LOS ANGELES,LOS ANGELES,-118.21851348876952,34.0473518371582
8958252,2019,2019-10-18,1942,2019-08-03,2200,32305,1239,6,5,7,1942,0,0,0,L,0,12Z23,VERMONT AV,60TH PL,38,S,N,A,-,N,NA,NA,NA,NA,NA,NA,NA,NA,NA,Y,2,0,5,3,A,-,09,21804,A,N,D,C,A,A,H,-,C,D,0,NA,NA,NA,NA,Y,NA,A,01,1,0,4,0,0,0,0,0,0,-,-,NA,NA,LOS ANGELES,LOS ANGELES,-118.29149627685548,33.984867095947266
8958260,2019,2019-10-18,1946,2019-08-15,1613,A1,1946,4,5,4,1946,0,0,0,NA,0,002,POMONA,MYRTLE,206,W,N,A,-,N,NA,NA,NA,NA,NA,NA,NA,NA,NA,Y,4,0,1,2,A,-,09,21804,A,N,D,C,A,A,H,-,A,D,0,NA,NA,NA,NA,Y,NA,A,01,0,0,1,0,0,0,0,0,0,-,-,NA,NA,LOS ANGELES,MONROVIA,-118.00150299072266,34.13423538208008
8958264,2019,2020-09-03,1942,2019-08-31,1030,38725,1039,6,5,7,1942,0,0,0,J,0,10A39,VANOWEN ST,HASKELL AV,20,E,N,A,-,N,NA,NA,NA,NA,NA,NA,NA,NA,NA,NA,4,0,1,2,A,-,04,21703,NA,N,C,C,A,A,H,-,A,A,0,NA,NA,NA,NA,Y,NA,A,01,0,0,1,0,0,0,0,0,0,-,-,NA,NA,LOS ANGELES,LOS ANGELES,-118.47481536865234,34.19390869140625
8958265,2019,2019-10-22,1942,2019-09-25,0830,42387,0334,3,5,7,1942,0,0,0,C,0,3A31,CRENSHAW BL,JEFFERSON BL,30,S,N,A,-,N,NA,NA,NA,NA,NA,NA,NA,NA,NA,NA,4,0,1,2,A,-,03,22350,NA,F,C,C,A,A,H,-,A,A,0,NA,NA,NA,NA,Y,NA,-,99,0,0,1,0,0,0,0,0,0,-,-,NA,NA,LOS ANGELES,LOS ANGELES,-118.33511352539064,34.02549743652344
8958268,2019,2019-10-18,1942,2019-08-12,1030,37792,1242,1,5,7,1942,0,0,0,L,0,12A73,8TH AV,62ND ST,25,N,N,A,-,N,NA,NA,NA,NA,NA,NA,NA,NA,NA,N,4,0,1,2,A,-,21,22106,NA,F,B,C,A,A,H,-,A,D,0,NA,NA,NA,NA,Y,NA,-,99,0,0,1,0,0,0,0,0,0,-,-,NA,NA,LOS ANGELES,LOS ANGELES,-118.32646942138672,33.983642578125
8958269,2019,2020-08-28,1942,2019-09-24,0850,40851,0392,2,5,7,1942,0,0,0,C,0,3A99,48TH ST,W 10TH AV,30,W,N,A,-,N,NA,NA,NA,NA,NA,NA,NA,NA,NA,N,4,0,1,2,A,-,17,21200,NA,F,D,G,A,A,H,-,A,D,0,NA,Y,NA,NA,Y,NA,L,04,0,0,1,0,0,0,1,0,0,-,-,NA,NA,LOS ANGELES,LOS ANGELES,-118.32826232910156,33.99999237060547
8958272,2019,2019-10-18,1946,2019-08-31,2003,P44,1946,6,5,4,1946,0,0,0,NA,0,001,CANYON,FOOTHILL,15,N,N,A,-,N,NA,NA,NA,NA,NA,NA,NA,NA,NA,Y,3,0,1,1,A,-,01,23152,NA,N,A,I,A,A,H,-,C,A,0,NA,NA,NA,NA,Y,Y,A,07,0,1,0,0,0,0,0,0,0,-,-,NA,NA,LOS ANGELES,MONROVIA,-117.99667358398438,34.15146255493164
8958280,2019,2019-10-18,1946,2019-08-31,1028,49,1946,6,5,4,1946,0,0,0,NA,0,002,MAYFLOWER,EVERGREEN,0,NA,Y,A,-,N,NA,NA,NA,NA,NA,NA,NA,NA,NA,Y,4,0,1,2,A,-,09,21802,A,N,-,C,A,A,H,-,A,A,0,NA,NA,NA,NA,Y,NA,A,01,0,0,1,0,0,0,0,0,0,-,-,NA,NA,LOS ANGELES,MONROVIA,-118.00950622558594,34.13589859008789
8958281,2019,2019-10-22,1942,2019-09-28,2100,42650,392,6,5,7,1942,0,0,0,NA,0,3A73,VERNON AV,4TH AV,20,W,N,A,-,N,NA,NA,NA,NA,NA,NA,NA,NA,NA,N,4,0,1,2,A,-,03,22350,NA,F,B,C,A,A,-,-,C,A,0,NA,NA,NA,NA,Y,NA,-,99,0,0,1,0,0,0,0,0,0,-,-,NA,NA,LOS ANGELES,LOS ANGELES,-118.47303771972656,33.9952507019043
8958284,2019,2019-10-18,1900,2019-08-29,1512,546182,1127,4,5,6,1992,0,0,0,NA,0,111T2,LANCASTER BL,21ST ST WEST,240,E,N,A,-,N,NA,NA,NA,NA,NA,NA,NA,NA,NA,Y,4,0,3,3,A,-,03,22350,NA,M,C,C,A,A,H,-,A,A,0,NA,NA,NA,NA,Y,NA,A,01,0,0,3,0,0,0,0,0,0,-,-,NA,NA,LOS ANGELES,LANCASTER,-118.1676025390625,34.69659423828125
8958289,2019,2019-10-22,1942,2019-09-26,1600,37952,0497,4,5,7,1942,0,0,0,D,0,4A97,E 8TH ST,S CONCORD ST,0,NA,Y,B,-,N,NA,NA,NA,NA,NA,NA,NA,NA,NA,N,4,0,1,2,A,-,03,22350,NA,N,C,C,A,A,H,-,A,D,0,NA,NA,NA,NA,Y,NA,A,07,0,0,1,0,0,0,0,0,0,-,-,NA,NA,LOS ANGELES,LOS ANGELES,-118.20702362060548,34.0225715637207
8958293,2019,2019-10-22,1942,2019-09-14,1530,40421,0422,6,5,7,1942,0,0,0,D,0,4A15W2,GRIFFIN,MANITOU,10,S,N,A,-,N,NA,NA,NA,NA,NA,NA,NA,NA,NA,N,4,0,1,2,A,-,03,22350,NA,N,C,C,A,A,H,-,A,D,0,NA,NA,Y,NA,Y,NA,A,01,0,0,1,0,0,0,0,0,0,-,-,NA,NA,LOS ANGELES,LOS ANGELES,-118.21167755126952,34.07187271118164
8958297,2019,2019-10-22,1942,2019-09-23,1540,42164,0328,1,5,7,1942,0,0,0,C,0,3Z1W2,FIGUEROA,28TH ST,0,NA,Y,A,-,N,NA,NA,NA,NA,NA,NA,NA,NA,NA,N,4,0,1,2,D,-,00,NA,NA,N,-,G,A,A,H,-,A,A,0,NA,NA,NA,NA,Y,NA,-,-,0,0,1,0,0,0,0,0,0,-,-,NA,NA,LOS ANGELES,LOS ANGELES,-118.27735900878906,34.02608871459961
8958301,2019,2019-10-22,1942,2019-09-26,2314,37724,0396,4,5,7,1942,0,0,0,C,0,25T25,VERMONT AV,43RD PL,36,S,N,A,-,N,NA,NA,NA,NA,NA,NA,NA,NA,NA,Y,4,0,1,1,A,-,12,22450,A,N,E,I,A,A,H,-,C,A,0,NA,NA,NA,NA,Y,NA,A,01,0,0,1,0,0,0,0,0,0,-,-,NA,NA,LOS ANGELES,LOS ANGELES,-118.29155731201172,34.004451751708984
8958305,2019,2019-10-22,1942,2019-09-27,1600,40008,0497,5,5,7,1942,0,0,0,D,0,4A97,E OLYMPIC BL,CAMULOS ST,0,NA,Y,A,-,N,NA,NA,NA,NA,NA,NA,NA,NA,NA,N,3,0,1,2,A,-,11,21954,A,N,G,B,D,A,H,-,A,D,0,Y,NA,NA,NA,Y,NA,N,60,0,1,0,0,1,0,0,0,0,-,-,NA,NA,LOS ANGELES,LOS ANGELES,-118.21565246582033,34.02246856689453
8958306,2019,2019-10-22,1942,2019-09-11,1445,42672,1207,3,5,7,1942,0,0,0,L,0,12A83,VERMONT AV,47TH ST,40,S,N,A,-,N,NA,NA,NA,NA,NA,NA,NA,NA,NA,N,2,0,1,2,A,-,21,22106,NA,F,G,B,E,A,H,-,A,A,0,Y,NA,NA,NA,Y,NA,-,99,1,0,0,0,1,0,0,0,0,-,-,NA,NA,LOS ANGELES,LOS ANGELES,-118.29154205322266,34.0004997253418
8958309,2019,2019-10-22,1942,2019-09-14,0300,40509,0457,6,5,7,1942,0,0,0,D,0,4A599,CESAR E CHAVEZ AV,EVERGREEN AV,0,NA,Y,A,-,N,NA,NA,NA,NA,NA,NA,NA,NA,NA,N,3,0,1,1,A,-,08,22107,NA,N,A,I,A,A,H,-,C,A,0,NA,NA,Y,NA,Y,NA,C,03,0,1,0,0,0,0,0,0,1,-,-,NA,NA,LOS ANGELES,LOS ANGELES,-118.2004165649414,34.04357147216797
8958310,2019,2019-11-04,1942,2019-09-12,1420,37403,1263,4,5,7,1942,0,0,0,L,0,12A67,MANCHESTER AV,SAINT ANDREWS PL,3,E,N,A,-,N,NA,NA,NA,NA,NA,NA,NA,NA,NA,N,4,0,1,2,A,-,03,22350,NA,N,C,C,A,A,H,-,A,D,0,NA,NA,NA,NA,Y,NA,A,01,0,0,1,0,0,0,0,0,0,-,-,NA,NA,LOS ANGELES,LOS ANGELES,-118.31118774414064,33.9599609375
8958312,2019,2019-10-18,1942,2019-08-27,1545,36503,471,2,5,7,1942,0,0,0,NA,0,4A56,4TH ST,BOYLE AV,390,W,N,A,-,N,NA,NA,NA,NA,NA,NA,NA,NA,NA,N,3,0,1,2,A,-,05,21650,1,N,D,G,A,A,H,-,A,A,0,NA,Y,NA,NA,Y,NA,L,04,0,1,0,0,0,0,1,0,0,-,-,NA,NA,LOS ANGELES,LOS ANGELES,-118.2209243774414,34.042991638183594
8958313,2019,2019-10-22,1942,2019-09-21,2010,37473,421,6,5,7,1942,0,0,0,NA,0,4A15,DALY ST,LUISA ST,20,S,N,A,-,N,NA,NA,NA,NA,NA,NA,NA,NA,NA,N,4,0,3,2,A,-,09,21801,NA,N,D,C,A,A,H,-,C,D,0,NA,NA,NA,NA,Y,NA,A,07,0,0,3,0,0,0,0,0,0,-,-,NA,NA,LOS ANGELES,LOS ANGELES,-118.2154541015625,34.064205169677734
8958314,2019,2019-10-22,1942,2019-09-29,1430,43282,1826,7,5,7,1942,0,0,0,R,0,18A26,MONA BL,113TH ST,0,NA,Y,A,-,N,NA,NA,NA,NA,NA,NA,NA,NA,NA,N,4,0,2,2,A,-,08,22107,NA,N,A,C,A,A,H,-,A,A,0,NA,NA,NA,NA,Y,NA,A,01,0,0,2,0,0,0,0,0,0,-,-,NA,NA,LOS ANGELES,LOS ANGELES,-118.23082733154295,33.93210983276367
8958317,2019,2019-10-22,1942,2019-09-12,2000,43325,0427,4,5,7,1942,0,0,0,D,0,4A9,HUNTINGTON DR S,HUNTINGTON DR N,7,S,N,A,-,N,NA,NA,NA,NA,NA,NA,NA,NA,NA,N,3,0,1,2,A,-,05,21651,B,N,A,B,A,A,H,-,C,D,0,NA,NA,Y,NA,Y,NA,C,03,0,1,0,0,0,0,0,0,1,-,-,NA,NA,LOS ANGELES,LOS ANGELES,-118.19361877441406,34.077919006347656