CASE_ID,ACCIDENT_YEAR,PROC_DATE,JURIS,COLLISION_DATE,COLLISION_TIME,OFFICER_ID,REPORTING_DISTRICT,DAY_OF_WEEK,CHP_SHIFT,POPULATION,CNTY_CITY_LOC,SPECIAL_COND,BEAT_TYPE,CHP_BEAT_TYPE,CITY_DIVISION_LAPD,CHP_BEAT_CLASS,BEAT_NUMBER,PRIMARY_RD,SECONDARY_RD,DISTANCE,DIRECTION,INTERSECTION,WEATHER_1,WEATHER_2,STATE_HWY_IND,CALTRANS_COUNTY,CALTRANS_DISTRICT,STATE_ROUTE,ROUTE_SUFFIX,POSTMILE_PREFIX,POSTMILE,LOCATION_TYPE,RAMP_INTERSECTION,SIDE_OF_HWY,TOW_AWAY,COLLISION_SEVERITY,NUMBER_KILLED,NUMBER_INJURED,PARTY_COUNT,PRIMARY_COLL_FACTOR,PCF_CODE_OF_VIOL,PCF_VIOL_CATEGORY,PCF_VIOLATION,PCF_VIOL_SUBSECTION,HIT_AND_RUN,TYPE_OF_COLLISION,MVIW,PED_ACTION,ROAD_SURFACE,ROAD_COND_1,ROAD_COND_2,LIGHTING,CONTROL_DEVICE,CHP_ROAD_TYPE,PEDESTRIAN_ACCIDENT,BICYCLE_ACCIDENT,MOTORCYCLE_ACCIDENT,TRUCK_ACCIDENT,NOT_PRIVATE_PROPERTY,ALCOHOL_INVOLVED,STWD_VEHTYPE_AT_FAULT,CHP_VEHTYPE_AT_FAULT,COUNT_SEVERE_INJ,COUNT_VISIBLE_INJ,COUNT_COMPLAINT_PAIN,COUNT_PED_KILLED,COUNT_PED_INJURED,COUNT_BICYCLIST_KILLED,COUNT_BICYCLIST_INJURED,COUNT_MC_KILLED,COUNT_MC_INJURED,PRIMARY_RAMP,SECONDARY_RAMP,LATITUDE,LONGITUDE,COUNTY,CITY,POINT_X,POINT_Y
8963172,2019,2019-10-30,1942,2019-09-03,0745,39217,1516,2,5,7,1942,0,0,0,O,0,15A27,TUJUNGA AV,VANOWEN ST,0,NA,Y,A,-,N,NA,NA,NA,NA,NA,NA,NA,NA,NA,Y,3,0,1,2,A,-,08,22100,B,N,D,C,A,A,H,-,A,A,0,NA,NA,NA,NA,Y,NA,A,01,0,1,0,0,0,0,0,0,0,-,-,NA,NA,LOS ANGELES,LOS ANGELES,-118.37902069091795,34.19395065307617
8963176,2019,2019-11-05,1942,2019-08-31,1300,36121,1585,6,5,7,1942,0,0,0,O,0,15E1,VENTURA BL,ARCH ST,300,W,N,A,-,N,NA,NA,NA,NA,NA,NA,NA,NA,NA,Y,3,0,2,2,A,-,08,22107,NA,N,C,C,A,A,H,-,A,D,0,NA,NA,NA,NA,Y,NA,A,01,0,1,1,0,0,0,0,0,0,-,-,NA,NA,LOS ANGELES,LOS ANGELES,-118.37503814697266,34.14161682128906
8963182,2019,2019-10-31,1901,2019-10-01,1008,287,8,2,5,5,1901,0,0,0,NA,0,001,CHAPEL AV,BAY STATE ST,0,NA,Y,A,-,N,NA,NA,NA,NA,NA,NA,NA,NA,NA,Y,2,0,2,3,A,-,12,21453,A,N,D,C,A,A,H,-,A,A,0,NA,NA,Y,NA,Y,NA,A,01,1,0,1,0,0,0,0,0,1,-,-,NA,NA,LOS ANGELES,ALHAMBRA,-118.12223052978516,34.09457015991211
8963190,2019,2019-11-21,1901,2019-09-19,1447,272,10,4,5,5,1901,0,0,0,NA,0,002,VALLEY BL,6TH ST,35,E,N,A,-,N,NA,NA,NA,NA,NA,NA,NA,NA,NA,Y,4,0,2,3,A,-,12,21453,A,N,D,C,A,A,H,-,A,B,0,NA,NA,NA,Y,Y,NA,A,01,0,0,2,0,0,0,0,0,0,-,-,NA,NA,LOS ANGELES,ALHAMBRA,-118.12923431396484,34.078216552734375
8963198,2019,2019-10-30,1901,2019-09-17,1958,NI284,NA,2,5,5,1901,0,0,0,NA,0,PASADE,FREMONT AV,FRONT ST,0,NA,Y,A,-,N,NA,NA,NA,NA,NA,NA,NA,NA,NA,Y,2,0,1,2,A,-,10,21950,A,N,G,B,B,A,H,-,C,A,0,Y,NA,NA,Y,Y,NA,F,26,1,0,0,0,1,0,0,0,0,-,-,NA,NA,LOS ANGELES,ALHAMBRA,-118.1518783569336,34.07892990112305
8963207,2019,2020-02-03,1934,2019-10-05,0946,792,1934,6,5,1,1934,0,0,0,NA,0,001,RAMONA BL,RT 605,0,NA,Y,A,-,Y,LA,7,605,-,-,21.231,R,4,N,Y,4,0,1,2,A,-,08,22105,NA,N,D,C,A,A,H,-,A,A,0,NA,NA,NA,NA,Y,NA,A,01,0,0,1,0,0,0,0,0,0,-,NF,NA,NA,LOS ANGELES,IRWINDALE,-117.99774169921876,34.0799560546875
8963211,2019,2019-11-04,1934,2019-10-07,1708,745,1934,1,5,1,1934,0,0,0,NA,0,001,ARROW HWY,VINCENT AV,0,NA,Y,A,-,N,NA,NA,NA,NA,NA,NA,NA,NA,NA,Y,4,0,1,3,A,-,09,21801,A,N,D,C,A,A,H,-,A,A,0,NA,NA,NA,NA,Y,NA,A,07,0,0,1,0,0,0,0,0,0,-,-,NA,NA,LOS ANGELES,IRWINDALE,-117.92537689208984,34.10694122314453
8963214,2019,2019-11-19,1929,2019-10-17,2343,204,SOUTH,4,5,3,1929,0,0,0,NA,0,002,MANHATTAN AV,25TH ST,117,S,-,A,-,N,NA,NA,NA,NA,NA,NA,NA,NA,NA,Y,3,0,1,3,A,-,01,23152,A,N,B,E,A,A,H,-,C,A,0,NA,NA,NA,NA,Y,Y,A,01,0,1,0,0,0,0,0,0,0,-,-,NA,NA,LOS ANGELES,HERMOSA BEACH,-118.40394592285156,33.871463775634766
8963219,2019,2019-11-22,1934,2019-10-06,1704,787,1934,7,5,1,1934,0,0,0,NA,0,001,ARROW HWY,ALLEN DR,0,NA,Y,A,-,N,NA,NA,NA,NA,NA,NA,NA,NA,NA,Y,4,0,1,2,A,-,09,21801,A,N,D,C,A,A,H,-,A,D,0,NA,NA,Y,NA,Y,NA,A,07,0,0,1,0,0,0,0,0,1,-,-,NA,NA,LOS ANGELES,IRWINDALE,-117.92967224121094,34.10702133178711
8963222,2019,2019-11-04,1948,2019-10-15,0724,420,1948,2,5,5,1948,0,0,0,NA,0,002,HELLMAN AV,NEW AV,203,W,N,A,-,N,NA,NA,NA,NA,NA,NA,NA,NA,NA,N,4,0,2,2,A,-,09,21804,A,N,D,C,A,A,H,-,A,A,0,NA,NA,NA,NA,Y,NA,-,NA,0,0,2,0,0,0,0,0,0,-,-,NA,NA,LOS ANGELES,MONTEREY PARK,-118.10814666748048,34.06983947753906
8963226,2019,2019-11-19,1948,2019-10-13,0839,375,1948,7,5,5,1948,0,0,0,NA,0,002,NEW AV,HELLMAN AV,0,NA,Y,A,-,N,NA,NA,NA,NA,NA,NA,NA,NA,NA,Y,4,0,1,2,A,-,12,21453,A,N,D,C,A,A,H,-,A,A,0,NA,NA,NA,NA,Y,NA,-,-,0,0,1,0,0,0,0,0,0,-,-,NA,NA,LOS ANGELES,MONTEREY PARK,-118.10814666748048,34.06983947753906
8963230,2019,2019-11-04,1900,2019-10-15,0816,54879,0454,2,5,6,1949,0,0,0,NA,0,48T1,SAN ANTONIO DR,FRONT ST,68,N,N,A,-,N,NA,NA,NA,NA,NA,NA,NA,NA,NA,N,4,0,1,2,A,-,07,21658,A,N,B,C,A,A,H,-,A,D,0,NA,NA,NA,NA,Y,NA,A,01,0,0,1,0,0,0,0,0,0,-,-,NA,NA,LOS ANGELES,NORWALK,-118.07624816894533,33.90879440307617
8963234,2019,2019-11-04,1900,2019-10-14,1455,517022,0466,1,5,4,1936,0,0,0,NA,0,46T2/P,STAGE RD,ALONDRA BL,1120,N,N,A,-,N,NA,NA,NA,NA,NA,NA,NA,NA,NA,N,4,0,1,2,A,-,05,21460,A,N,A,C,A,A,H,-,A,D,0,NA,NA,NA,NA,Y,NA,A,07,0,0,1,0,0,0,0,0,0,-,-,NA,NA,LOS ANGELES,LA MIRADA,-118.01502227783205,33.88986587524414
8963238,2019,2019-11-04,1900,2019-10-13,1640,517022,0465,7,5,4,1936,0,0,0,NA,0,46T2/P,LA MIRADA BL,ALONDRA BL,0,NA,Y,A,-,N,NA,NA,NA,NA,NA,NA,NA,NA,NA,N,4,0,1,2,A,-,12,21453,A,N,D,G,A,A,H,-,A,A,0,NA,Y,NA,NA,Y,NA,L,04,0,0,1,0,0,0,1,0,0,-,-,NA,NA,LOS ANGELES,LA MIRADA,-117.9993896484375,33.88816833496094
8963242,2019,2019-11-04,1900,2019-10-14,1419,548793,0455,1,5,6,1949,0,0,0,NA,0,43+1/P,ALONDRA BL,LEIBACHER AV,0,NA,Y,A,-,N,NA,NA,NA,NA,NA,NA,NA,NA,NA,N,3,0,1,2,A,-,05,21651,B,N,D,G,A,A,H,-,A,A,0,NA,Y,NA,NA,Y,NA,L,04,0,1,0,0,0,0,1,0,0,-,-,NA,NA,LOS ANGELES,NORWALK,-118.10260772705078,33.88768005371094
8963246,2019,2019-11-04,1900,2019-10-12,1159,549925,0466,6,5,4,1936,0,0,0,NA,0,46T1/D,ALONDRA BL,STAGE RD,597,W,N,A,-,N,NA,NA,NA,NA,NA,NA,NA,NA,NA,N,3,0,1,2,A,-,09,21804,A,N,D,C,A,A,H,-,A,D,0,NA,NA,NA,NA,Y,NA,A,01,0,1,0,0,0,0,0,0,0,-,-,NA,NA,LOS ANGELES,LA MIRADA,-118.01390838623048,33.88813781738281
8963266,2019,2019-11-04,1956,2019-10-08,0728,1183,55,2,5,5,1956,0,0,0,NA,0,004,CURTIS AV,FELTON LN,0,NA,Y,A,-,N,NA,NA,NA,NA,NA,NA,NA,NA,NA,Y,2,0,1,2,A,-,11,21950,B,N,G,B,B,A,H,-,A,D,0,Y,NA,NA,NA,Y,NA,N,60,1,0,0,0,1,0,0,0,0,-,-,NA,NA,LOS ANGELES,REDONDO BEACH,-118.36434173583984,33.877559661865234
8963270,2019,2019-11-04,1925,2019-10-01,1012,21089,158,2,5,6,1925,0,0,0,NA,0,004,CHEVY CHASE DR,SINCLAIR AV,0,NA,Y,A,-,N,NA,NA,NA,NA,NA,NA,NA,NA,NA,Y,3,0,2,2,A,-,09,21802,A,N,B,C,A,A,H,-,A,A,0,NA,NA,NA,NA,Y,NA,A,01,0,1,1,0,0,0,0,0,0,-,-,NA,NA,LOS ANGELES,GLENDALE,-118.23256683349608,34.15195846557617
8963274,2019,2019-11-04,1925,2019-10-03,0955,21089,164,4,5,6,1925,0,0,0,NA,0,004,GLENOAKS BL,LOUISE ST,9,E,N,A,-,N,NA,NA,NA,NA,NA,NA,NA,NA,NA,N,4,0,1,2,A,-,10,21950,A,N,G,B,B,A,H,-,A,A,0,Y,NA,NA,NA,Y,NA,A,01,0,0,1,0,1,0,0,0,0,-,-,NA,NA,LOS ANGELES,GLENDALE,-118.25264739990234,34.158363342285156
8963278,2019,2019-11-04,1925,2019-10-09,1722,21089,21-9,3,5,6,1925,0,0,0,NA,0,003,BRAND BL,MAPLE ST,0,NA,Y,A,-,N,NA,NA,NA,NA,NA,NA,NA,NA,NA,N,4,0,1,2,A,-,10,21950,A,N,G,B,B,A,H,-,A,A,0,Y,NA,NA,NA,Y,NA,A,01,0,0,1,0,1,0,0,0,0,-,-,NA,NA,LOS ANGELES,GLENDALE,-118.25502014160156,34.13835144042969
8963340,2019,2019-10-31,1909,2019-10-12,1429,498,1909,6,5,4,1909,0,0,0,NA,0,NORTH,EL SELINDA AV,LUBEC ST,0,NA,Y,A,-,N,NA,NA,NA,NA,NA,NA,NA,NA,NA,Y,4,0,1,2,A,-,12,22450,A,N,D,C,A,A,H,-,A,A,0,NA,NA,NA,NA,Y,NA,A,01,0,0,1,0,0,0,0,0,0,-,-,NA,NA,LOS ANGELES,BELL GARDENS,-118.16015625,33.97113037109375
8963341,2019,2019-11-15,1947,2019-09-27,1917,1403,NA,5,5,5,1947,0,0,0,NA,0,00A,VIA CAMPO,GARFIELD AV,9,E,N,A,-,N,NA,NA,NA,NA,NA,NA,NA,NA,NA,N,4,0,1,2,A,-,08,22107,NA,N,B,C,A,A,H,-,C,A,0,NA,NA,NA,NA,Y,NA,A,01,0,0,1,0,0,0,0,0,0,-,-,NA,NA,LOS ANGELES,MONTEBELLO,-118.12994384765624,34.03274154663086
8963386,2019,2019-10-29,1942,2019-08-31,1940,42344,1557,6,5,7,1942,0,0,0,O,0,15A67,KLING ST,LANKERSHIM BL,325,E,N,A,-,N,NA,NA,NA,NA,NA,NA,NA,NA,NA,Y,4,0,1,2,A,-,03,22350,NA,N,C,C,A,A,H,-,B,D,0,NA,NA,NA,NA,Y,NA,A,01,0,0,1,0,0,0,0,0,0,-,-,NA,NA,LOS ANGELES,LOS ANGELES,-118.3679656982422,34.155677795410156
8963390,2019,2019-10-29,1942,2019-08-30,0910,33458,1583,5,5,7,1942,0,0,0,O,0,15A85,LAUREL CANYON BL,WOODBRIDGE ST,0,NA,Y,A,-,N,NA,NA,NA,NA,NA,NA,NA,NA,NA,Y,4,0,2,2,A,-,08,22107,NA,N,C,C,A,A,H,-,A,D,0,NA,NA,NA,NA,Y,NA,A,01,0,0,2,0,0,0,0,0,0,-,-,NA,NA,LOS ANGELES,LOS ANGELES,-118.39646911621094,34.14854049682617
8963394,2019,2019-10-29,1942,2019-08-21,1320,40141,1526,3,5,7,1942,0,0,0,O,0,15A27,LANKERSHIM BL,HAMLIN ST,85,N,N,A,-,N,NA,NA,NA,NA,NA,NA,NA,NA,NA,Y,3,0,2,3,A,-,08,22107,NA,N,-,C,A,A,H,-,B,D,0,NA,NA,NA,NA,Y,NA,A,01,0,1,1,0,0,0,0,0,0,-,-,NA,NA,LOS ANGELES,LOS ANGELES,-118.38779449462892,34.18899154663086
8963398,2019,2019-10-29,1942,2019-08-19,1440,33913,1529,1,5,7,1942,0,0,0,O,0,15A27,CAHUENGA BL,OXNARD ST,25,S,N,A,-,N,NA,NA,NA,NA,NA,NA,NA,NA,NA,Y,4,0,2,2,A,-,05,21460,A,N,B,C,A,A,H,-,A,D,0,NA,NA,NA,NA,Y,NA,A,01,0,0,2,0,0,0,0,0,0,-,-,NA,NA,LOS ANGELES,LOS ANGELES,-118.36157989501952,34.17937088012695
8963402,2019,2019-10-29,1942,2019-08-28,2041,40810,1522,3,5,7,1942,0,0,0,O,0,15A67,SHERMAN WAY,COLDWATER CANYON,0,NA,Y,A,-,N,NA,NA,NA,NA,NA,NA,NA,NA,NA,N,3,0,1,2,A,-,05,21650,1,N,D,G,A,A,H,-,C,A,0,NA,Y,NA,NA,Y,NA,L,04,0,1,0,0,0,0,1,0,0,-,-,NA,NA,LOS ANGELES,LOS ANGELES,-118.41380310058594,34.20119094848633
8963406,2019,2019-10-29,1942,2019-08-16,1900,39222,1525,5,5,7,1942,0,0,0,O,0,15A3,VICTORY BL,RADFORD ST,0,NA,Y,A,-,N,NA,NA,NA,NA,NA,NA,NA,NA,NA,Y,4,0,3,2,A,-,12,21453,A,N,D,C,A,A,D,-,A,A,0,NA,NA,NA,NA,Y,NA,A,07,0,0,3,0,0,0,0,0,0,-,-,NA,NA,LOS ANGELES,LOS ANGELES,-118.39218139648438,34.186668395996094
8963414,2019,2019-11-14,1942,2019-08-24,0330,42747,1526,6,5,7,1942,0,0,0,O,0,15A21,VICTORY,TUJUNGA,15,E,N,A,-,N,NA,NA,NA,NA,NA,NA,NA,NA,NA,Y,4,0,1,2,A,-,12,21453,A,N,A,C,A,A,H,-,C,A,0,NA,NA,NA,NA,Y,NA,-,-,0,0,1,0,0,0,0,0,0,-,-,NA,NA,LOS ANGELES,LOS ANGELES,-118.37901306152344,34.18667984008789
8963418,2019,2019-10-29,1942,2019-08-29,0130,41342,1526,4,5,7,1942,0,0,0,O,0,15A27,LANKERSHIM BL,ERWIN ST,685,E,N,A,-,N,NA,NA,NA,NA,NA,NA,NA,NA,NA,N,3,0,1,1,A,-,08,22107,NA,N,A,J,A,A,H,-,C,A,0,NA,Y,NA,NA,Y,NA,L,04,0,1,0,0,0,0,1,0,0,-,-,NA,NA,LOS ANGELES,LOS ANGELES,-118.38458251953124,34.18136215209961
8963438,2019,2019-10-29,1948,2019-08-14,0645,455,1948,3,5,5,1948,0,0,0,NA,0,00Z,GARFIELD AV,NEWMARK AV,10,N,N,A,-,N,NA,NA,NA,NA,NA,NA,NA,NA,NA,N,4,0,1,2,A,-,10,21950,A,N,G,B,B,A,H,-,A,A,0,Y,NA,NA,NA,Y,NA,A,01,0,0,1,0,1,0,0,0,0,-,-,NA,NA,LOS ANGELES,MONTEREY PARK,-118.12281799316406,34.059818267822266
8963441,2019,2019-10-29,1942,2019-09-12,2230,38185,1567,4,5,7,1942,0,0,0,O,0,15A67,CAHUENGA BL,MOORPARK ST,0,NA,N,A,-,N,NA,NA,NA,NA,NA,NA,NA,NA,NA,Y,4,0,1,2,A,-,12,21453,A,N,D,C,A,A,H,-,A,A,0,NA,NA,NA,NA,Y,Y,A,01,0,0,1,0,0,0,0,0,0,-,-,NA,NA,LOS ANGELES,LOS ANGELES,-118.36147308349608,34.150390625
8963445,2019,2019-10-29,1942,2019-09-27,1740,43167,1523,5,5,7,1942,0,0,0,O,0,15A24,VICTORY BL,GOODLAND AV,0,NA,Y,B,-,N,NA,NA,NA,NA,NA,NA,NA,NA,NA,Y,4,0,2,2,A,-,09,21801,NA,N,D,C,A,A,H,-,A,D,0,NA,NA,NA,NA,Y,NA,A,01,0,0,2,0,0,0,0,0,0,-,-,NA,NA,LOS ANGELES,LOS ANGELES,-118.4117431640625,34.186851501464844
8963446,2019,2019-10-30,1942,2019-09-08,1225,41514,1596,7,5,7,1942,0,0,0,O,0,15A85,LAUREL CANYON BL,DONA PEGITA DR,300,S,N,A,-,N,NA,NA,NA,NA,NA,NA,NA,NA,NA,Y,3,0,4,3,A,-,03,22350,NA,N,B,C,A,A,H,-,A,D,0,NA,NA,NA,NA,Y,NA,A,01,0,2,2,0,0,0,0,0,0,-,-,NA,NA,LOS ANGELES,LOS ANGELES,-118.38053894042967,34.13075256347656
8963449,2019,2019-10-29,1942,2019-09-26,1200,40141,1532,4,5,7,1942,0,0,0,O,0,15A33,LAUREL CANYON BL,OXNARD ST,0,NA,Y,B,-,N,NA,NA,NA,NA,NA,NA,NA,NA,NA,Y,4,0,2,2,A,-,09,21801,A,N,D,C,A,A,H,-,A,A,0,NA,NA,NA,NA,Y,NA,A,01,0,0,2,0,0,0,0,0,0,-,-,NA,NA,LOS ANGELES,LOS ANGELES,-118.3965301513672,34.179420471191406
8963450,2019,2019-10-30,1942,2019-09-09,1630,41514,1544,1,5,7,1942,0,0,0,O,0,15A43,MAGNOLIA BL,HERMITAGE AV,0,NA,Y,A,-,N,NA,NA,NA,NA,NA,NA,NA,NA,NA,N,3,0,3,2,A,-,04,21703,NA,N,C,C,A,A,H,-,A,D,0,NA,NA,NA,NA,Y,NA,A,01,0,1,2,0,0,0,0,0,0,-,-,NA,NA,LOS ANGELES,LOS ANGELES,-118.40033721923828,34.164878845214844
8963453,2019,2019-10-29,1942,2019-09-23,2225,38185,1506,1,5,7,1942,0,0,0,O,0,15A3,VINELAND AV,SHERMAN WAY,470,S,N,A,-,N,NA,NA,NA,NA,NA,NA,NA,NA,NA,Y,4,0,2,2,A,-,09,21804,A,N,D,C,A,A,H,-,C,A,0,NA,NA,NA,NA,Y,NA,A,08,0,0,2,0,0,0,0,0,0,-,-,NA,NA,LOS ANGELES,LOS ANGELES,-118.37032318115234,34.19989013671875
8963454,2019,2019-10-30,1942,2019-09-09,0920,40119,1599,1,5,7,1942,0,0,0,O,0,15A67,CAHUENGA BL W,BARHAM BL,500,W,N,A,-,N,NA,NA,NA,NA,NA,NA,NA,NA,NA,N,4,0,1,2,A,-,09,21801,A,N,D,C,A,A,H,-,A,A,0,NA,NA,NA,NA,Y,NA,A,01,0,0,1,0,0,0,0,0,0,-,-,NA,NA,LOS ANGELES,LOS ANGELES,-118.3485107421875,34.12935256958008
8963455,2019,2019-10-30,1942,2019-09-03,1750,30830,1559,2,5,7,1942,0,0,0,O,0,15A67,LEDGE AV,CAMARILLO ST,0,NA,Y,A,-,N,NA,NA,NA,NA,NA,NA,NA,NA,NA,Y,3,0,1,3,A,-,09,21802,A,N,D,C,A,A,H,-,A,A,0,NA,NA,NA,NA,Y,NA,A,01,0,1,0,0,0,0,0,0,0,-,-,NA,NA,LOS ANGELES,LOS ANGELES,-118.35714721679688,34.15766906738281
8963457,2019,2019-10-28,1942,2019-09-22,2000,39494,1503,7,5,7,1942,0,0,0,O,0,15A3,SHERMAN WAY,LAUREL CANYON BL,15,E,N,A,-,N,NA,NA,NA,NA,NA,NA,NA,NA,NA,Y,4,0,3,2,A,-,03,22350,NA,N,C,C,A,A,H,-,C,A,0,NA,NA,NA,NA,Y,NA,A,01,0,0,3,0,0,0,0,0,0,-,-,NA,NA,LOS ANGELES,LOS ANGELES,-118.3964614868164,34.20065689086914
8963458,2019,2019-10-30,1942,2019-09-09,1320,39192,1526,1,5,7,1942,0,0,0,O,0,15A27,VICTORY BL,TROOST AV,0,NA,Y,A,-,N,NA,NA,NA,NA,NA,NA,NA,NA,NA,Y,4,0,1,2,A,-,09,21801,A,N,D,C,A,A,H,-,A,D,0,NA,NA,NA,NA,Y,NA,A,01,0,0,1,0,0,0,0,0,0,-,-,NA,NA,LOS ANGELES,LOS ANGELES,-118.38648986816406,34.18667984008789
8963459,2019,2019-10-30,1942,2019-09-04,1215,38687,1503,3,5,7,1942,0,0,0,O,0,15A3,SHERMAN WY,LAUREL CANYON BL,550,W,N,A,-,N,NA,NA,NA,NA,NA,NA,NA,NA,NA,N,4,0,2,2,A,-,09,21801,A,N,D,C,A,A,H,-,A,D,0,NA,NA,NA,NA,Y,NA,A,07,0,0,2,0,0,0,0,0,0,-,-,NA,NA,LOS ANGELES,LOS ANGELES,-118.39828491210938,34.200965881347656
8963461,2019,2019-10-29,1942,2019-09-24,2105,38613,1525,2,5,7,1942,0,0,0,O,0,15A33,BURBANK BL,COLFAX AV,0,NA,Y,A,-,N,NA,NA,NA,NA,NA,NA,NA,NA,NA,Y,4,0,3,2,A,-,09,21801,A,N,D,C,A,A,H,-,C,A,0,NA,NA,NA,NA,Y,NA,A,08,0,0,3,0,0,0,0,0,0,-,-,NA,NA,LOS ANGELES,LOS ANGELES,-118.38777160644533,34.17216110229492
8963462,2019,2019-10-30,1942,2019-09-24,0820,40119,1541,2,5,7,1942,0,0,0,O,0,15A43,MAGNOLIA BL,TEESDALE AV,0,NA,Y,A,-,N,NA,NA,NA,NA,NA,NA,NA,NA,NA,Y,4,0,1,2,A,-,09,21801,B,N,D,C,A,A,H,-,A,D,0,NA,NA,NA,NA,Y,NA,A,01,0,0,1,0,0,0,0,0,0,-,-,NA,NA,LOS ANGELES,LOS ANGELES,-118.40843200683594,34.16487121582031
8963463,2019,2019-10-30,1942,2019-09-04,1210,42029,1566,3,5,7,1942,0,0,0,O,0,15A67,MOORPARK ST,VINELAND AV,80,E,N,A,-,N,NA,NA,NA,NA,NA,NA,NA,NA,NA,N,4,0,1,2,A,-,04,21703,NA,N,C,C,A,A,H,-,A,D,0,NA,NA,NA,NA,Y,NA,A,01,0,0,1,0,0,0,0,0,0,-,-,NA,NA,LOS ANGELES,LOS ANGELES,-118.37005615234376,34.150360107421875
8963465,2019,2019-10-29,1942,2019-09-24,1000,27792,1517,2,5,7,1942,0,0,0,O,0,15A27,VANOWEN ST,KLUMP AV,40,W,N,A,-,N,NA,NA,NA,NA,NA,NA,NA,NA,NA,Y,4,0,2,2,A,-,03,22350,NA,N,B,E,A,A,H,-,A,D,0,NA,NA,NA,NA,Y,NA,A,01,0,0,2,0,0,0,0,0,0,-,-,NA,NA,LOS ANGELES,LOS ANGELES,-118.37586975097656,34.1939697265625
8963466,2019,2019-10-30,1942,2019-09-18,1430,30830,1521,3,5,7,1942,0,0,0,O,0,15A21,ATOLL AV,SHERMAN WY,0,NA,Y,A,-,N,NA,NA,NA,NA,NA,NA,NA,NA,NA,Y,4,0,1,2,A,-,09,21802,A,N,D,C,A,A,H,-,A,A,0,NA,NA,NA,NA,Y,NA,A,07,0,0,1,0,0,0,0,0,0,-,-,NA,NA,LOS ANGELES,LOS ANGELES,-118.42106628417967,34.20119857788086
8963467,2019,2019-10-30,1942,2019-09-04,0805,27792,1563,3,5,7,1942,0,0,0,O,0,10TL35,MOORPARK  BL,TUJUNGA AV,80,E,N,A,-,N,NA,NA,NA,NA,NA,NA,NA,NA,NA,Y,4,0,1,2,B,-,22,NA,NA,N,D,C,A,A,H,-,A,D,0,NA,NA,Y,NA,Y,NA,-,-,0,0,1,0,0,0,0,0,1,-,-,NA,NA,LOS ANGELES,LOS ANGELES,-118.37873840332033,34.15035629272461
8963469,2019,2019-10-28,1942,2019-09-24,1420,42417,1523,2,5,7,1942,0,0,0,O,0,15A43,VICTORY BL,WHITSETT AV,300,W,N,A,-,N,NA,NA,NA,NA,NA,NA,NA,NA,NA,N,2,0,3,3,A,-,07,21658,A,N,F,C,A,A,H,-,A,D,0,NA,NA,NA,NA,Y,NA,A,01,1,0,2,0,0,0,0,0,0,-,-,NA,NA,LOS ANGELES,LOS ANGELES,-118.40625,34.18667984008789
8963470,2019,2019-10-30,1942,2019-09-17,1525,30830,1595,2,5,7,1942,0,0,0,O,0,15A85,VENTURA BL,COLFAX AV,500,E,N,A,-,N,NA,NA,NA,NA,NA,NA,NA,NA,NA,N,4,0,1,4,A,-,03,22350,NA,N,C,C,A,A,H,-,A,D,0,NA,NA,NA,NA,Y,NA,A,01,0,0,1,0,0,0,0,0,0,-,-,NA,NA,LOS ANGELES,LOS ANGELES,-118.3862075805664,34.14076232910156
8963471,2019,2019-10-30,1942,2019-09-01,1435,41158,1585,7,5,7,1942,0,0,0,O,0,15A85,VINELAND AV,AQUA VISTA ST,0,NA,Y,A,-,N,NA,NA,NA,NA,NA,NA,NA,NA,NA,N,3,0,1,2,A,-,17,21228,NA,N,D,C,A,A,H,-,A,A,0,NA,NA,NA,NA,Y,NA,M,94,0,1,0,0,0,0,0,0,0,-,-,NA,NA,LOS ANGELES,LOS ANGELES,-118.37055206298828,34.14495849609375
8963473,2019,2019-10-29,1942,2019-09-25,0720,31931,1522,3,5,7,1942,0,0,0,O,0,15A21,VICTORY BL,COLDWATER CANYON AV,70,W,N,A,-,N,NA,NA,NA,NA,NA,NA,NA,NA,NA,N,4,0,1,2,A,-,03,22350,NA,N,D,G,A,A,G,-,A,D,0,NA,Y,NA,NA,Y,NA,L,04,0,0,1,0,0,0,1,0,0,-,-,NA,NA,LOS ANGELES,LOS ANGELES,-118.4140396118164,34.18667984008789
8963475,2019,2019-10-30,1942,2019-09-01,1245,42460,1538,7,5,7,1942,0,0,0,O,0,15A39,OXNARD ST,VINELAND AV,0,NA,N,A,-,N,NA,NA,NA,NA,NA,NA,NA,NA,NA,Y,3,0,1,2,A,-,09,21801,A,N,D,C,A,A,H,-,-,A,0,NA,NA,NA,NA,Y,NA,A,07,0,1,0,0,0,0,0,0,0,-,-,NA,NA,LOS ANGELES,LOS ANGELES,-118.37030029296876,34.1794319152832
8963477,2019,2019-10-29,1942,2019-09-25,1455,42029,1522,3,5,7,1942,0,0,0,O,0,9A19,N FULTON AV,VANOWEN ST,850,NA,N,A,-,N,NA,NA,NA,NA,NA,NA,NA,NA,NA,Y,4,0,1,2,A,-,08,22107,NA,N,B,C,A,A,H,-,A,D,0,NA,NA,NA,NA,Y,NA,A,01,0,0,1,0,0,0,0,0,0,-,-,NA,NA,LOS ANGELES,LOS ANGELES,-118.42253112792967,34.19395065307617