CASE_ID,ACCIDENT_YEAR,PROC_DATE,JURIS,COLLISION_DATE,COLLISION_TIME,OFFICER_ID,REPORTING_DISTRICT,DAY_OF_WEEK,CHP_SHIFT,POPULATION,CNTY_CITY_LOC,SPECIAL_COND,BEAT_TYPE,CHP_BEAT_TYPE,CITY_DIVISION_LAPD,CHP_BEAT_CLASS,BEAT_NUMBER,PRIMARY_RD,SECONDARY_RD,DISTANCE,DIRECTION,INTERSECTION,WEATHER_1,WEATHER_2,STATE_HWY_IND,CALTRANS_COUNTY,CALTRANS_DISTRICT,STATE_ROUTE,ROUTE_SUFFIX,POSTMILE_PREFIX,POSTMILE,LOCATION_TYPE,RAMP_INTERSECTION,SIDE_OF_HWY,TOW_AWAY,COLLISION_SEVERITY,NUMBER_KILLED,NUMBER_INJURED,PARTY_COUNT,PRIMARY_COLL_FACTOR,PCF_CODE_OF_VIOL,PCF_VIOL_CATEGORY,PCF_VIOLATION,PCF_VIOL_SUBSECTION,HIT_AND_RUN,TYPE_OF_COLLISION,MVIW,PED_ACTION,ROAD_SURFACE,ROAD_COND_1,ROAD_COND_2,LIGHTING,CONTROL_DEVICE,CHP_ROAD_TYPE,PEDESTRIAN_ACCIDENT,BICYCLE_ACCIDENT,MOTORCYCLE_ACCIDENT,TRUCK_ACCIDENT,NOT_PRIVATE_PROPERTY,ALCOHOL_INVOLVED,STWD_VEHTYPE_AT_FAULT,CHP_VEHTYPE_AT_FAULT,COUNT_SEVERE_INJ,COUNT_VISIBLE_INJ,COUNT_COMPLAINT_PAIN,COUNT_PED_KILLED,COUNT_PED_INJURED,COUNT_BICYCLIST_KILLED,COUNT_BICYCLIST_INJURED,COUNT_MC_KILLED,COUNT_MC_INJURED,PRIMARY_RAMP,SECONDARY_RAMP,LATITUDE,LONGITUDE,COUNTY,CITY,POINT_X,POINT_Y
8964669,2019,2020-01-27,1972,2019-09-13,1838,15555,NA,5,5,6,1972,0,0,0,NA,0,NA,PACIFIC COAST HWY,ANZA AV,150,W,N,A,-,Y,LA,7,1,-,-,16.47,H,-,S,N,4,0,1,2,A,-,09,21804,A,N,D,C,A,A,H,-,B,A,0,NA,NA,Y,NA,Y,NA,A,NA,0,0,1,0,0,0,0,0,1,-,-,NA,NA,LOS ANGELES,TORRANCE,-118.35839080810548,33.807838439941406
8964677,2019,2020-09-22,1941,2019-09-17,1204,5578,NA,2,5,7,1941,0,0,0,NA,0,NA,LONG BEACH BL,NEECE ST,0,NA,Y,A,-,Y,LA,7,91,-,R,11.043,R,4,E,Y,4,0,1,2,-,-,-,NA,NA,N,B,C,A,A,H,-,A,A,0,NA,NA,NA,Y,Y,NA,-,-,0,0,1,0,0,0,0,0,0,-,-,NA,NA,LOS ANGELES,LONG BEACH,-118.2034912109375,33.87260055541992
8964681,2019,2020-09-22,1976,2019-09-24,2037,423,1976,2,5,5,1976,0,0,0,NA,0,003,WHITTIER BL,LAUREL AV,8,W,N,A,-,Y,LA,7,72,-,-,3.41,H,-,N,N,3,0,1,2,A,-,11,21954,A,N,G,B,D,A,H,-,C,A,0,Y,NA,NA,NA,Y,NA,N,60,0,1,0,0,1,0,0,0,0,-,-,NA,NA,LOS ANGELES,WHITTIER,-118.02921295166016,33.96115493774414
8964683,2019,2020-02-03,1976,2019-10-05,1623,410,NA,6,5,5,1976,0,0,0,NA,0,004,WHITTIER BL,LA PUEBLA AV,35,W,N,A,-,Y,LA,7,72,-,-,1.99,H,-,S,Y,3,0,1,2,A,-,03,22350,NA,N,C,C,A,A,H,-,A,D,0,NA,NA,Y,NA,Y,NA,A,07,0,1,0,0,0,0,0,0,1,-,-,NA,NA,LOS ANGELES,WHITTIER,-118.00872802734376,33.9495735168457
8964701,2019,2020-09-22,1942,2019-09-21,1730,43584,1049,6,5,7,1942,0,0,0,J,0,10X44,HASKELL BL,HAYNES ST,70,N,N,A,-,Y,LA,7,405,-,-,41.481,R,4,S,Y,4,0,4,2,A,-,09,21801,A,N,A,C,A,A,H,-,A,A,0,NA,NA,NA,NA,Y,NA,A,01,0,0,4,0,0,0,0,0,0,-,-,NA,NA,LOS ANGELES,LOS ANGELES,-118.47432708740234,34.18817138671875
8964789,2018,2019-11-07,1918,2018-09-16,1749,1073,NA,7,5,4,1918,0,0,0,NA,0,PATROL,SEPULVEDA BL,VERA WY,0,NA,Y,A,-,N,NA,NA,NA,NA,NA,NA,NA,NA,NA,Y,3,0,1,2,A,-,09,21801,A,N,F,C,A,A,H,-,A,D,0,NA,NA,Y,NA,Y,NA,-,-,0,1,0,0,0,0,0,0,1,-,-,33.993350982666016,-118.3952865600586,LOS ANGELES,CULVER CITY,-118.395322,33.993377
8964793,2018,2019-11-12,1918,2018-11-19,1705,799,3,1,5,4,1918,0,0,0,NA,0,4M9,SEPULVEDA BL,BERRYMAN AV,270,S,N,A,-,N,NA,NA,NA,NA,NA,NA,NA,NA,NA,Y,4,0,1,2,A,-,09,21801,A,N,D,C,A,A,H,-,C,D,0,NA,NA,NA,NA,Y,NA,A,01,0,0,1,0,0,0,0,0,0,-,-,33.99298095703125,-118.39527893066406,LOS ANGELES,CULVER CITY,-118.39527893066406,33.992218017578125
8964804,2019,2019-11-16,1900,2019-10-03,1600,613781,1131,4,5,6,1992,0,0,0,NA,0,112T2P,AVENUE I,7TH ST EAST,0,NA,Y,A,-,N,NA,NA,NA,NA,NA,NA,NA,NA,NA,Y,3,0,2,2,A,-,09,21802,A,N,D,C,A,A,H,-,A,A,0,NA,NA,NA,NA,Y,Y,A,01,0,2,0,0,0,0,0,0,0,-,-,NA,NA,LOS ANGELES,LANCASTER,-118.11710357666016,34.704158782958984
8964809,2019,2020-01-14,1900,2019-10-04,2120,615106,2619,5,5,6,1950,0,0,0,NA,0,62T1,PALMDALE BL,TRADE CENTER DR,296,W,N,A,-,N,NA,NA,NA,NA,NA,NA,NA,NA,NA,Y,3,0,1,1,A,-,01,23152,A,N,E,I,A,A,H,-,C,A,0,NA,NA,NA,NA,Y,Y,A,01,0,1,0,0,0,0,0,0,0,-,-,34.58641815185547,-118.14518737792967,LOS ANGELES,PALMDALE,-118.14437866210938,34.5861930847168
8964817,2019,2019-11-16,1900,2019-10-04,1030,640404,1335,5,5,5,1908,0,0,0,NA,0,133H,RT 19,ARTESIA BL,140,N,N,A,-,N,NA,NA,NA,NA,NA,NA,NA,NA,NA,Y,4,0,4,3,A,-,03,22350,NA,F,C,C,A,A,H,-,A,A,0,NA,NA,NA,NA,Y,NA,A,01,0,0,4,0,0,0,0,0,0,-,-,33.085079193115234,-118.14266967773438,LOS ANGELES,BELLFLOWER,-118.1426010131836,33.87520980834961
8964821,2019,2019-11-20,1910,2019-10-05,0107,4829,NA,6,5,4,1910,0,0,0,NA,0,005,NORTH SANTA MONICA BL,N CANON DR,0,NA,Y,A,-,N,NA,NA,NA,NA,NA,NA,NA,NA,NA,Y,3,0,1,2,A,-,12,21453,A,N,D,C,A,A,H,-,C,A,0,NA,NA,NA,NA,Y,NA,A,01,0,1,0,0,0,0,0,0,0,-,-,NA,NA,LOS ANGELES,BEVERLY HILLS,-118.4026336669922,34.07236862182617
8964827,2019,2020-02-06,1900,2019-10-07,2215,614591,1015,1,5,3,1995,0,0,0,NA,0,101,RT 1,SERRA RD,15,S,N,A,-,Y,LA,7,1,-,-,46.8,H,-,S,N,3,0,1,2,A,-,03,22350,NA,N,B,B,D,A,H,-,C,D,0,Y,NA,NA,NA,Y,NA,A,01,0,1,0,0,1,0,0,0,0,-,-,NA,NA,LOS ANGELES,MALIBU,-118.68064880371094,34.034912109375
8964836,2019,2019-11-25,1941,2019-10-08,2100,5163,NA,2,5,7,1941,0,0,0,NA,0,NA,LAKEWOOD BL,HARVEY WY,20,N,N,A,-,N,NA,NA,NA,NA,NA,NA,NA,NA,NA,N,4,0,1,2,A,-,03,22350,NA,N,C,C,A,A,H,-,C,A,0,NA,NA,NA,NA,Y,NA,D,NA,0,0,1,0,0,0,0,0,0,-,-,NA,NA,LOS ANGELES,LONG BEACH,-118.14247131347656,33.83621597290039
8964840,2019,2020-02-06,1941,2019-10-07,2311,11097,NA,1,5,7,1941,0,0,0,NA,0,NA,PACIFIC COAST HWY,STANLEY AV,0,NA,Y,A,-,Y,LA,7,1,-,-,4.701,I,5,S,Y,2,0,3,2,A,-,09,21801,A,N,A,C,A,A,H,-,C,D,0,NA,NA,NA,NA,Y,NA,A,NA,1,1,1,0,0,0,0,0,0,-,-,NA,NA,LOS ANGELES,LONG BEACH,-118.16214752197266,33.7898063659668
8964842,2019,2019-11-21,1900,2019-10-03,1155,457374,1412,4,5,1,1932,0,0,0,NA,0,141T3,COLIMA RD,STONER CREEK RD,0,NA,Y,A,-,N,NA,NA,NA,NA,NA,NA,NA,NA,NA,N,4,0,1,3,A,-,09,21801,A,N,A,C,A,A,H,-,A,D,0,NA,NA,NA,NA,Y,NA,A,01,0,0,1,0,0,0,0,0,0,-,-,33.9900016784668,-117.91348266601564,LOS ANGELES,INDUSTRY,-117.91342163085938,33.989959716796875
8964844,2019,2019-11-25,1942,2019-10-06,0220,43698,1842,7,5,7,1942,0,0,0,R,0,18097,IMPERIAL HWY,BROADWAY,0,NA,N,A,-,N,NA,NA,NA,NA,NA,NA,NA,NA,NA,N,4,0,1,2,A,-,09,21801,A,F,D,D,A,A,H,-,C,A,0,NA,NA,Y,NA,Y,NA,-,99,0,0,1,0,0,0,0,0,1,-,-,NA,NA,LOS ANGELES,LOS ANGELES,-118.27845764160156,33.93101119995117
8964848,2019,2019-11-25,1900,2019-10-13,1250,526680,0531,7,5,5,1959,0,0,0,NA,0,53T1,ROSEMEAD BL,MARSHALL ST,210,N,N,A,-,N,NA,NA,NA,NA,NA,NA,NA,NA,NA,N,4,0,1,4,A,-,04,21703,NA,N,C,C,A,A,H,-,A,A,0,NA,NA,NA,NA,Y,NA,A,07,0,0,1,0,0,0,0,0,0,-,-,34.07632064819336,-118.07318878173828,LOS ANGELES,ROSEMEAD,-118.07315826416016,34.07621765136719
8964852,2019,2019-11-25,1900,2019-10-10,1625,487834,0530,4,5,5,1959,0,0,0,NA,0,53T1,ROSEMEAD BL,VALLEY BL,0,NA,Y,A,-,N,NA,NA,NA,NA,NA,NA,NA,NA,NA,Y,4,0,1,2,A,-,08,22100,A,M,B,G,A,A,H,-,A,A,0,NA,Y,NA,NA,Y,NA,-,99,0,0,1,0,0,0,1,0,0,-,-,34.0809211730957,-118.07340240478516,LOS ANGELES,ROSEMEAD,-118.07327270507813,34.08082962036133
8964856,2019,2019-11-25,1900,2019-10-02,2006,532124,0521,3,5,4,1971,0,0,0,NA,0,52T1,ROSEMEAD BL,EMPEROR AV,0,NA,Y,A,-,N,NA,NA,NA,NA,NA,NA,NA,NA,NA,Y,3,0,1,2,A,-,09,21801,A,N,A,C,A,A,H,-,C,D,0,NA,NA,NA,NA,Y,NA,A,07,0,1,0,0,0,0,0,0,0,-,-,34.11690139770508,-118.07318115234376,LOS ANGELES,TEMPLE CITY,-118.07327270507813,34.11687088012695
8964867,2019,2020-02-06,1900,2019-10-14,0915,644701,1014,1,5,3,1995,0,0,0,NA,0,101T1,RT 1,WEST WINDING WY,156,N,N,A,-,Y,LA,7,1,-,-,52.88,H,-,S,Y,3,0,1,2,A,-,07,21658,A,N,B,E,A,A,H,-,A,D,0,NA,NA,NA,NA,Y,NA,A,01,0,1,0,0,0,0,0,0,0,-,-,NA,NA,LOS ANGELES,MALIBU,-118.7841567993164,34.02479934692383
8964871,2019,2020-02-06,1941,2019-10-11,1504,6007,NA,5,5,7,1941,0,0,0,NA,0,NA,PACIFIC COAST HWY,W MAGNOLIA AV,0,NA,Y,A,-,Y,LA,7,1,-,-,6.771,I,5,N,Y,4,0,2,3,A,-,12,21453,A,N,D,C,A,A,H,-,A,A,0,NA,NA,NA,NA,Y,NA,A,NA,0,0,2,0,0,0,0,0,0,-,-,NA,NA,LOS ANGELES,LONG BEACH,-118.19809722900392,33.789920806884766
8964879,2019,2020-02-06,1942,2019-10-16,2330,38613,1979,3,5,7,1942,0,0,0,NA,0,9T53,RT 5,BRANFORD ST,0,NA,Y,A,-,Y,LA,7,5,-,-,36.222,R,3,S,Y,4,0,1,1,A,-,01,23152,A,N,E,I,A,A,H,-,C,A,0,NA,NA,NA,NA,Y,Y,A,01,0,0,1,0,0,0,0,0,0,SO,-,NA,NA,LOS ANGELES,LOS ANGELES,-118.40801239013672,34.232208251953125
8964901,2019,2019-11-25,1956,2019-10-10,1241,1292,02,4,5,5,1956,0,0,0,NA,0,001,S ELENA AV,AVENUE I,0,NA,Y,A,-,N,NA,NA,NA,NA,NA,NA,NA,NA,NA,NA,4,0,1,2,D,-,00,NA,NA,N,D,C,A,A,H,-,A,D,0,NA,NA,NA,NA,Y,NA,-,-,0,0,1,0,0,0,0,0,0,-,-,NA,NA,LOS ANGELES,REDONDO BEACH,-118.38539123535156,33.81890869140625
8964905,2019,2020-02-06,1956,2019-10-12,1321,1324,20,6,5,5,1956,0,0,0,NA,0,002,RT 1,CARNELIAN ST,0,NA,Y,A,-,Y,LA,7,1,-,-,20.081,I,5,N,N,3,0,1,2,A,-,09,21801,A,N,G,B,B,A,H,-,A,A,0,Y,NA,NA,NA,Y,NA,A,01,0,1,0,0,1,0,0,0,0,-,-,NA,NA,LOS ANGELES,REDONDO BEACH,-118.38787841796876,33.84693145751953
8965085,2019,2019-10-25,1942,2019-09-17,0555,42737,1015,2,5,7,1942,0,0,0,J,0,10A83,SATICOY ST,CANBY AV,0,NA,Y,A,-,N,NA,NA,NA,NA,NA,NA,NA,NA,NA,Y,4,0,2,2,A,-,08,22107,NA,N,D,C,A,A,H,-,A,D,0,NA,NA,NA,NA,Y,NA,A,01,0,0,2,0,0,0,0,0,0,-,-,NA,NA,LOS ANGELES,LOS ANGELES,-118.5346908569336,34.20838928222656
8965095,2019,2019-10-31,1942,2019-07-31,2225,42837,0765,3,5,7,1942,0,0,0,G,0,7A1,LA BREA AV,SAN VICENTE BL,0,NA,Y,A,-,N,NA,NA,NA,NA,NA,NA,NA,NA,NA,Y,4,0,1,2,A,-,09,21801,A,N,D,C,A,A,H,-,C,A,0,NA,NA,NA,NA,Y,NA,A,01,0,0,1,0,0,0,0,0,0,-,-,NA,NA,LOS ANGELES,LOS ANGELES,-118.34422302246094,34.050350189208984
8965183,2019,2019-12-20,1900,2019-10-03,2500,608904,0466,4,5,4,1936,0,0,0,NA,0,46T1PM,ARTESIA BL,INDUSTRY CIR,0,NA,Y,A,-,N,NA,NA,NA,NA,NA,NA,NA,NA,NA,N,4,0,1,2,A,-,09,21801,A,M,B,C,A,A,H,-,B,D,0,NA,NA,NA,NA,Y,NA,D,22,0,0,1,0,0,0,0,0,0,-,-,NA,NA,LOS ANGELES,LA MIRADA,-118.02529144287108,33.873348236083984
8965186,2019,2019-10-29,1922,2019-09-27,1123,673,2,5,5,6,1922,0,0,0,NA,0,002,PECK RD,ALLOWAY,0,NA,Y,B,-,N,NA,NA,NA,NA,NA,NA,NA,NA,NA,Y,3,0,1,2,A,-,17,21451,A,N,D,C,A,A,H,-,A,A,0,NA,NA,NA,NA,Y,NA,A,01,0,1,0,0,0,0,0,0,0,-,-,34.07242965698242,-118.02462768554688,LOS ANGELES,EL MONTE,-118.024616,34.072404
8965187,2019,2019-10-25,1900,2019-10-01,1725,517022,0466,2,5,4,1936,0,0,0,NA,0,46T2PM,ALONDRA BL,HERON AV,28,E,N,A,-,N,NA,NA,NA,NA,NA,NA,NA,NA,NA,N,3,0,1,5,A,-,01,23152,A,N,C,C,A,A,H,-,A,D,0,NA,NA,NA,NA,Y,Y,A,01,0,1,0,0,0,0,0,0,0,-,-,NA,NA,LOS ANGELES,LA MIRADA,-118.02619934082033,33.88800811767578
8965190,2019,2019-10-30,1922,2019-07-07,1626,594,NA,7,5,6,1922,0,0,0,NA,0,NA,TYLER AV,RAMONA BL,0,NA,Y,A,-,N,NA,NA,NA,NA,NA,NA,NA,NA,NA,N,2,0,1,2,A,-,10,21950,A,N,-,B,B,A,H,-,A,A,0,Y,NA,NA,NA,Y,NA,D,22,1,0,0,0,1,0,0,0,0,-,-,34.07207107543945,-118.0360107421875,LOS ANGELES,EL MONTE,-118.0360107421875,34.07204818725586
8965191,2019,2019-10-25,1900,2019-10-01,1355,615127,0454,2,5,6,1949,0,0,0,NA,0,45K2,ROSECRANS AV,MARYTON AV,0,NA,Y,A,-,N,NA,NA,NA,NA,NA,NA,NA,NA,NA,Y,4,0,2,2,A,-,09,21802,A,N,D,C,A,A,H,-,A,A,0,NA,NA,NA,NA,Y,NA,D,22,0,0,2,0,0,0,0,0,0,-,-,NA,NA,LOS ANGELES,NORWALK,-118.05159759521484,33.90245056152344
8965202,2019,2019-10-28,1922,2019-09-18,1721,563,NA,3,5,6,1922,0,0,0,NA,0,NA,COGSWELL RD,RAMONA BL,0,NA,Y,A,-,N,NA,NA,NA,NA,NA,NA,NA,NA,NA,N,3,0,1,4,A,-,12,21453,A,N,D,C,A,A,H,-,A,A,0,NA,NA,NA,NA,Y,NA,A,01,0,1,0,0,0,0,0,0,0,-,-,34.07530975341797,-118.01277160644533,LOS ANGELES,EL MONTE,-118.01268768310548,34.07529830932617
8965206,2019,2019-10-28,1922,2019-09-21,0803,684,NA,6,5,6,1922,0,0,0,NA,0,NA,TEMPLE CITY BL,VALLEY BL,528,N,N,A,-,N,NA,NA,NA,NA,NA,NA,NA,NA,NA,Y,3,0,2,2,A,-,09,21801,A,N,D,C,A,A,H,-,A,D,0,NA,NA,NA,NA,Y,NA,A,01,0,2,0,0,0,0,0,0,0,-,-,34.08483123779297,-118.0570068359375,LOS ANGELES,EL MONTE,-118.05773162841795,34.08267593383789
8965208,2019,2019-11-19,1900,2019-10-02,1320,520746,0454,3,5,6,1949,0,0,0,NA,0,43T1/D,BLOOMFIELD AV,IMPERIAL HWY,183,N,N,A,-,N,NA,NA,NA,NA,NA,NA,NA,NA,NA,N,4,0,1,2,A,-,08,22100,A,N,D,C,A,A,H,-,A,D,0,NA,NA,NA,NA,Y,NA,A,01,0,0,1,0,0,0,0,0,0,-,-,NA,NA,LOS ANGELES,NORWALK,-118.06391143798828,33.91767120361328
8965210,2019,2019-10-28,1922,2019-09-16,1708,684,NA,1,5,6,1922,0,0,0,NA,0,NA,BALDWIN AV,LOWER AZUSA RD,528,S,N,A,-,N,NA,NA,NA,NA,NA,NA,NA,NA,NA,Y,3,0,1,2,A,-,09,21804,A,N,D,C,A,A,H,-,A,D,0,NA,NA,Y,NA,Y,NA,A,01,0,1,0,0,0,0,0,0,1,-,-,34.08882141113281,-118.04963684082033,LOS ANGELES,EL MONTE,-118.0493621826172,34.08929443359375
8965212,2019,2019-11-07,1900,2019-10-11,0920,520746,0455,5,5,6,1949,0,0,0,NA,0,43T1/D,EXCELSIOR DR,JERSEY AV,4,W,N,A,-,N,NA,NA,NA,NA,NA,NA,NA,NA,NA,N,4,0,1,2,A,-,07,21658,A,N,B,C,A,A,H,-,A,D,0,NA,NA,NA,NA,Y,NA,-,-,0,0,1,0,0,0,0,0,0,-,-,NA,NA,LOS ANGELES,NORWALK,-118.08694458007813,33.89487075805664
8965214,2019,2019-10-28,1922,2019-09-22,1608,605,2,7,5,6,1922,0,0,0,NA,0,002,PECK RD,SITKA AV,0,NA,Y,A,-,N,NA,NA,NA,NA,NA,NA,NA,NA,NA,Y,4,0,1,2,A,-,08,22107,NA,N,D,C,A,A,H,-,A,D,0,NA,NA,NA,NA,Y,NA,A,01,0,0,1,0,0,0,0,0,0,-,-,34.073360443115234,-118.0234832763672,LOS ANGELES,EL MONTE,-118.02346801757813,34.073299407958984
8965216,2019,2019-11-07,1900,2019-10-07,1915,520746,0467,1,5,4,1936,0,0,0,NA,0,46T21P,BEACH BL,HILLSBOROUGH DR,67,N,N,A,-,N,NA,NA,NA,NA,NA,NA,NA,NA,NA,N,3,0,1,2,A,-,11,21954,A,N,G,B,D,A,H,-,C,A,0,Y,NA,NA,NA,Y,NA,N,60,0,1,0,0,1,0,0,0,0,-,-,NA,NA,LOS ANGELES,LA MIRADA,-117.97779846191406,33.908756256103516
8965218,2019,2019-10-28,1922,2019-09-30,1554,687,2,1,5,6,1922,0,0,0,NA,0,NA,RAMONA BL,MAXSON RD,0,NA,Y,A,-,N,NA,NA,NA,NA,NA,NA,NA,NA,NA,Y,3,0,1,2,A,-,12,21453,A,N,D,C,A,A,H,-,A,A,0,NA,NA,NA,NA,Y,NA,A,01,0,1,0,0,0,0,0,0,0,-,-,34.0759391784668,-118.00772857666016,LOS ANGELES,EL MONTE,-118.00765991210938,34.07590866088867
8965220,2019,2019-11-07,1900,2019-10-01,0823,434049,0530,2,5,5,1959,0,0,0,NA,0,53T1/A,VALLEY BL,WALNUT GROVE AV,138,W,N,B,-,N,NA,NA,NA,NA,NA,NA,NA,NA,NA,N,3,0,1,2,A,-,08,22100,A,N,D,G,A,A,H,-,A,D,0,NA,Y,NA,NA,Y,NA,A,01,0,1,0,0,0,0,1,0,0,-,-,34.08058166503906,-118.08261871337892,LOS ANGELES,ROSEMEAD,-118.0824966430664,34.080509185791016
8965222,2019,2019-10-28,1922,2019-09-21,1450,690,NA,6,5,6,1922,0,0,0,NA,0,001,AMADOR ST,NEVADA AV,50,W,N,A,-,N,NA,NA,NA,NA,NA,NA,NA,NA,NA,N,4,0,3,2,A,-,09,21802,A,N,D,C,A,A,E,-,A,D,0,NA,NA,NA,NA,Y,NA,A,01,0,0,3,0,0,0,0,0,0,-,-,34.07040023803711,-118.03939819335938,LOS ANGELES,EL MONTE,-118.0372314453125,34.07042694091797
8965224,2019,2019-11-07,1900,2019-09-27,1735,525039,0562,5,5,3,1968,0,0,0,NA,0,55-PMS,THIENES AV,COGSWELL RD,0,NA,Y,A,-,N,NA,NA,NA,NA,NA,NA,NA,NA,NA,N,3,0,1,2,A,-,12,22450,A,N,D,C,A,A,H,-,B,D,0,NA,NA,NA,NA,Y,NA,A,01,0,1,0,0,0,0,0,0,0,-,-,34.04718017578125,-118.03740692138672,LOS ANGELES,SOUTH EL MONTE,-118.03755950927734,34.04706954956055
8965226,2019,2019-10-28,1922,2019-09-25,2354,605,3,3,5,6,1922,0,0,0,NA,0,003,MOUNTAIN VIEW RD,PECK RD,100,S,N,A,-,N,NA,NA,NA,NA,NA,NA,NA,NA,NA,Y,4,0,1,3,A,-,01,23152,A,M,E,I,A,A,H,-,C,D,0,NA,NA,NA,NA,Y,Y,A,01,0,0,1,0,0,0,0,0,0,-,-,34.055301666259766,-118.03050231933594,LOS ANGELES,EL MONTE,-118.03081512451172,34.05511474609375
8965228,2019,2019-11-07,1900,2019-10-02,1115,499592,0525,3,5,4,1971,0,0,0,NA,0,52T1AM,EL MONTE AV,DAINES DR,0,NA,Y,A,-,N,NA,NA,NA,NA,NA,NA,NA,NA,NA,Y,3,0,1,2,A,-,09,21802,A,N,A,C,A,A,H,-,A,D,0,NA,NA,NA,NA,Y,NA,A,01,0,1,0,0,0,0,0,0,0,-,-,34.099998474121094,-118.02999877929688,LOS ANGELES,TEMPLE CITY,-118.03743743896484,34.10260009765625
8965230,2019,2019-10-28,1922,2019-09-27,1335,678,1,5,5,6,1922,0,0,0,NA,0,001,SANTA ANITA AV,TYLER AVE,0,NA,Y,A,-,N,NA,NA,NA,NA,NA,NA,NA,NA,NA,N,4,0,1,2,A,-,12,21453,A,N,D,C,A,A,H,-,A,A,0,NA,NA,NA,NA,Y,NA,A,07,0,0,1,0,0,0,0,0,0,-,-,34.08530044555664,-118.03067016601564,LOS ANGELES,EL MONTE,-118.03060150146484,34.085330963134766
8965232,2019,2019-11-07,1900,2019-10-06,2240,525335,0560,7,5,3,1968,0,0,0,NA,0,55T1/E,ROSEMEAD AV,GARVEY AV,0,NA,Y,A,-,N,NA,NA,NA,NA,NA,NA,NA,NA,NA,Y,2,0,1,2,A,-,12,21453,A,N,H,G,A,A,H,-,C,A,0,NA,Y,NA,NA,Y,NA,L,04,1,0,0,0,0,0,1,0,0,-,-,34.03450012207031,-118.03549957275392,LOS ANGELES,SOUTH EL MONTE,-118.0654067993164,34.062721252441406
8965234,2019,2019-10-28,1922,2019-09-29,1310,684,NA,7,5,6,1922,0,0,0,NA,0,NA,KINGS ROW,SANTA ANITA AV,528,N,N,A,-,N,NA,NA,NA,NA,NA,NA,NA,NA,NA,N,3,0,1,2,A,-,03,22350,NA,N,B,E,A,A,H,-,A,D,0,NA,NA,Y,NA,Y,NA,C,02,0,1,0,0,0,0,0,0,1,-,-,NA,NA,LOS ANGELES,EL MONTE,-118.026611328125,34.09349060058594
8965236,2019,2019-11-07,1900,2019-10-01,0756,527455,0541,2,5,3,1921,0,0,0,NA,0,58T1AM,CENTRAL AV,BUENA VISTA ST,328,S,N,A,-,N,NA,NA,NA,NA,NA,NA,NA,NA,NA,N,3,0,1,2,A,-,05,21202,A,N,D,G,A,A,H,-,A,D,0,NA,Y,NA,NA,Y,NA,A,07,0,1,0,0,0,0,1,0,0,-,-,34.13605880737305,-117.97634887695313,LOS ANGELES,DUARTE,-117.97756958007813,34.13591003417969
8965240,2019,2019-11-07,1922,2019-10-18,1938,632,NA,5,5,6,1922,0,0,0,NA,0,NA,SANTA ANITA AV,VALLEY MALL,0,NA,Y,A,-,N,NA,NA,NA,NA,NA,NA,NA,NA,NA,N,3,0,1,2,A,-,03,22350,NA,F,C,C,A,A,H,-,C,A,0,NA,NA,NA,NA,Y,NA,-,-,0,1,0,0,0,0,0,0,0,-,-,34.07645034790039,-118.04119110107422,LOS ANGELES,EL MONTE,-118.04132080078124,34.07583999633789
8965244,2019,2019-11-07,1922,2019-10-04,1011,680,1,5,5,6,1922,0,0,0,NA,0,001,LOFTUS,BALDWIN,0,NA,Y,A,-,N,NA,NA,NA,NA,NA,NA,NA,NA,NA,Y,4,0,3,3,A,-,09,21801,A,N,D,C,A,A,H,-,A,A,0,NA,NA,NA,NA,Y,NA,A,01,0,0,3,0,0,0,0,0,0,-,-,34.074371337890625,-118.05365753173828,LOS ANGELES,EL MONTE,-118.05364990234376,34.0743293762207
8965245,2019,2019-10-28,1900,2019-09-28,0800,549925,0469,6,5,4,1936,0,0,0,NA,0,46T1D,FOSTER RD,BONAVISTA LN,21,W,N,B,-,N,NA,NA,NA,NA,NA,NA,NA,NA,NA,N,4,0,1,2,A,-,06,21750,A,N,B,G,A,A,H,-,A,D,0,NA,Y,NA,NA,Y,NA,A,07,0,0,1,0,0,0,1,0,0,-,-,NA,NA,LOS ANGELES,LA MIRADA,-118.0316162109375,33.90972900390625
8965248,2019,2019-11-07,1922,2019-10-13,1139,689,NA,7,5,6,1922,0,0,0,NA,0,001,CYPRESS AV,ELMCREST ST,5,S,N,A,-,N,NA,NA,NA,NA,NA,NA,NA,NA,NA,N,3,0,1,2,A,-,11,21954,A,N,G,B,D,A,H,-,A,D,0,Y,NA,NA,NA,Y,NA,N,60,0,1,0,0,1,0,0,0,0,-,-,34.08824920654297,-118.02488708496094,LOS ANGELES,EL MONTE,-118.02525329589844,34.088294982910156