CASE_ID,ACCIDENT_YEAR,PROC_DATE,JURIS,COLLISION_DATE,COLLISION_TIME,OFFICER_ID,REPORTING_DISTRICT,DAY_OF_WEEK,CHP_SHIFT,POPULATION,CNTY_CITY_LOC,SPECIAL_COND,BEAT_TYPE,CHP_BEAT_TYPE,CITY_DIVISION_LAPD,CHP_BEAT_CLASS,BEAT_NUMBER,PRIMARY_RD,SECONDARY_RD,DISTANCE,DIRECTION,INTERSECTION,WEATHER_1,WEATHER_2,STATE_HWY_IND,CALTRANS_COUNTY,CALTRANS_DISTRICT,STATE_ROUTE,ROUTE_SUFFIX,POSTMILE_PREFIX,POSTMILE,LOCATION_TYPE,RAMP_INTERSECTION,SIDE_OF_HWY,TOW_AWAY,COLLISION_SEVERITY,NUMBER_KILLED,NUMBER_INJURED,PARTY_COUNT,PRIMARY_COLL_FACTOR,PCF_CODE_OF_VIOL,PCF_VIOL_CATEGORY,PCF_VIOLATION,PCF_VIOL_SUBSECTION,HIT_AND_RUN,TYPE_OF_COLLISION,MVIW,PED_ACTION,ROAD_SURFACE,ROAD_COND_1,ROAD_COND_2,LIGHTING,CONTROL_DEVICE,CHP_ROAD_TYPE,PEDESTRIAN_ACCIDENT,BICYCLE_ACCIDENT,MOTORCYCLE_ACCIDENT,TRUCK_ACCIDENT,NOT_PRIVATE_PROPERTY,ALCOHOL_INVOLVED,STWD_VEHTYPE_AT_FAULT,CHP_VEHTYPE_AT_FAULT,COUNT_SEVERE_INJ,COUNT_VISIBLE_INJ,COUNT_COMPLAINT_PAIN,COUNT_PED_KILLED,COUNT_PED_INJURED,COUNT_BICYCLIST_KILLED,COUNT_BICYCLIST_INJURED,COUNT_MC_KILLED,COUNT_MC_INJURED,PRIMARY_RAMP,SECONDARY_RAMP,LATITUDE,LONGITUDE,COUNTY,CITY,POINT_X,POINT_Y
8968615,2019,2019-11-19,1900,2019-10-18,1520,620752,1133,5,5,6,1992,0,0,0,NA,0,111T2,AVE J,CHALLENGER WY,1080,W,N,A,-,N,NA,NA,NA,NA,NA,NA,NA,NA,NA,N,4,0,2,3,A,-,03,22350,NA,N,C,C,A,A,H,-,A,D,0,NA,NA,NA,NA,Y,NA,A,01,0,0,2,0,0,0,0,0,0,-,-,NA,NA,LOS ANGELES,LANCASTER,-118.11600494384766,34.689456939697266
8968618,2019,2019-11-14,1972,2019-10-06,1456,20763,NA,7,5,6,1972,0,0,0,NA,0,NA,SEPULVEDA BL,CRENSHAW BL,0,NA,Y,A,-,N,NA,NA,NA,NA,NA,NA,NA,NA,NA,N,4,0,1,2,A,-,03,22350,NA,N,C,C,A,A,H,-,A,A,0,NA,NA,NA,NA,Y,NA,A,NA,0,0,1,0,0,0,0,0,0,-,-,NA,NA,LOS ANGELES,TORRANCE,-118.32846069335938,33.821861267089844
8968619,2019,2019-11-19,1900,2019-10-17,0640,634467,0625,4,5,6,1985,0,0,0,NA,0,64T1,MCBEAN PKWY,TOURNAMENT RD,553,E,N,A,-,N,NA,NA,NA,NA,NA,NA,NA,NA,NA,Y,2,0,2,2,A,-,09,21802,A,N,D,C,A,A,H,-,B,D,0,NA,NA,NA,NA,Y,NA,A,01,1,0,1,0,0,0,0,0,0,-,-,34.39485168457031,-118.56317901611328,LOS ANGELES,SANTA CLARITA,-118.56326293945313,34.39474105834961
8968622,2019,2019-11-14,1972,2019-10-17,1319,18263,NA,4,5,6,1972,0,0,0,NA,0,NA,182,AVIS,278,W,N,A,-,N,NA,NA,NA,NA,NA,NA,NA,NA,NA,Y,4,0,2,2,A,-,09,21804,A,N,D,C,A,A,H,-,A,D,0,NA,NA,NA,NA,Y,NA,A,NA,0,0,2,0,0,0,0,0,0,-,-,NA,NA,LOS ANGELES,TORRANCE,-118.34577178955078,33.86555862426758
8968623,2019,2019-11-19,1900,2019-10-15,0825,508705,0617,2,5,6,1985,0,0,0,NA,0,61T1,VIA PRINCESSA,COSTCO PLZ,387,E,N,A,-,N,NA,NA,NA,NA,NA,NA,NA,NA,NA,N,4,0,1,2,A,-,09,21801,A,N,D,C,A,A,H,-,A,D,0,NA,NA,NA,NA,Y,NA,A,01,0,0,1,0,0,0,0,0,0,-,-,34.40330123901367,-118.45909881591795,LOS ANGELES,SANTA CLARITA,-118.45924377441406,34.40315246582031
8968626,2019,2019-11-14,1972,2019-10-21,1445,16610,NA,1,5,6,1972,0,0,0,NA,0,NA,190TH ST,ANZA AV,472,W,N,A,-,N,NA,NA,NA,NA,NA,NA,NA,NA,NA,N,4,0,1,2,A,-,05,21650,NA,N,D,C,A,A,H,-,A,D,0,NA,NA,NA,NA,Y,NA,A,NA,0,0,1,0,0,0,0,0,0,-,-,NA,NA,LOS ANGELES,TORRANCE,-118.36703491210938,33.85826873779297
8968627,2019,2019-11-19,1900,2019-10-14,1945,407357,0632,1,5,6,1985,0,0,0,NA,0,61T1,GOLDEN TRIANGLE RD,ISABELLA PKWY,24,W,N,A,-,N,NA,NA,NA,NA,NA,NA,NA,NA,NA,N,4,0,3,2,A,-,09,21801,A,N,B,C,A,A,H,-,C,A,0,NA,NA,NA,NA,Y,NA,A,07,0,0,3,0,0,0,0,0,0,-,-,34.420528411865234,-118.49397277832033,LOS ANGELES,SANTA CLARITA,-118.49401092529295,34.420536041259766
8968628,2019,2019-11-13,1942,2019-08-31,2310,42029,1655,6,5,7,1942,0,0,0,P,0,16A35,WENTWORTH ST,COAL CANYON RD,250,W,N,A,-,N,NA,NA,NA,NA,NA,NA,NA,NA,NA,Y,4,0,1,2,A,-,07,21658,A,N,B,C,A,A,H,-,D,D,0,NA,NA,NA,NA,Y,NA,A,01,0,0,1,0,0,0,0,0,0,-,-,NA,NA,LOS ANGELES,LOS ANGELES,-118.36878967285156,34.263423919677734
8968630,2019,2019-11-14,1972,2019-10-15,1354,18263,NA,2,5,6,1972,0,0,0,NA,0,NA,REDONDO BEACH BL,WILKIE,0,NA,Y,A,-,N,NA,NA,NA,NA,NA,NA,NA,NA,NA,N,4,0,1,2,A,-,10,21950,A,N,G,B,B,A,H,-,A,D,0,Y,NA,NA,NA,Y,NA,A,NA,0,0,1,0,1,0,0,0,0,-,-,NA,NA,LOS ANGELES,TORRANCE,-118.3230438232422,33.884029388427734
8968631,2019,2019-11-19,1900,2019-10-12,1440,612439,0612,6,5,6,1985,0,0,0,NA,0,61T1,WHITES CANYON RD,DELIGHT ST,0,NA,Y,A,-,N,NA,NA,NA,NA,NA,NA,NA,NA,NA,Y,4,0,1,2,A,-,04,21703,NA,N,C,C,A,A,H,-,A,A,0,NA,NA,NA,NA,Y,NA,A,01,0,0,1,0,0,0,0,0,0,-,-,34.42369842529297,-118.47200012207033,LOS ANGELES,SANTA CLARITA,-118.47206115722656,34.42369842529297
8968635,2019,2019-11-19,1900,2019-10-08,1635,626575,0612,2,5,6,1985,0,0,0,NA,0,61T1,SOLEDAD CANYON RD,HIDAWAY AV,0,NA,Y,A,-,N,NA,NA,NA,NA,NA,NA,NA,NA,NA,Y,4,0,1,2,A,-,09,21802,A,N,D,C,A,A,H,-,A,D,0,NA,NA,NA,NA,Y,NA,A,01,0,0,1,0,0,0,0,0,0,-,-,34.415748596191406,-118.4686279296875,LOS ANGELES,SANTA CLARITA,-118.4689712524414,34.41569900512695
8968639,2019,2019-11-19,1900,2019-10-07,1725,623588,0628,1,5,6,1985,0,0,0,NA,0,62T1,APPLE ST,HERITAGE LN,0,NA,Y,A,-,N,NA,NA,NA,NA,NA,NA,NA,NA,NA,NA,4,0,1,2,A,-,09,21801,A,N,D,C,A,A,H,-,A,D,0,NA,NA,NA,NA,Y,NA,A,01,0,0,1,0,0,0,0,0,0,-,-,34.37691116333008,-118.54222106933594,LOS ANGELES,SANTA CLARITA,-118.54218292236328,34.37638854980469
8968648,2019,2020-01-22,1900,2019-11-01,1659,529539,2910,5,5,4,1974,0,0,0,NA,0,291K1,AMAR RD,CREESIDE RD,0,NA,Y,A,-,N,NA,NA,NA,NA,NA,NA,NA,NA,NA,Y,2,0,2,3,A,-,12,21453,A,N,B,C,A,A,H,-,A,A,0,NA,NA,NA,NA,Y,NA,D,22,1,0,1,0,0,0,0,0,0,-,-,NA,NA,LOS ANGELES,WALNUT,-117.88565063476564,34.032928466796875
8968670,2019,2019-11-19,1900,2019-10-24,1920,623673,2832,4,5,5,1915,0,0,0,NA,0,287D,WILMINGTON AV,KEMP CT,34,S,N,A,-,N,NA,NA,NA,NA,NA,NA,NA,NA,NA,N,4,0,1,2,A,-,03,22350,NA,N,G,G,A,A,H,-,C,D,0,NA,Y,NA,NA,Y,NA,L,04,0,0,1,0,0,0,1,0,0,-,-,NA,NA,LOS ANGELES,COMPTON,-118.23747253417967,33.894195556640625
8968703,2019,2019-11-19,1962,2019-10-18,0705,084,1962,5,5,4,1962,0,0,0,NA,0,004,SAN GABRIEL BL,GRAND AV,0,NA,Y,A,-,N,NA,NA,NA,NA,NA,NA,NA,NA,NA,N,3,0,3,2,A,-,12,22450,A,N,D,C,A,A,H,-,A,A,0,NA,NA,NA,NA,Y,NA,A,01,0,1,2,0,0,0,0,0,0,-,-,34.091739654541016,-118.09091949462892,LOS ANGELES,SAN GABRIEL,-118.09088134765624,34.09170913696289
8968707,2019,2019-11-21,1962,2019-10-07,1628,075,1962,1,5,4,1962,0,0,0,NA,0,004,PEARL ST,SAN GABRIEL BL,0,NA,Y,A,-,N,NA,NA,NA,NA,NA,NA,NA,NA,NA,NA,3,0,1,2,A,-,05,21202,A,N,D,G,A,A,H,-,A,A,0,NA,Y,NA,NA,Y,NA,L,04,0,1,0,0,0,0,1,0,0,-,-,34.0931396484375,-118.09092712402344,LOS ANGELES,SAN GABRIEL,-118.09089660644533,34.0931510925293
8968711,2019,2020-01-09,1962,2019-10-05,1550,151,1962,6,5,4,1962,0,0,0,NA,0,004,MISSION RD,PINE ST,0,NA,Y,A,-,N,NA,NA,NA,NA,NA,NA,NA,NA,NA,N,4,0,1,2,A,-,09,21802,A,N,D,C,A,A,H,-,A,D,0,NA,NA,NA,Y,Y,NA,F,26,0,0,1,0,0,0,0,0,0,-,-,34.09143829345703,-118.09217071533205,LOS ANGELES,SAN GABRIEL,-118.09214019775392,34.09143829345703
8968715,2019,2019-11-18,1962,2019-10-04,0820,084,1962,5,5,4,1962,0,0,0,NA,0,004,SAN GABRIEL BL,PEARL ST,0,NA,Y,A,-,N,NA,NA,NA,NA,NA,NA,NA,NA,NA,NA,4,0,1,2,A,-,09,21801,A,N,D,G,A,A,H,-,A,D,0,NA,Y,NA,NA,Y,NA,D,22,0,0,1,0,0,0,1,0,0,-,-,34.0931396484375,-118.09092712402344,LOS ANGELES,SAN GABRIEL,-118.09089660644533,34.0931510925293
8968723,2019,2019-11-27,1900,2019-10-14,1900,6140471,2840,1,5,5,1915,0,0,0,NA,0,283T1,MYRRH ST,WILLOWBROOK AV EAST,0,NA,Y,A,-,N,NA,NA,NA,NA,NA,NA,NA,NA,NA,N,4,0,2,2,A,-,09,21801,A,N,A,C,A,A,H,-,B,A,0,NA,NA,NA,NA,Y,NA,I,20,0,0,2,0,0,0,0,0,0,-,-,NA,NA,LOS ANGELES,COMPTON,-118.22412109375,33.892269134521484
8968732,2019,2020-01-23,1910,2019-11-05,1151,04335,NA,2,5,4,1910,0,0,0,NA,0,009,N LA CIENEGA BL,WILSHIRE BL,293,S,N,A,-,N,NA,NA,NA,NA,NA,NA,NA,NA,NA,N,4,0,2,2,A,-,03,22350,NA,N,C,C,A,A,H,-,A,D,0,NA,NA,NA,NA,Y,NA,D,22,0,0,2,0,0,0,0,0,0,-,-,34.06433868408203,-118.37615203857422,LOS ANGELES,BEVERLY HILLS,-118.37622833251952,34.065181732177734
8968738,2019,2020-02-07,1956,2019-11-05,1801,1206,26,2,5,5,1956,0,0,0,NA,0,002,DIAMOND ST,LUCIA AV,0,NA,Y,A,-,N,NA,NA,NA,NA,NA,NA,NA,NA,NA,N,4,0,1,2,A,-,08,22107,NA,F,D,G,A,A,H,-,C,D,0,NA,Y,NA,NA,Y,NA,D,22,0,0,1,0,0,0,1,0,0,-,-,NA,NA,LOS ANGELES,REDONDO BEACH,-118.38155364990234,33.849491119384766
8968757,2019,2019-11-27,1942,2019-10-13,1255,42926,0161,7,5,7,1942,0,0,0,A,0,1A61,S FIGUEROA ST,W 8TH PL,258,S,N,A,-,N,NA,NA,NA,NA,NA,NA,NA,NA,NA,N,4,0,1,2,A,-,08,22107,NA,N,D,C,A,A,H,-,A,D,0,NA,NA,NA,NA,Y,NA,A,07,0,0,1,0,0,0,0,0,0,-,-,NA,NA,LOS ANGELES,LOS ANGELES,-118.2628173828125,34.0462532043457
8968765,2019,2019-11-27,1942,2019-10-15,0635,38357,0131,2,5,7,1942,0,0,0,A,0,1A1,S FIGUEROA ST,W 2ND ST,360,N,N,A,-,N,NA,NA,NA,NA,NA,NA,NA,NA,NA,N,3,0,1,2,A,-,09,21801,A,N,D,G,A,A,H,-,A,D,0,NA,Y,NA,NA,Y,NA,D,22,0,1,0,0,0,0,1,0,0,-,-,NA,NA,LOS ANGELES,LOS ANGELES,-118.25238800048828,34.05732727050781
8968769,2019,2019-11-19,1942,2019-10-14,2316,37618,0182,1,5,7,1942,0,0,0,A,0,1A61,S GRAND AV,W OLYMPIC BL,0,NA,Y,A,-,N,NA,NA,NA,NA,NA,NA,NA,NA,NA,Y,4,0,3,3,A,-,12,21453,A,N,D,C,A,A,H,-,C,A,0,NA,NA,NA,NA,Y,Y,A,01,0,0,3,0,0,0,0,0,0,-,-,NA,NA,LOS ANGELES,LOS ANGELES,-118.26061248779295,34.04302978515625
8968781,2019,2019-11-19,1942,2019-10-07,1505,34458,0124,1,5,7,1942,0,0,0,A,0,1A1,E TEMPLE ST,NORTH MAIN ST,6,W,N,A,-,N,NA,NA,NA,NA,NA,NA,NA,NA,NA,N,3,0,1,2,A,-,08,22100,A,N,D,C,A,A,H,-,A,A,0,NA,NA,NA,NA,Y,NA,D,22,0,1,0,0,0,0,0,0,0,-,-,NA,NA,LOS ANGELES,LOS ANGELES,-118.24166107177734,34.054080963134766
8968785,2019,2019-12-17,1942,2019-10-02,2020,30083,0133,3,5,7,1942,0,0,0,A,0,1A1,S HILL ST,W 3RD ST,0,NA,Y,A,-,N,NA,NA,NA,NA,NA,NA,NA,NA,NA,N,3,0,1,2,A,-,10,21950,A,N,G,B,B,A,H,-,C,A,0,Y,NA,NA,NA,Y,NA,I,20,0,1,0,0,1,0,0,0,0,-,-,NA,NA,LOS ANGELES,LOS ANGELES,-118.24913024902344,34.051639556884766
8968794,2019,2019-11-26,1942,2019-09-28,0200,43655,NORTH,6,5,7,1942,0,0,0,NA,0,11A95,EAGLE ROCK BL,ESTARA AV,300,N,N,A,-,N,NA,NA,NA,NA,NA,NA,NA,NA,NA,Y,4,0,1,2,A,-,03,22350,NA,N,B,E,A,A,H,-,C,A,0,NA,NA,NA,NA,Y,NA,A,01,0,0,1,0,0,0,0,0,0,-,-,NA,NA,LOS ANGELES,LOS ANGELES,-118.2362823486328,34.11390686035156
8968798,2019,2019-11-18,1900,2019-10-25,0945,611249,2872,5,5,5,1915,0,0,0,NA,0,284,CENTRAL AV,ROSECRANS AV,8,S,N,A,-,N,NA,NA,NA,NA,NA,NA,NA,NA,NA,N,4,0,2,2,A,-,10,21950,A,N,G,B,B,A,H,-,A,A,0,Y,NA,NA,NA,Y,NA,D,22,0,0,2,0,1,0,0,0,0,-,-,NA,NA,LOS ANGELES,COMPTON,-118.25355529785156,33.90279006958008
8968802,2019,2019-11-19,1942,2019-10-31,2350,42309,1025,4,5,7,1942,0,0,0,J,0,10A3,SHERMAN WY,LINDLEY AV,0,NA,Y,A,-,N,NA,NA,NA,NA,NA,NA,NA,NA,NA,Y,3,0,1,2,A,-,01,23152,A,N,D,C,A,A,H,-,C,A,0,NA,NA,NA,NA,Y,Y,A,01,0,1,0,0,0,0,0,0,0,-,-,NA,NA,LOS ANGELES,LOS ANGELES,-118.5272979736328,34.201080322265625
8968806,2019,2019-11-19,1942,2019-10-29,2240,32774,2172,2,5,7,1942,0,0,0,NA,0,21A73,VALLEY CIRCLE BL,N MARIANO ST,500,NA,N,A,-,N,NA,NA,NA,NA,NA,NA,NA,NA,NA,Y,3,0,2,2,A,-,01,23152,A,N,C,E,A,A,H,-,C,A,0,NA,NA,NA,NA,Y,Y,A,07,0,2,0,0,0,0,0,0,0,-,-,NA,NA,LOS ANGELES,LOS ANGELES,-118.6426239013672,34.16838836669922
8968822,2019,2019-11-19,1910,2019-10-21,0654,360,NA,1,5,4,1910,0,0,0,NA,0,006,NORTH SANTA MONICA BL,N MAPLE DR,0,NA,Y,A,-,N,NA,NA,NA,NA,NA,NA,NA,NA,NA,Y,3,0,1,2,A,-,08,22100,A,N,B,C,A,A,H,-,B,D,0,NA,NA,Y,NA,Y,NA,A,01,0,1,0,0,0,0,0,0,1,-,-,34.076560974121094,-118.39665985107422,LOS ANGELES,BEVERLY HILLS,-118.39659881591795,34.07651901245117
8968826,2019,2019-11-19,1910,2019-10-18,1736,03209,NA,5,5,4,1910,0,0,0,NA,0,007,SOUTH SANTA MONICA BL,BEVERLY DR,153,E,N,A,-,N,NA,NA,NA,NA,NA,NA,NA,NA,NA,N,4,0,1,2,A,-,03,22350,NA,N,B,G,A,A,H,-,A,A,0,NA,Y,NA,NA,Y,NA,L,04,0,0,1,0,0,0,1,0,0,-,-,NA,NA,LOS ANGELES,BEVERLY HILLS,-118.40287017822266,34.071533203125
8968830,2019,2019-11-19,1910,2019-10-16,1715,03633,NA,3,5,4,1910,0,0,0,NA,0,005,OLYMPIC BL,LINDEN DR,0,NA,Y,A,-,N,NA,NA,NA,NA,NA,NA,NA,NA,NA,Y,3,0,2,3,A,-,09,21801,A,N,D,C,A,A,H,-,A,D,0,NA,NA,Y,NA,Y,NA,A,01,0,1,1,0,0,0,0,0,1,-,-,NA,NA,LOS ANGELES,BEVERLY HILLS,-118.40782165527344,34.059688568115234
8968834,2019,2019-11-19,1910,2019-10-10,1005,03494,NA,4,5,4,1910,0,0,0,NA,0,004,BEVERLY DR,CARMELITA AV,0,NA,Y,A,-,N,NA,NA,NA,NA,NA,NA,NA,NA,NA,Y,3,0,2,2,A,-,09,21802,A,N,D,C,A,A,H,-,A,A,0,NA,NA,NA,NA,Y,NA,A,01,0,1,1,0,0,0,0,0,0,-,-,NA,NA,LOS ANGELES,BEVERLY HILLS,-118.4069366455078,34.07429885864258
8968838,2019,2019-11-19,1910,2019-10-17,0705,360,NA,4,5,4,1910,0,0,0,NA,0,006,NORTH SANTA MONICA BL,N BEVERLY DR,0,NA,Y,A,-,N,NA,NA,NA,NA,NA,NA,NA,NA,NA,Y,4,0,2,2,A,-,09,21801,A,N,D,C,A,A,H,-,A,A,0,NA,NA,NA,NA,Y,NA,A,01,0,0,2,0,0,0,0,0,0,-,-,34.07170104980469,-118.4036102294922,LOS ANGELES,BEVERLY HILLS,-118.40367126464844,34.07167053222656
8968842,2019,2019-11-19,1910,2019-10-15,0732,360,NA,2,5,4,1910,0,0,0,NA,0,009,WILSHIRE BL,ROBERTSON BL,43,E,N,A,-,N,NA,NA,NA,NA,NA,NA,NA,NA,NA,Y,3,0,2,3,A,-,05,21460,A,N,B,C,A,A,H,-,B,D,0,NA,NA,NA,NA,Y,NA,A,01,0,1,1,0,0,0,0,0,0,-,-,34.066978454589844,-118.38339996337892,LOS ANGELES,BEVERLY HILLS,-118.38355255126952,34.06702423095703
8968846,2019,2019-11-19,1910,2019-10-08,1043,04126,NA,2,5,4,1910,0,0,0,NA,0,005,WILSHIRE BL,NORTH SANTA MONICA BL,0,NA,Y,A,-,N,NA,NA,NA,NA,NA,NA,NA,NA,NA,N,3,0,1,1,C,-,18,NA,NA,N,H,J,A,A,A,-,A,D,0,NA,Y,NA,NA,Y,NA,-,-,0,1,0,0,0,0,1,0,0,-,-,NA,NA,LOS ANGELES,BEVERLY HILLS,-118.4104232788086,34.06707000732422
8968850,2019,2019-11-19,1910,2019-10-29,0824,360,NA,2,5,4,1910,0,0,0,NA,0,004,SUNSET BL,HARTFORD WY,22,E,N,A,-,N,NA,NA,NA,NA,NA,NA,NA,NA,NA,Y,4,0,2,2,A,-,03,22350,NA,N,C,C,A,A,H,-,A,A,0,NA,NA,NA,NA,Y,NA,A,07,0,0,2,0,0,0,0,0,0,-,-,34.08018112182617,-118.41416168212892,LOS ANGELES,BEVERLY HILLS,-118.41417694091795,34.08015060424805
8968854,2019,2019-11-19,1910,2019-10-31,1322,03494,NA,4,5,4,1910,0,0,0,NA,0,005,OLYMPIC BL,PECK DR,0,NA,Y,A,-,N,NA,NA,NA,NA,NA,NA,NA,NA,NA,Y,4,0,1,3,A,-,09,21801,A,N,D,C,A,A,H,-,A,A,0,NA,NA,NA,NA,Y,NA,A,01,0,0,1,0,0,0,0,0,0,-,-,NA,NA,LOS ANGELES,BEVERLY HILLS,-118.40348052978516,34.0596809387207
8968858,2019,2019-11-19,1910,2019-10-24,2045,04711,NA,4,5,4,1910,0,0,0,NA,0,004,W SANTA MONICA BL,N WHITTIER DR,0,NA,Y,A,-,N,NA,NA,NA,NA,NA,NA,NA,NA,NA,Y,4,0,1,2,A,-,12,21453,A,N,A,C,A,A,H,-,C,A,0,NA,NA,NA,NA,Y,NA,A,01,0,0,1,0,0,0,0,0,0,-,-,34.06719970703125,-118.4145965576172,LOS ANGELES,BEVERLY HILLS,-118.414652,34.067076
8968862,2019,2019-11-19,1910,2019-10-18,1344,03494,NA,5,5,4,1910,0,0,0,NA,0,005,OLYMPIC BL,PECK DR,0,NA,Y,A,-,N,NA,NA,NA,NA,NA,NA,NA,NA,NA,Y,4,0,1,3,A,-,09,21801,A,N,D,C,A,A,H,-,A,D,0,NA,NA,NA,NA,Y,NA,A,01,0,0,1,0,0,0,0,0,0,-,-,NA,NA,LOS ANGELES,BEVERLY HILLS,-118.40348052978516,34.0596809387207
8968866,2019,2019-11-19,1900,2019-10-25,1755,541587,2917,5,5,4,1974,0,0,0,NA,0,291K1,NOGALES ST,FRANCESCA DR,266,S,N,A,-,N,NA,NA,NA,NA,NA,NA,NA,NA,NA,Y,3,0,1,3,A,-,03,22350,NA,N,C,C,A,A,H,-,A,A,0,NA,NA,NA,NA,Y,NA,A,01,0,1,0,0,0,0,0,0,0,-,-,NA,NA,LOS ANGELES,WALNUT,-117.8939208984375,34.02431106567383
8968870,2019,2019-11-19,1900,2019-10-22,1750,609626,2914,2,5,4,1974,0,0,0,NA,0,291K1,AMAR RD,COUNTRYSIDE DR,252,W,N,A,-,N,NA,NA,NA,NA,NA,NA,NA,NA,NA,Y,4,0,1,2,A,-,03,22350,NA,N,C,C,A,A,H,-,A,D,0,NA,NA,NA,NA,Y,NA,A,07,0,0,1,0,0,0,0,0,0,-,-,NA,NA,LOS ANGELES,WALNUT,-117.86994171142578,34.0364875793457
8968874,2019,2019-11-19,1900,2019-10-30,1403,520671,2924,3,5,5,1990,0,0,0,NA,0,292T1,GOLDEN SPRINGS DR,CENTER DR,0,NA,Y,A,-,N,NA,NA,60,NA,NA,NA,NA,NA,NA,Y,3,0,2,2,A,-,09,21801,A,N,D,C,A,A,H,-,A,A,0,NA,NA,NA,NA,Y,NA,A,01,0,2,0,0,0,0,0,0,0,-,-,34.00185012817383,-117.83238983154295,LOS ANGELES,DIAMOND BAR,-117.83267974853516,34.00249481201172
8968881,2018,2020-03-06,1918,2018-10-25,1945,798,1918,4,5,4,1918,0,0,0,NA,0,4T24,WASHINGTON BL,MIDWAY AV,0,NA,Y,A,-,N,NA,NA,NA,NA,NA,NA,NA,NA,NA,Y,2,0,3,4,A,-,09,21801,A,N,D,C,A,A,H,-,C,D,0,NA,NA,Y,NA,Y,NA,A,01,1,1,1,0,0,0,0,0,2,-,-,34.015350341796875,-118.40712738037108,LOS ANGELES,CULVER CITY,-118.40715026855467,34.01533889770508
8968884,2018,2019-11-07,1918,2018-11-30,0802,1123,NA,5,5,4,1918,0,0,0,NA,0,4T25,BOISE AV,WASHINGTON BL,0,NA,Y,A,-,N,NA,NA,NA,NA,NA,NA,NA,NA,NA,N,3,0,1,2,A,-,10,21950,A,N,G,B,B,A,H,-,A,A,0,Y,NA,NA,NA,Y,NA,A,01,0,1,0,0,1,0,0,0,0,-,-,33.99678039550781,-118.43170928955078,LOS ANGELES,CULVER CITY,-118.43163299560548,33.99678039550781
8968885,2018,2020-03-06,1918,2018-10-22,1535,1055,3,1,5,4,1918,0,0,0,NA,0,PATROL,WASHINGTON PL,GRAND VIEW BL,20,W,N,A,-,N,NA,NA,NA,NA,NA,NA,NA,NA,NA,N,3,0,3,2,A,-,12,21453,A,N,D,C,A,A,H,-,A,A,0,NA,NA,NA,NA,Y,NA,A,07,0,1,2,0,0,0,0,0,0,-,-,34.00056838989258,-118.42784881591795,LOS ANGELES,CULVER CITY,-118.42798614501952,34.00060272216797
8968888,2018,2019-11-07,1918,2018-11-29,1453,798,1918,4,5,4,1918,0,0,0,NA,0,4T24,CULVER BL,MAIN ST,52,E,N,B,-,N,NA,NA,NA,NA,NA,NA,NA,NA,NA,N,4,0,1,2,A,-,03,22350,NA,N,C,C,A,B,H,-,A,A,0,NA,NA,NA,NA,Y,NA,A,01,0,0,1,0,0,0,0,0,0,-,-,34.02439880371094,-118.39405059814452,LOS ANGELES,CULVER CITY,-118.3940658569336,34.02450942993164
8968889,2018,2020-03-06,1918,2018-10-26,1854,798,1918,5,5,4,1918,0,0,0,NA,0,4T24,SEPULVEDA BL,JEFFERSON BL,0,NA,Y,A,-,N,NA,NA,NA,NA,NA,NA,NA,NA,NA,N,4,0,1,1,A,-,08,22107,NA,N,E,I,A,A,H,-,C,D,0,NA,NA,NA,NA,Y,NA,A,01,0,0,1,0,0,0,0,0,0,-,-,33.99599838256836,-118.39559173583984,LOS ANGELES,CULVER CITY,-118.39563751220705,33.995948791503906
8968892,2018,2019-11-07,1918,2018-11-28,0756,1123,NA,3,5,4,1918,0,0,0,NA,0,4T25,SEPULVEDA BL,VERA WY,0,NA,Y,A,-,N,NA,NA,NA,NA,NA,NA,NA,NA,NA,Y,4,0,1,2,A,-,03,22350,NA,N,C,C,A,A,H,-,A,D,0,NA,NA,NA,NA,Y,NA,A,01,0,0,1,0,0,0,0,0,0,-,-,33.99340057373047,-118.3952865600586,LOS ANGELES,CULVER CITY,-118.395287,33.993401
8968896,2018,2019-11-07,1918,2018-11-26,1705,701,1918,1,5,4,1918,0,0,0,NA,0,4T5,WASHINGTON BL,ROBERTSON BL,330,W,N,A,-,N,NA,NA,NA,NA,NA,NA,NA,NA,NA,N,4,0,1,2,A,-,07,21658,A,N,B,C,A,A,H,-,C,D,0,NA,NA,NA,NA,Y,NA,A,01,0,0,1,0,0,0,0,0,0,-,-,34.02602005004883,-118.39016723632813,LOS ANGELES,CULVER CITY,-118.39110565185548,34.02545928955078
8968900,2018,2019-11-07,1918,2018-11-26,0635,1056,NA,1,5,4,1918,0,0,0,NA,0,4T26,MADISON AV,CULVER BL,0,NA,Y,A,-,N,NA,NA,NA,NA,NA,NA,NA,NA,NA,N,4,0,1,2,D,-,00,NA,NA,N,G,B,E,A,H,-,A,A,0,Y,NA,NA,NA,Y,NA,-,-,0,0,1,0,1,0,0,0,0,-,-,34.01966857910156,-118.39779663085938,LOS ANGELES,CULVER CITY,-118.39788818359376,34.01969909667969