CASE_ID,ACCIDENT_YEAR,PROC_DATE,JURIS,COLLISION_DATE,COLLISION_TIME,OFFICER_ID,REPORTING_DISTRICT,DAY_OF_WEEK,CHP_SHIFT,POPULATION,CNTY_CITY_LOC,SPECIAL_COND,BEAT_TYPE,CHP_BEAT_TYPE,CITY_DIVISION_LAPD,CHP_BEAT_CLASS,BEAT_NUMBER,PRIMARY_RD,SECONDARY_RD,DISTANCE,DIRECTION,INTERSECTION,WEATHER_1,WEATHER_2,STATE_HWY_IND,CALTRANS_COUNTY,CALTRANS_DISTRICT,STATE_ROUTE,ROUTE_SUFFIX,POSTMILE_PREFIX,POSTMILE,LOCATION_TYPE,RAMP_INTERSECTION,SIDE_OF_HWY,TOW_AWAY,COLLISION_SEVERITY,NUMBER_KILLED,NUMBER_INJURED,PARTY_COUNT,PRIMARY_COLL_FACTOR,PCF_CODE_OF_VIOL,PCF_VIOL_CATEGORY,PCF_VIOLATION,PCF_VIOL_SUBSECTION,HIT_AND_RUN,TYPE_OF_COLLISION,MVIW,PED_ACTION,ROAD_SURFACE,ROAD_COND_1,ROAD_COND_2,LIGHTING,CONTROL_DEVICE,CHP_ROAD_TYPE,PEDESTRIAN_ACCIDENT,BICYCLE_ACCIDENT,MOTORCYCLE_ACCIDENT,TRUCK_ACCIDENT,NOT_PRIVATE_PROPERTY,ALCOHOL_INVOLVED,STWD_VEHTYPE_AT_FAULT,CHP_VEHTYPE_AT_FAULT,COUNT_SEVERE_INJ,COUNT_VISIBLE_INJ,COUNT_COMPLAINT_PAIN,COUNT_PED_KILLED,COUNT_PED_INJURED,COUNT_BICYCLIST_KILLED,COUNT_BICYCLIST_INJURED,COUNT_MC_KILLED,COUNT_MC_INJURED,PRIMARY_RAMP,SECONDARY_RAMP,LATITUDE,LONGITUDE,COUNTY,CITY,POINT_X,POINT_Y
8969758,2019,2019-12-02,1942,2019-09-08,2255,38434,1242,7,5,7,1942,0,0,0,L,0,12A53,8TH AV,63RD ST,0,NA,Y,A,-,N,NA,NA,NA,NA,NA,NA,NA,NA,NA,Y,4,0,1,2,A,-,12,22450,A,N,E,E,A,A,H,-,C,A,0,NA,NA,NA,NA,Y,NA,A,01,0,0,1,0,0,0,0,0,0,-,-,NA,NA,LOS ANGELES,LOS ANGELES,-118.32648,33.98295
8969759,2019,2019-11-14,1969,2019-09-20,0731,10228,PATRO,5,5,5,1969,0,0,0,NA,0,002,TWEEDY BL,DEARBORN AV,135,W,N,A,-,N,NA,NA,NA,NA,NA,NA,NA,NA,NA,N,4,0,3,2,A,-,08,22107,NA,N,D,C,A,A,H,-,A,A,0,NA,NA,NA,NA,Y,NA,A,01,0,0,3,0,0,0,0,0,0,-,-,NA,NA,LOS ANGELES,SOUTH GATE,-118.21234130859376,33.944942474365234
8969763,2019,2019-11-22,1942,2019-09-29,1235,43265,1645,7,5,7,1942,0,0,0,P,0,16A81,GLENOAKS BL,OSBORNE ST,150,N,N,A,-,N,NA,NA,NA,NA,NA,NA,NA,NA,NA,Y,4,0,1,2,A,-,04,21703,NA,N,C,C,A,A,H,-,A,D,0,NA,NA,NA,NA,Y,NA,D,22,0,0,1,0,0,0,0,0,0,-,-,NA,NA,LOS ANGELES,LOS ANGELES,-118.40227508544922,34.26502227783203
8969767,2019,2019-11-22,1942,2019-09-23,0830,43034,1687,1,5,7,1942,0,0,0,P,0,5EL1,STRATHERN ST,TUJUNGA AV,25,W,N,B,-,N,NA,NA,NA,NA,NA,NA,NA,NA,NA,N,4,0,1,2,A,-,03,22350,NA,N,C,C,A,A,H,-,A,A,0,NA,NA,NA,NA,Y,NA,D,22,0,0,1,0,0,0,0,0,0,-,-,NA,NA,LOS ANGELES,LOS ANGELES,-118.37914276123048,34.215702056884766
8969771,2019,2019-11-22,1942,2019-09-04,0815,39241,1664,3,5,7,1942,0,0,0,P,0,16A77,SHELDON ST,GLENOAKS BL,50,W,N,A,-,N,NA,NA,NA,NA,NA,NA,NA,NA,NA,N,4,0,1,3,A,-,04,21703,NA,N,C,D,A,A,H,-,C,A,0,NA,NA,NA,NA,Y,NA,D,22,0,0,1,0,0,0,0,0,0,-,-,NA,NA,LOS ANGELES,LOS ANGELES,-118.38406372070313,34.246341705322266
8969775,2019,2019-11-22,1942,2019-09-04,0920,43824,1665,3,5,7,1942,0,0,0,P,0,16A77,GLENOAKS BL,PEORIA ST,300,S,N,A,-,N,NA,NA,NA,NA,NA,NA,NA,NA,NA,Y,2,0,1,5,A,-,08,22107,NA,N,B,E,A,A,H,-,A,D,0,NA,NA,NA,NA,Y,NA,D,22,1,0,0,0,0,0,0,0,0,-,-,NA,NA,LOS ANGELES,LOS ANGELES,-118.37700653076172,34.23982620239258
8969779,2019,2019-11-27,1942,2019-10-23,1505,40119,1606,3,5,7,1942,0,0,0,P,0,16A35,LEXICON AV,OSBORNE ST,80,W,N,A,-,N,NA,NA,NA,NA,NA,NA,NA,NA,NA,N,4,0,1,2,A,-,21,22106,NA,N,H,C,A,A,H,-,A,D,0,NA,NA,NA,NA,Y,NA,D,22,0,0,1,0,0,0,0,0,0,-,-,NA,NA,LOS ANGELES,LOS ANGELES,-118.37802124023438,34.27745819091797
8969783,2019,2019-11-26,1942,2019-10-29,0640,38326,1685,2,5,7,1942,0,0,0,P,0,16A81,LANKERSHIM BL,TUXFORD ST,100,S,N,A,-,N,NA,NA,NA,NA,NA,NA,NA,NA,NA,N,4,0,3,3,A,-,08,22107,NA,N,C,C,A,A,H,-,A,A,0,NA,NA,NA,NA,Y,NA,A,08,0,0,3,0,0,0,0,0,0,-,-,NA,NA,LOS ANGELES,LOS ANGELES,-118.38780212402344,34.222206115722656
8969784,2019,2020-01-31,1947,2019-10-30,0829,1369,NA,3,5,5,1947,0,0,0,NA,0,00E,WEST WASHINGTON BL,S GREENWOOD AV,0,NA,Y,A,-,N,NA,NA,NA,NA,NA,NA,NA,NA,NA,Y,4,0,2,2,A,-,03,22350,NA,N,C,C,A,-,H,-,A,A,0,NA,NA,NA,NA,Y,NA,I,11,0,0,2,0,0,0,0,0,0,-,-,33.99515151977539,-118.11930084228516,LOS ANGELES,MONTEBELLO,-118.11930847167967,33.9951286315918
8969787,2019,2020-01-06,1942,2019-10-07,1215,40119,1621,1,5,7,1942,0,0,0,P,0,16A11,LAUREL CANYON BL,WEIDNER ST,211,S,N,A,-,N,NA,NA,NA,NA,NA,NA,NA,NA,NA,Y,3,0,1,2,A,-,03,22350,NA,N,C,E,A,A,H,-,A,D,0,NA,NA,NA,Y,Y,NA,A,01,0,1,0,0,0,0,0,0,0,-,-,NA,NA,LOS ANGELES,LOS ANGELES,-118.43634796142578,34.26280212402344
8969788,2019,2020-02-18,1947,2019-10-16,1351,NA,NA,3,5,5,1947,0,0,0,NA,0,00E,NORTH GARFIELD AV,W WHITTIER BL W,0,NA,Y,A,-,N,NA,NA,NA,NA,NA,NA,NA,NA,NA,Y,3,0,1,2,A,-,12,21453,A,N,D,C,A,A,H,-,A,A,0,NA,NA,NA,NA,Y,Y,D,22,0,1,0,0,0,0,0,0,0,-,-,34.014671325683594,-118.13001251220705,LOS ANGELES,MONTEBELLO,-118.13002777099608,34.01459884643555
8969791,2019,2019-11-27,1942,2019-10-18,0830,31688,1665,5,5,7,1942,0,0,0,P,0,35M32,GLENOAKS BL,TRUESDALE ST,300,S,N,A,-,N,NA,NA,NA,NA,NA,NA,NA,NA,NA,N,4,0,1,2,A,-,07,21658,A,N,C,E,A,A,H,-,A,A,0,NA,NA,NA,NA,Y,NA,-,NA,0,0,1,0,0,0,0,0,0,-,-,NA,NA,LOS ANGELES,LOS ANGELES,-118.38643646240234,34.24879837036133
8969792,2019,2020-01-28,1947,2019-10-12,2110,NA,NA,6,5,5,1947,0,0,0,NA,0,00C,N 6TH ST,WEST BEVERLY BL,0,NA,Y,A,-,N,NA,NA,NA,NA,NA,NA,NA,NA,NA,N,3,0,2,2,A,-,-,NA,NA,N,D,C,A,A,H,-,-,A,0,NA,NA,NA,NA,Y,NA,-,-,0,1,1,0,0,0,0,0,0,-,-,34.01675033569336,-118.10384368896484,LOS ANGELES,MONTEBELLO,-118.10386657714844,34.01675033569336
8969795,2019,2019-12-12,1942,2019-10-14,1020,31688,1663,1,5,7,1942,0,0,0,P,0,35M32,SAN FERNANDO RD,SHELDON ST,0,NA,Y,A,-,N,NA,NA,NA,NA,NA,NA,NA,NA,NA,Y,4,0,1,2,A,-,12,22450,NA,N,D,C,A,A,H,-,A,A,0,NA,NA,NA,NA,Y,NA,-,NA,0,0,1,0,0,0,0,0,0,-,-,NA,NA,LOS ANGELES,LOS ANGELES,-118.39370727539064,34.23929977416992
8969799,2019,2019-11-26,1942,2019-10-24,1515,40165,1643,4,5,7,1942,0,0,0,P,0,16A23,VAN NUYS BL,SAN FERNANDO RD,50,W,N,A,-,N,NA,NA,NA,NA,NA,NA,NA,NA,NA,N,4,0,3,3,A,-,21,22106,NA,N,C,C,A,A,H,-,A,D,0,NA,NA,NA,NA,Y,NA,A,01,0,0,3,0,0,0,0,0,0,-,-,NA,NA,LOS ANGELES,LOS ANGELES,-118.42223358154295,34.26601028442383
8969800,2019,2019-12-27,1947,2019-10-23,1742,1428,NA,3,5,5,1947,0,0,0,NA,0,00B,N WILCOX AV,W HARDING AV,0,NA,Y,A,-,N,NA,NA,NA,NA,NA,NA,NA,NA,NA,N,4,0,1,2,A,-,09,21804,A,N,D,C,A,A,H,-,A,D,0,NA,NA,Y,NA,Y,NA,C,06,0,0,1,0,0,0,0,0,1,-,-,34.01900863647461,-118.12339782714844,LOS ANGELES,MONTEBELLO,-118.12342834472656,34.01900100708008
8969803,2019,2019-11-26,1942,2019-10-23,1625,40972,1681,3,5,7,1942,0,0,0,P,0,26TL52,ROSCOE BL,LAUREL CANYON BL,450,W,N,A,-,N,NA,NA,NA,NA,NA,NA,NA,NA,NA,Y,4,0,1,2,A,-,09,21801,A,N,D,C,A,A,H,-,A,A,0,NA,NA,NA,NA,Y,NA,A,01,0,0,1,0,0,0,0,0,0,-,-,NA,NA,LOS ANGELES,LOS ANGELES,-118.3979949951172,34.221649169921875
8969804,2019,2020-01-28,1947,2019-10-15,1852,1368,NA,2,5,5,1947,0,0,0,NA,0,00B,W LINCOLN AV,HOWARD AV,300,W,N,A,-,N,NA,NA,NA,NA,NA,NA,NA,NA,NA,Y,4,0,2,2,A,-,03,22350,NA,N,C,C,A,A,H,-,C,A,0,NA,NA,NA,NA,Y,NA,D,22,0,0,2,0,0,0,0,0,0,-,-,NA,NA,LOS ANGELES,MONTEBELLO,-118.11005401611328,34.021827697753906
8969805,2019,2020-01-22,1900,2019-11-03,0805,489533,0455,7,5,6,1949,0,0,0,NA,0,43T1,PIONEER BL,EXCELSIOR DR,0,NA,Y,A,-,N,NA,NA,NA,NA,NA,NA,NA,NA,NA,Y,3,0,2,3,A,-,09,21801,A,N,D,C,A,A,H,-,A,A,0,NA,NA,NA,NA,Y,NA,D,22,0,1,1,0,0,0,0,0,0,-,-,NA,NA,LOS ANGELES,NORWALK,-118.08251953125,33.8949089050293
8969806,2019,2020-01-28,1941,2019-11-02,1049,10805,NA,6,5,7,1941,0,0,0,NA,0,NA,68TH ST,PARAMOUNT BL,0,NA,Y,A,-,N,NA,NA,NA,NA,NA,NA,NA,NA,NA,N,4,0,1,2,A,-,21,22106,NA,N,C,C,A,A,H,-,A,A,0,NA,NA,NA,Y,Y,NA,G,NA,0,0,1,0,0,0,0,0,0,-,-,NA,NA,LOS ANGELES,LONG BEACH,-118.16002655029295,33.87831115722656
8969811,2019,2020-01-06,1942,2019-10-18,1910,42818,1675,5,5,7,1942,0,0,0,P,0,16A77,TUXFORD ST,HERRICK AV,0,NA,Y,A,-,N,NA,NA,NA,NA,NA,NA,NA,NA,NA,Y,4,0,1,2,A,-,08,22100,A,N,B,C,A,A,H,-,C,A,0,NA,NA,NA,Y,Y,Y,F,26,0,0,1,0,0,0,0,0,0,-,-,NA,NA,LOS ANGELES,LOS ANGELES,-118.37452697753906,34.232208251953125
8969815,2019,2019-12-02,1942,2019-10-21,1635,39275,1684,1,5,7,1942,0,0,0,P,0,16A81,WEBB AV,ROSCOE BL,40,S,N,A,-,N,NA,NA,NA,NA,NA,NA,NA,NA,NA,N,4,0,4,3,A,-,05,21460,A,N,D,C,A,A,H,-,A,A,0,NA,NA,NA,NA,Y,NA,D,22,0,0,4,0,0,0,0,0,0,-,-,NA,NA,LOS ANGELES,LOS ANGELES,-118.39295959472656,34.221553802490234
8969817,2019,2019-12-04,1900,2019-10-29,2250,612130,0460,2,5,4,1936,0,0,0,NA,0,46T1,LA MIRADA BL,HUTCHINS DR,0,NA,Y,A,-,N,NA,NA,NA,NA,NA,NA,NA,NA,NA,Y,3,0,2,2,A,-,17,21451,A,N,D,C,A,A,H,-,C,A,0,NA,NA,NA,NA,Y,NA,A,01,0,1,1,0,0,0,0,0,0,-,-,NA,NA,LOS ANGELES,LA MIRADA,-118.01199340820313,33.919158935546875
8969823,2019,2020-01-23,1942,2019-11-01,1415,39473,1601,5,5,7,1942,0,0,0,P,0,16A11,FOOTHILL BL,PAXTON ST,500,S,N,A,-,N,NA,NA,NA,NA,NA,NA,NA,NA,NA,Y,4,0,1,2,A,-,06,21755,A,N,B,C,A,A,H,-,A,A,0,NA,NA,NA,NA,Y,NA,A,07,0,0,1,0,0,0,0,0,0,-,-,NA,NA,LOS ANGELES,LOS ANGELES,-118.40679168701172,34.28622055053711
8969826,2019,2020-01-22,1941,2019-11-04,1625,5145,NA,1,5,7,1941,0,0,0,NA,0,NA,TERMINAL ISLAND FWY,WILLOW ST,1056,S,N,A,-,N,NA,NA,NA,NA,NA,NA,NA,NA,NA,Y,3,0,1,2,A,-,03,22350,NA,N,C,J,A,A,H,-,A,D,0,NA,NA,NA,NA,Y,NA,-,NA,0,1,0,0,0,0,0,0,0,-,-,NA,NA,LOS ANGELES,LONG BEACH,-118.2214813232422,33.80154037475586
8969827,2019,2019-11-25,1942,2019-08-30,1630,41561,1669,5,5,7,1942,0,0,0,P,0,16X58,FOOTHILL BL,PALI AV,60,E,N,A,-,N,NA,NA,NA,NA,NA,NA,NA,NA,NA,Y,3,0,3,4,A,-,03,22350,NA,N,C,C,A,A,H,-,A,A,0,NA,NA,NA,NA,Y,NA,A,01,0,1,2,0,0,0,0,0,0,-,-,NA,NA,LOS ANGELES,LOS ANGELES,-118.27035522460938,34.2430305480957
8969834,2019,2019-11-26,1942,2019-10-26,1955,38185,0923,6,5,7,1942,0,0,0,I,0,9A23,VANOWEN ST,NOBLE AV,132,E,N,A,-,N,NA,NA,NA,NA,NA,NA,NA,NA,NA,Y,2,0,1,3,A,-,03,22350,NA,N,B,B,E,A,H,-,C,D,0,Y,NA,NA,NA,Y,NA,D,22,1,0,0,0,1,0,0,0,0,-,-,NA,NA,LOS ANGELES,LOS ANGELES,-118.4614028930664,34.193931579589844
8969838,2019,2019-11-22,1942,2019-09-16,1130,32264,1612,1,5,7,1942,0,0,0,P,0,16EL2,GLENOAKS BL,PAXTON ST,80,N,N,A,-,N,NA,NA,NA,NA,NA,NA,NA,NA,NA,N,4,0,1,2,A,-,07,21658,A,N,B,C,A,A,H,-,A,A,0,NA,NA,NA,NA,Y,NA,A,01,0,0,1,0,0,0,0,0,0,-,-,NA,NA,LOS ANGELES,LOS ANGELES,-118.41817474365234,34.279823303222656
8969841,2019,2020-01-27,1947,2019-10-14,0622,SENNCAST,NA,1,5,5,1947,0,0,0,NA,0,00B,N VAIL AV,W MADISON AV,0,NA,Y,A,-,N,NA,NA,NA,NA,NA,NA,NA,NA,NA,N,3,0,1,2,A,-,10,21950,A,N,G,B,B,A,H,-,E,D,0,Y,NA,NA,NA,Y,NA,A,01,0,1,0,0,1,0,0,0,0,-,-,34.01601028442383,-118.11813354492188,LOS ANGELES,MONTEBELLO,-118.11817169189452,34.016021728515625
8969842,2019,2019-11-22,1942,2019-10-25,0745,39701,1638,5,5,7,1942,0,0,0,P,0,26TL77,TUJUNGA CANYON BL,LAS LUNITAS,100,S,N,A,-,N,NA,NA,NA,NA,NA,NA,NA,NA,NA,N,4,0,1,2,A,-,11,21956,A,N,G,B,D,A,H,-,A,D,0,Y,NA,NA,NA,Y,NA,N,60,0,0,1,0,1,0,0,0,0,-,-,NA,NA,LOS ANGELES,LOS ANGELES,-118.29132843017578,34.256690979003906
8969844,2019,2019-12-19,1900,2019-10-31,0246,626681,2246,4,5,3,1989,0,0,0,NA,0,225,PARKWAY CALABASAS,CAMINO PORTAL,0,NA,Y,A,G,N,NA,NA,NA,NA,NA,NA,NA,NA,NA,Y,4,0,1,1,A,-,03,22350,NA,N,E,J,A,A,H,-,C,D,0,NA,NA,NA,NA,Y,NA,A,01,0,0,1,0,0,0,0,0,0,-,-,NA,NA,LOS ANGELES,CALABASAS,-118.65884,34.13869
8969845,2019,2020-01-27,1947,2019-10-14,1512,YZAGUIRR,NA,1,5,5,1947,0,0,0,NA,0,00F,MONTEBELLO BL,PARAMOUNT BL,0,NA,Y,A,-,N,NA,NA,NA,NA,NA,NA,NA,NA,NA,NA,4,0,1,3,A,-,09,21801,A,N,A,C,A,A,D,-,-,A,0,NA,NA,NA,NA,Y,NA,A,01,0,0,1,0,0,0,0,0,0,-,-,34.0341911315918,-118.09056091308594,LOS ANGELES,MONTEBELLO,-118.09049224853516,34.0341911315918
8969848,2019,2019-11-21,1900,2019-10-23,1304,507732,1015,3,5,3,1995,0,0,0,NA,0,181T4,MALIBU CANYON RD,SEAVER DR,406,E,N,A,-,N,NA,NA,NA,NA,NA,NA,NA,NA,NA,Y,4,0,1,2,D,-,00,NA,NA,N,C,C,A,A,H,-,A,D,0,NA,NA,NA,NA,Y,NA,-,-,0,0,1,0,0,0,0,0,0,-,-,34.03900146484375,-118.7006607055664,LOS ANGELES,MALIBU,-118.70063018798828,34.03959655761719
8969849,2019,2020-01-27,1947,2019-10-24,1954,MOON,NA,4,5,5,1947,0,0,0,NA,0,00E,W WHITTIER BL,CALIFORNIA AV,0,NA,Y,A,-,N,NA,NA,NA,NA,NA,NA,NA,NA,NA,N,4,0,1,3,A,-,09,21801,A,F,A,G,A,A,H,-,A,A,0,NA,Y,NA,NA,Y,NA,A,01,0,0,1,0,0,0,1,0,0,-,-,NA,NA,LOS ANGELES,MONTEBELLO,-118.11769104003906,34.01200866699219
8969850,2019,2019-11-22,1942,2019-10-16,1250,33294,1602,3,5,7,1942,0,0,0,P,0,35M36,VAN NUYS BL,BORDEN AV,420,E,N,A,-,N,NA,NA,NA,NA,NA,NA,NA,NA,NA,Y,3,0,3,2,A,-,09,21801,A,N,A,C,A,A,H,-,A,A,0,NA,NA,NA,NA,Y,NA,A,01,0,2,1,0,0,0,0,0,0,-,-,NA,NA,LOS ANGELES,LOS ANGELES,-118.40737152099608,34.27683639526367
8969852,2019,2019-11-21,1900,2019-10-18,1250,540662,2227,5,5,3,1994,0,0,0,NA,0,222T1,KANAN RD,THOUSAND OAKS BL,3696,N,N,A,-,N,NA,NA,NA,NA,NA,NA,NA,NA,NA,Y,3,0,2,3,A,-,08,22107,NA,N,-,C,A,A,H,-,A,D,0,NA,NA,NA,NA,Y,NA,A,01,0,1,1,0,0,0,0,0,0,-,-,NA,NA,LOS ANGELES,AGOURA HILLS,-118.75769805908205,34.16384506225586
8969853,2019,2020-01-27,1947,2019-10-16,1809,1403,NA,3,5,5,1947,0,0,0,NA,0,00A,WEST BEVERLY BL,CONCOURSE AV,100,W,N,A,-,N,NA,NA,NA,NA,NA,NA,NA,NA,NA,Y,3,0,1,2,A,-,08,22107,NA,N,B,C,A,A,H,-,A,D,0,NA,NA,NA,NA,Y,NA,A,01,0,1,0,0,0,0,0,0,0,-,-,34.02090072631836,-118.13040924072266,LOS ANGELES,MONTEBELLO,-118.1289520263672,34.02105712890625
8969854,2019,2019-11-22,1942,2019-10-15,1930,38613,1676,2,5,7,1942,0,0,0,P,0,16A77,SUNLAND BL,GLENOAKS BL,0,NA,Y,A,-,N,NA,NA,NA,NA,NA,NA,NA,NA,NA,Y,4,0,2,2,A,-,12,21453,A,N,C,C,A,A,H,-,C,A,0,NA,NA,NA,NA,Y,NA,A,01,0,0,2,0,0,0,0,0,0,-,-,NA,NA,LOS ANGELES,LOS ANGELES,-118.36650848388672,34.22993087768555
8969857,2019,2020-01-27,1947,2019-10-02,2500,COLBERT,NA,3,5,5,1947,0,0,0,NA,0,00D,TELEGRAPH RD,SLAUSON AV,0,NA,Y,A,-,N,NA,NA,NA,NA,NA,NA,NA,NA,NA,N,4,0,1,2,A,-,08,22107,NA,N,D,C,A,A,H,-,A,A,0,NA,NA,NA,NA,Y,NA,A,01,0,0,1,0,0,0,0,0,0,-,-,33.97966003417969,-118.12818145751952,LOS ANGELES,MONTEBELLO,-118.12367248535156,33.97513961791992
8969858,2019,2019-11-22,1942,2019-10-15,2245,39410,1637,2,5,7,1942,0,0,0,P,0,16A35,ORO VISTA AV,GRENOBLE ST,0,NA,Y,A,-,N,NA,NA,NA,NA,NA,NA,NA,NA,NA,Y,3,0,5,2,A,-,03,22350,NA,N,D,C,A,A,H,-,C,A,0,NA,NA,NA,NA,Y,NA,A,01,0,1,4,0,0,0,0,0,0,-,-,NA,NA,LOS ANGELES,LOS ANGELES,-118.31577301025392,34.26055908203125
8969861,2019,2019-11-26,1947,2019-10-18,0211,COLBERT,NA,5,5,5,1947,0,0,0,NA,0,00E,S GREENWOOD AV,WASHINGTON BL,60,S,N,A,-,N,NA,NA,NA,NA,NA,NA,NA,NA,NA,N,3,0,1,2,A,-,09,21804,A,N,G,G,A,A,H,-,C,D,0,NA,Y,NA,NA,Y,NA,-,-,0,1,0,0,0,0,1,0,0,-,-,33.99515151977539,-118.11930084228516,LOS ANGELES,MONTEBELLO,-118.11940002441406,33.9949836730957
8969862,2019,2019-11-22,1942,2019-10-26,0740,39217,1668,6,5,7,1942,0,0,0,P,0,16A59,LA TUNA CANYON RD,RT 210,2500,S,N,A,-,N,NA,NA,NA,NA,NA,NA,NA,NA,NA,Y,3,0,1,1,A,-,03,22350,NA,N,-,I,A,A,H,-,A,A,0,NA,NA,NA,NA,Y,NA,A,07,0,1,0,0,0,0,0,0,0,-,-,NA,NA,LOS ANGELES,LOS ANGELES,-118.29840087890624,34.23250961303711
8969865,2019,2020-01-27,1947,2019-10-27,1245,FLORES,NA,7,5,5,1947,0,0,0,NA,0,00A,VIA CAMPO,FINDLAY AV,0,NA,Y,A,-,N,NA,NA,NA,NA,NA,NA,NA,NA,NA,Y,4,0,1,2,A,-,08,22101,D,N,D,C,A,A,H,-,A,A,0,NA,NA,NA,NA,Y,NA,-,NA,0,0,1,0,0,0,0,0,0,-,-,34.03266906738281,-118.13790893554688,LOS ANGELES,MONTEBELLO,-118.1379623413086,34.03266143798828
8969866,2019,2019-11-22,1942,2019-10-10,1945,32372,1641,4,5,7,1942,0,0,0,P,0,16A23,VAN NUYS BL,AMBOY AV,17,W,N,A,-,N,NA,NA,NA,NA,NA,NA,NA,NA,NA,N,3,0,1,2,A,-,10,21950,A,N,G,B,B,A,H,-,C,A,0,Y,NA,NA,NA,Y,NA,A,01,0,1,0,0,1,0,0,0,0,-,-,NA,NA,LOS ANGELES,LOS ANGELES,-118.4305419921875,34.25993728637695
8969867,2019,2019-11-21,1900,2019-10-19,1930,619565,1415,6,5,1,1932,0,0,0,NA,0,141T5P,AZUSA AV,GALE AV,584,S,N,A,-,N,NA,NA,NA,NA,NA,NA,NA,NA,NA,Y,3,0,1,2,A,-,07,21658,A,N,C,C,A,A,C,-,B,D,0,NA,NA,NA,NA,Y,NA,A,01,0,1,0,0,0,0,0,0,0,-,-,NA,NA,LOS ANGELES,INDUSTRY,-117.93104553222656,33.99857711791992
8969869,2019,2020-01-27,1947,2019-10-20,1045,FLORES,NA,7,5,5,1947,0,0,0,NA,0,00C,LINCOLN AV,AZALEA DR,500,N,N,A,-,N,NA,NA,NA,NA,NA,NA,NA,NA,NA,Y,3,0,2,2,A,-,05,21650,NA,N,B,C,A,A,H,-,A,D,0,NA,NA,NA,NA,Y,NA,-,-,0,2,0,0,0,0,0,0,0,-,-,34.03099822998047,-118.07279205322266,LOS ANGELES,MONTEBELLO,-118.08650970458984,34.023719787597656
8969870,2019,2019-11-22,1942,2019-10-10,0915,33458,1637,4,5,7,1942,0,0,0,P,0,16A35,FOOTHILL BL,SCOVILLE AV,275,E,N,A,-,N,NA,NA,NA,NA,NA,NA,NA,NA,NA,N,3,0,2,4,A,-,09,21804,A,N,B,C,A,A,H,-,A,D,0,NA,NA,NA,NA,Y,NA,A,01,0,2,0,0,0,0,0,0,0,-,-,NA,NA,LOS ANGELES,LOS ANGELES,-118.31309509277344,34.25967788696289
8969871,2019,2019-11-21,1900,2019-10-12,1835,600059,1413,6,5,1,1932,0,0,0,NA,0,141T5,TEMPLE AV,VINELAND AV,0,NA,Y,A,-,N,NA,NA,NA,NA,NA,NA,NA,NA,NA,Y,3,0,5,2,A,-,12,21453,A,N,D,C,A,A,H,-,C,A,0,NA,NA,NA,NA,Y,NA,A,01,0,5,0,0,0,0,0,0,0,-,-,34.05390167236328,-117.98670196533205,LOS ANGELES,INDUSTRY,-117.98671722412108,34.053890228271484
8969873,2019,2020-01-27,1947,2019-10-21,1000,FLORES,NA,1,5,5,1947,0,0,0,NA,0,00A,VIA CAMPO,GARFIELD AV,0,NA,Y,A,-,N,NA,NA,NA,NA,NA,NA,NA,NA,NA,Y,4,0,2,2,A,-,09,21801,A,N,A,C,A,A,H,-,-,A,0,NA,NA,NA,NA,Y,NA,A,01,0,0,2,0,0,0,0,0,0,-,-,34.03274154663086,-118.12996673583984,LOS ANGELES,MONTEBELLO,-118.12996673583984,34.03274154663086
8969874,2019,2019-11-22,1942,2019-10-05,0745,39217,1623,6,5,7,1942,0,0,0,P,0,16A11,GLENOAKS BL,VAN NUYS BL,690,N,N,A,-,N,NA,NA,NA,NA,NA,NA,NA,NA,NA,Y,3,0,1,3,A,-,09,21804,A,N,D,-,A,A,H,-,A,D,0,NA,NA,NA,NA,Y,NA,A,07,0,1,0,0,0,0,0,0,0,-,-,NA,NA,LOS ANGELES,LOS ANGELES,-118.41319274902344,34.27511215209961
8969875,2019,2019-11-21,1900,2019-10-21,0855,515583,1415,1,5,1,1932,0,0,0,NA,0,141T3,GALE AV,BIXBY DR,800,E,N,A,-,N,NA,NA,NA,NA,NA,NA,NA,NA,NA,Y,3,0,2,2,A,-,03,22350,NA,N,C,C,A,A,H,-,A,D,0,NA,NA,NA,NA,Y,NA,A,01,0,1,1,0,0,0,0,0,0,-,-,34.00352096557617,-117.94232177734376,LOS ANGELES,INDUSTRY,-117.94232940673828,34.003597259521484
8969877,2019,2020-01-27,1947,2019-10-07,1801,NAKAGAWA,NA,1,5,5,1947,0,0,0,NA,0,00E,KENSINGTON WY,ALLSTON ST,0,NA,Y,A,-,N,NA,NA,NA,NA,NA,NA,NA,NA,NA,N,3,0,1,2,A,-,09,21803,A,N,D,C,A,A,H,-,A,D,0,NA,NA,NA,NA,Y,NA,A,07,0,1,0,0,0,0,0,0,0,-,-,34.01128005981445,-118.12383270263672,LOS ANGELES,MONTEBELLO,-118.12346649169922,34.01152038574219
8969878,2019,2019-11-22,1942,2019-10-04,0855,35936,1613,5,5,7,1942,0,0,0,P,0,16A11,VAN NUYS BL,GLENOAKS BL,435,NA,N,A,-,N,NA,NA,NA,NA,NA,NA,NA,NA,NA,Y,4,0,1,2,A,-,09,21804,A,N,D,C,A,A,H,-,A,D,0,NA,NA,NA,NA,Y,NA,A,01,0,0,1,0,0,0,0,0,0,-,-,NA,NA,LOS ANGELES,LOS ANGELES,-118.41168975830078,34.27368927001953