CASE_ID,ACCIDENT_YEAR,PROC_DATE,JURIS,COLLISION_DATE,COLLISION_TIME,OFFICER_ID,REPORTING_DISTRICT,DAY_OF_WEEK,CHP_SHIFT,POPULATION,CNTY_CITY_LOC,SPECIAL_COND,BEAT_TYPE,CHP_BEAT_TYPE,CITY_DIVISION_LAPD,CHP_BEAT_CLASS,BEAT_NUMBER,PRIMARY_RD,SECONDARY_RD,DISTANCE,DIRECTION,INTERSECTION,WEATHER_1,WEATHER_2,STATE_HWY_IND,CALTRANS_COUNTY,CALTRANS_DISTRICT,STATE_ROUTE,ROUTE_SUFFIX,POSTMILE_PREFIX,POSTMILE,LOCATION_TYPE,RAMP_INTERSECTION,SIDE_OF_HWY,TOW_AWAY,COLLISION_SEVERITY,NUMBER_KILLED,NUMBER_INJURED,PARTY_COUNT,PRIMARY_COLL_FACTOR,PCF_CODE_OF_VIOL,PCF_VIOL_CATEGORY,PCF_VIOLATION,PCF_VIOL_SUBSECTION,HIT_AND_RUN,TYPE_OF_COLLISION,MVIW,PED_ACTION,ROAD_SURFACE,ROAD_COND_1,ROAD_COND_2,LIGHTING,CONTROL_DEVICE,CHP_ROAD_TYPE,PEDESTRIAN_ACCIDENT,BICYCLE_ACCIDENT,MOTORCYCLE_ACCIDENT,TRUCK_ACCIDENT,NOT_PRIVATE_PROPERTY,ALCOHOL_INVOLVED,STWD_VEHTYPE_AT_FAULT,CHP_VEHTYPE_AT_FAULT,COUNT_SEVERE_INJ,COUNT_VISIBLE_INJ,COUNT_COMPLAINT_PAIN,COUNT_PED_KILLED,COUNT_PED_INJURED,COUNT_BICYCLIST_KILLED,COUNT_BICYCLIST_INJURED,COUNT_MC_KILLED,COUNT_MC_INJURED,PRIMARY_RAMP,SECONDARY_RAMP,LATITUDE,LONGITUDE,COUNTY,CITY,POINT_X,POINT_Y
8973576,2019,2019-11-12,1942,2019-09-20,1735,41671,0644,5,5,7,1942,0,0,0,F,0,6A45,W SUNSET BL,N DETROIT ST,13,E,N,A,-,N,NA,NA,NA,NA,NA,NA,NA,NA,NA,N,4,0,1,1,A,-,01,21221,5,N,H,J,A,A,A,-,A,D,0,NA,NA,NA,NA,Y,Y,M,94,0,0,1,0,0,0,0,0,0,-,-,NA,NA,LOS ANGELES,LOS ANGELES,-118.34558868408205,34.09798049926758
8973578,2019,2019-11-14,1953,2019-10-09,0839,1001,1953,3,5,6,1953,0,0,0,NA,0,001,WALNUT ST,FAIR OAKS AV,0,NA,Y,A,-,N,NA,NA,NA,NA,NA,NA,NA,NA,NA,Y,3,0,1,2,A,-,12,21453,A,N,D,C,A,A,H,-,A,A,0,NA,NA,NA,NA,Y,NA,A,07,0,1,0,0,0,0,0,0,0,-,-,NA,NA,LOS ANGELES,PASADENA,-118.15052032470705,34.149600982666016
8973580,2019,2019-11-12,1942,2019-09-25,1730,43963,0726,3,5,7,1942,0,0,0,G,0,7A21,BEVERLY BL,ORANGE AV,0,NA,Y,A,-,N,NA,NA,NA,NA,NA,NA,NA,NA,NA,N,4,0,1,2,A,-,04,21703,NA,N,C,C,A,A,H,-,B,A,0,NA,NA,NA,NA,Y,NA,A,01,0,0,1,0,0,0,0,0,0,-,-,NA,NA,LOS ANGELES,LOS ANGELES,-118.34188079833984,34.076171875
8973582,2019,2019-11-14,1953,2019-10-09,0812,7724,LA,3,5,6,1953,0,0,0,NA,0,001,WEST DR,SECO ST,0,NA,Y,A,-,N,NA,NA,NA,NA,NA,NA,NA,NA,NA,N,3,0,1,2,A,-,09,21802,A,N,D,G,A,A,H,-,A,A,0,NA,Y,NA,NA,Y,NA,-,NA,0,1,0,0,0,0,1,0,0,-,-,NA,NA,LOS ANGELES,PASADENA,-118.16902923583984,34.1557502746582
8973584,2019,2019-11-18,1972,2019-10-18,1441,15555,NA,5,5,6,1972,0,0,0,NA,0,NA,TORRANCE BL,ANZA AV,400,E,N,A,-,N,NA,NA,NA,NA,NA,NA,NA,NA,NA,N,4,0,1,2,A,-,04,21703,NA,N,C,C,A,A,H,-,A,A,0,NA,NA,NA,NA,Y,NA,A,NA,0,0,1,0,0,0,0,0,0,-,-,NA,NA,LOS ANGELES,TORRANCE,-118.36106872558594,33.83757019042969
8973586,2019,2019-11-14,1953,2019-10-15,2236,1928,1953,2,5,6,1953,0,0,0,NA,0,001,LAKE AV,MAPLE ST,150,N,N,A,-,N,NA,NA,NA,NA,NA,NA,NA,NA,NA,Y,3,0,1,2,A,-,03,22350,NA,N,E,C,A,A,H,-,C,A,0,NA,NA,NA,NA,Y,Y,-,NA,0,1,0,0,0,0,0,0,0,-,-,NA,NA,LOS ANGELES,PASADENA,-118.13229370117188,34.15272903442383
8973588,2019,2020-01-17,1972,2019-10-19,1845,17943,NA,6,5,6,1972,0,0,0,NA,0,NA,TORRANCE BL,VICTOR ST,0,NA,Y,A,-,N,NA,NA,NA,NA,NA,NA,NA,NA,NA,Y,4,0,3,2,A,-,09,21801,A,N,D,C,A,A,H,-,C,A,0,NA,NA,NA,NA,Y,NA,D,NA,0,0,3,0,0,0,0,0,0,-,-,NA,NA,LOS ANGELES,TORRANCE,-118.36676025390624,33.83757019042969
8973590,2019,2019-11-14,1972,2019-10-09,1202,18059,NA,3,5,6,1972,0,0,0,NA,0,NA,PALOS VERDES BL,BERAN ST,0,NA,Y,A,-,N,NA,NA,NA,NA,NA,NA,NA,NA,NA,N,4,0,1,2,A,-,09,21801,A,N,D,C,A,A,H,-,A,D,0,NA,NA,NA,NA,Y,NA,A,NA,0,0,1,0,0,0,0,0,0,-,-,NA,NA,LOS ANGELES,TORRANCE,-118.36927032470705,33.82775115966797
8973594,2019,2019-11-14,1972,2019-10-17,1636,21686,NA,4,5,6,1972,0,0,0,NA,0,NA,PALOS VERDES BL,MONTE  D'ORO,0,NA,Y,A,-,N,NA,NA,NA,NA,NA,NA,NA,NA,NA,Y,4,0,1,2,A,-,09,21801,A,N,D,C,A,A,H,-,B,A,0,NA,NA,NA,NA,Y,NA,A,NA,0,0,1,0,0,0,0,0,0,-,-,NA,NA,LOS ANGELES,TORRANCE,-118.38633,33.815234
8973598,2019,2019-11-14,1972,2019-10-14,1321,15555,NA,1,5,6,1972,0,0,0,NA,0,NA,CRENSHAW BL,178TH ST,0,NA,Y,A,-,N,NA,NA,NA,NA,NA,NA,NA,NA,NA,Y,4,0,2,2,A,-,09,21801,A,N,D,C,A,A,H,-,A,A,0,NA,NA,NA,NA,Y,NA,A,NA,0,0,2,0,0,0,0,0,0,-,-,NA,NA,LOS ANGELES,TORRANCE,-118.32649230957033,33.86935043334961
8973696,2019,2019-11-15,1972,2019-10-23,1729,21899,NA,3,5,6,1972,0,0,0,NA,0,NA,182ND,WILTON,0,NA,Y,A,-,N,NA,NA,NA,NA,NA,NA,NA,NA,NA,N,4,0,1,2,A,-,09,21801,A,N,D,C,A,A,H,-,A,D,0,NA,NA,NA,NA,Y,NA,A,NA,0,0,1,0,0,0,0,0,0,-,-,NA,NA,LOS ANGELES,TORRANCE,-118.31607818603516,33.86558151245117
8973841,2019,2019-11-08,1942,2019-10-12,1910,33757,0782,6,5,7,1942,0,0,0,G,0,7A73,LA CIENEGA BL,ALVERN ST,70,N,N,A,-,N,NA,NA,NA,NA,NA,NA,NA,NA,NA,Y,4,0,2,3,A,-,08,22107,NA,N,D,C,A,A,H,-,C,D,0,NA,NA,NA,NA,Y,NA,A,01,0,0,2,0,0,0,0,0,0,-,-,NA,NA,LOS ANGELES,LOS ANGELES,NA,NA
8973844,2019,2019-11-14,1942,2019-09-24,1850,43683,1822,2,5,7,1942,0,0,0,R,0,18X48,MAIN ST,CENTURY BL,0,NA,Y,A,-,N,NA,NA,NA,NA,NA,NA,NA,NA,NA,Y,4,0,1,2,A,-,09,21801,A,N,D,C,A,A,H,-,B,A,0,NA,NA,NA,NA,Y,NA,A,01,0,0,1,0,0,0,0,0,0,-,-,NA,NA,LOS ANGELES,LOS ANGELES,-118.27388763427734,33.945560455322266
8973848,2019,2019-11-14,1942,2019-09-21,1345,33599,1841,6,5,7,1942,0,0,0,R,0,18A41,W 108TH ST,BARING CROSS ST,0,NA,Y,A,-,N,NA,NA,NA,NA,NA,NA,NA,NA,NA,N,3,0,1,2,A,-,09,21801,A,N,H,G,A,A,H,-,A,A,0,NA,Y,NA,NA,Y,NA,L,04,0,1,0,0,0,0,1,0,0,-,-,NA,NA,LOS ANGELES,LOS ANGELES,-118.28939819335938,33.938209533691406
8973852,2019,2019-11-14,1942,2019-09-17,2240,42011,1822,2,5,7,1942,0,0,0,R,0,25T23,BROADWAY,94TH ST,0,NA,Y,A,-,N,NA,NA,NA,NA,NA,NA,NA,NA,NA,N,4,0,1,2,A,-,08,22100,B,N,D,C,A,A,H,-,C,A,0,NA,NA,NA,NA,Y,NA,A,01,0,0,1,0,0,0,0,0,0,-,-,NA,NA,LOS ANGELES,LOS ANGELES,-118.27839660644533,33.951011657714844
8973856,2019,2019-11-14,1942,2019-09-29,1455,42744,0932,7,5,7,1942,0,0,0,I,0,9X6,VICTORY BL,SEPULVEDA BL,0,NA,Y,A,-,N,NA,NA,NA,NA,NA,NA,NA,NA,NA,N,3,0,1,1,A,-,03,22350,NA,N,H,J,A,A,B,-,A,D,0,NA,NA,Y,NA,Y,NA,C,02,0,1,0,0,0,0,0,0,1,-,-,NA,NA,LOS ANGELES,LOS ANGELES,-118.46617126464844,34.18666076660156
8973860,2019,2019-11-14,1942,2019-09-29,1056,43510,0989,7,5,7,1942,0,0,0,I,0,9A41,MOORPARK ST,WOODMAN AV,0,NA,Y,A,-,N,NA,NA,NA,NA,NA,NA,NA,NA,NA,Y,3,0,1,2,A,-,09,21801,A,N,D,C,A,A,H,-,A,A,0,NA,NA,Y,NA,Y,NA,A,01,0,1,0,0,0,0,0,0,1,-,-,NA,NA,LOS ANGELES,LOS ANGELES,-118.43122863769533,34.150360107421875
8973864,2019,2019-12-02,1942,2019-09-26,1750,42921,NA,4,5,7,1942,0,0,0,NA,0,X14,CHANDLER BL,WOODMAN AV,0,NA,Y,B,-,N,NA,NA,NA,NA,NA,NA,NA,NA,NA,N,4,0,1,2,A,-,12,21453,A,N,D,C,A,A,H,-,A,A,0,NA,NA,NA,NA,Y,NA,-,-,0,0,1,0,0,0,0,0,0,-,-,NA,NA,LOS ANGELES,LOS ANGELES,-118.43125152587892,34.16856002807617
8973868,2019,2019-11-14,1942,2019-09-27,0835,43692,0966,5,5,7,1942,0,0,0,I,0,9A37,RIVERSIDE DR,ALLOTT AV,0,NA,Y,B,-,N,NA,NA,NA,NA,NA,NA,NA,NA,NA,Y,3,0,1,2,A,-,09,21801,A,N,B,C,A,A,H,-,A,D,0,NA,NA,NA,NA,Y,NA,-,NA,0,1,0,0,0,0,0,0,0,-,-,NA,NA,LOS ANGELES,LOS ANGELES,-118.42794036865234,34.15761947631836
8973903,2019,2019-11-14,1942,2019-09-25,1940,43980,0511,3,5,7,1942,0,0,0,E,0,5AM,WESTERN AV,257TH ST,80,N,N,A,-,N,NA,NA,NA,NA,NA,NA,NA,NA,NA,Y,4,0,1,4,A,-,03,22350,NA,N,A,E,A,A,H,-,C,-,0,NA,NA,NA,NA,Y,NA,A,01,0,0,1,0,0,0,0,0,0,-,-,NA,NA,LOS ANGELES,LOS ANGELES,-118.30767822265624,33.79071807861328
8973907,2019,2019-11-14,1942,2019-09-24,1910,43980,0511,2,5,7,1942,0,0,0,E,0,5A11,WESTERN AV,253RD ST,60,N,N,A,-,N,NA,NA,NA,NA,NA,NA,NA,NA,NA,Y,4,0,2,2,A,-,03,22350,NA,N,C,D,A,A,H,-,C,D,0,NA,NA,NA,NA,Y,NA,A,01,0,0,2,0,0,0,0,0,0,-,-,NA,NA,LOS ANGELES,LOS ANGELES,-118.30767059326172,33.79491424560547
8973911,2019,2019-12-02,1942,2019-09-24,0855,42403,1231,2,5,7,1942,0,0,0,L,0,12A45,OVERHILL DR,64TH ST,10,S,N,A,-,N,NA,NA,NA,NA,NA,NA,NA,NA,NA,Y,3,0,1,2,A,-,09,21802,A,N,F,C,A,A,H,-,A,D,0,NA,NA,NA,NA,Y,NA,A,01,0,1,0,0,0,0,0,0,0,-,-,NA,NA,LOS ANGELES,LOS ANGELES,-118.35546112060548,33.981651306152344
8973915,2019,2019-11-14,1942,2019-09-21,1230,40440,1255,6,5,7,1942,0,0,0,L,0,25TL27,NORMANDIE AV,FLORENCE AV,150,S,N,A,-,N,NA,NA,NA,NA,NA,NA,NA,NA,NA,Y,4,0,2,2,A,-,09,21804,A,F,D,C,A,A,H,-,A,D,0,NA,NA,NA,NA,Y,NA,-,99,0,0,2,0,0,0,0,0,0,-,-,NA,NA,LOS ANGELES,LOS ANGELES,-118.30029296875,33.97416687011719
8973919,2019,2019-11-14,1942,2019-09-14,1325,43418,1273,6,5,7,1942,0,0,0,L,0,12X32,MANCHESTER AV,WESTERN AV,10,E,N,A,-,N,NA,NA,NA,NA,NA,NA,NA,NA,NA,N,3,0,1,3,A,-,03,22350,A,N,C,C,A,A,H,-,A,A,0,NA,NA,NA,NA,Y,NA,A,01,0,1,0,0,0,0,0,0,0,-,-,NA,NA,LOS ANGELES,LOS ANGELES,-118.30897521972656,33.95996856689453
8973920,2019,2019-11-20,1941,2019-10-25,1731,11352,NA,5,5,7,1941,0,0,0,NA,0,NA,LOS COYOTES DIAGONAL,XIMENO AV,0,NA,Y,A,-,N,NA,NA,NA,NA,NA,NA,NA,NA,NA,Y,4,0,1,2,A,-,08,22107,NA,N,A,C,A,A,H,-,A,A,0,NA,NA,NA,NA,Y,NA,A,NA,0,0,1,0,0,0,0,0,0,-,-,NA,NA,LOS ANGELES,LONG BEACH,-118.13954925537108,33.79193878173828
8973923,2019,2019-11-22,1906,2019-10-15,0755,1791,1906,2,5,5,1906,0,0,0,NA,0,003,PUENTE AV,FRANCISQUITO AV,305,N,N,A,-,N,NA,NA,NA,NA,NA,NA,NA,NA,NA,Y,4,0,1,2,A,-,09,21804,A,N,A,C,A,A,H,-,A,A,0,NA,NA,NA,NA,Y,NA,A,01,0,0,1,0,0,0,0,0,0,-,-,NA,NA,LOS ANGELES,BALDWIN PARK,-117.96769714355467,34.06496810913086
8973940,2019,2019-11-19,1900,2019-10-16,0750,455303,1511,3,5,5,1954,0,0,0,NA,0,151T1,BEVERLY BL,MANNING RD,155,E,N,A,-,N,NA,NA,NA,NA,NA,NA,NA,NA,NA,Y,3,0,1,3,A,-,03,22350,NA,N,C,C,A,A,H,-,A,D,0,NA,NA,NA,NA,Y,NA,A,07,0,1,0,0,0,0,0,0,0,-,-,34.00714874267578,-118.07633209228516,LOS ANGELES,PICO RIVERA,-118.0704345703125,34.007240295410156
8973944,2019,2019-11-19,1900,2019-10-20,2200,499039,1512,7,5,5,1954,0,0,0,NA,0,151T3,ROSEMEAD AV,BEVERLY RD,0,NA,Y,A,-,N,NA,NA,NA,NA,NA,NA,NA,NA,NA,N,4,0,1,2,A,-,11,21950,B,N,B,G,A,A,H,-,C,A,0,NA,Y,NA,NA,Y,NA,L,04,0,0,1,0,0,0,1,0,0,-,-,34.00804138183594,-118.08167266845705,LOS ANGELES,PICO RIVERA,-118.0817413330078,34.007911682128906
8973948,2019,2019-11-19,1900,2019-10-15,0835,430275,1516,2,5,5,1954,0,0,0,NA,0,151T1,TELEGRAPH RD,ARRINGTON AV,0,NA,Y,A,-,N,NA,NA,NA,NA,NA,NA,NA,NA,NA,Y,4,0,2,3,A,-,09,21801,A,N,D,C,A,A,H,-,A,A,0,NA,NA,NA,NA,Y,NA,A,01,0,0,2,0,0,0,0,0,0,-,-,33.96099853515625,-118.11006927490234,LOS ANGELES,PICO RIVERA,-118.10845947265624,33.959869384765625
8973952,2019,2019-11-19,1900,2019-10-14,1938,448685,1518,1,5,5,1954,0,0,0,NA,0,151T2,SERAPIS AV,TERRADELL AV,0,NA,N,A,-,N,NA,NA,NA,NA,NA,NA,NA,NA,NA,Y,3,0,2,3,A,-,01,23153,A,N,E,B,F,A,H,-,C,D,0,Y,NA,NA,NA,Y,Y,A,01,0,2,0,0,2,0,0,0,0,-,-,33.972999572753906,-118.11299896240234,LOS ANGELES,PICO RIVERA,-118.1044921875,33.96221923828125
8973992,2019,2019-11-19,1900,2019-10-19,2127,62008,2612,6,5,6,1950,0,0,0,NA,0,262T1,25TH ST WEST,REDINGTON ST,160,S,N,A,-,N,NA,NA,NA,NA,NA,NA,NA,NA,NA,Y,4,0,1,1,A,-,01,23152,A,N,E,I,A,A,H,-,C,A,0,NA,NA,NA,NA,Y,Y,A,01,0,0,1,0,0,0,0,0,0,-,-,39.58702850341797,-118.17398071289064,LOS ANGELES,PALMDALE,-118.17400360107422,34.58714294433594
8973996,2019,2019-11-19,1900,2019-10-15,0822,601485,2608,2,5,6,1950,0,0,0,NA,0,262T1,35TH ST EAST,AVENUE S,0,NA,Y,A,-,N,NA,NA,NA,NA,NA,NA,NA,NA,NA,Y,4,0,1,2,A,-,09,21801,A,N,A,C,A,A,H,-,A,A,0,NA,NA,NA,NA,Y,NA,A,01,0,0,1,0,0,0,0,0,0,-,-,34.558128356933594,-118.06725311279295,LOS ANGELES,PALMDALE,-118.0673828125,34.558101654052734
8974000,2019,2019-11-19,1900,2019-10-22,0759,601485,2612,2,5,6,1950,0,0,0,NA,0,261T1,RANCHO VISTA BL,CRICKET LN,0,NA,Y,A,-,N,NA,NA,NA,NA,NA,NA,NA,NA,NA,Y,4,0,2,3,A,-,09,21804,A,N,B,C,A,A,H,-,A,D,0,NA,NA,NA,NA,Y,NA,A,07,0,0,2,0,0,0,0,0,0,-,-,34.61532974243164,-118.20484924316406,LOS ANGELES,PALMDALE,-118.2047119140625,34.61565017700195
8974002,2019,2019-12-02,1942,2019-10-07,1845,37613,1747,1,5,7,1942,0,0,0,Q,0,17A49,BALBOA BL,SAN JOSE ST,45,N,N,A,-,N,NA,NA,NA,NA,NA,NA,NA,NA,NA,N,4,0,2,2,A,-,21,22106,NA,N,D,C,A,A,H,-,A,D,0,NA,NA,NA,NA,Y,NA,I,20,0,0,2,0,0,0,0,0,0,-,-,NA,NA,LOS ANGELES,LOS ANGELES,-118.50228881835938,34.26127243041992
8974004,2019,2019-12-02,1942,2019-10-16,1830,40165,0906,3,5,7,1942,0,0,0,I,0,9A5,VAN NUYS BL,SATICOY ST,253,N,N,A,-,N,NA,NA,NA,NA,NA,NA,NA,NA,NA,N,4,0,1,2,A,-,08,22107,NA,N,B,C,A,A,H,-,C,A,0,NA,NA,NA,NA,Y,NA,A,01,0,0,1,0,0,0,0,0,0,-,-,NA,NA,LOS ANGELES,LOS ANGELES,-118.44876861572266,34.20915222167969
8974008,2019,2019-11-19,1942,2019-10-23,1040,31931,0926,3,5,7,1942,0,0,0,I,0,35M28,HAZELTINE AV,VICTORY BL,0,NA,Y,A,-,N,NA,NA,NA,NA,NA,NA,NA,NA,NA,Y,4,0,2,2,A,-,09,21801,A,N,D,C,A,A,H,-,A,A,0,NA,NA,NA,NA,Y,NA,-,NA,0,0,2,0,0,0,0,0,0,-,-,NA,NA,LOS ANGELES,LOS ANGELES,-118.43997955322266,34.18666076660156
8974010,2019,2020-09-03,1942,2019-10-28,1400,36733,1723,1,5,7,1942,0,0,0,Q,0,17A23,DEVONSHIRE ST,MASON AV,150,W,N,A,-,N,NA,NA,NA,NA,NA,NA,NA,NA,NA,N,4,0,3,2,D,-,00,NA,NA,N,D,C,A,A,H,-,A,D,0,NA,NA,NA,NA,Y,NA,-,-,0,0,3,0,0,0,0,0,0,-,-,NA,NA,LOS ANGELES,LOS ANGELES,-118.58033752441406,34.257259368896484
8974011,2019,2019-11-18,1942,2019-10-22,1150,38715,1824,2,5,7,1942,0,0,0,R,0,5A15,CENTRAL AV,CENTURY BL,30,E,N,A,-,N,NA,NA,NA,NA,NA,NA,NA,NA,NA,N,4,0,1,2,A,-,09,21801,A,N,D,C,A,A,H,-,A,A,0,NA,NA,NA,NA,Y,NA,A,07,0,0,1,0,0,0,0,0,0,-,-,NA,NA,LOS ANGELES,LOS ANGELES,-118.25408172607422,33.94565963745117
8974012,2019,2019-12-02,1942,2019-10-28,1600,41125,0964,1,5,7,1942,0,0,0,I,0,9A63,WOODMAN AV,MAGNOLIA BL,0,NA,Y,A,-,N,NA,NA,NA,NA,NA,NA,NA,NA,NA,Y,4,0,2,2,A,-,09,21801,A,N,A,C,A,A,H,-,A,A,0,NA,NA,NA,NA,Y,NA,A,01,0,0,2,0,0,0,0,0,0,-,-,NA,NA,LOS ANGELES,LOS ANGELES,-118.43125152587892,34.16487121582031
8974014,2019,2020-03-06,1942,2019-11-03,1120,34420,1717,7,5,7,1942,0,0,0,Q,0,17A49,RONALD REAGAN FWY,HAYVENHURST AV,0,NA,Y,A,-,Y,LA,7,118,-,R,8.515,R,4,W,Y,2,0,3,3,A,-,09,21802,A,N,D,C,A,A,H,-,A,A,0,NA,NA,NA,NA,Y,NA,A,01,1,0,2,0,0,0,0,0,0,-,-,NA,NA,LOS ANGELES,LOS ANGELES,-118.493391,34.275457
8974015,2019,2019-11-18,1942,2019-10-26,0905,42118,1801,6,5,7,1942,0,0,0,R,0,18A1,S FIGUEROA ST,W 88TH ST,25,S,N,A,-,N,NA,NA,NA,NA,NA,NA,NA,NA,NA,Y,4,0,3,3,A,-,03,22350,NA,N,C,C,A,A,H,-,A,A,0,NA,NA,NA,NA,Y,NA,D,22,0,0,3,0,0,0,0,0,0,-,-,NA,NA,LOS ANGELES,LOS ANGELES,-118.28272247314452,33.95730209350586
8974018,2019,2019-11-19,1942,2019-10-08,1130,36406,1717,2,5,7,1942,0,0,0,Q,0,17A49,RINALDI ST,HAYVENHURST AV,500,W,N,A,-,N,NA,NA,NA,NA,NA,NA,NA,NA,NA,Y,3,0,1,2,A,-,05,21650,NA,N,A,C,A,A,H,-,A,A,0,NA,NA,NA,NA,Y,NA,A,01,0,1,0,0,0,0,0,0,0,-,-,NA,NA,LOS ANGELES,LOS ANGELES,-118.49504089355467,34.27924728393555
8974020,2019,2019-11-18,1942,2019-10-09,1600,40972,0952,3,5,7,1942,0,0,0,I,0,9A41,SEPULVEDA BL,BURBANK BL,388,S,N,A,-,N,NA,NA,NA,NA,NA,NA,NA,NA,NA,N,3,0,1,1,A,-,03,22350,NA,N,H,J,A,A,H,-,A,A,0,NA,NA,NA,NA,Y,NA,M,94,0,1,0,0,0,0,0,0,0,-,-,NA,NA,LOS ANGELES,LOS ANGELES,-118.46616363525392,34.171024322509766
8974022,2019,2020-01-22,1942,2019-11-03,1015,39217,1781,7,5,7,1942,0,0,0,Q,0,17A81,PARTHENIA ST,COMANCHE AV,200,W,N,A,-,N,NA,NA,NA,NA,NA,NA,NA,NA,NA,Y,4,0,1,2,A,-,08,21460,5,N,D,-,A,A,H,-,A,D,0,NA,NA,NA,NA,Y,NA,D,22,0,0,1,0,0,0,0,0,0,-,-,NA,NA,LOS ANGELES,LOS ANGELES,-118.57318878173828,34.228214263916016
8974024,2019,2019-11-19,1942,2019-09-11,1930,40151,1862,3,5,7,1942,0,0,0,R,0,18A97,MAIN ST,117TH ST,15,N,N,A,-,N,NA,NA,NA,NA,NA,NA,NA,NA,NA,Y,4,0,1,2,A,-,22,23123,NA,N,C,C,A,A,H,-,B,D,0,NA,NA,NA,NA,Y,Y,D,22,0,0,1,0,0,0,0,0,0,-,-,NA,NA,LOS ANGELES,LOS ANGELES,-118.2739028930664,33.92744064331055
8974026,2019,2019-11-18,1942,2019-10-18,1410,36733,1785,5,5,7,1942,0,0,0,Q,0,17A67,NORDHOFF ST,WILBUR AV,0,NA,Y,A,-,N,NA,NA,NA,NA,NA,NA,NA,NA,NA,Y,4,0,2,2,A,-,09,21801,A,N,A,C,A,A,H,-,A,A,0,NA,NA,NA,NA,Y,NA,A,01,0,0,2,0,0,0,0,0,0,-,-,NA,NA,LOS ANGELES,LOS ANGELES,-118.54483032226564,34.23543930053711
8974030,2019,2019-11-18,1942,2019-10-05,0820,37080,1758,6,5,7,1942,0,0,0,Q,0,17A49,WOODLEY AV,LASSEN ST,0,NA,Y,A,-,N,NA,NA,NA,NA,NA,NA,NA,NA,NA,Y,4,0,1,2,A,-,12,21453,A,N,D,C,A,A,H,-,A,A,0,NA,NA,NA,NA,Y,NA,A,01,0,0,1,0,0,0,0,0,0,-,-,NA,NA,LOS ANGELES,LOS ANGELES,-118.4849090576172,34.25014877319336
8974031,2019,2019-11-18,1942,2019-10-09,2200,32372,1548,3,5,7,1942,0,0,0,O,0,15A67,MAGNOLIA BL,TUJUNGA AV,300,W,N,A,-,N,NA,NA,NA,NA,NA,NA,NA,NA,NA,N,4,0,1,4,A,-,17,22109,NA,F,C,C,A,A,H,-,C,D,0,NA,NA,NA,NA,Y,NA,-,99,0,0,1,0,0,0,0,0,0,-,-,NA,NA,LOS ANGELES,LOS ANGELES,-118.37998199462892,34.164939880371094
8974034,2019,2019-11-18,1942,2019-10-09,1555,38017,1729,3,5,7,1942,0,0,0,Q,0,17A35,RINALDI ST,WHITE OAK AV,0,NA,Y,A,-,N,NA,NA,NA,NA,NA,NA,NA,NA,NA,Y,4,0,4,3,A,-,12,21453,A,N,A,C,A,A,H,-,A,A,0,NA,NA,NA,NA,Y,NA,A,01,0,0,4,0,0,0,0,0,0,-,-,NA,NA,LOS ANGELES,LOS ANGELES,-118.51960754394533,34.279388427734375
8974036,2019,2019-11-19,1942,2019-09-02,1840,43541,1824,1,5,7,1942,0,0,0,R,0,18A44,WALL ST,94TH ST,15,S,N,A,-,N,NA,NA,NA,NA,NA,NA,NA,NA,NA,N,4,0,1,3,A,-,03,22350,NA,N,C,E,A,A,H,-,A,D,0,NA,NA,NA,NA,Y,NA,A,01,0,0,1,0,0,0,0,0,0,-,-,NA,NA,LOS ANGELES,LOS ANGELES,-118.27169799804688,33.9510383605957
8974038,2019,2019-11-19,1942,2019-10-08,1515,38996,1097,2,5,7,1942,0,0,0,J,0,10A99,NANCE ST,LOUISE AV,160,E,N,A,-,N,NA,NA,NA,NA,NA,NA,NA,NA,NA,N,4,0,1,2,A,-,08,22107,NA,N,B,E,A,A,H,-,A,D,0,NA,NA,NA,NA,Y,NA,A,01,0,0,1,0,0,0,0,0,0,-,-,NA,NA,LOS ANGELES,LOS ANGELES,-118.50552368164064,34.148841857910156
8974042,2019,2019-11-19,1942,2019-10-12,1230,40141,1792,6,5,7,1942,0,0,0,Q,0,17A81,CORBIN AV,ROSCOE BL,10,N,N,A,-,N,NA,NA,NA,NA,NA,NA,NA,NA,NA,Y,3,0,3,2,A,-,03,22350,NA,N,C,C,A,A,H,-,A,A,0,NA,NA,NA,NA,Y,Y,A,08,0,1,2,0,0,0,0,0,0,-,-,NA,NA,LOS ANGELES,LOS ANGELES,-118.56228637695313,34.22037887573242
8974043,2019,2019-11-19,1942,2019-09-28,0650,37304,0901,6,5,7,1942,0,0,0,I,0,9A5,N SEPULVEDA BL,WYANDOTTE ST,0,NA,Y,A,-,N,NA,NA,NA,NA,NA,NA,NA,NA,NA,Y,4,0,1,3,A,-,05,21650,NA,N,A,C,A,A,H,-,A,A,0,NA,NA,NA,NA,Y,NA,D,22,0,0,1,0,0,0,0,0,0,-,-,NA,NA,LOS ANGELES,LOS ANGELES,-118.46620178222656,34.202999114990234
8974046,2019,2019-11-19,1942,2019-10-10,0615,38399,1755,4,5,7,1942,0,0,0,Q,0,17A67,ETIWANDA AV,LASSEN ST,30,S,N,A,-,N,NA,NA,NA,NA,NA,NA,NA,NA,NA,Y,3,0,1,2,A,-,08,22107,NA,N,C,E,A,A,G,-,C,D,0,NA,NA,NA,NA,Y,NA,A,01,0,1,0,0,0,0,0,0,0,-,-,NA,NA,LOS ANGELES,LOS ANGELES,-118.53172302246094,34.249916076660156