CASE_ID,ACCIDENT_YEAR,PROC_DATE,JURIS,COLLISION_DATE,COLLISION_TIME,OFFICER_ID,REPORTING_DISTRICT,DAY_OF_WEEK,CHP_SHIFT,POPULATION,CNTY_CITY_LOC,SPECIAL_COND,BEAT_TYPE,CHP_BEAT_TYPE,CITY_DIVISION_LAPD,CHP_BEAT_CLASS,BEAT_NUMBER,PRIMARY_RD,SECONDARY_RD,DISTANCE,DIRECTION,INTERSECTION,WEATHER_1,WEATHER_2,STATE_HWY_IND,CALTRANS_COUNTY,CALTRANS_DISTRICT,STATE_ROUTE,ROUTE_SUFFIX,POSTMILE_PREFIX,POSTMILE,LOCATION_TYPE,RAMP_INTERSECTION,SIDE_OF_HWY,TOW_AWAY,COLLISION_SEVERITY,NUMBER_KILLED,NUMBER_INJURED,PARTY_COUNT,PRIMARY_COLL_FACTOR,PCF_CODE_OF_VIOL,PCF_VIOL_CATEGORY,PCF_VIOLATION,PCF_VIOL_SUBSECTION,HIT_AND_RUN,TYPE_OF_COLLISION,MVIW,PED_ACTION,ROAD_SURFACE,ROAD_COND_1,ROAD_COND_2,LIGHTING,CONTROL_DEVICE,CHP_ROAD_TYPE,PEDESTRIAN_ACCIDENT,BICYCLE_ACCIDENT,MOTORCYCLE_ACCIDENT,TRUCK_ACCIDENT,NOT_PRIVATE_PROPERTY,ALCOHOL_INVOLVED,STWD_VEHTYPE_AT_FAULT,CHP_VEHTYPE_AT_FAULT,COUNT_SEVERE_INJ,COUNT_VISIBLE_INJ,COUNT_COMPLAINT_PAIN,COUNT_PED_KILLED,COUNT_PED_INJURED,COUNT_BICYCLIST_KILLED,COUNT_BICYCLIST_INJURED,COUNT_MC_KILLED,COUNT_MC_INJURED,PRIMARY_RAMP,SECONDARY_RAMP,LATITUDE,LONGITUDE,COUNTY,CITY,POINT_X,POINT_Y
8976789,2019,2020-07-13,1972,2019-11-05,1318,16610,NA,2,5,6,1972,0,0,0,NA,0,NA,190TH ST,RT 405,0,NA,Y,A,-,Y,LA,7,405,-,-,14.594,R,4,S,Y,4,0,3,4,A,-,12,21453,A,N,D,C,A,A,H,-,A,A,0,NA,NA,NA,NA,Y,NA,A,NA,0,0,3,0,0,0,0,0,0,-,-,NA,NA,LOS ANGELES,TORRANCE,-118.31221771240234,33.86023712158203
8976790,2019,2020-01-23,1900,2019-11-12,1047,510509,1131,2,5,6,1992,0,0,0,NA,0,11274,DIVISION ST,AVE H-8,253,N,N,A,-,N,NA,NA,NA,NA,NA,NA,NA,NA,NA,Y,4,0,1,2,A,-,09,21801,A,N,B,C,A,A,H,-,A,D,0,NA,NA,NA,NA,Y,NA,A,07,0,0,1,0,0,0,0,0,0,-,-,NA,NA,LOS ANGELES,LANCASTER,-118.13053894042967,34.7119026184082
8976793,2019,2020-01-24,1972,2019-11-04,1813,21686,NA,1,5,6,1972,0,0,0,NA,0,NA,PRAIRIE AV,184TH ST,50,S,N,A,-,N,NA,NA,NA,NA,NA,NA,NA,NA,NA,N,4,0,1,2,A,-,03,22350,NA,N,C,-,A,A,H,-,B,A,0,NA,NA,NA,NA,Y,NA,A,NA,0,0,1,0,0,0,0,0,0,-,-,NA,NA,LOS ANGELES,TORRANCE,-118.3437957763672,33.86380386352539
8976797,2019,2020-01-23,1972,2019-11-04,1440,15555,NA,1,5,6,1972,0,0,0,NA,0,NA,MARICOPA ST,ALASKA AV,0,NA,Y,A,-,N,NA,NA,NA,NA,NA,NA,NA,NA,NA,Y,4,0,1,2,A,-,09,21802,A,N,D,C,A,A,H,-,A,A,0,NA,NA,NA,NA,Y,NA,A,NA,0,0,1,0,0,0,0,0,0,-,-,NA,NA,LOS ANGELES,TORRANCE,-118.33159637451172,33.839359283447266
8976798,2019,2020-01-23,1972,2019-11-02,2303,15555,NA,6,5,6,1972,0,0,0,NA,0,NA,LOUISE AV,CALLE MAYOR,35,E,N,A,-,N,NA,NA,NA,NA,NA,NA,NA,NA,NA,Y,4,0,1,2,A,-,08,22107,NA,N,E,E,A,A,H,-,C,D,0,NA,NA,NA,NA,Y,NA,A,NA,0,0,1,0,0,0,0,0,0,-,-,NA,NA,LOS ANGELES,TORRANCE,-118.36655426025392,33.814659118652344
8976813,2019,2020-01-06,1942,2019-10-14,1600,35230,1311,1,5,7,1942,0,0,0,M,0,13A13,S FIGUEROA ST,WEST WASHINGTON BL,200,S,N,A,-,N,NA,NA,NA,NA,NA,NA,NA,NA,NA,Y,4,0,5,4,A,-,09,21801,A,N,D,C,A,A,G,-,A,D,0,NA,NA,NA,NA,Y,NA,A,01,0,0,5,0,0,0,0,0,0,-,-,NA,NA,LOS ANGELES,LOS ANGELES,-118.27234649658205,34.03389358520508
8976837,2019,2019-11-27,1942,2019-10-19,1130,36238,0185,6,5,7,1942,0,0,0,A,0,1A85,S LOS ANGELES ST,E 12TH ST,145,N,N,A,-,N,NA,NA,NA,NA,NA,NA,NA,NA,NA,N,4,0,1,2,A,-,07,21658,A,N,B,C,A,A,H,-,A,D,0,NA,NA,NA,NA,Y,NA,I,09,0,0,1,0,0,0,0,0,0,-,-,NA,NA,LOS ANGELES,LOS ANGELES,-118.25807189941406,34.037261962890625
8976845,2019,2020-01-10,1942,2019-11-03,1200,41629,0158,7,5,7,1942,0,0,0,A,0,1A29,S CENTRAL AV,E 5TH ST,0,NA,Y,A,-,N,NA,NA,NA,NA,NA,NA,NA,NA,NA,Y,4,0,4,2,A,-,08,22107,NA,N,B,C,A,A,H,-,A,A,0,NA,NA,NA,NA,Y,NA,A,01,0,0,4,0,0,0,0,0,0,-,-,NA,NA,LOS ANGELES,LOS ANGELES,-118.23983764648438,34.04167938232422
8976868,2019,2020-01-23,1925,2019-11-10,0925,27345,1925,7,5,6,1925,0,0,0,NA,0,256,S EVERETT ST,E CHESTNUT ST,0,NA,Y,A,-,N,NA,NA,NA,NA,NA,NA,NA,NA,NA,Y,4,0,1,2,A,-,03,22350,NA,N,D,C,A,A,H,-,A,D,0,NA,NA,NA,NA,Y,NA,D,23,0,0,1,0,0,0,0,0,0,-,-,NA,NA,LOS ANGELES,GLENDALE,-118.24617767333984,34.13990020751953
8976882,2019,2019-12-02,1972,2019-10-06,0800,21089,NA,7,5,6,1972,0,0,0,NA,0,NA,WALNUT ST,237TH ST,132,N,N,A,-,N,NA,NA,NA,NA,NA,NA,NA,NA,NA,Y,4,0,2,2,A,-,03,22350,NA,N,B,C,A,A,H,-,A,D,0,NA,NA,NA,NA,Y,NA,A,NA,0,0,2,0,0,0,0,0,0,-,-,NA,NA,LOS ANGELES,TORRANCE,-118.311767578125,33.8101806640625
8976883,2019,2020-01-03,1942,2019-10-30,1819,38171,1385,3,5,7,1942,0,0,0,M,0,13A85,E 59TH PL,S CENTRAL AV,25,N,N,A,-,N,NA,NA,NA,NA,NA,NA,NA,NA,NA,N,3,0,1,2,A,-,11,21954,A,N,G,B,D,A,H,-,C,D,0,Y,NA,NA,NA,Y,NA,-,-,0,1,0,0,1,0,0,0,0,-,-,NA,NA,LOS ANGELES,LOS ANGELES,-118.25646209716795,33.98725128173828
8976886,2019,2019-12-02,1942,2019-10-02,2340,41931,0442,3,5,7,1942,0,0,0,D,0,4A59,STATE ST,CITY VIEW,50,N,N,A,-,N,NA,NA,NA,NA,NA,NA,NA,NA,NA,Y,4,0,1,2,A,-,12,21453,A,F,D,C,A,A,H,-,C,A,0,NA,NA,Y,NA,Y,NA,A,01,0,0,1,0,0,0,0,0,1,-,-,NA,NA,LOS ANGELES,LOS ANGELES,-118.21247863769533,34.05424118041992
8976887,2019,2019-12-02,1942,2019-10-10,1925,30083,1342,4,5,7,1942,0,0,0,M,0,13A41,MLK KING JR BL,TRINITY ST,0,NA,Y,A,-,N,NA,NA,NA,NA,NA,NA,NA,NA,NA,N,3,0,1,2,A,-,03,22350,NA,N,D,C,A,A,H,-,C,A,0,NA,NA,Y,NA,Y,NA,C,03,0,1,0,0,0,0,0,0,1,-,-,NA,NA,LOS ANGELES,LOS ANGELES,-118.27016,34.01116
8976890,2019,2019-12-02,1942,2019-10-18,1525,40865,0195,5,5,7,1942,0,0,0,A,0,1A85,S MAIN ST,E 16TH ST,0,NA,Y,A,-,N,NA,NA,NA,NA,NA,NA,NA,NA,NA,N,4,0,2,2,D,-,00,NA,NA,N,B,C,A,A,H,-,A,A,0,NA,NA,NA,NA,Y,NA,-,-,0,0,2,0,0,0,0,0,0,-,-,NA,NA,LOS ANGELES,LOS ANGELES,-118.26255798339844,34.033599853515625
8976891,2019,2019-12-02,1942,2019-10-15,0735,34332,0459,2,5,7,1942,0,0,0,D,0,4A59,BLADES ST,WINTER ST,0,NA,Y,A,-,N,NA,NA,NA,NA,NA,NA,NA,NA,NA,N,2,0,1,2,A,-,11,21954,A,N,G,B,D,-,H,-,A,A,0,Y,NA,NA,NA,Y,NA,N,60,1,0,0,0,1,0,0,0,0,-,-,NA,NA,LOS ANGELES,LOS ANGELES,-118.19642639160156,34.04677963256836
8976894,2019,2019-12-02,1942,2019-10-18,0818,38357,0124,5,5,7,1942,0,0,0,A,0,1A1,NORTH MAIN ST,E TEMPLE ST,100,N,N,A,-,N,NA,NA,NA,NA,NA,NA,NA,NA,NA,N,3,0,1,2,A,-,11,21950,B,N,G,B,D,A,H,-,A,D,0,Y,NA,NA,NA,Y,NA,N,60,0,1,0,0,1,0,0,0,0,-,-,NA,NA,LOS ANGELES,LOS ANGELES,-118.241455078125,34.05429458618164
8976895,2019,2019-12-02,1942,2019-10-05,2040,35291,1148,6,5,7,1942,0,0,0,K,0,11A37,NORTH FIGUEROA ST,ECHO ST,20,S,N,A,-,N,NA,NA,NA,NA,NA,NA,NA,NA,NA,N,3,0,1,2,A,-,11,21954,A,N,G,B,D,A,H,-,C,D,0,Y,NA,NA,NA,Y,NA,N,60,0,1,0,0,1,0,0,0,0,-,-,NA,NA,LOS ANGELES,LOS ANGELES,-118.20288848876952,34.102996826171875
8976898,2019,2019-12-02,1942,2019-10-17,1005,39938,NA,4,5,7,1942,0,0,0,NA,0,NA,SUNSET BL,E VIN SCULLY AV,31,E,N,A,-,N,NA,NA,NA,NA,NA,NA,NA,NA,NA,Y,3,0,1,2,A,-,09,21801,A,N,A,C,A,A,H,-,A,A,0,NA,NA,NA,NA,Y,NA,A,01,0,1,0,0,0,0,0,0,0,-,-,NA,NA,LOS ANGELES,LOS ANGELES,-118.25093841552734,34.072364807128906
8976899,2019,2020-01-03,1942,2019-10-07,0855,42926,0101,1,5,7,1942,0,0,0,A,0,1A1,W VIN SCULLY AV,STADIUM WY,445,N,N,A,-,N,NA,NA,NA,NA,NA,NA,NA,NA,NA,N,4,0,1,2,A,-,08,22107,NA,N,B,C,A,A,H,-,A,D,0,NA,NA,NA,NA,Y,NA,-,-,0,0,1,0,0,0,0,0,0,-,-,NA,NA,LOS ANGELES,LOS ANGELES,-118.2470932006836,34.07244873046875
8976902,2019,2019-12-02,1942,2019-10-27,1600,34426,0182,7,5,7,1942,0,0,0,A,0,1A61,S HOPE ST,W 12TH ST,160,S,N,A,-,N,NA,NA,NA,NA,NA,NA,NA,NA,NA,Y,4,0,2,2,A,-,08,22103,NA,N,D,C,A,A,H,-,A,D,0,NA,NA,NA,NA,Y,NA,A,01,0,0,2,0,0,0,0,0,0,-,-,NA,NA,LOS ANGELES,LOS ANGELES,-118.26470947265624,34.04048538208008
8976903,2019,2019-12-02,1942,2019-10-08,1505,40008,1107,2,5,7,1942,0,0,0,K,0,11A25,YOSEMITE DR,FLORISTAN AV,0,NA,Y,A,-,N,NA,NA,NA,NA,NA,NA,NA,NA,NA,N,2,0,3,2,A,-,09,21804,A,N,D,C,A,A,H,-,A,D,0,NA,NA,NA,NA,Y,NA,A,01,1,1,1,0,0,0,0,0,0,-,-,NA,NA,LOS ANGELES,LOS ANGELES,-118.1993408203125,34.13288116455078
8976906,2019,2019-12-02,1942,2019-10-27,1510,34426,0182,7,5,7,1942,0,0,0,A,0,1A61,S HOPE ST,W OLYMPIC BL,0,NA,Y,A,-,N,NA,NA,NA,NA,NA,NA,NA,NA,NA,Y,4,0,3,2,A,-,12,21453,A,N,A,C,A,A,H,-,A,A,0,NA,NA,NA,NA,Y,NA,A,01,0,0,3,0,0,0,0,0,0,-,-,NA,NA,LOS ANGELES,LOS ANGELES,-118.26168823242188,34.043731689453125
8976907,2019,2019-12-02,1942,2019-10-05,1140,37540,0443,6,5,7,1942,0,0,0,D,0,4A15,MARK ST,MARENGO ST,0,NA,Y,A,-,N,NA,NA,NA,NA,NA,NA,NA,NA,NA,Y,4,0,2,3,A,-,09,21801,A,N,D,C,A,A,H,-,A,D,0,NA,NA,NA,NA,Y,NA,A,07,0,0,2,0,0,0,0,0,0,-,-,NA,NA,LOS ANGELES,LOS ANGELES,-118.21186065673828,34.05855941772461
8976910,2019,2019-12-02,1942,2019-10-31,1435,34458,0121,4,5,7,1942,0,0,0,A,0,1A1,W 1ST ST,N FREMONT AV,0,NA,Y,A,-,N,NA,NA,NA,NA,NA,NA,NA,NA,NA,N,3,0,1,2,A,-,09,21801,A,F,H,G,A,A,H,-,A,A,0,NA,Y,NA,NA,Y,NA,-,99,0,1,0,0,0,0,1,0,0,-,-,NA,NA,LOS ANGELES,LOS ANGELES,-118.25306701660156,34.05839920043945
8976911,2019,2019-12-02,1942,2019-10-06,1030,37540,0421,7,5,7,1942,0,0,0,D,0,4A15,NORTH MAIN ST,DALY ST,0,NA,Y,A,-,N,NA,NA,NA,NA,NA,NA,NA,NA,NA,Y,3,0,2,2,A,-,09,21801,A,N,D,C,A,A,H,-,A,A,0,NA,NA,NA,NA,Y,NA,A,01,0,2,0,0,0,0,0,0,0,-,-,NA,NA,LOS ANGELES,LOS ANGELES,-118.21546936035156,34.06597900390625
8976914,2019,2021-01-07,1942,2019-10-18,1630,42347,0212,5,5,7,1942,0,0,0,B,0,1X11,MELROSE AV,VIRGIL AV,50,W,N,A,-,N,NA,NA,NA,NA,NA,NA,NA,NA,NA,N,4,0,1,2,A,-,09,21801,A,F,D,C,A,A,H,-,A,D,0,NA,NA,NA,NA,Y,Y,-,99,0,0,1,0,0,0,0,0,0,-,-,NA,NA,LOS ANGELES,LOS ANGELES,-118.28699493408205,34.08359146118164
8976915,2019,2019-12-02,1942,2019-10-06,1245,40289,0469,7,5,7,1942,0,0,0,D,0,4A59,S LORENA ST,LANFRANCO ST,85,N,N,A,-,N,NA,NA,NA,NA,NA,NA,NA,NA,NA,N,3,0,3,3,A,-,09,21804,A,N,D,C,A,A,H,-,A,D,0,NA,NA,NA,NA,Y,NA,A,01,0,1,2,0,0,0,0,0,0,-,-,NA,NA,LOS ANGELES,LOS ANGELES,-118.19838714599608,34.031837463378906
8976918,2019,2020-01-03,1942,2019-10-18,1920,41809,0247,5,5,7,1942,0,0,0,B,0,2A68-N,BURLINGTON AV,6TH ST,5,N,N,A,-,N,NA,NA,NA,NA,NA,NA,NA,NA,NA,N,2,0,1,2,A,-,11,21954,A,F,G,B,B,A,H,-,C,A,0,Y,NA,NA,NA,Y,NA,-,99,1,0,0,0,1,0,0,0,0,-,-,NA,NA,LOS ANGELES,LOS ANGELES,-118.27149200439452,34.05802917480469
8976919,2019,2019-12-02,1942,2019-10-06,1720,34458,0409,7,5,7,1942,0,0,0,D,0,4A9,HUNTINGTON DR N,MAYCREST AV,0,NA,Y,A,-,N,NA,NA,NA,NA,NA,NA,NA,NA,NA,Y,4,0,2,2,A,-,12,21453,A,N,D,C,A,A,H,-,A,A,0,NA,NA,NA,NA,Y,NA,A,01,0,0,2,0,0,0,0,0,0,-,-,NA,NA,LOS ANGELES,LOS ANGELES,-118.16114044189452,34.09342956542969
8976922,2019,2020-02-20,1942,2019-10-18,2000,36814,1145,5,5,7,1942,0,0,0,K,0,11A1,RIVERSIDE DR,GLENDALE BL,0,NA,Y,A,-,N,NA,NA,NA,NA,NA,NA,NA,NA,NA,N,3,0,1,2,A,-,05,21650,NA,F,H,G,A,A,H,-,C,A,0,NA,Y,NA,NA,Y,NA,L,04,0,1,0,0,0,0,1,0,0,-,-,NA,NA,LOS ANGELES,LOS ANGELES,-118.26505279541016,34.11111831665039
8976923,2019,2020-01-03,1942,2019-10-01,0655,40275,0491,2,5,7,1942,0,0,0,D,0,4A97,S SOTO ST,E 12TH ST,0,NA,Y,A,-,N,NA,NA,NA,NA,NA,NA,NA,NA,NA,N,4,0,1,2,A,-,09,21801,A,N,B,C,A,A,H,-,A,D,0,NA,NA,NA,NA,Y,NA,A,01,0,0,1,0,0,0,0,0,0,-,-,NA,NA,LOS ANGELES,LOS ANGELES,-118.22010803222656,34.02193832397461
8976926,2019,2019-12-02,1942,2019-10-19,2100,39508,1136,6,5,7,1942,0,0,0,K,0,11A17,N AVENUE 50,BALTIMORE ST,0,NA,Y,A,-,N,NA,NA,NA,NA,NA,NA,NA,NA,NA,N,4,0,2,2,A,-,12,22450,A,N,D,D,A,A,H,-,C,A,0,NA,NA,NA,NA,Y,NA,A,01,0,0,2,0,0,0,0,0,0,-,-,NA,NA,LOS ANGELES,LOS ANGELES,-118.20755004882813,34.11880111694336
8976930,2019,2019-12-02,1942,2019-10-20,1625,38171,1136,7,5,7,1942,0,0,0,K,0,11A17,W AVENUE 42,EAGLE ROCK BL,0,NA,Y,A,-,N,NA,NA,NA,NA,NA,NA,NA,NA,NA,N,4,0,2,2,A,-,09,21802,A,N,D,C,A,A,H,-,A,A,0,NA,NA,NA,NA,Y,NA,A,08,0,0,2,0,0,0,0,0,0,-,-,NA,NA,LOS ANGELES,LOS ANGELES,-118.22524261474608,34.12194061279297
8976934,2019,2020-06-16,1942,2019-10-25,2330,30083,1171,5,5,7,1942,0,0,0,K,0,11A71,BERKELEY AV,BERKELEY CIR,212,W,N,A,-,N,NA,NA,NA,NA,NA,NA,NA,NA,NA,N,2,0,1,2,A,-,05,21650,NA,F,A,G,A,A,H,-,C,D,0,NA,Y,NA,NA,Y,Y,-,99,1,0,0,0,0,0,1,0,0,-,-,NA,NA,LOS ANGELES,LOS ANGELES,-118.27252197265624,34.08925247192383
8976942,2019,2019-12-02,1942,2019-10-27,0001,42933,1352,7,5,7,1942,0,0,0,M,0,13X94,VERNON AV,SAN PEDRO,0,NA,Y,A,-,N,NA,NA,NA,NA,NA,NA,NA,NA,NA,Y,4,0,1,2,A,-,12,21453,A,F,D,C,A,A,H,-,C,A,0,NA,NA,NA,NA,Y,NA,-,99,0,0,1,0,0,0,0,0,0,-,-,NA,NA,LOS ANGELES,LOS ANGELES,-118.27263641357422,34.00382995605469
8976946,2019,2019-12-02,1942,2019-10-25,1500,43071,1371,5,5,7,1942,0,0,0,M,0,13XL5,MAIN ST,57TH ST,200,N,N,A,-,N,NA,NA,NA,NA,NA,NA,NA,NA,NA,N,3,0,1,2,A,-,07,21658,A,F,B,G,A,A,H,-,A,D,0,NA,Y,NA,NA,Y,NA,-,-,0,1,0,0,0,0,1,0,0,-,-,NA,NA,LOS ANGELES,LOS ANGELES,-118.27394104003906,33.99123001098633
8976949,2018,2019-11-20,1942,2018-06-20,1330,42443,1249,3,5,7,1942,0,0,0,L,0,12X32,66TH ST,BONSALLO AV,0,NA,Y,A,-,N,NA,NA,NA,NA,NA,NA,NA,NA,NA,N,4,0,1,2,A,-,09,21802,A,N,D,C,A,A,H,-,A,A,0,NA,NA,NA,NA,Y,NA,A,01,0,0,1,0,0,0,0,0,0,-,-,NA,NA,LOS ANGELES,LOS ANGELES,-118.28597259521484,33.97945022583008
8976950,2019,2019-12-02,1942,2019-10-23,2100,39395,1377,3,5,7,1942,0,0,0,M,0,13A75,E HOLMES AV,SLAUSON AV,0,NA,Y,A,-,N,NA,NA,NA,NA,NA,NA,NA,NA,NA,N,4,0,2,2,A,-,09,21801,A,N,D,C,A,A,H,-,C,D,0,NA,NA,NA,NA,Y,NA,A,07,0,0,2,0,0,0,0,0,0,-,-,NA,NA,LOS ANGELES,LOS ANGELES,-118.2411880493164,33.98955154418945
8976953,2019,2019-11-22,1972,2019-06-29,1922,15555,NA,6,5,6,1972,0,0,0,NA,0,NA,ARTESIA BL,CASIMIR AV,239,E,N,A,-,N,NA,NA,NA,NA,NA,NA,NA,NA,NA,Y,4,0,1,2,A,-,04,21703,NA,N,C,C,A,A,H,-,B,A,0,NA,NA,NA,NA,Y,Y,A,NA,0,0,1,0,0,0,0,0,0,-,-,NA,NA,LOS ANGELES,TORRANCE,-118.32140350341795,33.87290954589844
8976954,2019,2019-12-02,1942,2019-10-27,0645,40730,1352,7,5,7,1942,0,0,0,M,0,13A61,MAIN ST,47TH ST,0,NA,Y,A,-,N,NA,NA,NA,NA,NA,NA,NA,NA,NA,N,4,0,1,2,A,-,10,21950,A,N,G,B,B,A,H,-,B,A,0,Y,NA,NA,NA,Y,NA,A,08,0,0,1,0,1,0,0,0,0,-,-,NA,NA,LOS ANGELES,LOS ANGELES,-118.27397918701172,34.001041412353516
8976958,2019,2019-12-02,1942,2019-10-30,2310,35291,1351,3,5,7,1942,0,0,0,M,0,13A61,W VERNON AV,S GRAND AV,0,NA,Y,A,-,N,NA,NA,NA,NA,NA,NA,NA,NA,NA,Y,4,0,1,2,A,-,09,21801,A,N,A,C,A,A,H,-,C,A,0,NA,NA,NA,NA,Y,NA,A,07,0,0,1,0,0,0,0,0,0,-,-,NA,NA,LOS ANGELES,LOS ANGELES,-118.280517578125,34.00376892089844
8977070,2019,2019-11-26,1900,2019-10-08,0650,636283,1137,2,5,6,1992,0,0,0,NA,0,111T1,30TH ST EAST,AVENUE J-8,0,NA,Y,A,-,N,NA,NA,NA,NA,NA,NA,NA,NA,NA,Y,4,0,2,2,A,-,03,22350,NA,N,C,C,A,A,H,-,A,A,0,NA,NA,NA,NA,Y,NA,A,01,0,0,2,0,0,0,0,0,0,-,-,NA,NA,LOS ANGELES,LANCASTER,-118.07691192626952,34.68254852294922
8977124,2019,2019-12-03,1900,2019-10-21,1558,61888,1618,1,5,5,1977,0,0,0,NA,0,164T1,AVALON BL,221 ST,0,NA,Y,A,-,N,NA,NA,NA,NA,NA,NA,NA,NA,NA,N,3,0,1,3,A,-,03,22350,NA,N,C,G,A,A,H,-,A,D,0,NA,Y,NA,NA,Y,NA,A,01,0,1,0,0,0,0,1,0,0,-,-,33.82659912109375,-118.26380157470705,LOS ANGELES,CARSON,-118.26373291015624,33.82659912109375
8977128,2019,2019-12-03,1900,2019-10-21,0755,550488,1624,1,5,5,1977,0,0,0,NA,0,169AD,223RD ST,DOLORES ST,0,NA,Y,A,-,N,NA,NA,NA,NA,NA,NA,NA,NA,NA,Y,3,0,1,2,A,-,12,21453,A,N,D,C,A,A,G,-,A,A,0,NA,NA,NA,NA,Y,NA,A,01,0,1,0,0,0,0,0,0,0,-,-,33.82416915893555,-118.27237701416016,LOS ANGELES,CARSON,-118.2723388671875,33.82421112060547
8977146,2019,2019-11-22,1942,2019-11-07,2155,42251,1795,4,5,7,1942,0,0,0,Q,0,10A17,BALBOA BL,ROSCOE BL,1070,N,N,A,-,N,NA,NA,NA,NA,NA,NA,NA,NA,NA,Y,3,0,2,3,A,-,01,23152,A,N,C,C,A,A,H,-,C,D,0,NA,NA,NA,NA,Y,Y,A,01,0,1,1,0,0,0,0,0,0,-,-,NA,NA,LOS ANGELES,LOS ANGELES,-118.50263214111328,34.22413635253906
8977150,2019,2019-11-22,1942,2019-11-04,1750,41630,1028,1,5,7,1942,0,0,0,J,0,10X94,VICTORY BL,WOODLEY AV,0,NA,Y,A,-,N,NA,NA,NA,NA,NA,NA,NA,NA,NA,N,4,0,1,2,A,-,03,22350,NA,F,C,C,A,A,H,-,A,A,0,NA,NA,NA,NA,Y,NA,-,99,0,0,1,0,0,0,0,0,0,-,-,NA,NA,LOS ANGELES,LOS ANGELES,-118.48365020751952,34.18661880493164
8977154,2019,2019-11-22,1942,2019-11-01,1600,43611,1839,5,5,7,1942,0,0,0,R,0,18A31,108TH ST,CENTRAL AV,200,E,N,A,-,N,NA,NA,NA,NA,NA,NA,NA,NA,NA,N,4,0,1,2,A,-,03,22350,NA,F,B,C,A,A,H,-,A,D,0,NA,NA,NA,NA,Y,NA,-,99,0,0,1,0,0,0,0,0,0,-,-,NA,NA,LOS ANGELES,LOS ANGELES,-118.25418853759766,33.93825912475586
8977158,2019,2019-11-22,1942,2019-11-06,1800,33294,0964,3,5,7,1942,0,0,0,I,0,26M36,RIVERSIDE DR,HAZELTINE AV,200,W,N,A,-,N,NA,NA,NA,NA,NA,NA,NA,NA,NA,N,4,0,1,2,A,-,07,21658,A,F,B,C,A,A,H,-,B,A,0,NA,NA,NA,NA,Y,NA,-,99,0,0,1,0,0,0,0,0,0,-,-,NA,NA,LOS ANGELES,LOS ANGELES,-118.44065856933594,34.15760040283203
8977170,2019,2019-11-22,1942,2019-11-04,0105,33452,1303,1,5,7,1942,0,0,0,M,0,13A13,S CENTRAL AV,E 12TH ST,118,S,N,A,-,N,NA,NA,NA,NA,NA,NA,NA,NA,NA,Y,2,0,1,1,A,-,01,23152,A,N,E,I,A,A,H,-,C,D,0,NA,NA,NA,NA,Y,Y,A,07,1,0,0,0,0,0,0,0,0,-,-,NA,NA,LOS ANGELES,LOS ANGELES,-118.24547576904295,34.02989959716797
8977174,2019,2019-11-22,1942,2019-11-02,0120,40325,0158,6,5,7,1942,0,0,0,A,0,1A29,ALAMEDA ST,7TH ST,0,NA,Y,A,-,N,NA,NA,NA,NA,NA,NA,NA,NA,NA,N,4,0,1,2,A,-,10,21950,A,N,G,B,B,A,H,-,C,A,0,Y,NA,NA,NA,Y,NA,A,07,0,0,1,0,1,0,0,0,0,-,-,NA,NA,LOS ANGELES,LOS ANGELES,-118.23863983154295,34.03504943847656
8977178,2019,2019-11-22,1942,2019-11-02,1200,32973,0191,6,5,7,1942,0,0,0,A,0,1A61,S FIGUEROA ST,S 18TH ST,0,NA,Y,B,-,N,NA,NA,NA,NA,NA,NA,NA,NA,NA,N,4,0,2,2,A,-,09,21801,A,N,D,C,A,A,H,-,A,D,0,NA,NA,NA,NA,Y,NA,A,07,0,0,2,0,0,0,0,0,0,-,-,NA,NA,LOS ANGELES,LOS ANGELES,-118.27140045166016,34.035430908203125
8977182,2019,2019-11-22,1942,2019-11-02,2110,39062,0195,6,5,7,1942,0,0,0,A,0,1A85,S MAIN ST,E 16TH ST,0,NA,Y,A,-,N,NA,NA,NA,NA,NA,NA,NA,NA,NA,Y,4,0,1,2,A,-,12,21453,A,N,D,C,A,A,H,-,C,A,0,NA,NA,NA,NA,Y,NA,A,01,0,0,1,0,0,0,0,0,0,-,-,NA,NA,LOS ANGELES,LOS ANGELES,-118.26255798339844,34.033599853515625
8977186,2019,2019-11-22,1972,2019-11-07,1808,21878,NA,4,5,6,1972,0,0,0,NA,0,NA,PACIFIC COAST HWY,ROLLING HILLS WY,0,NA,Y,A,-,N,NA,NA,NA,NA,NA,NA,NA,NA,NA,Y,3,0,1,2,A,-,10,21950,A,N,G,B,B,A,H,-,C,A,0,Y,NA,NA,NA,Y,NA,A,NA,0,1,0,0,1,0,0,0,0,-,-,NA,NA,LOS ANGELES,TORRANCE,-118.33570861816406,33.793941497802734
8977188,2019,2020-01-18,1925,2019-11-05,1636,16900,159,2,5,6,1925,0,0,0,NA,0,004,VERDUGO RD,GLENOAKS,500,N,N,A,-,N,NA,NA,NA,NA,NA,NA,NA,NA,NA,Y,4,0,1,2,A,-,08,22107,NA,N,B,C,A,A,H,-,A,D,0,NA,NA,NA,NA,Y,NA,A,01,0,0,1,0,0,0,0,0,0,-,-,NA,NA,LOS ANGELES,GLENDALE,-118.23677825927734,34.159088134765625
8977190,2019,2019-11-22,1972,2019-11-12,0755,12825,NA,2,5,6,1972,0,0,0,NA,0,NA,TORRANCE BL,HAWTHORNE BL,30,W,N,A,-,N,NA,NA,NA,NA,NA,NA,NA,NA,NA,N,4,0,1,2,A,-,07,21658,A,N,B,C,A,A,H,-,A,A,0,NA,NA,NA,NA,Y,NA,A,NA,0,0,1,0,0,0,0,0,0,-,-,NA,NA,LOS ANGELES,TORRANCE,-118.35382843017578,33.83757019042969