CASE_ID,ACCIDENT_YEAR,PROC_DATE,JURIS,COLLISION_DATE,COLLISION_TIME,OFFICER_ID,REPORTING_DISTRICT,DAY_OF_WEEK,CHP_SHIFT,POPULATION,CNTY_CITY_LOC,SPECIAL_COND,BEAT_TYPE,CHP_BEAT_TYPE,CITY_DIVISION_LAPD,CHP_BEAT_CLASS,BEAT_NUMBER,PRIMARY_RD,SECONDARY_RD,DISTANCE,DIRECTION,INTERSECTION,WEATHER_1,WEATHER_2,STATE_HWY_IND,CALTRANS_COUNTY,CALTRANS_DISTRICT,STATE_ROUTE,ROUTE_SUFFIX,POSTMILE_PREFIX,POSTMILE,LOCATION_TYPE,RAMP_INTERSECTION,SIDE_OF_HWY,TOW_AWAY,COLLISION_SEVERITY,NUMBER_KILLED,NUMBER_INJURED,PARTY_COUNT,PRIMARY_COLL_FACTOR,PCF_CODE_OF_VIOL,PCF_VIOL_CATEGORY,PCF_VIOLATION,PCF_VIOL_SUBSECTION,HIT_AND_RUN,TYPE_OF_COLLISION,MVIW,PED_ACTION,ROAD_SURFACE,ROAD_COND_1,ROAD_COND_2,LIGHTING,CONTROL_DEVICE,CHP_ROAD_TYPE,PEDESTRIAN_ACCIDENT,BICYCLE_ACCIDENT,MOTORCYCLE_ACCIDENT,TRUCK_ACCIDENT,NOT_PRIVATE_PROPERTY,ALCOHOL_INVOLVED,STWD_VEHTYPE_AT_FAULT,CHP_VEHTYPE_AT_FAULT,COUNT_SEVERE_INJ,COUNT_VISIBLE_INJ,COUNT_COMPLAINT_PAIN,COUNT_PED_KILLED,COUNT_PED_INJURED,COUNT_BICYCLIST_KILLED,COUNT_BICYCLIST_INJURED,COUNT_MC_KILLED,COUNT_MC_INJURED,PRIMARY_RAMP,SECONDARY_RAMP,LATITUDE,LONGITUDE,COUNTY,CITY,POINT_X,POINT_Y
8977191,2019,2019-12-03,1900,2019-10-19,1503,619590,1610,6,5,5,1977,0,0,0,NA,0,164T,ALBERTONI ST,BROADWAY,0,NA,Y,A,-,N,NA,NA,NA,NA,NA,NA,NA,NA,NA,Y,4,0,1,2,A,-,12,21453,A,N,D,C,A,A,H,-,A,A,0,NA,NA,NA,NA,Y,NA,A,07,0,0,1,0,0,0,0,0,0,-,-,NA,NA,LOS ANGELES,CARSON,-118.2785186767578,33.87086868286133
8977194,2019,2019-11-22,1972,2019-11-06,1556,20987,NA,3,5,6,1972,0,0,0,NA,0,NA,TORRANCE BL,ARLINGTON AV,40,W,N,A,-,N,NA,NA,NA,NA,NA,NA,NA,NA,NA,Y,4,0,1,2,A,-,03,22350,NA,N,C,C,A,A,H,-,A,A,0,NA,NA,NA,NA,Y,NA,A,NA,0,0,1,0,0,0,0,0,0,-,-,NA,NA,LOS ANGELES,TORRANCE,-118.32061767578124,33.83641815185547
8977195,2019,2019-12-03,1900,2019-10-27,1324,508441,1617,7,5,5,1977,0,0,0,NA,0,164T,FIGUEROA ST,CARSON TOWN CTR,90,N,N,A,-,N,NA,NA,NA,NA,NA,NA,NA,NA,NA,Y,4,0,1,2,A,-,09,21800,A,N,D,C,A,A,H,-,A,D,0,NA,NA,NA,NA,Y,NA,A,01,0,0,1,0,0,0,0,0,0,-,-,NA,NA,LOS ANGELES,CARSON,-118.28610229492188,33.840145111083984
8977199,2019,2019-12-03,1900,2019-10-25,0753,508441,1614,5,5,5,1977,0,0,0,NA,0,NA,AVALON BL,MARTIN LUTHER KING JR ST,0,NA,Y,A,-,N,NA,NA,NA,NA,NA,NA,NA,NA,NA,Y,4,0,1,2,D,-,00,NA,NA,N,D,C,A,A,H,-,A,A,0,NA,NA,NA,NA,Y,NA,-,-,0,0,1,0,0,0,0,0,0,-,-,33.51240158081055,-118.15158081054688,LOS ANGELES,CARSON,-118.2652587890625,34.01105880737305
8977202,2019,2019-11-18,1900,2019-10-18,1458,MORENO,2915,5,5,4,1974,0,0,0,NA,0,293K1,LEMON AV,PASEO DEL PRADO,118,N,N,A,-,N,NA,NA,NA,NA,NA,NA,NA,NA,NA,N,4,0,2,2,A,-,09,21801,A,N,D,C,A,A,H,-,A,D,0,NA,NA,NA,NA,Y,NA,A,07,0,0,2,0,0,0,0,0,0,-,-,NA,NA,LOS ANGELES,WALNUT,-117.8608856201172,34.01193618774414
8977206,2019,2019-11-18,1900,2019-10-30,1223,540701,2916,3,5,4,1974,0,0,0,NA,0,291K2,LA PUENTE RD,GRAND AV,25,E,N,A,G,N,NA,NA,NA,NA,NA,NA,NA,NA,NA,Y,4,0,1,1,A,-,08,22107,NA,N,E,I,A,A,H,-,A,A,0,NA,NA,NA,NA,Y,NA,A,01,0,0,1,0,0,0,0,0,0,-,-,NA,NA,LOS ANGELES,WALNUT,-117.83727264404295,34.029884338378906
8977214,2019,2019-11-18,1942,2019-10-14,1440,39710,0157,1,5,7,1942,0,0,0,A,0,1A1,SAN PEDRO ST,6TH ST,5,S,N,A,-,N,NA,NA,NA,NA,NA,NA,NA,NA,NA,N,4,0,1,2,A,-,08,22107,NA,F,G,B,B,A,-,-,A,A,0,Y,NA,NA,NA,Y,NA,-,99,0,0,1,0,1,0,0,0,0,-,-,NA,NA,LOS ANGELES,LOS ANGELES,-118.24527740478516,34.0422477722168
8977218,2019,2019-11-18,1942,2019-10-05,1905,42146,0118,6,5,7,1942,0,0,0,A,0,1A1,NORTH SPRING ST,MESNAGERS ST,50,S,N,A,-,N,NA,NA,NA,NA,NA,NA,NA,NA,NA,Y,4,0,1,2,A,-,08,22107,NA,N,B,C,A,A,H,-,C,D,0,NA,NA,NA,NA,Y,NA,A,01,0,0,1,0,0,0,0,0,0,-,-,NA,NA,LOS ANGELES,LOS ANGELES,-118.22927856445313,34.068756103515625
8977222,2019,2019-11-18,1942,2019-10-02,1400,38171,0152,3,5,7,1942,0,0,0,A,0,1A41,W 6TH ST,S FLOWER ST,0,NA,Y,A,-,N,NA,NA,NA,NA,NA,NA,NA,NA,NA,N,4,0,1,2,A,-,10,21950,A,N,G,B,B,A,H,-,A,A,0,Y,NA,NA,NA,Y,NA,A,01,0,0,1,0,1,0,0,0,0,-,-,NA,NA,LOS ANGELES,LOS ANGELES,-118.25746154785156,34.0501594543457
8977226,2019,2019-11-18,1942,2019-10-03,1045,41629,0111,4,5,7,1942,0,0,0,A,0,1A1,N BROADWAY,ALPINE ST,0,NA,Y,A,-,N,NA,NA,NA,NA,NA,NA,NA,NA,NA,N,3,0,1,2,A,-,10,21950,A,N,G,B,B,A,H,-,A,D,0,Y,NA,NA,NA,Y,NA,A,01,0,1,0,0,1,0,0,0,0,-,-,NA,NA,LOS ANGELES,LOS ANGELES,-118.23834228515624,34.06235885620117
8977230,2019,2019-11-18,1942,2019-10-08,1850,36814,0142,2,5,7,1942,0,0,0,A,0,1A41,W 3RD ST,S GRAND AV,0,NA,Y,A,-,N,NA,NA,NA,NA,NA,NA,NA,NA,NA,N,3,0,1,2,A,-,10,21950,A,N,G,B,B,A,H,-,C,A,0,Y,NA,NA,NA,Y,NA,A,01,0,1,0,0,1,0,0,0,0,-,-,NA,NA,LOS ANGELES,LOS ANGELES,-118.29016876220705,33.74150848388672
8977234,2019,2019-11-18,1942,2019-10-03,1210,40237,0195,4,5,7,1942,0,0,0,A,0,1A29,15TH ST,LOS ANGELES ST,0,NA,Y,A,-,N,NA,NA,NA,NA,NA,NA,NA,NA,NA,Y,4,0,1,2,A,-,12,22450,A,N,D,D,A,A,H,-,A,A,0,NA,NA,NA,NA,Y,NA,A,07,0,0,1,0,0,0,0,0,0,-,-,NA,NA,LOS ANGELES,LOS ANGELES,-118.26097869873048,34.033729553222656
8977238,2019,2019-11-18,1942,2019-10-15,0750,40275,0174,2,5,7,1942,0,0,0,A,0,1A85,E 8TH ST,WERDIN PL,0,NA,Y,A,-,N,NA,NA,NA,NA,NA,NA,NA,NA,NA,N,4,0,2,2,A,-,08,22100,B,N,C,C,A,A,H,-,A,D,0,NA,NA,NA,NA,Y,NA,A,01,0,0,2,0,0,0,0,0,0,-,-,NA,NA,LOS ANGELES,LOS ANGELES,-118.25267791748048,34.042259216308594
8977242,2019,2019-11-18,1942,2019-10-15,1650,42932,0111,2,5,7,1942,0,0,0,A,0,1A1,W CESAR E CHAVEZ AV,N BUNKER HILL AV,0,NA,Y,A,-,N,NA,NA,NA,NA,NA,NA,NA,NA,NA,Y,4,0,2,2,A,-,09,21802,A,N,B,C,A,A,H,-,A,A,0,NA,NA,NA,NA,Y,NA,A,01,0,0,2,0,0,0,0,0,0,-,-,NA,NA,LOS ANGELES,LOS ANGELES,-118.2446517944336,34.06126022338867
8977246,2019,2019-11-18,1942,2019-10-15,1125,34332,0152,2,5,7,1942,0,0,0,A,0,1A41,W 5TH ST,S FIGUEROA ST,0,NA,Y,A,-,N,NA,NA,NA,NA,NA,NA,NA,NA,NA,Y,3,0,2,2,A,-,12,21453,A,N,D,C,A,A,H,-,A,A,0,NA,NA,NA,NA,Y,NA,A,01,0,1,1,0,0,0,0,0,0,-,-,NA,NA,LOS ANGELES,LOS ANGELES,-118.25711822509766,34.05228042602539
8977250,2019,2019-11-18,1942,2019-10-12,0028,33452,0152,6,5,7,1942,0,0,0,A,0,1A41,S FIGUEROA ST,W 5TH ST,0,NA,Y,A,-,N,NA,NA,NA,NA,NA,NA,NA,NA,NA,Y,2,0,2,2,A,-,12,21453,A,N,D,C,A,A,H,-,C,A,0,NA,NA,NA,NA,Y,Y,A,01,1,1,0,0,0,0,0,0,0,-,-,NA,NA,LOS ANGELES,LOS ANGELES,-118.25711822509766,34.05228042602539
8977254,2019,2019-11-18,1942,2019-10-14,1522,38171,0111,1,5,7,1942,0,0,0,A,0,1A1,ALPINE ST,N GRAND AV,0,NA,Y,A,-,N,NA,NA,NA,NA,NA,NA,NA,NA,NA,N,3,0,1,2,A,-,10,21950,A,N,G,B,B,A,H,-,A,D,0,Y,NA,NA,NA,Y,NA,A,01,0,1,0,0,1,0,0,0,0,-,-,NA,NA,LOS ANGELES,LOS ANGELES,-118.24342346191406,34.06351089477539
8977258,2019,2019-11-18,1942,2019-10-03,2150,42876,0192,4,5,7,1942,0,0,0,A,0,1A61,WASHINGTON BL,HOPE ST,156,W,N,A,-,N,NA,NA,NA,NA,NA,NA,NA,NA,NA,N,4,0,2,2,A,-,03,22350,NA,N,C,C,A,A,H,-,C,A,0,NA,NA,NA,NA,Y,NA,A,01,0,0,2,0,0,0,0,0,0,-,-,NA,NA,LOS ANGELES,LOS ANGELES,-118.27017974853516,34.03363037109375
8977262,2019,2019-11-18,1942,2019-10-10,1650,32511,0164,4,5,7,1942,0,0,0,A,0,15L35,7TH ST,MAIN ST,0,NA,Y,A,-,N,NA,NA,NA,NA,NA,NA,NA,NA,NA,N,4,0,1,2,A,-,21,22106,NA,F,D,G,A,A,H,-,A,A,0,NA,Y,NA,NA,Y,NA,-,99,0,0,1,0,0,0,1,0,0,-,-,NA,NA,LOS ANGELES,LOS ANGELES,-118.25138092041016,34.04393005371094
8977266,2019,2020-01-13,1942,2019-10-21,0725,37611,0275,1,5,7,1942,0,0,0,B,0,2A75,S BEACON AV,W OLYMPIC BL,4,S,N,A,-,N,NA,NA,NA,NA,NA,NA,NA,NA,NA,N,3,0,1,2,A,-,09,21804,A,F,D,C,A,A,H,-,A,A,0,NA,Y,NA,NA,Y,NA,L,04,0,1,0,0,0,0,1,0,0,-,-,NA,NA,LOS ANGELES,LOS ANGELES,-118.27542877197266,34.04970932006836
8977278,2019,2019-11-18,1942,2019-10-31,0810,30107,1503,4,5,7,1942,0,0,0,O,0,15A33,KITTRIDGE ST,LAUREL CANYON BL,75,E,N,A,-,N,NA,NA,NA,NA,NA,NA,NA,NA,NA,N,4,0,1,2,A,-,09,21804,A,F,D,C,A,A,H,-,A,D,0,NA,NA,NA,NA,Y,NA,-,99,0,0,1,0,0,0,0,0,0,-,-,NA,NA,LOS ANGELES,LOS ANGELES,-118.39627075195313,34.190311431884766
8977313,2019,2019-11-21,1955,2019-08-30,1712,4119,07,5,5,6,1955,0,0,0,NA,0,003,HOLT AV,ELEANOR ST,30,W,N,A,-,N,NA,NA,NA,NA,NA,NA,NA,NA,NA,N,4,0,2,3,A,-,03,22350,A,N,C,C,A,A,H,-,A,A,0,NA,NA,NA,NA,Y,NA,A,01,0,0,2,0,0,0,0,0,0,-,-,NA,NA,LOS ANGELES,POMONA,-117.74385833740234,34.06254577636719
8977340,2019,2019-12-06,1942,2019-08-26,0730,42535,0395,1,5,7,1942,0,0,0,C,0,3A73,DENKER AV,VERNON AV,0,NA,Y,A,-,N,NA,NA,NA,NA,NA,NA,NA,NA,NA,Y,4,0,3,3,A,-,12,21453,A,N,H,C,A,A,H,-,A,A,0,NA,NA,NA,NA,Y,NA,A,01,0,0,3,0,0,0,0,0,0,-,-,NA,NA,LOS ANGELES,LOS ANGELES,-118.30457305908205,34.00371170043945
8977377,2019,2019-11-15,1901,2019-08-08,2229,297,392,4,5,5,1901,0,0,0,NA,0,THREE,FREMONT AV,ALHAMBRA RD,0,NA,Y,A,-,N,NA,NA,NA,NA,NA,NA,NA,NA,NA,Y,4,0,1,2,A,-,12,21453,A,N,D,C,A,A,H,-,C,A,0,NA,NA,NA,NA,Y,NA,-,NA,0,0,1,0,0,0,0,0,0,-,-,NA,NA,LOS ANGELES,ALHAMBRA,-118.15213775634766,34.09857940673828
8977378,2019,2019-11-18,1973,2019-08-19,1916,654,1973,1,5,1,1973,0,0,0,NA,0,0A2,BOYLE AV,50TH ST,187,S,N,A,-,N,NA,NA,NA,NA,NA,NA,NA,NA,NA,N,2,0,1,2,A,-,07,21658,A,N,A,G,A,A,H,-,A,D,0,NA,Y,NA,NA,Y,NA,L,04,1,0,0,0,0,0,1,0,0,-,-,NA,NA,LOS ANGELES,VERNON,-118.2130126953125,33.99781799316406
8977383,2019,2019-11-15,1946,2019-08-09,0804,P28,NA,5,5,4,1946,0,0,0,NA,0,003,HUNTINGTON,CALIFORNIA,0,NA,Y,A,-,N,NA,NA,NA,NA,NA,NA,NA,NA,NA,Y,4,0,1,3,A,-,12,21453,A,N,D,C,A,A,H,-,A,A,0,NA,NA,NA,NA,Y,NA,A,01,0,0,1,0,0,0,0,0,0,-,-,NA,NA,LOS ANGELES,MONROVIA,-117.99501037597656,34.14044952392578
8977390,2019,2019-11-18,1956,2019-08-31,1212,1324,67,6,5,5,1956,0,0,0,NA,0,004,SPACE PARK DR,AVIATION BL,240,E,N,A,-,N,NA,NA,NA,NA,NA,NA,NA,NA,NA,N,4,0,1,2,A,-,08,22107,NA,N,C,C,A,A,H,-,A,D,0,NA,NA,NA,NA,Y,NA,-,NA,0,0,1,0,0,0,0,0,0,-,-,NA,NA,LOS ANGELES,REDONDO BEACH,-118.37789154052734,33.89116287231445
8977394,2019,2019-11-18,1910,2019-08-28,1613,04335,NA,3,5,4,1910,0,0,0,NA,0,009,E WHITWORTH DR,ALMONT DR,0,NA,Y,A,-,N,NA,NA,NA,NA,NA,NA,NA,NA,NA,Y,4,0,1,2,A,-,09,21804,NA,N,D,C,A,A,H,-,A,A,0,NA,NA,NA,NA,Y,NA,A,01,0,0,1,0,0,0,0,0,0,-,-,34.057090759277344,-118.38777923583984,LOS ANGELES,BEVERLY HILLS,-118.38780975341795,34.057090759277344
8977398,2019,2019-11-18,1900,2019-08-17,1800,543275,1431,6,5,4,1937,0,0,0,NA,0,143T1,TEMPLE AV,HACIENDA BL,76,W,N,A,-,N,NA,NA,NA,NA,NA,NA,NA,NA,NA,N,4,0,1,2,A,-,04,21703,NA,N,C,C,A,A,H,-,A,-,0,NA,NA,NA,NA,Y,NA,A,01,0,0,1,0,0,0,0,0,0,-,-,34.030399322509766,-117.95420074462892,LOS ANGELES,LA PUENTE,-117.9541473388672,34.030426025390625
8977406,2019,2019-11-18,1920,2019-08-13,1320,13247,NA,2,5,6,1920,0,0,0,NA,0,002,PARAMOUNT BL,BROOKMILL RD,0,NA,Y,A,-,N,NA,NA,NA,NA,NA,NA,NA,NA,NA,N,4,0,1,2,A,-,03,22350,NA,N,C,C,A,A,C,-,A,A,0,NA,NA,NA,NA,Y,NA,A,01,0,0,1,0,0,0,0,0,0,-,-,NA,NA,LOS ANGELES,DOWNEY,-118.14147186279295,33.93793869018555
8977413,2019,2019-11-15,1942,2019-08-24,1630,43255,0245,6,5,7,1942,0,0,0,B,0,2A92-W,W 6TH ST,S CORONADO ST,100,E,N,A,-,N,NA,NA,NA,NA,NA,NA,NA,NA,NA,Y,4,0,1,2,A,-,08,22102,NA,N,B,C,A,A,H,-,A,D,0,NA,NA,NA,NA,Y,NA,A,01,0,0,1,0,0,0,0,0,0,-,-,NA,NA,LOS ANGELES,LOS ANGELES,-118.28009796142578,34.061893463134766
8977414,2019,2019-11-18,1942,2019-08-24,1205,43324,0551,6,5,7,1942,0,0,0,E,0,5A84,S WESTERN AV,W 1ST ST,200,S,N,A,-,N,NA,NA,NA,NA,NA,NA,NA,NA,NA,N,4,0,2,2,A,-,08,22107,NA,N,B,C,A,A,H,-,A,D,0,NA,NA,NA,NA,Y,NA,A,01,0,0,2,0,0,0,0,0,0,-,-,NA,NA,LOS ANGELES,LOS ANGELES,-118.3091278076172,34.07248306274414
8977415,2019,2019-11-15,1900,2019-08-30,0856,620765,0460,5,5,4,1936,0,0,0,NA,0,048,LEFFINGWELL RD,LA MIRADA BL,185,E,N,A,-,N,NA,NA,NA,NA,NA,NA,NA,NA,NA,N,4,0,1,2,A,-,04,21703,NA,N,C,C,A,A,H,-,A,D,0,NA,NA,NA,NA,Y,NA,A,01,0,0,1,0,0,0,0,0,0,-,-,NA,NA,LOS ANGELES,LA MIRADA,-118.01139068603516,33.92687225341797
8977420,2019,2020-02-18,1942,2019-10-04,2245,40069,0204,5,5,7,1942,0,0,0,B,0,2A5,SUNSET BL,SANBORN AV,70,E,N,A,-,N,NA,NA,NA,NA,NA,NA,NA,NA,NA,N,4,0,1,2,A,-,01,23153,A,F,B,C,A,A,H,-,C,D,0,NA,NA,NA,NA,Y,Y,A,01,0,0,1,0,0,0,0,0,0,-,-,NA,NA,LOS ANGELES,LOS ANGELES,-118.28022003173828,34.092308044433594
8977422,2019,2019-11-18,1900,2019-08-02,2200,609125,0972,5,5,4,1979,0,0,0,NA,0,93T4,ROBERTSON BL,ROSEWOOD AV,200,N,N,A,-,N,NA,NA,NA,NA,NA,NA,NA,NA,NA,N,4,0,1,2,A,-,06,21755,NA,N,B,C,A,A,H,-,B,D,0,NA,NA,Y,NA,Y,NA,C,02,0,0,1,0,0,0,0,0,1,-,-,34.07817840576172,-118.38381958007813,LOS ANGELES,WEST HOLLYWOOD,-118.38404846191406,34.078460693359375
8977424,2019,2019-12-05,1942,2019-10-05,0208,42783,0162,6,5,7,1942,0,0,0,A,0,1X43,8TH ST,GRAND AV,0,NA,Y,A,-,N,NA,NA,NA,NA,NA,NA,NA,NA,NA,N,3,0,3,2,A,-,00,24250,A,F,C,C,A,A,H,-,A,A,0,NA,NA,NA,NA,Y,NA,-,99,0,1,2,0,0,0,0,0,0,-,-,NA,NA,LOS ANGELES,LOS ANGELES,-118.2901611328125,33.736968994140625
8977425,2019,2019-11-15,1913,2019-08-10,1800,3679,NA,6,5,4,1913,0,0,0,NA,0,002,ARROW HWY,COLLEGE AV,0,NA,Y,A,-,N,NA,NA,NA,NA,NA,NA,NA,NA,NA,Y,2,0,3,3,A,-,09,21801,A,N,D,C,A,A,H,-,A,A,0,NA,NA,NA,NA,Y,NA,A,01,1,0,2,0,0,0,0,0,0,-,-,NA,NA,LOS ANGELES,CLAREMONT,-117.71489715576172,34.09043884277344
8977429,2019,2019-11-15,1942,2019-08-31,0400,43536,0743,6,5,7,1942,0,0,0,G,0,7A69,PICO BL,ORANGE DR,20,W,N,A,-,N,NA,NA,NA,NA,NA,NA,NA,NA,NA,N,2,0,1,1,A,-,00,21228,C,N,E,J,A,A,A,-,C,A,0,NA,NA,NA,NA,Y,NA,M,94,1,0,0,0,0,0,0,0,0,-,-,NA,NA,LOS ANGELES,LOS ANGELES,-118.34708404541016,34.04782485961914
8977435,2019,2019-11-15,1942,2019-08-24,2100,40841,1012,6,5,7,1942,0,0,0,J,0,10A3,RESEDA BL,SATICOY ST,0,NA,Y,A,-,N,NA,NA,NA,NA,NA,NA,NA,NA,NA,N,3,0,1,2,A,-,08,22107,NA,N,D,G,A,A,H,-,C,A,0,NA,Y,NA,NA,Y,NA,A,01,0,1,0,0,0,0,1,0,0,-,-,NA,NA,LOS ANGELES,LOS ANGELES,-118.53604888916016,34.20840835571289
8977437,2019,2019-12-06,1942,2019-08-29,1715,46078,0171,4,5,7,1942,0,0,0,A,0,171,OLYMPIC,GEORGIA,0,NA,Y,A,-,N,NA,NA,NA,NA,NA,NA,NA,NA,NA,N,4,0,1,2,A,-,09,21804,A,N,D,C,A,A,H,-,B,A,0,NA,NA,NA,NA,Y,NA,M,94,0,0,1,0,0,0,0,0,0,-,-,NA,NA,LOS ANGELES,LOS ANGELES,-118.2668914794922,34.0459098815918
8977440,2019,2020-01-29,1900,2019-10-24,1916,610425,2814,4,5,5,1915,0,0,0,NA,0,283T1,COMPTON BL,OLEANDER AV,0,NA,Y,A,-,N,NA,NA,NA,NA,NA,NA,NA,NA,NA,Y,4,0,2,2,A,-,12,21453,A,N,D,C,A,A,H,-,C,A,0,NA,NA,NA,NA,Y,Y,A,01,0,0,2,0,0,0,0,0,0,-,-,NA,NA,LOS ANGELES,COMPTON,-118.22875213623048,33.895931243896484
8977485,2019,2019-11-20,1942,2019-10-10,1015,30107,1524,4,5,7,1942,0,0,0,O,0,15A33,VICTORY BL,SAINT CLAIR AV,300,W,N,A,-,N,NA,NA,NA,NA,NA,NA,NA,NA,NA,N,4,0,1,2,A,-,03,22350,NA,F,C,C,A,A,H,-,A,D,0,NA,NA,NA,NA,Y,NA,A,01,0,0,1,0,0,0,0,0,0,-,-,NA,NA,LOS ANGELES,LOS ANGELES,-118.40081787109376,34.18667221069336
8977489,2019,2019-11-20,1942,2019-10-15,1700,30830,1562,2,5,7,1942,0,0,0,O,0,15A85,WHITSETT AV,MOORPARK ST,0,NA,Y,A,-,N,NA,NA,NA,NA,NA,NA,NA,NA,NA,N,4,0,1,3,A,-,12,21453,A,F,C,C,A,A,H,-,A,A,0,NA,NA,NA,NA,Y,NA,-,99,0,0,1,0,0,0,0,0,0,-,-,NA,NA,LOS ANGELES,LOS ANGELES,-118.4052505493164,34.15037155151367
8977497,2019,2020-03-09,1941,2019-10-29,0610,6282,NA,2,5,7,1941,0,0,0,NA,0,NA,GARDENIA AV,PCH,203,S,N,A,-,Y,LA,7,1,-,-,5.071,I,6,S,Y,4,0,1,3,A,-,08,22107,NA,N,E,E,A,A,H,-,C,D,0,NA,NA,NA,NA,Y,NA,A,NA,0,0,1,0,0,0,0,0,0,-,-,NA,NA,LOS ANGELES,LONG BEACH,-118.16869354248048,33.78980255126953
8977501,2019,2020-01-14,1941,2019-10-27,0744,10015,NA,7,5,7,1941,0,0,0,NA,0,NA,WARDLOW RD,PACIFIC AV,15,E,N,A,-,N,NA,NA,NA,NA,NA,NA,NA,NA,NA,Y,4,0,1,2,A,-,03,22350,NA,N,C,C,A,A,H,-,A,A,0,NA,NA,NA,NA,Y,NA,A,NA,0,0,1,0,0,0,0,0,0,-,-,NA,NA,LOS ANGELES,LONG BEACH,-118.19377136230467,33.819129943847656
8977505,2019,2020-01-14,1942,2019-10-04,1100,41788,1525,5,5,7,1942,0,0,0,O,0,15A3,VICTORY BL,COLFAX AV,750,W,N,A,-,N,NA,NA,NA,NA,NA,NA,NA,NA,NA,N,3,0,1,3,A,-,07,21658,A,F,C,C,A,A,H,-,A,D,0,NA,NA,NA,NA,Y,NA,-,99,0,1,0,0,0,0,0,0,0,-,-,NA,NA,LOS ANGELES,LOS ANGELES,-118.39026641845705,34.18667984008789
8977513,2019,2019-11-20,1961,2019-10-11,1909,10068,1961,5,5,3,1961,0,0,0,NA,0,004,5TH ST,NORTH BRAND BL,0,NA,Y,A,-,N,NA,NA,NA,NA,NA,NA,NA,NA,NA,N,4,0,1,2,A,-,09,21802,NA,N,D,C,A,A,H,-,C,A,0,NA,NA,NA,NA,Y,NA,A,01,0,0,1,0,0,0,0,0,0,-,-,NA,NA,LOS ANGELES,SAN FERNANDO,-118.43218994140624,34.28750991821289
8977540,2019,2019-11-20,1942,2019-09-11,1220,43836,1273,3,5,7,1942,0,0,0,L,0,12A73,NORMANDIE AV,90TH ST,10,S,N,A,-,N,NA,NA,NA,NA,NA,NA,NA,NA,NA,Y,4,0,1,2,A,-,09,21804,B,N,B,C,A,A,H,-,A,D,0,NA,NA,NA,NA,Y,NA,A,01,0,0,1,0,0,0,0,0,0,-,-,NA,NA,LOS ANGELES,LOS ANGELES,-118.30026245117188,33.95586395263672
8977543,2019,2019-11-20,1942,2019-09-13,0020,43807,1269,5,5,7,1942,0,0,0,L,0,12A73,WADSWORTH AV,81ST ST,180,N,N,A,-,N,NA,NA,NA,NA,NA,NA,NA,NA,NA,Y,4,0,1,2,A,-,03,22350,NA,F,B,E,A,A,H,-,C,D,0,NA,NA,NA,NA,Y,NA,-,99,0,0,1,0,0,0,0,0,0,-,-,NA,NA,LOS ANGELES,LOS ANGELES,-118.25861358642578,33.96608352661133
8977544,2019,2019-11-20,1942,2019-09-12,2350,43236,1265,4,5,7,1942,0,0,0,L,0,12X42,MANCHESTER AV,NORMANDIE AV,0,NA,Y,A,-,N,NA,NA,NA,NA,NA,NA,NA,NA,NA,N,4,0,2,3,A,-,12,21453,A,N,B,C,A,A,H,-,C,A,0,NA,NA,NA,NA,Y,NA,A,01,0,0,2,0,0,0,0,0,0,-,-,NA,NA,LOS ANGELES,LOS ANGELES,-118.3002700805664,33.96001052856445
8977547,2019,2019-11-20,1942,2019-09-12,1830,42005,1283,4,5,7,1942,0,0,0,L,0,1222,S WESTERN AV,W 103RD ST,0,NA,Y,A,-,N,NA,NA,NA,NA,NA,NA,NA,NA,NA,Y,4,0,2,2,A,-,09,21802,A,N,B,C,A,A,H,-,B,D,0,NA,NA,NA,NA,Y,NA,A,01,0,0,2,0,0,0,0,0,0,-,-,NA,NA,LOS ANGELES,LOS ANGELES,-118.30902862548828,33.94319152832031
8977548,2019,2019-11-20,1942,2019-09-11,1745,42320,1207,3,5,7,1942,0,0,0,L,0,12X52,HOOVER ST,W 47TH ST,0,NA,Y,A,-,N,NA,NA,NA,NA,NA,NA,NA,NA,NA,N,4,0,1,2,A,-,09,21801,NA,N,A,G,A,A,H,-,A,D,0,NA,Y,NA,NA,Y,NA,A,01,0,0,1,0,0,0,1,0,0,-,-,NA,NA,LOS ANGELES,LOS ANGELES,-118.28714752197266,34.0006103515625
8977551,2019,2019-11-20,1942,2019-09-11,1815,42940,1233,3,5,7,1942,0,0,0,L,0,12X52,HYDE PARK BL,HAAS AV,200,E,N,A,-,N,NA,NA,NA,NA,NA,NA,NA,NA,NA,N,4,0,1,2,A,-,11,21955,NA,N,B,B,E,A,H,-,A,D,0,Y,NA,NA,NA,Y,NA,N,60,0,0,1,0,1,0,0,0,0,-,-,NA,NA,LOS ANGELES,LOS ANGELES,-118.31613159179688,33.98513412475586
8977552,2019,2019-11-20,1942,2019-09-07,1310,42427,1251,6,5,7,1942,0,0,0,L,0,12X32,S CRENSHAW BL,W 76TH ST,25,S,N,A,-,N,NA,NA,NA,NA,NA,NA,NA,NA,NA,Y,3,0,3,2,C,-,18,NA,NA,N,C,C,A,A,H,-,A,D,0,NA,NA,NA,NA,Y,NA,-,-,0,1,2,0,0,0,0,0,0,-,-,NA,NA,LOS ANGELES,LOS ANGELES,-118.33087158203124,33.970821380615234