CASE_ID,ACCIDENT_YEAR,PROC_DATE,JURIS,COLLISION_DATE,COLLISION_TIME,OFFICER_ID,REPORTING_DISTRICT,DAY_OF_WEEK,CHP_SHIFT,POPULATION,CNTY_CITY_LOC,SPECIAL_COND,BEAT_TYPE,CHP_BEAT_TYPE,CITY_DIVISION_LAPD,CHP_BEAT_CLASS,BEAT_NUMBER,PRIMARY_RD,SECONDARY_RD,DISTANCE,DIRECTION,INTERSECTION,WEATHER_1,WEATHER_2,STATE_HWY_IND,CALTRANS_COUNTY,CALTRANS_DISTRICT,STATE_ROUTE,ROUTE_SUFFIX,POSTMILE_PREFIX,POSTMILE,LOCATION_TYPE,RAMP_INTERSECTION,SIDE_OF_HWY,TOW_AWAY,COLLISION_SEVERITY,NUMBER_KILLED,NUMBER_INJURED,PARTY_COUNT,PRIMARY_COLL_FACTOR,PCF_CODE_OF_VIOL,PCF_VIOL_CATEGORY,PCF_VIOLATION,PCF_VIOL_SUBSECTION,HIT_AND_RUN,TYPE_OF_COLLISION,MVIW,PED_ACTION,ROAD_SURFACE,ROAD_COND_1,ROAD_COND_2,LIGHTING,CONTROL_DEVICE,CHP_ROAD_TYPE,PEDESTRIAN_ACCIDENT,BICYCLE_ACCIDENT,MOTORCYCLE_ACCIDENT,TRUCK_ACCIDENT,NOT_PRIVATE_PROPERTY,ALCOHOL_INVOLVED,STWD_VEHTYPE_AT_FAULT,CHP_VEHTYPE_AT_FAULT,COUNT_SEVERE_INJ,COUNT_VISIBLE_INJ,COUNT_COMPLAINT_PAIN,COUNT_PED_KILLED,COUNT_PED_INJURED,COUNT_BICYCLIST_KILLED,COUNT_BICYCLIST_INJURED,COUNT_MC_KILLED,COUNT_MC_INJURED,PRIMARY_RAMP,SECONDARY_RAMP,LATITUDE,LONGITUDE,COUNTY,CITY,POINT_X,POINT_Y
8978276,2019,2019-11-27,1942,2019-10-02,0920,34420,1522,3,5,7,1942,0,0,0,O,0,15A21,COLDWATER CANYON AV,VICTORY BL,0,NA,Y,A,-,N,NA,NA,NA,NA,NA,NA,NA,NA,NA,Y,3,0,1,2,A,-,09,21801,A,N,D,C,A,A,H,-,-,A,0,NA,NA,NA,NA,Y,NA,A,07,0,1,0,0,0,0,0,0,0,-,-,NA,NA,LOS ANGELES,LOS ANGELES,-118.41381072998048,34.18667984008789
8978280,2019,2019-11-27,1942,2019-10-02,0845,39217,1548,3,5,7,1942,0,0,0,O,0,15A39,CHANDLER BL,BAKMAN AV,0,NA,Y,A,-,N,NA,NA,NA,NA,NA,NA,NA,NA,NA,N,3,0,1,2,A,-,10,21950,A,N,G,-,B,A,H,-,A,A,0,Y,NA,NA,NA,Y,NA,A,07,0,1,0,0,1,0,0,0,0,-,-,NA,NA,LOS ANGELES,LOS ANGELES,-118.37738037109376,34.16809844970703
8978281,2019,2019-12-04,1942,2019-10-29,1645,40452,1474,2,5,7,1942,0,0,0,N,0,14A73,W 83RD ST,LOYOLA BL,0,NA,Y,A,-,N,NA,NA,NA,NA,NA,NA,NA,NA,NA,N,4,0,1,2,A,-,09,21802,A,N,D,C,A,A,H,-,A,A,0,NA,NA,NA,NA,Y,NA,A,01,0,0,1,0,0,0,0,0,0,-,-,NA,NA,LOS ANGELES,LOS ANGELES,-118.4167022705078,33.96324920654297
8978284,2019,2019-11-27,1942,2019-10-16,1525,40119,1533,3,5,7,1942,0,0,0,O,0,15A43,BURBANK BL,AGNES AV,0,NA,Y,A,-,N,NA,NA,NA,NA,NA,NA,NA,NA,NA,N,4,0,1,2,A,-,04,21703,NA,N,C,D,A,A,H,-,A,D,0,NA,NA,NA,NA,Y,Y,A,01,0,0,1,0,0,0,0,0,0,-,-,NA,NA,LOS ANGELES,LOS ANGELES,-118.39543914794922,34.1721305847168
8978285,2019,2019-12-04,1942,2019-10-25,2355,43803,1441,5,5,7,1942,0,0,0,N,0,14A73,WASHINGTON BL,STRONG DR,0,NA,Y,A,-,N,NA,NA,NA,NA,NA,NA,NA,NA,NA,N,2,0,1,2,A,-,10,21950,A,N,G,B,B,A,H,-,C,D,0,Y,NA,NA,NA,Y,NA,A,01,1,0,0,0,1,0,0,0,0,-,-,NA,NA,LOS ANGELES,LOS ANGELES,-118.46524810791016,33.97996139526367
8978288,2019,2019-11-27,1942,2019-10-18,0745,33340,1545,5,5,7,1942,0,0,0,O,0,15A13,BURBANK BL,GENTRY AV,142,W,N,A,-,N,NA,NA,NA,NA,NA,NA,NA,NA,NA,N,4,0,1,2,A,-,07,21658,A,N,D,-,A,A,H,-,A,D,0,NA,NA,NA,NA,Y,NA,A,01,0,0,1,0,0,0,0,0,0,-,-,NA,NA,LOS ANGELES,LOS ANGELES,-118.39373779296876,34.1721305847168
8978289,2019,2020-01-07,1942,2019-10-14,0455,43803,1484,1,5,7,1942,0,0,0,N,0,14A74,CENTURY BL,SEPULVEDA BL,0,NA,Y,A,-,N,NA,NA,NA,NA,NA,NA,NA,NA,NA,N,3,0,1,2,A,-,10,21950,A,N,G,B,B,A,H,-,C,A,0,Y,NA,NA,NA,Y,NA,A,01,0,1,0,0,1,0,0,0,0,-,-,NA,NA,LOS ANGELES,LOS ANGELES,-118.39633941650392,33.94554901123047
8978292,2019,2019-11-27,1942,2019-10-13,1500,41514,1548,7,5,7,1942,0,0,0,O,0,15A67,MAGNOLIA BL,BLAKESLEE AV,0,NA,Y,A,-,N,NA,NA,NA,NA,NA,NA,NA,NA,NA,Y,3,0,1,2,A,-,09,21801,A,N,D,C,A,A,H,-,A,A,0,NA,NA,NA,NA,Y,NA,A,01,0,1,0,0,0,0,0,0,0,-,-,NA,NA,LOS ANGELES,LOS ANGELES,-118.37248229980467,34.16489028930664
8978293,2019,2019-12-04,1942,2019-10-07,1615,42287,1412,1,5,7,1942,0,0,0,N,0,14TB14,ROSE AV,PACIFIC AV,0,NA,Y,A,-,N,NA,NA,NA,NA,NA,NA,NA,NA,NA,N,4,0,1,2,A,-,05,21650,NA,N,D,C,A,A,H,-,A,A,0,NA,NA,NA,NA,Y,NA,-,NA,0,0,1,0,0,0,0,0,0,-,-,NA,NA,LOS ANGELES,LOS ANGELES,-118.47862243652344,33.995670318603516
8978297,2019,2019-12-04,1942,2019-10-21,0750,36705,1414,1,5,7,1942,0,0,0,N,0,14A13,INDIANA AV,LINCOLN BL,0,NA,Y,A,-,N,NA,NA,NA,NA,NA,NA,NA,NA,NA,N,4,0,1,2,A,-,17,21229,NA,N,D,C,A,A,H,-,A,A,0,NA,NA,NA,NA,Y,NA,-,NA,0,0,1,0,0,0,0,0,0,-,-,NA,NA,LOS ANGELES,LOS ANGELES,-118.46359252929688,33.999290466308594
8978301,2019,2019-12-05,1942,2019-10-30,1255,42640,1488,3,5,7,1942,0,0,0,N,0,14A67,W 98TH ST,BELLANCA AV,0,W,N,A,-,N,NA,NA,NA,NA,NA,NA,NA,NA,NA,Y,3,0,2,2,A,-,06,21755,A,N,B,C,A,A,H,-,A,A,0,NA,NA,NA,NA,Y,NA,A,01,0,1,1,0,0,0,0,0,0,-,-,NA,NA,LOS ANGELES,LOS ANGELES,-118.38001251220705,33.94736099243164
8978304,2019,2019-12-13,1942,2019-10-08,1900,43845,0147,2,5,7,1942,0,0,0,A,0,1A2,5TH ST,SAN JULIAN ST,1,W,N,A,-,N,NA,NA,NA,NA,NA,NA,NA,NA,NA,N,3,0,1,2,A,-,11,21954,A,N,G,B,D,A,H,-,C,D,0,Y,NA,NA,NA,Y,Y,N,60,0,1,0,0,1,0,0,0,0,-,-,NA,NA,LOS ANGELES,LOS ANGELES,-118.24496459960938,34.04460144042969
8978305,2019,2019-12-05,1942,2019-10-13,2055,38090,1495,7,5,7,1942,0,0,0,N,0,8T35,LINCOLN BL,S SEPULVEDA BL,750,W,N,A,-,N,NA,NA,NA,NA,NA,NA,NA,NA,NA,Y,3,0,3,2,A,-,04,21703,NA,N,C,C,A,A,H,-,C,A,0,NA,NA,NA,NA,Y,NA,A,01,0,3,0,0,0,0,0,0,0,-,-,NA,NA,LOS ANGELES,LOS ANGELES,-118.39849853515624,33.95332717895508
8978309,2019,2019-12-05,1942,2019-10-23,2000,37839,1414,3,5,7,1942,0,0,0,N,0,14A15,LINCOLN BL,COMMONWEALTH AV,0,NA,Y,A,-,N,NA,NA,NA,NA,NA,NA,NA,NA,NA,N,4,0,1,2,A,-,09,21804,A,N,B,G,A,A,H,-,C,D,0,NA,Y,NA,NA,Y,NA,A,07,0,0,1,0,0,0,1,0,0,-,-,NA,NA,LOS ANGELES,LOS ANGELES,-118.46968841552734,34.00223922729492
8978312,2019,2020-01-29,1942,2019-11-06,2230,35291,0275,3,5,7,1942,0,0,0,B,0,2A75,W OLYMPIC BL,S ALVARADO ST,0,NA,Y,A,-,N,NA,NA,NA,NA,NA,NA,NA,NA,NA,N,4,0,2,2,A,-,12,21453,A,N,B,C,A,A,H,-,C,A,0,NA,NA,NA,NA,Y,NA,-,-,0,0,2,0,0,0,0,0,0,-,-,NA,NA,LOS ANGELES,LOS ANGELES,-118.2798309326172,34.05173873901367
8978313,2019,2019-12-05,1942,2019-10-28,0810,40899,1414,1,5,7,1942,0,0,0,N,0,14A13,7TH AV,BROOKS AV,0,NA,Y,A,-,N,NA,NA,NA,NA,NA,NA,NA,NA,NA,Y,3,0,1,2,A,-,09,21802,A,N,B,C,A,A,H,-,A,A,0,NA,NA,NA,NA,Y,NA,-,NA,0,1,0,0,0,0,0,0,0,-,-,NA,NA,LOS ANGELES,LOS ANGELES,-118.46627044677734,33.996768951416016
8978316,2019,2020-02-21,1942,2019-10-21,0740,38502,0231,1,5,7,1942,0,0,0,B,0,2A5,W TEMPLE ST,N RENO ST,0,NA,Y,A,-,N,NA,NA,NA,NA,NA,NA,NA,NA,NA,N,3,0,2,3,A,-,09,21802,A,N,D,C,A,A,H,-,A,D,0,NA,NA,NA,NA,Y,NA,D,22,0,1,1,0,0,0,0,0,0,-,-,NA,NA,LOS ANGELES,LOS ANGELES,-118.27935791015624,34.07448196411133
8978317,2019,2019-12-05,1942,2019-10-12,1245,41287,1441,6,5,7,1942,0,0,0,N,0,14A1,SOUTH VENICE BL,OCEAN AV,0,NA,Y,A,-,N,NA,NA,NA,NA,NA,NA,NA,NA,NA,Y,4,0,1,2,A,-,08,22100,B,N,E,I,A,A,H,-,A,A,0,NA,NA,NA,NA,Y,NA,A,07,0,0,1,0,0,0,0,0,0,-,-,NA,NA,LOS ANGELES,LOS ANGELES,-118.46524810791016,33.98727035522461
8978320,2019,2020-01-29,1942,2019-11-03,1555,37952,0231,7,5,7,1942,0,0,0,B,0,20A39,W 3RD ST,S HOOVER ST,0,NA,Y,A,-,N,NA,NA,NA,NA,NA,NA,NA,NA,NA,Y,3,0,2,2,A,-,12,22450,A,N,D,C,A,A,H,-,A,A,0,NA,NA,NA,NA,Y,NA,A,01,0,2,0,0,0,0,0,0,0,-,-,NA,NA,LOS ANGELES,LOS ANGELES,-118.28433990478516,34.068538665771484
8978321,2019,2020-01-07,1942,2019-10-25,0830,38947,1526,5,5,7,1942,0,0,0,O,0,15A33,VICTORY BL,LANKERSHIM BL,0,NA,Y,A,-,N,NA,NA,NA,NA,NA,NA,NA,NA,NA,Y,3,0,6,2,A,-,12,21453,A,N,D,C,A,A,H,-,A,A,0,NA,NA,NA,NA,Y,NA,-,-,0,1,5,0,0,0,0,0,0,-,-,NA,NA,LOS ANGELES,LOS ANGELES,-118.38778686523438,34.18667984008789
8978322,2019,2019-11-27,1942,2019-10-15,0445,38692,1974,2,5,7,1942,0,0,0,NA,0,19A85,NORDHOFF ST,WILLIS AV,5,W,N,A,-,N,NA,NA,NA,NA,NA,NA,NA,NA,NA,N,3,0,1,2,A,-,11,21956,A,N,G,B,E,A,H,-,C,D,0,Y,NA,NA,NA,Y,NA,N,60,0,1,0,0,1,0,0,0,0,-,-,NA,NA,LOS ANGELES,LOS ANGELES,-118.45530700683594,34.235450744628906
8978324,2019,2020-01-23,1942,2019-11-01,1235,38191,0911,5,5,7,1942,0,0,0,I,0,9A23,SEPULVEDA BL,VANOWEN ST,142,N,N,A,-,N,NA,NA,NA,NA,NA,NA,NA,NA,NA,Y,4,0,1,2,A,-,08,22107,NA,N,B,C,A,A,H,-,A,D,0,NA,NA,NA,NA,Y,NA,A,01,0,0,1,0,0,0,0,0,0,-,-,NA,NA,LOS ANGELES,LOS ANGELES,-118.4661865234375,34.19430923461914
8978325,2019,2019-12-05,1942,2019-10-28,1830,39494,1519,1,5,7,1942,0,0,0,O,0,15A27,VICTORY BL,KRAFT AV,30,W,N,A,-,N,NA,NA,NA,NA,NA,NA,NA,NA,NA,Y,4,0,2,2,A,-,04,21703,NA,N,C,C,A,A,-,-,C,A,0,NA,NA,NA,NA,Y,NA,A,01,0,0,2,0,0,0,0,0,0,-,-,NA,NA,LOS ANGELES,LOS ANGELES,-118.3802490234375,34.18667984008789
8978326,2019,2020-01-02,1942,2019-10-24,1025,39701,1959,4,5,7,1942,0,0,0,NA,0,26TL77,BARTEE AV,VAN NUYS BL,15,S,N,A,-,N,NA,NA,NA,NA,NA,NA,NA,NA,NA,Y,3,0,3,2,A,-,12,21453,A,N,D,C,A,A,H,-,A,A,0,NA,NA,NA,NA,Y,NA,-,-,0,1,2,0,0,0,0,0,0,-,-,NA,NA,LOS ANGELES,LOS ANGELES,-118.43702697753906,34.255149841308594
8978328,2019,2020-01-23,1942,2019-11-04,0845,39048,0937,1,5,7,1942,0,0,0,I,0,9A37,VICTORY BL,MATILIJA AV,0,NA,Y,A,-,N,NA,NA,NA,NA,NA,NA,NA,NA,NA,N,4,0,1,2,A,-,09,21801,A,N,D,C,A,A,H,-,A,D,0,NA,NA,Y,NA,Y,NA,A,07,0,0,1,0,0,0,0,0,1,-,-,NA,NA,LOS ANGELES,LOS ANGELES,-118.43345642089844,34.186668395996094
8978329,2019,2019-12-05,1942,2019-10-25,1620,40141,1538,5,5,7,1942,0,0,0,O,0,15A39,LANKERSHIM BL,BURBANK BL,55,S,N,A,-,N,NA,NA,NA,NA,NA,NA,NA,NA,NA,Y,4,0,1,3,A,-,08,22107,NA,N,B,C,A,A,H,-,A,D,0,NA,NA,NA,NA,Y,NA,A,01,0,0,1,0,0,0,0,0,0,-,-,NA,NA,LOS ANGELES,LOS ANGELES,-118.3789520263672,34.17201614379883
8978330,2019,2019-11-27,1942,2019-10-26,1615,41514,1916,6,5,7,1942,0,0,0,NA,0,19A7,BORDEN AV,HUBBARD ST,0,NA,Y,A,-,N,NA,NA,NA,NA,NA,NA,NA,NA,NA,Y,4,0,1,2,A,-,12,21453,A,N,D,C,A,A,H,-,A,A,0,NA,NA,NA,NA,Y,NA,A,01,0,0,1,0,0,0,0,0,0,-,-,NA,NA,LOS ANGELES,LOS ANGELES,-118.43624877929688,34.30213928222656
8978332,2019,2020-01-23,1942,2019-11-11,1445,26319,1981,1,5,7,1942,0,0,0,NA,0,26TL74,ORION AV,PARTHENIA ST,380,N,N,A,-,N,NA,NA,NA,NA,NA,NA,NA,NA,NA,N,4,0,1,2,A,-,21,22106,NA,F,G,B,F,A,H,-,A,D,0,Y,NA,NA,NA,Y,NA,-,99,0,0,1,0,1,0,0,0,0,-,-,NA,NA,LOS ANGELES,LOS ANGELES,-118.47201538085938,34.22934341430664
8978333,2019,2019-12-05,1942,2019-10-28,1615,40165,1525,1,5,7,1942,0,0,0,O,0,15A33,VICTORY BL,SIMPSON AV,34,E,N,A,-,N,NA,NA,NA,NA,NA,NA,NA,NA,NA,Y,3,0,1,2,A,-,03,22350,NA,N,E,I,A,A,H,-,A,D,0,NA,NA,NA,NA,Y,NA,A,01,0,1,0,0,0,0,0,0,0,-,-,NA,NA,LOS ANGELES,LOS ANGELES,-118.38875579833984,34.18667984008789
8978334,2019,2019-11-27,1942,2019-10-03,0820,34420,1955,4,5,7,1942,0,0,0,NA,0,19A43,DEVONSHIRE ST,WOODMAN AV,0,NA,Y,A,-,N,NA,NA,NA,NA,NA,NA,NA,NA,NA,Y,4,0,2,2,A,-,09,21801,A,N,D,C,A,A,H,-,A,A,0,NA,NA,NA,NA,Y,NA,A,07,0,0,2,0,0,0,0,0,0,-,-,NA,NA,LOS ANGELES,LOS ANGELES,-118.45424652099608,34.257198333740234
8978336,2019,2020-01-23,1942,2019-11-08,0750,33458,1969,5,5,7,1942,0,0,0,NA,0,19A79,OSBORNE ST,BARTEE AV,300,E,N,A,-,N,NA,NA,NA,NA,NA,NA,NA,NA,NA,N,4,0,2,2,A,-,03,22350,NA,F,C,C,A,A,H,-,A,D,0,NA,NA,NA,NA,Y,NA,-,99,0,0,2,0,0,0,0,0,0,-,-,NA,NA,LOS ANGELES,LOS ANGELES,-118.42371368408205,34.24380874633789
8978337,2019,2019-12-05,1942,2019-10-26,1150,41514,1523,6,5,7,1942,0,0,0,O,0,15A33,GOODLAND AV,VICTORY BL,0,NA,Y,A,-,N,NA,NA,NA,NA,NA,NA,NA,NA,NA,N,4,0,3,2,A,-,09,21802,A,N,D,C,A,A,H,-,A,A,0,NA,NA,NA,NA,Y,NA,A,07,0,0,3,0,0,0,0,0,0,-,-,NA,NA,LOS ANGELES,LOS ANGELES,-118.4117431640625,34.186851501464844
8978338,2019,2020-01-02,1942,2019-10-16,1016,30452,1919,3,5,7,1942,0,0,0,NA,0,9TL53,ARROYO ST,MONTERO AV,420,E,N,A,-,N,NA,NA,NA,NA,NA,NA,NA,NA,NA,N,4,0,2,2,A,-,05,21650,NA,N,D,C,A,A,H,-,A,D,0,NA,NA,NA,NA,Y,NA,A,08,0,0,2,0,0,0,0,0,0,-,-,NA,NA,LOS ANGELES,LOS ANGELES,-118.40925598144533,34.29623794555664
8978341,2019,2019-12-05,1942,2019-10-28,1450,40165,1567,1,5,7,1942,0,0,0,O,0,15A67,CAHUENGA BL,GLENDALE FWY,0,NA,Y,A,-,N,NA,NA,NA,NA,NA,NA,NA,NA,NA,N,4,0,1,2,A,-,09,21801,A,N,D,C,A,A,H,-,A,A,0,NA,NA,NA,NA,Y,NA,A,01,0,0,1,0,0,0,0,0,0,-,-,NA,NA,LOS ANGELES,LOS ANGELES,NA,NA
8978342,2019,2019-11-27,1942,2019-10-02,0735,39154,1958,3,5,7,1942,0,0,0,NA,0,19A75,LASSEN ST,WOODMAN AV,0,NA,Y,A,-,N,NA,NA,NA,NA,NA,NA,NA,NA,NA,Y,4,0,2,2,A,-,03,22350,NA,N,C,C,A,A,H,-,A,A,0,NA,NA,Y,NA,Y,NA,C,02,0,0,2,0,0,0,0,0,1,-,-,NA,NA,LOS ANGELES,LOS ANGELES,-118.4505615234375,34.25065994262695
8978344,2019,2020-01-23,1926,2019-11-06,1604,0043,NA,3,5,5,1926,0,0,0,NA,0,004,GLENDORA MARKET PL,LONE HILL,322,W,N,A,-,N,NA,NA,NA,NA,NA,NA,NA,NA,NA,Y,4,0,5,2,A,-,12,21453,A,N,D,C,A,A,H,-,A,A,0,NA,NA,NA,NA,Y,NA,A,01,0,0,5,0,0,0,0,0,0,-,-,NA,NA,LOS ANGELES,GLENDORA,-117.83008575439452,34.115997314453125
8978345,2019,2019-12-05,1942,2019-10-25,1450,41029,1533,5,5,7,1942,0,0,0,O,0,15A43,BURBANK BL,MORELLA AV,75,W,N,A,-,N,NA,NA,NA,NA,NA,NA,NA,NA,NA,Y,4,0,1,2,A,-,03,22350,NA,N,C,C,A,A,H,-,-,A,0,NA,NA,NA,NA,Y,NA,A,01,0,0,1,0,0,0,0,0,0,-,-,NA,NA,LOS ANGELES,LOS ANGELES,-118.3902587890625,34.17213439941406
8978346,2019,2019-11-27,1942,2019-10-21,1910,40388,1916,1,5,7,1942,0,0,0,NA,0,17T13,GLENOAKS BL,HUBBARD ST,0,NA,Y,A,-,N,NA,NA,NA,NA,NA,NA,NA,NA,NA,N,3,0,3,2,A,-,09,21801,A,N,D,C,A,A,H,-,C,A,0,NA,NA,NA,NA,Y,NA,A,01,0,1,2,0,0,0,0,0,0,-,-,NA,NA,LOS ANGELES,LOS ANGELES,-118.4392318725586,34.29949188232422
8978348,2019,2020-01-23,1910,2019-11-07,1152,03494,NA,4,5,4,1910,0,0,0,NA,0,009,WILSHIRE BL,LA PEER DR,75,E,N,A,-,N,NA,NA,NA,NA,NA,NA,NA,NA,NA,N,4,0,1,2,A,-,00,22106,1,N,C,C,A,A,H,-,A,A,0,NA,NA,NA,NA,Y,NA,A,01,0,0,1,0,0,0,0,0,0,-,-,NA,NA,LOS ANGELES,BEVERLY HILLS,-118.38643646240234,34.06706237792969
8978349,2019,2019-12-05,1942,2019-10-23,1700,40141,1508,3,5,7,1942,0,0,0,O,0,15A3,VINELAND AV,SATICOY ST,0,NA,Y,A,-,N,NA,NA,NA,NA,NA,NA,NA,NA,NA,Y,4,0,3,2,A,-,09,21801,A,N,D,C,A,A,H,-,A,A,0,NA,NA,NA,NA,Y,NA,A,01,0,0,3,0,0,0,0,0,0,-,-,NA,NA,LOS ANGELES,LOS ANGELES,-118.37033081054688,34.208438873291016
8978350,2019,2019-11-27,1942,2019-10-15,1120,39473,1779,2,5,7,1942,0,0,0,Q,0,17A95,NORDHOFF ST,SAN DIEGO FRWY,0,NA,Y,A,-,N,NA,NA,NA,NA,NA,NA,NA,NA,NA,Y,3,0,1,2,A,-,09,21801,A,N,A,C,A,A,H,-,A,A,0,NA,NA,NA,NA,Y,NA,A,07,0,1,0,0,0,0,0,0,0,-,-,NA,NA,LOS ANGELES,LOS ANGELES,NA,NA
8978352,2019,2020-01-23,1910,2019-11-07,1823,03209,NA,4,5,4,1910,0,0,0,NA,0,005,SOUTH SANTA MONICA BL,N BEVERLY DR,165,W,N,A,-,N,NA,NA,NA,NA,NA,NA,NA,NA,NA,Y,4,0,1,3,A,-,01,23152,A,N,C,C,A,A,H,-,C,A,0,NA,NA,NA,NA,Y,Y,A,01,0,0,1,0,0,0,0,0,0,-,-,NA,NA,LOS ANGELES,BEVERLY HILLS,-118.40371704101564,34.07101821899414
8978353,2019,2019-12-05,1942,2019-10-27,1330,41514,1527,7,5,7,1942,0,0,0,O,0,15A27,VINELAND AV,ERWIN ST,0,NA,Y,A,-,N,NA,NA,NA,NA,NA,NA,NA,NA,NA,N,4,0,1,2,A,-,08,22100,A,N,D,C,A,A,H,-,A,D,0,NA,NA,NA,NA,Y,NA,A,07,0,0,1,0,0,0,0,0,0,-,-,NA,NA,LOS ANGELES,LOS ANGELES,-118.37032318115234,34.183048248291016
8978354,2019,2019-11-27,1942,2019-10-19,1350,33294,1964,6,5,7,1942,0,0,0,NA,0,35M36,NORDHOFF ST,TOBIAS AV,65,W,N,A,-,N,NA,NA,NA,NA,NA,NA,NA,NA,NA,N,3,0,1,2,A,-,09,21804,A,N,C,C,A,A,H,-,A,A,0,NA,NA,Y,NA,Y,NA,A,01,0,1,0,0,0,0,0,0,1,-,-,NA,NA,LOS ANGELES,LOS ANGELES,-118.45191192626952,34.23542022705078
8978355,2019,2020-01-23,1942,2019-11-12,1735,32372,1063,2,5,7,1942,0,0,0,J,0,10A83,CLARK ST,RESEDA BL,10,E,N,A,-,N,NA,NA,NA,NA,NA,NA,NA,NA,NA,N,3,0,1,2,A,-,10,21950,A,F,G,B,B,A,H,-,C,A,0,Y,NA,NA,NA,Y,NA,-,99,0,1,0,0,1,0,0,0,0,-,-,NA,NA,LOS ANGELES,LOS ANGELES,-118.53600311279295,34.17036819458008
8978357,2019,2019-12-05,1942,2019-10-27,1530,38191,1563,7,5,7,1942,0,0,0,O,0,15A85,MOORPARK ST,LEMP AV,8,E,N,A,-,N,NA,NA,NA,NA,NA,NA,NA,NA,NA,Y,4,0,2,2,A,-,08,22107,NA,N,B,C,A,A,G,-,A,D,0,NA,NA,NA,NA,Y,NA,A,01,0,0,2,0,0,0,0,0,0,-,-,NA,NA,LOS ANGELES,LOS ANGELES,-118.38438415527344,34.15037155151367
8978358,2019,2019-12-02,1942,2019-10-16,1500,38687,1974,3,5,7,1942,0,0,0,NA,0,19A85,VAN NUYS BL,RAYEN ST,40,N,N,A,-,N,NA,NA,NA,NA,NA,NA,NA,NA,NA,N,3,0,1,2,A,-,03,22350,NA,N,C,C,A,A,H,-,A,D,0,NA,NA,NA,NA,Y,NA,A,07,0,1,0,0,0,0,0,0,0,-,-,NA,NA,LOS ANGELES,LOS ANGELES,-118.45024871826172,34.231849670410156
8978359,2019,2020-01-23,1942,2019-11-13,0815,30452,1506,3,5,7,1942,0,0,0,O,0,26TL53,VALERIO ST,VINELAND AV,0,NA,Y,A,-,N,NA,NA,NA,NA,NA,NA,NA,NA,NA,N,4,0,1,2,A,-,10,21950,A,F,G,B,B,A,H,-,A,A,0,Y,NA,NA,NA,Y,NA,-,99,0,0,1,0,1,0,0,0,0,-,-,NA,NA,LOS ANGELES,LOS ANGELES,-118.37033081054688,34.20479965209961
8978361,2019,2019-12-05,1942,2019-10-22,1215,39746,1566,2,5,7,1942,0,0,0,O,0,15A67,RIVERSIDE DR,VINELAND AV,0,NA,Y,A,-,N,NA,NA,NA,NA,NA,NA,NA,NA,NA,N,4,0,1,2,A,-,08,22107,NA,N,B,C,A,A,H,-,A,A,0,NA,NA,NA,NA,Y,NA,A,01,0,0,1,0,0,0,0,0,0,-,-,NA,NA,LOS ANGELES,LOS ANGELES,-118.37033081054688,34.152408599853516
8978362,2019,2019-11-27,1942,2019-10-09,2335,39410,1981,3,5,7,1942,0,0,0,NA,0,19A93,ROSCOE BL,LANGDON AV,0,NA,Y,A,-,N,NA,NA,NA,NA,NA,NA,NA,NA,NA,Y,4,0,2,4,A,-,12,21453,A,N,D,C,A,A,H,-,C,A,0,NA,NA,NA,NA,Y,NA,A,01,0,0,2,0,0,0,0,0,0,-,-,NA,NA,LOS ANGELES,LOS ANGELES,-118.46993255615234,34.22138977050781
8978363,2019,2020-01-23,1942,2019-11-03,1200,38017,1591,7,5,7,1942,0,0,0,O,0,15A85,VENTURA BL,WHITSETT AV,500,W,N,A,-,N,NA,NA,NA,NA,NA,NA,NA,NA,NA,Y,3,0,1,3,A,-,08,22107,NA,N,B,C,A,A,H,-,A,D,0,NA,NA,NA,NA,Y,NA,A,01,0,1,0,0,0,0,0,0,0,-,-,NA,NA,LOS ANGELES,LOS ANGELES,-118.40676879882813,34.14300537109375
8978365,2019,2019-12-05,1942,2019-10-21,1405,38687,1585,1,5,7,1942,0,0,0,O,0,15A85,VINELAND AV,AQUA VISTA ST,0,NA,Y,A,-,N,NA,NA,NA,NA,NA,NA,NA,NA,NA,N,3,0,1,2,A,-,09,21801,A,N,D,C,A,A,H,-,A,A,0,NA,NA,NA,NA,Y,NA,A,01,0,1,0,0,0,0,0,0,0,-,-,NA,NA,LOS ANGELES,LOS ANGELES,-118.37055206298828,34.14495849609375
8978366,2019,2019-12-02,1942,2019-10-15,0910,39835,1999,2,5,7,1942,0,0,0,NA,0,19A93,ROSCOE BL,MAMMOTH AV,50,W,N,A,-,N,NA,NA,NA,NA,NA,NA,NA,NA,NA,N,4,0,1,2,A,-,04,21703,NA,N,C,C,A,A,H,-,A,A,0,NA,NA,NA,NA,Y,NA,A,01,0,0,1,0,0,0,0,0,0,-,-,NA,NA,LOS ANGELES,LOS ANGELES,-118.43424224853516,34.22166061401367
8978367,2019,2020-01-23,1942,2019-11-04,1055,39217,1532,1,5,7,1942,0,0,0,O,0,15A33,OXNARD ST,LAURELGROVE AV,60,W,N,A,-,N,NA,NA,NA,NA,NA,NA,NA,NA,NA,N,4,0,1,2,A,-,17,22109,NA,N,C,C,A,A,H,-,A,D,0,NA,NA,NA,NA,Y,NA,A,01,0,0,1,0,0,0,0,0,0,-,-,NA,NA,LOS ANGELES,LOS ANGELES,-118.4010772705078,34.17940902709961