CASE_ID,ACCIDENT_YEAR,PROC_DATE,JURIS,COLLISION_DATE,COLLISION_TIME,OFFICER_ID,REPORTING_DISTRICT,DAY_OF_WEEK,CHP_SHIFT,POPULATION,CNTY_CITY_LOC,SPECIAL_COND,BEAT_TYPE,CHP_BEAT_TYPE,CITY_DIVISION_LAPD,CHP_BEAT_CLASS,BEAT_NUMBER,PRIMARY_RD,SECONDARY_RD,DISTANCE,DIRECTION,INTERSECTION,WEATHER_1,WEATHER_2,STATE_HWY_IND,CALTRANS_COUNTY,CALTRANS_DISTRICT,STATE_ROUTE,ROUTE_SUFFIX,POSTMILE_PREFIX,POSTMILE,LOCATION_TYPE,RAMP_INTERSECTION,SIDE_OF_HWY,TOW_AWAY,COLLISION_SEVERITY,NUMBER_KILLED,NUMBER_INJURED,PARTY_COUNT,PRIMARY_COLL_FACTOR,PCF_CODE_OF_VIOL,PCF_VIOL_CATEGORY,PCF_VIOLATION,PCF_VIOL_SUBSECTION,HIT_AND_RUN,TYPE_OF_COLLISION,MVIW,PED_ACTION,ROAD_SURFACE,ROAD_COND_1,ROAD_COND_2,LIGHTING,CONTROL_DEVICE,CHP_ROAD_TYPE,PEDESTRIAN_ACCIDENT,BICYCLE_ACCIDENT,MOTORCYCLE_ACCIDENT,TRUCK_ACCIDENT,NOT_PRIVATE_PROPERTY,ALCOHOL_INVOLVED,STWD_VEHTYPE_AT_FAULT,CHP_VEHTYPE_AT_FAULT,COUNT_SEVERE_INJ,COUNT_VISIBLE_INJ,COUNT_COMPLAINT_PAIN,COUNT_PED_KILLED,COUNT_PED_INJURED,COUNT_BICYCLIST_KILLED,COUNT_BICYCLIST_INJURED,COUNT_MC_KILLED,COUNT_MC_INJURED,PRIMARY_RAMP,SECONDARY_RAMP,LATITUDE,LONGITUDE,COUNTY,CITY,POINT_X,POINT_Y
8978722,2019,2019-12-05,1942,2019-10-17,1245,39759,1309,4,5,7,1942,0,0,0,M,0,13A9,S ALAMEDA ST,E 25TH ST,180,S,N,A,-,N,NA,NA,NA,NA,NA,NA,NA,NA,NA,N,4,0,1,3,A,-,04,21703,NA,N,C,C,A,A,H,-,A,D,0,NA,NA,NA,NA,Y,NA,D,22,0,0,1,0,0,0,0,0,0,-,-,NA,NA,LOS ANGELES,LOS ANGELES,-118.2397689819336,34.0142707824707
8978726,2019,2019-12-05,1942,2019-10-31,1735,34458,1353,4,5,7,1942,0,0,0,M,0,13A61,AVALON BL,E 42ND PL,0,NA,Y,A,-,N,NA,NA,NA,NA,NA,NA,NA,NA,NA,Y,3,0,2,5,A,-,09,21801,A,N,D,C,A,A,H,-,A,A,0,NA,NA,NA,NA,Y,NA,A,01,0,2,0,0,0,0,0,0,0,-,-,NA,NA,LOS ANGELES,LOS ANGELES,-118.26528167724608,34.00659942626953
8978727,2019,2020-09-14,1942,2019-10-06,1245,38857,2146,7,5,7,1942,0,0,0,NA,0,21A57,TOPANGA CANYON BL,SHERMAN WY,10,N,N,A,-,Y,LA,7,27,-,-,14.56,H,-,S,N,4,0,2,2,A,-,03,22350,NA,N,C,C,A,A,H,-,A,A,0,NA,NA,NA,NA,Y,NA,D,22,0,0,2,0,0,0,0,0,0,-,-,NA,NA,LOS ANGELES,LOS ANGELES,-118.60602569580078,34.20123291015625
8978731,2019,2019-12-05,1942,2019-10-09,0750,38326,2137,3,5,7,1942,0,0,0,NA,0,21A5,DE SOTO AV,SHERMAN WY,275,N,N,A,-,N,NA,NA,NA,NA,NA,NA,NA,NA,NA,N,4,0,2,3,A,-,09,21804,A,N,D,C,A,A,H,-,A,D,0,NA,NA,NA,NA,Y,NA,A,01,0,0,2,0,0,0,0,0,0,-,-,NA,NA,LOS ANGELES,LOS ANGELES,-118.58846282958984,34.201873779296875
8978738,2019,2019-12-05,1942,2019-10-26,0955,40289,1309,6,5,7,1942,0,0,0,M,0,13A9,EAST WASHINGTON BL,S ALAMEDA ST,0,NA,Y,A,-,N,NA,NA,NA,NA,NA,NA,NA,NA,NA,Y,4,0,1,2,A,-,09,21801,A,N,D,C,A,A,H,-,A,D,0,NA,NA,NA,Y,Y,NA,G,25,0,0,1,0,0,0,0,0,0,-,-,NA,NA,LOS ANGELES,LOS ANGELES,-118.23954010009766,34.01996994018555
8978742,2019,2020-01-14,1942,2019-11-08,1625,39177,0532,5,5,7,1942,0,0,0,E,0,25TL26,WILMINGTON,L ST,250,S,N,A,-,N,NA,NA,NA,NA,NA,NA,NA,NA,NA,N,2,0,1,2,A,-,11,21954,A,N,-,B,-,A,H,-,A,D,0,Y,NA,NA,NA,Y,NA,D,22,1,0,0,0,1,0,0,0,0,-,-,NA,NA,LOS ANGELES,LOS ANGELES,-118.2747039794922,33.785736083984375
8978747,2019,2020-01-29,1900,2019-11-07,1400,617953,0533,4,5,4,1971,0,0,0,NA,0,52T1/P,TEMPLE CITY BL,SPARKLETT ST,155,S,N,A,-,N,NA,NA,NA,NA,NA,NA,NA,NA,NA,Y,3,0,2,2,A,-,04,21703,NA,N,C,C,A,A,H,-,A,D,0,NA,NA,NA,NA,Y,NA,A,01,0,2,0,0,0,0,0,0,0,-,-,34.09144973754883,-118.05770874023438,LOS ANGELES,TEMPLE CITY,-118.0577392578125,34.091461181640625
8978755,2019,2020-01-22,1900,2019-11-08,1830,636424,0560,5,5,3,1968,0,0,0,NA,0,55PM,RUSH ST,MERCED AV,57,E,N,A,-,N,NA,NA,NA,NA,NA,NA,NA,NA,NA,Y,4,0,1,2,A,-,08,22107,NA,M,C,E,A,A,H,-,C,A,0,NA,NA,NA,NA,Y,NA,D,22,0,0,1,0,0,0,0,0,0,-,-,34.05179977416992,-118.05120849609376,LOS ANGELES,SOUTH EL MONTE,-118.05110168457033,34.051856994628906
8978758,2019,2019-12-05,1942,2019-10-30,0750,38326,2137,3,5,7,1942,0,0,0,NA,0,21A5,COHASSET ST,DE SOTO AV,0,NA,Y,A,-,N,NA,NA,NA,NA,NA,NA,NA,NA,NA,N,4,0,2,2,A,-,09,21802,A,N,D,C,A,A,H,-,A,A,0,NA,NA,NA,NA,Y,NA,A,01,0,0,2,0,0,0,0,0,0,-,-,NA,NA,LOS ANGELES,LOS ANGELES,-118.58846282958984,34.20648956298828
8978762,2019,2019-12-05,1942,2019-10-15,2250,38185,2157,2,5,7,1942,0,0,0,NA,0,21A57,VANOWEN ST,DE SOTO AV,0,NA,Y,A,-,N,NA,NA,NA,NA,NA,NA,NA,NA,NA,Y,4,0,2,2,A,-,12,21453,A,N,D,C,A,A,H,-,C,A,0,NA,NA,NA,NA,Y,NA,A,01,0,0,2,0,0,0,0,0,0,-,-,NA,NA,LOS ANGELES,LOS ANGELES,-118.58841705322266,34.193790435791016
8978765,2019,2019-12-05,1942,2019-10-24,2125,38508,1347,4,5,7,1942,0,0,0,M,0,13A27,LONG BEACH AV,E 40TH PL,5,N,N,A,-,N,NA,NA,NA,NA,NA,NA,NA,NA,NA,Y,4,0,3,2,A,-,04,21703,NA,F,C,C,A,A,H,-,C,D,0,NA,NA,NA,NA,Y,NA,D,22,0,0,3,0,0,0,0,0,0,-,-,NA,NA,LOS ANGELES,LOS ANGELES,-118.24323272705078,34.00902557373047
8978766,2019,2019-12-05,1942,2019-10-15,1545,40165,2106,2,5,7,1942,0,0,0,NA,0,21A5,ETON AV,NORDHOFF ST,35,S,N,A,-,N,NA,NA,NA,NA,NA,NA,NA,NA,NA,N,4,0,1,2,A,-,09,21804,A,N,H,G,A,A,H,-,A,D,0,NA,Y,NA,NA,Y,NA,L,04,0,0,1,0,0,0,1,0,0,-,-,NA,NA,LOS ANGELES,LOS ANGELES,-118.59398651123048,34.235374450683594
8978773,2019,2019-12-05,1942,2019-10-09,1330,43376,0499,3,5,7,1942,0,0,0,D,0,4A97,ESPERANZA ST,UNION PACIFIC AV,0,NA,Y,A,-,N,NA,NA,NA,NA,NA,NA,NA,NA,NA,N,4,0,1,2,A,-,12,22450,A,N,D,C,A,A,H,-,A,A,0,NA,NA,NA,NA,Y,NA,A,01,0,0,1,0,0,0,0,0,0,-,-,NA,NA,LOS ANGELES,LOS ANGELES,-118.20101165771484,34.01652908325195
8978774,2019,2019-12-05,1942,2019-10-18,1215,39217,2157,5,5,7,1942,0,0,0,NA,0,21A57,VANOWEN ST,VARIEL AV,180,W,N,A,-,N,NA,NA,NA,NA,NA,NA,NA,NA,NA,N,4,0,1,3,A,-,04,21703,NA,N,C,C,A,A,H,-,A,D,0,NA,NA,NA,NA,Y,NA,A,01,0,0,1,0,0,0,0,0,0,-,-,NA,NA,LOS ANGELES,LOS ANGELES,-118.59343719482422,34.19376754760742
8978778,2019,2019-12-05,1942,2019-10-18,1035,33458,2175,5,5,7,1942,0,0,0,NA,0,21A73,VENTURA BL,DEL VALLE ST,0,NA,Y,A,-,N,NA,NA,NA,NA,NA,NA,NA,NA,NA,N,3,0,1,2,A,-,09,21801,A,N,D,C,A,A,H,-,A,D,0,NA,NA,NA,NA,Y,NA,D,22,0,1,0,0,0,0,0,0,0,-,-,NA,NA,LOS ANGELES,LOS ANGELES,-118.61531066894533,34.16856002807617
8978785,2019,2019-12-18,1942,2019-11-06,1045,43517,1169,3,5,7,1942,0,0,0,K,0,11A37,AVE 52,GLEN ELLEN,150,S,N,A,-,N,NA,NA,NA,NA,NA,NA,NA,NA,NA,N,4,0,1,2,A,-,21,22106,NA,M,C,C,A,A,H,-,A,D,0,NA,NA,NA,Y,Y,NA,-,-,0,0,1,0,0,0,0,0,0,-,-,NA,NA,LOS ANGELES,LOS ANGELES,-118.19629669189452,34.102867126464844
8978786,2019,2020-03-02,1942,2019-11-13,1620,38687,1958,3,5,7,1942,0,0,0,NA,0,19A79,PINNEY ST,CANTERBURY AV,60,W,N,A,-,N,NA,NA,NA,NA,NA,NA,NA,NA,NA,N,4,0,1,3,C,-,18,NA,NA,N,A,E,A,A,H,-,A,D,0,NA,NA,NA,NA,Y,NA,-,-,0,0,1,0,0,0,0,0,0,-,-,NA,NA,LOS ANGELES,LOS ANGELES,-118.44676971435548,34.25034713745117
8978790,2019,2020-01-29,1942,2019-11-01,1105,38947,2158,5,5,7,1942,0,0,0,NA,0,21A97,OXNARD ST,VARIEL AV,22,E,N,A,-,N,NA,NA,NA,NA,NA,NA,NA,NA,NA,Y,4,0,1,2,A,-,03,22350,NA,N,C,C,A,A,H,-,A,A,0,NA,NA,NA,NA,Y,NA,D,22,0,0,1,0,0,0,0,0,0,-,-,NA,NA,LOS ANGELES,LOS ANGELES,-118.5927276611328,34.17924880981445
8978791,2019,2019-12-04,1942,2019-09-28,0330,43572,1139,6,5,7,1942,0,0,0,K,0,11A17,HAYES AV,AVENUE 60,0,NA,Y,A,-,N,NA,NA,NA,NA,NA,NA,NA,NA,NA,Y,4,0,1,1,A,-,03,22350,NA,N,A,I,A,A,H,-,C,D,0,NA,NA,NA,NA,Y,Y,D,22,0,0,1,0,0,0,0,0,0,-,-,NA,NA,LOS ANGELES,LOS ANGELES,-118.18759918212892,34.109291076660156
8978795,2019,2019-12-05,1942,2019-10-31,1540,39972,1132,4,5,7,1942,0,0,0,K,0,11A51,LOS FELIZ BL,HUXLEY ST,0,NA,Y,A,-,N,NA,NA,NA,NA,NA,NA,NA,NA,NA,N,4,0,1,2,A,-,08,22107,NA,F,B,C,A,A,H,-,A,D,0,NA,NA,NA,Y,Y,NA,-,99,0,0,1,0,0,0,0,0,0,-,-,NA,NA,LOS ANGELES,LOS ANGELES,-118.27335357666016,34.11565017700195
8978798,2019,2020-01-29,1942,2019-11-09,1715,42066,1972,6,5,7,1942,0,0,0,NA,0,19X62,RAYEN ST,MEMORY PARK AV,80,W,N,A,-,N,NA,NA,NA,NA,NA,NA,NA,NA,NA,Y,3,0,1,2,A,-,03,22350,NA,F,C,E,A,A,-,-,C,D,0,NA,NA,NA,NA,Y,NA,A,07,0,1,0,0,0,0,0,0,0,-,-,NA,NA,LOS ANGELES,LOS ANGELES,-118.46463775634766,34.23184585571289
8978800,2019,2019-12-05,1942,2019-10-15,0215,36814,1256,2,5,7,1942,0,0,0,L,0,12A57,S BROADWAY,W 74TH ST,45,S,N,A,-,N,NA,NA,NA,NA,NA,NA,NA,NA,NA,Y,3,0,1,3,A,-,08,22107,NA,N,D,E,A,A,H,-,C,-,0,NA,NA,NA,Y,Y,NA,A,08,0,1,0,0,0,0,0,0,0,-,-,NA,NA,LOS ANGELES,LOS ANGELES,-118.2783203125,33.97260665893555
8978821,2019,2019-12-20,1955,2019-10-27,1955,42577,1,7,5,6,1955,0,0,0,NA,0,051,MISSION BL,WHITE AV,0,NA,Y,A,-,N,NA,NA,NA,NA,NA,NA,NA,NA,NA,Y,4,0,2,2,A,-,12,21453,NA,N,D,C,A,A,H,-,A,A,0,NA,NA,NA,NA,Y,NA,A,01,0,0,2,0,0,0,0,0,0,-,-,NA,NA,LOS ANGELES,POMONA,-117.75879669189452,34.054901123046875
8978825,2019,2020-05-20,1955,2019-10-31,0052,40764,26,4,5,6,1955,0,0,0,NA,0,002,GAREY AV,LA VERNE AV,0,NA,Y,A,-,N,NA,NA,NA,NA,NA,NA,NA,NA,NA,Y,4,0,2,2,A,-,12,21453,A,N,D,C,A,A,H,-,C,A,0,NA,NA,NA,NA,Y,NA,-,-,0,0,2,0,0,0,0,0,0,-,-,NA,NA,LOS ANGELES,POMONA,-117.75148010253906,34.085601806640625
8978829,2019,2020-01-23,1955,2019-10-22,1710,42261,070,2,5,6,1955,0,0,0,NA,0,003,PALOMARES ST,MONTEREY ST,0,NA,Y,A,-,N,NA,NA,NA,NA,NA,NA,NA,NA,NA,Y,4,0,1,2,A,-,12,22450,A,N,D,C,A,A,H,-,A,A,0,NA,NA,NA,NA,Y,NA,-,-,0,0,1,0,0,0,0,0,0,-,-,NA,NA,LOS ANGELES,POMONA,-117.74588012695313,34.060638427734375
8978837,2019,2019-12-20,1955,2019-10-28,1724,42602,0089,1,5,6,1955,0,0,0,NA,0,004,COUNTY RD,RESERVOIR ST,0,NA,Y,A,-,N,NA,NA,NA,NA,NA,NA,NA,NA,NA,Y,4,0,1,2,A,-,09,21801,NA,N,D,C,A,A,H,-,A,A,0,NA,NA,NA,NA,Y,NA,A,01,0,0,1,0,0,0,0,0,0,-,-,NA,NA,LOS ANGELES,POMONA,-117.73152160644533,34.026451110839844
8978841,2019,2019-12-20,1955,2019-10-23,2028,42254,60,3,5,6,1955,0,0,0,NA,0,001,TEMPLE BL,S CAMPUS RD,0,NA,Y,A,-,N,NA,NA,NA,NA,NA,NA,NA,NA,NA,Y,4,0,1,2,A,-,12,21453,A,N,D,C,A,A,H,-,C,A,0,NA,NA,NA,NA,Y,NA,A,01,0,0,1,0,0,0,0,0,0,-,-,NA,NA,LOS ANGELES,POMONA,-117.81659698486328,34.05010986328125
8978845,2019,2019-12-20,1942,2019-10-31,0835,40440,1862,4,5,7,1942,0,0,0,R,0,18A41,IMPERIAL HWY,S MAIN ST,200,W,N,A,-,N,NA,NA,NA,NA,NA,NA,NA,NA,NA,N,3,0,1,2,A,-,11,21954,A,F,G,B,D,A,H,-,A,D,0,Y,NA,NA,NA,Y,NA,N,60,0,1,0,0,1,0,0,0,0,-,-,NA,NA,LOS ANGELES,LOS ANGELES,-118.2739028930664,33.9310188293457
8978849,2019,2019-12-20,1916,2019-10-16,1605,2592,E43S1,3,5,4,1916,0,0,0,NA,0,EAST,E COVINA BL,GRANVILLE AV,206,E,N,A,-,N,NA,NA,NA,NA,NA,NA,NA,NA,NA,Y,3,0,4,2,A,-,09,21804,A,N,D,C,A,A,H,-,A,D,0,NA,NA,NA,NA,Y,NA,A,01,0,2,2,0,0,0,0,0,0,-,-,34.10034942626953,-117.8781967163086,LOS ANGELES,COVINA,-117.87877655029295,34.09938430786133
8978853,2019,2019-12-20,1916,2019-10-15,0926,2592,D34M1,2,5,4,1916,0,0,0,NA,0,EAST,BARRANCA AV,PUENTE ST,32,S,N,A,-,N,NA,NA,NA,NA,NA,NA,NA,NA,NA,N,4,0,1,2,A,-,03,22350,NA,N,C,C,A,A,H,-,A,A,0,NA,NA,NA,NA,Y,NA,A,07,0,0,1,0,0,0,0,0,0,-,-,34.082550048828125,-117.88131713867188,LOS ANGELES,COVINA,-117.88130950927734,34.08247375488281
8978857,2019,2019-12-20,1916,2019-10-16,0948,2592,D32R3,3,5,4,1916,0,0,0,NA,0,DOWNTO,2ND AV,PUENTE ST,0,NA,Y,A,-,N,NA,NA,NA,NA,NA,NA,NA,NA,NA,N,4,0,1,2,A,-,12,21453,A,N,D,C,A,A,H,-,A,A,0,NA,NA,NA,NA,Y,NA,A,07,0,0,1,0,0,0,0,0,0,-,-,34.082618713378906,-117.88787841796876,LOS ANGELES,COVINA,-117.88787841796876,34.08259963989258
8978861,2019,2019-12-20,1916,2019-10-08,2029,2953,W12L1,2,5,4,1916,0,0,0,NA,0,WEST,AZUSA AV,ARROW HWY,473,S,N,A,-,N,NA,NA,NA,NA,NA,NA,NA,NA,NA,N,4,0,1,2,A,-,11,21954,A,N,B,B,D,A,H,-,C,D,0,Y,NA,NA,NA,Y,NA,N,60,0,0,1,0,1,0,0,0,0,-,-,NA,NA,LOS ANGELES,COVINA,-117.9077377319336,34.10545349121094
8978865,2019,2019-12-20,1916,2019-10-25,2239,2653,E52C1,5,5,4,1916,0,0,0,NA,0,00E,ARROW HWY,GRAND AV,7,E,N,B,-,N,NA,NA,NA,NA,NA,NA,NA,NA,NA,N,3,0,1,2,A,-,10,21950,A,N,G,B,B,A,H,-,C,A,0,Y,NA,NA,NA,Y,NA,A,01,0,1,0,0,1,0,0,0,0,-,-,34.10615921020508,-117.8725128173828,LOS ANGELES,COVINA,-117.87266540527344,34.10614013671875
8978869,2019,2019-12-20,1916,2019-10-18,1916,2949,D40R1,5,5,4,1916,0,0,0,NA,0,WEST,CYPRESS ST,CITRUS AV,0,NA,Y,A,-,N,NA,NA,NA,NA,NA,NA,NA,NA,NA,N,3,0,1,2,A,-,05,21650,1,N,A,G,A,A,H,-,A,A,0,NA,Y,NA,NA,Y,NA,L,04,0,1,0,0,0,0,1,0,0,-,-,34.095741271972656,-117.89010620117188,LOS ANGELES,COVINA,-117.89021301269533,34.095760345458984
8978873,2019,2019-12-20,1916,2019-10-04,0921,2389,E71R1,5,5,4,1916,0,0,0,NA,0,EAST,RANCHO SIMI DR,RANCHO LOS NOGALES DR,79,E,N,A,-,N,NA,NA,NA,NA,NA,NA,NA,NA,NA,Y,4,0,2,1,A,-,08,22107,NA,N,E,I,A,A,H,-,A,D,0,NA,NA,NA,NA,Y,NA,A,01,0,0,2,0,0,0,0,0,0,-,-,34.0786018371582,-117.84870147705078,LOS ANGELES,COVINA,-117.84849548339844,34.078704833984375
8978877,2019,2019-12-20,1942,2019-10-21,1235,41629,2019,1,5,7,1942,0,0,0,NA,0,20A39,W 3RD ST,S HOOVER ST,0,NA,Y,A,-,N,NA,NA,NA,NA,NA,NA,NA,NA,NA,N,3,0,1,2,A,-,10,21950,A,N,G,B,B,A,H,-,A,D,0,Y,NA,NA,NA,Y,NA,A,01,0,1,0,0,1,0,0,0,0,-,-,NA,NA,LOS ANGELES,LOS ANGELES,-118.28433990478516,34.068538665771484
8978882,2019,2020-01-22,1942,2019-11-10,0640,42681,1273,7,5,7,1942,0,0,0,L,0,1227,MANCHESTER BL,SAINT ANDREWS PL,150,W,N,A,-,N,NA,NA,NA,NA,NA,NA,NA,NA,NA,Y,3,0,3,3,A,-,01,23152,A,F,C,E,A,A,H,-,A,D,0,NA,NA,NA,NA,Y,NA,A,01,0,2,1,0,0,0,0,0,0,-,-,NA,NA,LOS ANGELES,LOS ANGELES,-118.31169128417967,33.9599609375
8978889,2019,2020-01-22,1955,2019-11-08,1748,41949,0043,5,5,6,1955,0,0,0,NA,0,001,MURCHISON AV,FAIRPLEX DR,10,W,N,A,-,N,NA,NA,NA,NA,NA,NA,NA,NA,NA,N,3,0,1,2,A,-,03,22350,NA,M,C,C,A,A,H,-,C,A,0,NA,NA,NA,NA,Y,NA,A,01,0,1,0,0,0,0,0,0,0,-,-,NA,NA,LOS ANGELES,POMONA,-117.78829193115234,34.0714225769043
8978893,2019,2020-01-22,1955,2019-11-17,1855,42150,100,7,5,6,1955,0,0,0,NA,0,003,SAN ANTONIO AV,HOLT AV,175,S,N,A,-,N,NA,NA,NA,NA,NA,NA,NA,NA,NA,Y,4,0,3,2,A,-,03,22350,NA,F,C,C,A,A,H,-,C,A,0,NA,NA,NA,NA,Y,NA,A,01,0,0,3,0,0,0,0,0,0,-,-,NA,NA,LOS ANGELES,POMONA,-117.7367935180664,34.062252044677734
8978897,2019,2020-01-22,1955,2019-11-01,0004,42042,51,5,5,6,1955,0,0,0,NA,0,001,MISSION BL,HAMILTON BL,0,NA,Y,A,-,N,NA,NA,NA,NA,NA,NA,NA,NA,NA,N,2,0,1,2,D,-,00,NA,NA,F,G,B,D,A,H,-,C,D,0,Y,NA,NA,NA,Y,Y,-,-,1,0,0,0,1,0,0,0,0,-,-,NA,NA,LOS ANGELES,POMONA,-117.7631378173828,34.05479049682617
8978901,2019,2020-01-22,1955,2019-11-08,1937,42606,020,5,5,6,1955,0,0,0,NA,0,002,SAN ANTONIO AV,VASSAR ST,0,NA,Y,A,-,N,NA,NA,NA,NA,NA,NA,NA,NA,NA,Y,4,0,1,2,A,-,03,22350,NA,N,C,C,A,A,H,-,C,A,0,NA,NA,NA,NA,Y,NA,A,01,0,0,1,0,0,0,0,0,0,-,-,NA,NA,LOS ANGELES,POMONA,-117.7367935180664,34.0866584777832
8978905,2019,2020-01-22,1955,2019-11-01,2222,42591,16,5,5,6,1955,0,0,0,NA,0,003,INDIAN HILL BL,COBBLESTONE LN,0,NA,Y,A,-,N,NA,NA,NA,NA,NA,NA,NA,NA,NA,N,2,0,1,2,A,-,00,21954,NA,N,G,B,E,A,H,-,C,A,0,Y,NA,NA,NA,Y,NA,N,60,1,0,0,0,1,0,0,0,0,-,-,NA,NA,LOS ANGELES,POMONA,-117.7192611694336,34.078529357910156
8978909,2019,2020-01-22,1955,2019-11-06,1621,42602,0034,3,5,6,1955,0,0,0,NA,0,002,ARROW HWY,GLENCOE WY,0,NA,Y,A,-,N,NA,NA,NA,NA,NA,NA,NA,NA,NA,Y,4,0,1,3,A,-,09,21800,A,N,D,C,A,A,H,-,A,D,0,NA,NA,NA,NA,Y,NA,A,07,0,0,1,0,0,0,0,0,0,-,-,NA,NA,LOS ANGELES,POMONA,-117.75546264648438,34.089900970458984
8978913,2019,2020-01-22,1955,2019-11-11,1520,40939,35,1,5,6,1955,0,0,0,NA,0,002,PARK AV,MCKINLEY AV,0,NA,Y,A,-,N,NA,NA,NA,NA,NA,NA,NA,NA,NA,N,3,0,1,2,A,-,12,22450,A,N,D,C,A,-,A,H,A,A,0,NA,NA,NA,NA,Y,NA,A,01,0,1,0,0,0,0,0,0,0,-,-,NA,NA,LOS ANGELES,POMONA,-117.75425720214844,34.07529067993164
8978914,2019,2020-01-22,1916,2019-11-07,1735,2623,61R2,4,5,4,1916,0,0,0,NA,0,EAS T,HOLT AV,VIA VERDE,0,NA,Y,A,-,N,NA,NA,NA,NA,NA,NA,NA,NA,NA,Y,3,0,1,3,A,-,03,22350,NA,N,C,C,A,A,H,-,D,D,0,NA,NA,NA,NA,Y,NA,A,01,0,1,0,0,0,0,0,0,0,-,-,NA,NA,LOS ANGELES,COVINA,-117.85833740234376,34.07244110107422
8978917,2019,2020-02-07,1955,2019-11-17,1902,42613,049,7,5,6,1955,0,0,0,NA,0,001,N WHITE AV,ORANGE GROVE AV,15,N,N,A,-,N,NA,NA,NA,NA,NA,NA,NA,NA,NA,Y,3,0,1,2,A,-,06,21951,NA,N,B,G,A,A,H,-,C,A,0,NA,Y,NA,NA,Y,NA,A,01,0,1,0,0,0,0,1,0,0,-,-,NA,NA,LOS ANGELES,POMONA,-117.7593231201172,34.069602966308594
8978918,2019,2020-01-22,1916,2019-11-08,0742,2389,D31M2,5,5,4,1916,0,0,0,NA,0,DOWNTN,CENTER ST,4TH AV,0,NA,Y,A,-,N,NA,NA,NA,NA,NA,NA,NA,NA,NA,N,3,0,1,2,A,-,08,22107,NA,N,G,B,B,A,H,-,A,D,0,Y,NA,NA,NA,Y,NA,A,01,0,1,0,0,1,0,0,0,0,-,-,34.089481353759766,-117.89476013183594,LOS ANGELES,COVINA,-117.89446258544922,34.085079193115234
8978921,2019,2020-01-22,1955,2019-11-07,1715,42314,28,4,5,6,1955,0,0,0,NA,0,002,TOWNE AV,BONITA AV,0,NA,Y,A,-,N,NA,NA,NA,NA,NA,NA,NA,NA,NA,Y,4,0,1,2,A,-,09,21801,A,N,A,C,A,A,H,-,C,A,0,NA,NA,NA,NA,Y,NA,A,01,0,0,1,0,0,0,0,0,0,-,-,NA,NA,LOS ANGELES,POMONA,-117.7367935180664,34.09619903564453
8978922,2019,2020-01-22,1942,2019-11-08,1130,42648,0152,5,5,7,1942,0,0,0,A,0,1A29,7TH,FLOWER ST,75,E,N,A,-,N,NA,NA,NA,NA,NA,NA,NA,NA,NA,N,3,0,1,2,A,-,09,21801,A,N,D,G,A,A,H,-,A,D,0,NA,Y,NA,NA,Y,NA,L,04,0,1,0,0,0,0,1,0,0,-,-,NA,NA,LOS ANGELES,LOS ANGELES,-118.46887969970705,33.999393463134766
8978926,2019,2020-02-08,1942,2019-11-07,1615,43444,0145,4,5,7,1942,0,0,0,A,0,1X32,MAIN ST,WINSTON ST,0,NA,Y,A,-,N,NA,NA,NA,NA,NA,NA,NA,NA,NA,Y,4,0,1,2,A,-,03,22350,NA,N,F,C,A,A,H,-,A,A,0,NA,NA,NA,NA,Y,NA,-,-,0,0,1,0,0,0,0,0,0,-,-,NA,NA,LOS ANGELES,LOS ANGELES,-118.24772644042967,34.04758834838867
8978930,2019,2020-01-22,1942,2019-11-02,1315,40730,0231,6,5,7,1942,0,0,0,B,0,2A5,BEVERLY BL,OCCIDENTAL BL,0,NA,N,A,-,N,NA,NA,NA,NA,NA,NA,NA,NA,NA,N,3,0,1,2,A,-,09,21801,A,N,D,G,A,A,H,-,A,D,0,NA,Y,NA,NA,Y,NA,A,01,0,1,0,0,0,0,1,0,0,-,-,NA,NA,LOS ANGELES,LOS ANGELES,-118.2801513671875,34.07094192504883
8978934,2019,2020-01-22,1942,2019-11-01,0750,39807,0231,5,5,7,1942,0,0,0,B,0,2A5,W TEMPLE ST,N RENO ST,0,NA,Y,A,-,N,NA,NA,NA,NA,NA,NA,NA,NA,NA,N,4,0,5,4,A,-,03,22350,NA,N,C,C,A,A,H,-,A,D,0,NA,NA,NA,NA,Y,NA,A,01,0,0,5,0,0,0,0,0,0,-,-,NA,NA,LOS ANGELES,LOS ANGELES,-118.27935791015624,34.07448196411133
8978957,2019,2020-01-22,1942,2019-11-02,2115,39350,0398,6,5,7,1942,0,0,0,C,0,25T90,41ST ST,FIGUEROA ST,500,W,N,A,-,N,NA,NA,NA,NA,NA,NA,NA,NA,NA,N,4,0,1,2,A,-,00,20015,A,F,G,B,E,A,H,-,C,D,0,Y,NA,NA,NA,Y,NA,-,99,0,0,1,0,1,0,0,0,0,-,-,NA,NA,LOS ANGELES,LOS ANGELES,-118.28438568115234,34.009647369384766
8978966,2019,2019-12-03,1942,2019-10-30,1625,34458,0221,3,5,7,1942,0,0,0,B,0,20A25,BEVERLY BL,N EDGEMONT ST,5,W,N,A,-,N,NA,NA,NA,NA,NA,NA,NA,NA,NA,N,3,0,1,2,A,-,05,21650,1,N,H,G,A,A,H,-,A,D,0,NA,Y,NA,NA,Y,NA,L,04,0,1,0,0,0,0,1,0,0,-,-,NA,NA,LOS ANGELES,LOS ANGELES,-118.29752349853516,34.076297760009766