CASE_ID,ACCIDENT_YEAR,PROC_DATE,JURIS,COLLISION_DATE,COLLISION_TIME,OFFICER_ID,REPORTING_DISTRICT,DAY_OF_WEEK,CHP_SHIFT,POPULATION,CNTY_CITY_LOC,SPECIAL_COND,BEAT_TYPE,CHP_BEAT_TYPE,CITY_DIVISION_LAPD,CHP_BEAT_CLASS,BEAT_NUMBER,PRIMARY_RD,SECONDARY_RD,DISTANCE,DIRECTION,INTERSECTION,WEATHER_1,WEATHER_2,STATE_HWY_IND,CALTRANS_COUNTY,CALTRANS_DISTRICT,STATE_ROUTE,ROUTE_SUFFIX,POSTMILE_PREFIX,POSTMILE,LOCATION_TYPE,RAMP_INTERSECTION,SIDE_OF_HWY,TOW_AWAY,COLLISION_SEVERITY,NUMBER_KILLED,NUMBER_INJURED,PARTY_COUNT,PRIMARY_COLL_FACTOR,PCF_CODE_OF_VIOL,PCF_VIOL_CATEGORY,PCF_VIOLATION,PCF_VIOL_SUBSECTION,HIT_AND_RUN,TYPE_OF_COLLISION,MVIW,PED_ACTION,ROAD_SURFACE,ROAD_COND_1,ROAD_COND_2,LIGHTING,CONTROL_DEVICE,CHP_ROAD_TYPE,PEDESTRIAN_ACCIDENT,BICYCLE_ACCIDENT,MOTORCYCLE_ACCIDENT,TRUCK_ACCIDENT,NOT_PRIVATE_PROPERTY,ALCOHOL_INVOLVED,STWD_VEHTYPE_AT_FAULT,CHP_VEHTYPE_AT_FAULT,COUNT_SEVERE_INJ,COUNT_VISIBLE_INJ,COUNT_COMPLAINT_PAIN,COUNT_PED_KILLED,COUNT_PED_INJURED,COUNT_BICYCLIST_KILLED,COUNT_BICYCLIST_INJURED,COUNT_MC_KILLED,COUNT_MC_INJURED,PRIMARY_RAMP,SECONDARY_RAMP,LATITUDE,LONGITUDE,COUNTY,CITY,POINT_X,POINT_Y
8979436,2019,2020-01-29,1942,2019-11-04,1220,42820,0969,1,5,7,1942,0,0,0,I,0,9X52W4,RIVERSIDE DR,COLDWATER CANYON,0,E,N,A,-,N,NA,NA,NA,NA,NA,NA,NA,NA,NA,N,3,0,1,2,A,-,07,21658,A,N,B,C,A,A,H,-,A,D,0,NA,NA,NA,NA,Y,NA,A,01,0,1,0,0,0,0,0,0,0,-,-,NA,NA,LOS ANGELES,LOS ANGELES,-118.41378784179688,34.157630920410156
8979440,2019,2020-01-29,1942,2019-11-15,0945,38399,0971,5,5,7,1942,0,0,0,I,0,26TL24,SEPULVEDA BL,LA MAIDA ST,250,N,N,A,-,N,NA,NA,NA,NA,NA,NA,NA,NA,NA,N,3,0,1,2,A,-,05,21651,A,N,B,C,A,A,H,-,A,A,0,NA,NA,NA,NA,Y,NA,A,07,0,1,0,0,0,0,0,0,0,-,-,NA,NA,LOS ANGELES,LOS ANGELES,-118.46614837646484,34.15916442871094
8979445,2019,2020-02-15,1905,2019-08-30,2050,1182,443,5,5,4,1905,0,0,0,NA,0,001,ARROW HWY,ARMEL DR,176,E,N,A,-,N,NA,NA,NA,NA,NA,NA,NA,NA,NA,Y,4,0,1,4,A,-,08,22107,NA,N,A,E,A,A,H,-,C,A,0,NA,NA,NA,NA,Y,NA,A,01,0,0,1,0,0,0,0,0,0,-,-,NA,NA,LOS ANGELES,AZUSA,-117.9022979736328,34.10676193237305
8979457,2019,2019-12-03,1905,2019-09-01,0938,1110,225,7,5,4,1905,0,0,0,NA,0,003,ALOSTA AV,CALERA AV,8,W,N,A,-,N,NA,NA,NA,NA,NA,NA,NA,NA,NA,Y,3,0,3,2,A,-,08,22100,A,N,D,C,A,A,H,-,A,A,0,NA,NA,NA,NA,Y,NA,A,01,0,1,2,0,0,0,0,0,0,-,-,34.128440856933594,-117.88973236083984,LOS ANGELES,AZUSA,-117.88579559326172,34.12879180908203
8979465,2019,2019-12-03,1905,2019-09-30,0240,1181,421,1,5,4,1905,0,0,0,NA,0,002,ALAMEDA AV,SANTA FE AV,0,NA,Y,A,-,N,NA,NA,NA,NA,NA,NA,NA,NA,NA,Y,3,0,1,1,A,-,01,23152,A,N,E,I,A,A,H,-,C,A,0,NA,NA,NA,NA,Y,Y,D,22,0,1,0,0,0,0,0,0,0,-,-,NA,NA,LOS ANGELES,AZUSA,-117.90624237060548,34.13555145263672
8979469,2019,2019-12-04,1905,2019-10-11,1557,1173,123,5,5,4,1905,0,0,0,NA,0,003,E 1ST ST,N PASADENA AV,240,E,N,A,-,N,NA,NA,NA,NA,NA,NA,NA,NA,NA,Y,4,0,2,2,A,-,09,21804,A,N,D,C,A,A,H,-,A,D,0,NA,NA,NA,NA,Y,NA,D,22,0,0,2,0,0,0,0,0,0,-,-,34.121559143066406,-117.90241241455078,LOS ANGELES,AZUSA,-117.90174865722656,34.12158203125
8979480,2019,2019-11-19,1900,2019-10-14,1830,648050,1327,1,5,5,1935,0,0,0,NA,0,132T1,206TH ST,ALBURTIS AV,23,E,N,A,-,N,NA,NA,NA,NA,NA,NA,NA,NA,NA,Y,4,0,2,2,A,-,09,21802,A,N,D,C,A,A,H,-,C,A,0,NA,NA,NA,NA,Y,NA,A,01,0,0,2,0,0,0,0,0,0,-,-,NA,NA,LOS ANGELES,LAKEWOOD,-118.08409118652344,33.843238830566406
8979506,2019,2019-12-18,1900,2019-10-08,0220,499039,1513,2,5,5,1954,0,0,0,NA,0,151T3,DULIN AV,PARAMOUNT BL,166,E,N,A,-,N,NA,NA,NA,NA,NA,NA,NA,NA,NA,N,4,0,1,2,A,-,01,23152,NA,N,B,E,A,A,-,-,C,D,0,NA,NA,NA,NA,Y,Y,D,22,0,0,1,0,0,0,0,0,0,-,-,33.99925994873047,-118.09046173095705,LOS ANGELES,PICO RIVERA,-118.09024810791016,33.99917221069336
8979510,2019,2019-12-18,1900,2019-10-20,0400,499039,1512,7,5,5,1954,0,0,0,NA,0,151T3,WHITTIER BL,TOBIAS AV,523,E,N,A,-,N,NA,NA,NA,NA,NA,NA,NA,NA,NA,N,3,0,1,2,A,-,08,22107,NA,M,E,I,A,A,H,-,A,D,0,NA,NA,NA,Y,Y,NA,G,26,0,1,0,0,0,0,0,0,0,-,-,NA,NA,LOS ANGELES,PICO RIVERA,-118.0747528076172,33.99747085571289
8979529,2019,2020-01-23,1942,2019-11-05,1445,43842,1047,2,5,7,1942,0,0,0,J,0,10A3,WHITE OAK AV,BURBANK BL,15,S,N,A,-,N,NA,NA,NA,NA,NA,NA,NA,NA,NA,N,4,0,1,2,A,-,04,21703,NA,F,C,C,A,A,H,-,A,A,0,NA,NA,NA,NA,Y,NA,-,99,0,0,1,0,0,0,0,0,0,-,-,NA,NA,LOS ANGELES,LOS ANGELES,-118.51853942871094,34.17219924926758
8979537,2019,2019-12-04,1942,2019-10-16,1220,37146,1251,3,5,7,1942,0,0,0,L,0,25T23,W FLORENCE AV,CRENSHAW BL,0,NA,Y,A,-,N,NA,NA,NA,NA,NA,NA,NA,NA,NA,Y,4,0,5,5,A,-,12,21453,A,F,D,C,A,A,H,-,A,A,0,NA,NA,NA,NA,Y,NA,A,01,0,0,5,0,0,0,0,0,0,-,-,NA,NA,LOS ANGELES,LOS ANGELES,-118.33088684082033,33.97454071044922
8979538,2019,2019-12-18,1942,2019-10-03,1430,43888,0362,4,5,7,1942,0,0,0,C,0,3A99,COCO AV,NICOLET AV,100,E,N,A,-,N,NA,NA,NA,NA,NA,NA,NA,NA,NA,Y,4,0,1,4,A,-,05,21651,B,F,A,E,A,A,H,-,A,D,0,NA,NA,NA,NA,Y,NA,A,01,0,0,1,0,0,0,0,0,0,-,-,NA,NA,LOS ANGELES,LOS ANGELES,-118.35099029541016,34.012813568115234
8979541,2019,2019-12-04,1942,2019-10-30,0820,39397,1269,3,5,7,1942,0,0,0,L,0,12A69,EAST 7TH ST,AVALON BL,200,E,N,A,-,N,NA,NA,NA,NA,NA,NA,NA,NA,NA,Y,3,0,2,3,A,-,03,22350,NA,N,C,E,A,A,H,-,A,D,0,NA,NA,NA,NA,Y,NA,A,01,0,1,1,0,0,0,0,0,0,-,-,NA,NA,LOS ANGELES,LOS ANGELES,-118.26451110839844,33.9693489074707
8979545,2019,2019-11-22,1942,2019-09-14,0745,43836,1233,6,5,7,1942,0,0,0,L,0,12A73,VAN NESS AV,SLAUSON AV,0,NA,Y,A,-,N,NA,NA,NA,NA,NA,NA,NA,NA,NA,Y,4,0,3,2,A,-,09,21804,B,N,A,C,A,A,H,-,A,A,0,NA,NA,NA,NA,Y,NA,A,01,0,0,3,0,0,0,0,0,0,-,-,NA,NA,LOS ANGELES,LOS ANGELES,-118.31759643554688,33.98910903930664
8979546,2019,2019-12-27,1942,2019-09-09,1600,43338,0377,1,5,7,1942,0,0,0,C,0,3A74W7,BUDLONG AV,BROWNING ST,0,NA,Y,A,-,N,NA,NA,NA,NA,NA,NA,NA,NA,NA,N,4,0,1,2,A,-,12,22450,A,N,D,D,A,A,H,-,A,C,0,NA,NA,NA,NA,Y,NA,A,01,0,0,1,0,0,0,0,0,0,-,-,NA,NA,LOS ANGELES,LOS ANGELES,-118.29589080810548,34.01211166381836
8979549,2019,2019-11-22,1942,2019-09-18,2315,43952,1836,3,5,7,1942,0,0,0,R,0,18A35W,CENTRAL AV,109TH ST,75,S,N,A,-,N,NA,NA,NA,NA,NA,NA,NA,NA,NA,N,4,0,1,2,A,-,03,22350,NA,F,C,C,A,A,H,-,C,D,0,NA,NA,NA,NA,Y,NA,-,99,0,0,1,0,0,0,0,0,0,-,-,NA,NA,LOS ANGELES,LOS ANGELES,-118.25421142578124,33.93658447265625
8979550,2019,2019-12-04,1942,2019-10-16,0900,42205,0312,3,5,7,1942,0,0,0,C,0,8E1,ORANGE DR,W JEFFERSON BL,45,N,N,A,-,N,NA,NA,NA,NA,NA,NA,NA,NA,NA,Y,4,0,2,2,A,-,06,21750,NA,N,B,J,A,A,H,-,A,D,0,NA,NA,NA,NA,Y,NA,A,01,0,0,2,0,0,0,0,0,0,-,-,NA,NA,LOS ANGELES,LOS ANGELES,-118.35596466064452,34.02562713623047
8979575,2019,2019-11-25,1946,2019-09-23,0756,P51,1946,1,5,4,1946,0,0,0,NA,0,002,W DUARTE RD,MYRTLE,450,W,N,A,-,N,NA,NA,NA,NA,NA,NA,NA,NA,NA,N,4,0,1,2,A,-,03,22350,NA,N,C,C,A,A,H,-,A,D,0,NA,NA,NA,Y,Y,NA,F,26,0,0,1,0,0,0,0,0,0,-,-,NA,NA,LOS ANGELES,MONROVIA,-118.00231170654295,34.13219451904297
8979585,2019,2019-11-25,1942,2019-09-28,1145,41608,1516,6,5,7,1942,0,0,0,O,0,15A21,SHERMAN WAY,VINELAND AV,0,NA,Y,A,-,N,NA,NA,NA,NA,NA,NA,NA,NA,NA,N,3,0,1,2,A,-,11,21456,C,N,G,B,B,A,H,-,A,A,0,Y,NA,NA,NA,Y,NA,N,60,0,1,0,0,1,0,0,0,0,-,-,NA,NA,LOS ANGELES,LOS ANGELES,-118.37032318115234,34.20117950439453
8979587,2019,2019-11-25,1946,2019-09-09,1635,P16,1946,1,5,4,1946,0,0,0,NA,0,001,CANYON,FOOTHILL,1274,N,N,A,-,N,NA,NA,NA,NA,NA,NA,NA,NA,NA,N,3,0,1,2,A,-,10,21952,NA,N,G,B,F,A,H,-,A,D,0,Y,NA,NA,NA,Y,NA,D,22,0,1,0,0,1,0,0,0,0,-,-,NA,NA,LOS ANGELES,MONROVIA,-117.99673461914064,34.154911041259766
8979589,2019,2019-12-05,1942,2019-09-08,0325,43864,1525,7,5,7,1942,0,0,0,O,0,15A33,OXNARD ST,CARPENTER AV,75,E,N,A,-,N,NA,NA,NA,NA,NA,NA,NA,NA,NA,Y,4,0,1,2,A,-,03,22350,NA,N,B,E,A,A,H,-,C,D,0,NA,NA,NA,NA,Y,NA,A,01,0,0,1,0,0,0,0,0,0,-,-,NA,NA,LOS ANGELES,LOS ANGELES,-118.39080047607422,34.17940902709961
8979591,2019,2019-12-05,1976,2019-09-28,0854,498,NA,6,5,3,1964,0,0,0,NA,0,002,PIONEER BL,FLORENCE AV,0,NA,Y,B,-,N,NA,NA,NA,NA,NA,NA,NA,NA,NA,Y,4,0,1,2,A,-,12,21453,A,N,D,C,A,A,H,-,A,A,0,NA,NA,NA,Y,Y,NA,A,01,0,0,1,0,0,0,0,0,0,-,-,NA,NA,LOS ANGELES,SANTA FE SPRINGS,-118.08184051513672,33.93532180786133
8979593,2019,2019-11-25,1942,2019-09-02,1150,43084,1526,1,5,7,1942,0,0,0,O,0,15A68,LANKERSHIM BL,VICTORY BL,100,S,N,A,-,N,NA,NA,NA,NA,NA,NA,NA,NA,NA,Y,3,0,1,2,A,-,03,22350,NA,N,A,C,A,A,H,-,A,D,0,NA,NA,NA,NA,Y,NA,D,22,0,1,0,0,0,0,0,0,0,-,-,NA,NA,LOS ANGELES,LOS ANGELES,-118.3876724243164,34.186424255371094
8979597,2019,2019-11-25,1942,2019-08-31,1340,42844,1599,6,5,7,1942,0,0,0,O,0,15A67,CAHUENGA BL W,BARBARA CT,0,NA,Y,A,-,N,NA,NA,NA,NA,NA,NA,NA,NA,NA,Y,3,0,5,2,A,-,09,21801,A,N,D,C,A,A,H,-,A,D,0,NA,NA,NA,NA,Y,NA,A,08,0,5,0,0,0,0,0,0,0,-,-,NA,NA,LOS ANGELES,LOS ANGELES,-118.34678649902344,34.128021240234375
8979607,2019,2020-01-22,1925,2019-11-06,1740,27423,3,3,5,6,1925,0,0,0,NA,0,287,SAN FERNANDO RD,PRINCETON ST,0,NA,Y,A,-,N,NA,NA,NA,NA,NA,NA,NA,NA,NA,N,4,0,1,2,A,-,09,21802,A,N,D,C,A,A,H,-,D,D,0,NA,NA,NA,NA,Y,NA,A,01,0,0,1,0,0,0,0,0,0,-,-,NA,NA,LOS ANGELES,GLENDALE,-118.25318908691406,34.122100830078125
8979610,2019,2020-01-22,1972,2019-11-16,1730,20987,NA,6,5,6,1972,0,0,0,NA,0,NA,190TH ST,CRENSHAW PL,0,NA,Y,A,-,N,NA,NA,NA,NA,NA,NA,NA,NA,NA,Y,4,0,1,2,A,-,09,21802,A,N,D,C,A,A,H,-,C,A,0,NA,NA,NA,NA,Y,NA,D,NA,0,0,1,0,0,0,0,0,0,-,-,NA,NA,LOS ANGELES,TORRANCE,-118.32647705078124,33.858299255371094
8979611,2019,2020-01-22,1925,2019-11-07,0752,14089,239,4,5,6,1925,0,0,0,NA,0,004,STANLEY AV,VERDUGO RD,7,E,N,A,-,N,NA,NA,NA,NA,NA,NA,NA,NA,NA,N,4,0,1,2,A,-,09,21804,A,N,D,G,A,A,H,-,A,A,0,NA,Y,NA,NA,Y,NA,L,04,0,0,1,0,0,0,1,0,0,-,-,NA,NA,LOS ANGELES,GLENDALE,-118.2357940673828,34.14901351928711
8979614,2019,2020-01-22,1972,2019-11-08,1445,18263,NA,5,5,6,1972,0,0,0,NA,0,NA,CHANLLENGER,PIONEER,229,W,N,A,-,N,NA,NA,NA,NA,NA,NA,NA,NA,NA,Y,4,0,1,3,A,-,08,22102,NA,N,D,C,A,A,H,-,A,D,0,NA,NA,NA,NA,Y,NA,A,NA,0,0,1,0,0,0,0,0,0,-,-,NA,NA,LOS ANGELES,TORRANCE,-118.34759521484376,33.85113525390625
8979615,2019,2020-01-22,1925,2019-11-08,2205,24179,268,5,5,6,1925,0,0,0,NA,0,002,COLORADO ST,GALLERIA WY,20,W,N,A,-,N,NA,NA,NA,NA,NA,NA,NA,NA,NA,N,4,0,1,2,A,-,03,22350,NA,N,C,C,A,A,H,-,C,A,0,NA,NA,NA,NA,Y,NA,A,01,0,0,1,0,0,0,0,0,0,-,-,NA,NA,LOS ANGELES,GLENDALE,-118.25923919677734,34.142547607421875
8979618,2019,2020-01-22,1972,2019-11-06,1725,18263,NA,3,5,6,1972,0,0,0,NA,0,NA,MAPLE,CIVIC CENTER,223,N,N,A,-,N,NA,NA,NA,NA,NA,NA,NA,NA,NA,Y,4,0,1,2,A,-,09,21804,A,N,D,C,A,A,H,-,C,D,0,NA,NA,NA,NA,Y,Y,A,NA,0,0,1,0,0,0,0,0,0,-,-,NA,NA,LOS ANGELES,TORRANCE,-118.3401107788086,33.84120178222656
8979619,2019,2020-01-22,1925,2019-11-02,1607,28121,272,6,5,6,1925,0,0,0,NA,0,TWO,S CENTRAL AV,ACACIA AV,105,N,N,A,-,N,NA,NA,NA,NA,NA,NA,NA,NA,NA,N,4,0,1,3,A,-,17,22517,NA,F,B,B,E,A,H,-,A,D,0,Y,NA,NA,NA,Y,NA,N,60,0,0,1,0,1,0,0,0,0,-,-,NA,NA,LOS ANGELES,GLENDALE,-118.25787353515624,34.135128021240234
8979623,2019,2020-01-22,1925,2019-11-05,1200,20089,273,2,5,6,1925,0,0,0,NA,0,002,BRAND BL,ACACIA AV,0,NA,Y,A,-,N,NA,NA,NA,NA,NA,NA,NA,NA,NA,N,4,0,1,3,A,-,09,21802,A,N,D,C,A,A,H,-,A,A,0,NA,NA,NA,NA,Y,NA,A,08,0,0,1,0,0,0,0,0,0,-,-,NA,NA,LOS ANGELES,GLENDALE,-118.25498962402344,34.134490966796875
8979626,2019,2020-01-22,1953,2019-11-02,2138,2377,1953,6,5,6,1953,0,0,0,NA,0,005,RAYMOND AV,COLORADO BL,0,NA,Y,A,-,N,NA,NA,NA,NA,NA,NA,NA,NA,NA,N,2,0,1,2,A,-,11,21456,C,N,G,B,B,A,H,-,C,A,0,Y,NA,NA,NA,Y,Y,N,60,1,0,0,0,1,0,0,0,0,-,-,NA,NA,LOS ANGELES,PASADENA,-118.1489028930664,34.14580154418945
8979627,2019,2020-01-22,1900,2019-11-04,1608,520671,2925,1,5,5,1990,0,0,0,NA,0,292T1,DIAMOND BAR BL,MOUNTAIN LAUREL WY,25,N,N,A,-,N,NA,NA,NA,NA,NA,NA,NA,NA,NA,N,4,0,1,2,A,-,04,21703,NA,N,C,C,A,A,H,-,A,A,0,NA,NA,NA,NA,Y,NA,A,01,0,0,1,0,0,0,0,0,0,-,-,33.99229049682617,-117.81690979003906,LOS ANGELES,DIAMOND BAR,-117.81699371337892,33.99235153198242
8979630,2019,2020-02-07,1953,2019-11-03,1916,0545,1953,7,5,6,1953,0,0,0,NA,0,003,COLORADO BL,SIERRA MADRE BL,150,E,N,A,-,N,NA,NA,NA,NA,NA,NA,NA,NA,NA,N,4,0,1,2,A,-,00,20001,NA,F,C,G,A,A,H,-,C,A,0,NA,Y,NA,NA,Y,NA,A,01,0,0,1,0,0,0,1,0,0,-,-,NA,NA,LOS ANGELES,PASADENA,-118.10126495361328,34.146080017089844
8979634,2019,2020-01-22,1953,2019-11-03,1538,7787,1953,7,5,6,1953,0,0,0,NA,0,002,RAYMOND AV,PAINTER ST,0,NA,Y,A,-,N,NA,NA,NA,NA,NA,NA,NA,NA,NA,Y,3,0,3,2,A,-,09,21802,A,N,D,C,A,A,H,-,A,D,0,NA,NA,NA,NA,Y,NA,A,01,0,1,2,0,0,0,0,0,0,-,-,NA,NA,LOS ANGELES,PASADENA,-118.1490478515625,34.1596794128418
8979639,2019,2020-01-22,1906,2019-11-05,0733,1852,1906,2,5,5,1906,0,0,0,NA,0,001,BALDWIN PARK BL,FOSTER AV,700,N,N,A,-,N,NA,NA,NA,NA,NA,NA,NA,NA,NA,N,4,0,1,2,A,-,03,22350,NA,N,C,C,A,A,H,-,A,D,0,NA,NA,NA,NA,Y,NA,A,01,0,0,1,0,0,0,0,0,0,-,-,NA,NA,LOS ANGELES,BALDWIN PARK,-117.9734115600586,34.07560729980469
8979666,2019,2019-12-03,1942,2019-09-21,2040,36542,1027,6,5,7,1942,0,0,0,J,0,17A49W,WHITE OAK AV,SHERMAN WY,0,NA,Y,A,-,N,NA,NA,NA,NA,NA,NA,NA,NA,NA,N,4,0,1,2,A,-,08,22107,NA,N,A,G,A,A,H,-,C,A,0,NA,Y,NA,NA,Y,NA,A,01,0,0,1,0,0,0,1,0,0,-,-,NA,NA,LOS ANGELES,LOS ANGELES,-118.51860809326172,34.201210021972656
8979676,2019,2020-01-22,1900,2019-11-06,1743,542188,2920,3,5,5,1990,0,0,0,NA,0,292K,DIAMOND BAR BL,SUNSET CROSSING RD,300,N,N,A,-,N,NA,NA,NA,NA,NA,NA,NA,NA,NA,Y,4,0,1,2,A,-,09,21801,A,N,D,C,A,A,H,-,C,A,0,NA,NA,NA,NA,Y,NA,A,01,0,0,1,0,0,0,0,0,0,-,-,NA,NA,LOS ANGELES,DIAMOND BAR,-117.81027221679688,34.029354095458984
8979688,2019,2019-12-03,1942,2019-09-12,0750,39397,0358,4,5,7,1942,0,0,0,C,0,25T21,JEFFERSON BL,FIGUEROA ST,5,E,N,A,-,N,NA,NA,NA,NA,NA,NA,NA,NA,NA,N,3,0,1,2,A,-,03,22350,NA,F,D,B,F,A,H,-,A,D,0,Y,Y,NA,NA,Y,NA,L,04,0,1,0,0,1,0,0,0,0,-,-,NA,NA,LOS ANGELES,LOS ANGELES,-118.2799835205078,34.021942138671875
8979696,2019,2019-12-03,1942,2019-09-28,1058,42431,0341,6,5,7,1942,0,0,0,C,0,3A41,OBAMA BL,KALSMAN DR,0,NA,Y,A,-,N,NA,NA,NA,NA,NA,NA,NA,NA,NA,N,4,0,2,2,A,-,12,21453,A,N,D,C,A,A,H,-,A,A,0,NA,NA,NA,NA,Y,NA,-,NA,0,0,2,0,0,0,0,0,0,-,-,NA,NA,LOS ANGELES,LOS ANGELES,-118.3747,34.02182
8979700,2019,2019-12-09,1942,2019-09-08,0915,43877,314,7,5,7,1942,0,0,0,NA,0,3A31,27TH ST,EDGEHILL DR,900,E,N,A,-,N,NA,NA,NA,NA,NA,NA,NA,NA,NA,Y,3,0,3,2,A,-,09,21804,A,N,A,C,A,A,H,-,A,D,0,NA,NA,NA,NA,Y,NA,A,01,0,2,1,0,0,0,0,0,0,-,-,NA,NA,LOS ANGELES,LOS ANGELES,-118.32604217529295,34.03114318847656
8979704,2019,2019-12-09,1942,2019-09-09,1630,43338,0319,1,5,7,1942,0,0,0,C,0,3A74W7,FIGUEROA,ADAMS BL,0,NA,Y,A,-,N,NA,NA,NA,NA,NA,NA,NA,NA,NA,N,4,0,1,2,A,-,00,22160,B,N,D,D,A,A,H,-,A,A,0,NA,NA,NA,NA,Y,Y,A,01,0,0,1,0,0,0,0,0,0,-,-,NA,NA,LOS ANGELES,LOS ANGELES,-118.27601623535156,34.028160095214844
8979708,2019,2019-12-03,1942,2019-09-23,0745,43617,0331,1,5,7,1942,0,0,0,C,0,3A15,LA BREA AV,FERNDALE ST,0,NA,Y,A,-,N,NA,NA,NA,NA,NA,NA,NA,NA,NA,Y,4,0,1,2,A,-,09,21800,A,N,D,C,A,A,H,-,A,D,0,NA,NA,NA,NA,Y,NA,A,08,0,0,1,0,0,0,0,0,0,-,-,NA,NA,LOS ANGELES,LOS ANGELES,-118.3519287109375,34.03050994873047
8979712,2019,2019-12-03,1976,2019-09-28,0043,233,NA,6,5,3,1964,0,0,0,NA,0,NA,NORWALK BL,FLORENCE AV,0,NA,Y,A,-,N,NA,NA,NA,NA,NA,NA,NA,NA,NA,Y,4,0,1,2,A,-,01,23152,A,N,D,C,A,A,H,-,C,A,0,NA,NA,NA,NA,Y,Y,A,01,0,0,1,0,0,0,0,0,0,-,-,NA,NA,LOS ANGELES,SANTA FE SPRINGS,-118.07272338867188,33.93534851074219
8979716,2019,2019-12-03,1976,2019-09-09,0706,407,NA,1,5,3,1964,0,0,0,NA,0,0S2,FLORENCE AV,LAKE CENTER PARK LN,0,NA,Y,A,-,N,NA,NA,NA,NA,NA,NA,NA,NA,NA,N,4,0,1,3,A,-,04,21703,NA,N,C,C,A,A,H,-,A,A,0,NA,NA,NA,NA,Y,NA,A,07,0,0,1,0,0,0,0,0,0,-,-,NA,NA,LOS ANGELES,SANTA FE SPRINGS,-118.08448791503906,33.93531036376953
8979720,2019,2019-12-03,1946,2019-09-08,0731,P33,NA,7,5,4,1946,0,0,0,NA,0,001,FOOTHILL,EL NIDO,4,E,N,A,-,N,NA,NA,NA,NA,NA,NA,NA,NA,NA,Y,3,0,2,2,A,-,09,21804,A,N,D,-,A,A,H,-,A,D,0,NA,NA,NA,NA,Y,NA,A,01,0,1,1,0,0,0,0,0,0,-,-,NA,NA,LOS ANGELES,MONROVIA,-118.0136260986328,34.15119934082031
8979724,2019,2019-12-03,1946,2019-09-10,1258,P58,1946,2,5,4,1946,0,0,0,NA,0,003,CENTRAL,MYRTLE,152,E,N,B,-,N,NA,NA,NA,NA,NA,NA,NA,NA,NA,N,4,0,1,2,A,-,03,22350,NA,N,C,C,A,A,H,-,A,A,0,NA,NA,NA,NA,Y,NA,A,01,0,0,1,0,0,0,0,0,0,-,-,NA,NA,LOS ANGELES,MONROVIA,-118.00080108642578,34.13587951660156
8979728,2019,2019-12-03,1946,2019-09-21,1422,P 56,1946,6,5,4,1946,0,0,0,NA,0,003,CALIFORNIA,DUARTE,52,N,N,A,-,N,NA,NA,NA,NA,NA,NA,NA,NA,NA,Y,4,0,1,1,A,-,08,22107,NA,N,-,I,A,A,H,-,A,A,0,NA,NA,NA,NA,Y,NA,A,01,0,0,1,0,0,0,0,0,0,-,-,NA,NA,LOS ANGELES,MONROVIA,-117.99503326416016,34.13264083862305
8979732,2019,2019-12-03,1946,2019-09-25,1601,P41,1946,3,5,4,1946,0,0,0,NA,0,001,MAGNOLIA,PALM,0,NA,Y,A,-,N,NA,NA,NA,NA,NA,NA,NA,NA,NA,Y,4,0,1,2,A,-,09,21802,A,N,D,C,A,A,H,-,A,D,0,NA,NA,NA,NA,Y,NA,A,01,0,0,1,0,0,0,0,0,0,-,-,NA,NA,LOS ANGELES,MONROVIA,-118.00537872314452,34.14910125732422
8979736,2019,2019-12-09,1946,2019-09-30,1156,A1,1946,1,5,4,1946,0,0,0,NA,0,002,MAYFLOWER,HUNTINGTON,325,S,N,A,-,N,NA,NA,NA,NA,NA,NA,NA,NA,NA,Y,3,0,1,2,A,-,09,21804,A,N,D,C,A,A,H,-,A,D,0,NA,NA,NA,NA,Y,NA,A,01,0,1,0,0,0,0,0,0,0,-,-,NA,NA,LOS ANGELES,MONROVIA,-118.00958251953124,34.13949966430664
8979748,2019,2019-12-03,1946,2019-09-14,1244,P 56,1946,6,5,4,1946,0,0,0,NA,0,003,MOUTAIN,ROYAL OAKS,39,N,N,A,-,N,NA,NA,NA,NA,NA,NA,NA,NA,NA,Y,4,0,1,2,A,-,01,23152,A,N,B,C,A,A,H,-,A,A,0,NA,NA,NA,NA,Y,Y,A,01,0,0,1,0,0,0,0,0,0,-,-,NA,NA,LOS ANGELES,MONROVIA,-117.9862823486328,34.14331817626953
8979758,2019,2019-12-19,1976,2019-10-02,0920,889,NA,3,5,3,1964,0,0,0,NA,0,003,EXCELSIOR DR,BLOOMFIELD AV,450,E,N,A,-,N,NA,NA,NA,NA,NA,NA,NA,NA,NA,Y,4,0,1,2,D,-,00,NA,NA,N,B,C,A,A,H,-,A,D,0,NA,NA,NA,NA,Y,NA,-,-,0,0,1,0,0,0,0,0,0,-,-,NA,NA,LOS ANGELES,SANTA FE SPRINGS,-118.06253051757813,33.8950080871582
8979760,2019,2019-12-03,1905,2019-09-20,1310,1173,424,5,5,4,1905,0,0,0,NA,0,003,FOOTHILL BL,ROCKVALE AV,95,E,N,A,-,N,NA,NA,NA,NA,NA,NA,NA,NA,NA,N,3,0,1,2,A,-,09,21804,A,N,G,B,D,A,H,-,A,A,0,Y,NA,NA,NA,Y,NA,A,07,0,1,0,0,1,0,0,0,0,-,-,NA,NA,LOS ANGELES,AZUSA,-117.89593505859376,34.13347625732422
8979769,2019,2019-11-25,1900,2019-10-18,1655,629526,1137,5,5,6,1992,0,0,0,NA,0,112T1,20TH ST EAST,LANCASTER BL,0,NA,Y,A,-,N,NA,NA,NA,NA,NA,NA,NA,NA,NA,Y,3,0,1,1,A,-,03,22350,NA,N,A,I,A,A,H,-,A,A,0,NA,NA,NA,NA,Y,NA,A,08,0,1,0,0,0,0,0,0,0,-,-,NA,NA,LOS ANGELES,LANCASTER,-118.09481811523438,34.6968994140625