CASE_ID,ACCIDENT_YEAR,PROC_DATE,JURIS,COLLISION_DATE,COLLISION_TIME,OFFICER_ID,REPORTING_DISTRICT,DAY_OF_WEEK,CHP_SHIFT,POPULATION,CNTY_CITY_LOC,SPECIAL_COND,BEAT_TYPE,CHP_BEAT_TYPE,CITY_DIVISION_LAPD,CHP_BEAT_CLASS,BEAT_NUMBER,PRIMARY_RD,SECONDARY_RD,DISTANCE,DIRECTION,INTERSECTION,WEATHER_1,WEATHER_2,STATE_HWY_IND,CALTRANS_COUNTY,CALTRANS_DISTRICT,STATE_ROUTE,ROUTE_SUFFIX,POSTMILE_PREFIX,POSTMILE,LOCATION_TYPE,RAMP_INTERSECTION,SIDE_OF_HWY,TOW_AWAY,COLLISION_SEVERITY,NUMBER_KILLED,NUMBER_INJURED,PARTY_COUNT,PRIMARY_COLL_FACTOR,PCF_CODE_OF_VIOL,PCF_VIOL_CATEGORY,PCF_VIOLATION,PCF_VIOL_SUBSECTION,HIT_AND_RUN,TYPE_OF_COLLISION,MVIW,PED_ACTION,ROAD_SURFACE,ROAD_COND_1,ROAD_COND_2,LIGHTING,CONTROL_DEVICE,CHP_ROAD_TYPE,PEDESTRIAN_ACCIDENT,BICYCLE_ACCIDENT,MOTORCYCLE_ACCIDENT,TRUCK_ACCIDENT,NOT_PRIVATE_PROPERTY,ALCOHOL_INVOLVED,STWD_VEHTYPE_AT_FAULT,CHP_VEHTYPE_AT_FAULT,COUNT_SEVERE_INJ,COUNT_VISIBLE_INJ,COUNT_COMPLAINT_PAIN,COUNT_PED_KILLED,COUNT_PED_INJURED,COUNT_BICYCLIST_KILLED,COUNT_BICYCLIST_INJURED,COUNT_MC_KILLED,COUNT_MC_INJURED,PRIMARY_RAMP,SECONDARY_RAMP,LATITUDE,LONGITUDE,COUNTY,CITY,POINT_X,POINT_Y
8983780,2019,2019-12-04,1942,2019-10-20,0415,42286,0162,7,5,7,1942,0,0,0,A,0,1A61,FLOWER,8TH ST,0,NA,Y,A,-,N,NA,NA,NA,NA,NA,NA,NA,NA,NA,Y,4,0,5,2,A,-,12,21453,A,N,D,C,A,A,H,-,C,A,0,NA,NA,NA,NA,Y,NA,A,01,0,0,5,0,0,0,0,0,0,-,-,NA,NA,LOS ANGELES,LOS ANGELES,-118.26011657714844,34.04724884033203
8983781,2019,2019-12-02,1922,2019-08-26,2010,624,NA,1,5,6,1922,0,0,0,NA,0,NA,PECK RD,MEEKER AV,0,NA,Y,A,-,N,NA,NA,NA,NA,NA,NA,NA,NA,NA,N,3,0,1,2,A,-,12,21453,A,M,D,G,A,A,H,-,C,A,0,NA,Y,NA,NA,Y,NA,L,04,0,1,0,0,0,0,1,0,0,-,-,34.06557846069336,-118.03043365478516,LOS ANGELES,EL MONTE,-118.03043365478516,34.06557846069336
8983821,2019,2019-12-11,1947,2019-08-19,1756,1406,NA,1,5,5,1947,0,0,0,NA,0,00F,N MONTEBELLO BL,LIBERTY AV,780,N,N,A,-,N,NA,NA,NA,NA,NA,NA,NA,NA,NA,Y,4,0,2,4,A,-,03,22350,NA,N,C,C,A,A,H,-,A,D,0,NA,NA,NA,NA,Y,NA,A,07,0,0,2,0,0,0,0,0,0,-,-,NA,NA,LOS ANGELES,MONTEBELLO,-118.09913635253906,34.03091049194336
8983824,2019,2019-12-04,1942,2019-10-22,0800,37912,1902,2,5,7,1942,0,0,0,NA,0,NA,COBALT,FELLOWS,25,E,N,A,-,N,NA,NA,NA,NA,NA,NA,NA,NA,NA,N,3,0,1,2,A,-,03,22350,NA,F,A,-,A,A,H,-,A,D,0,NA,Y,NA,NA,Y,NA,-,99,0,1,0,0,0,0,1,0,0,-,-,NA,NA,LOS ANGELES,LOS ANGELES,-118.4586944580078,34.31705093383789
8983826,2019,2019-12-02,1900,2019-09-12,1650,624624,0331,4,5,4,1939,0,0,0,NA,0,35T1,MANHATTAN BEACH BL,EASTWOOD AV,0,NA,Y,A,-,N,NA,NA,NA,NA,NA,NA,NA,NA,NA,N,3,0,1,2,A,-,03,22350,NA,N,A,C,A,A,H,-,A,D,0,NA,NA,NA,NA,Y,NA,M,94,0,1,0,0,0,0,0,0,0,-,-,33.88758850097656,-118.34760284423828,LOS ANGELES,LAWNDALE,-118.34745025634766,33.887569427490234
8983828,2019,2019-12-04,1942,2019-10-25,2051,42344,1991,5,5,7,1942,0,0,0,NA,0,19A93,LANGDON AV,ROSCOE BL,885,S,N,A,-,N,NA,NA,NA,NA,NA,NA,NA,NA,NA,N,4,0,1,3,A,-,06,21750,A,F,B,B,E,A,G,-,C,D,0,Y,NA,NA,NA,Y,NA,A,01,0,0,1,0,1,0,0,0,0,-,-,NA,NA,LOS ANGELES,LOS ANGELES,-118.46956634521484,34.21900177001953
8983832,2019,2019-12-04,1942,2019-10-04,2150,43441,2157,5,5,7,1942,0,0,0,NA,0,21A57,VANOWEN ST,DE SOTO AV,59,E,N,A,-,N,NA,NA,NA,NA,NA,NA,NA,NA,NA,N,4,0,1,2,A,-,03,22350,NA,F,C,C,A,A,H,-,C,A,0,NA,NA,NA,NA,Y,NA,-,99,0,0,1,0,0,0,0,0,0,-,-,NA,NA,LOS ANGELES,LOS ANGELES,-118.58822631835938,34.19378662109375
8983834,2019,2019-12-02,1900,2019-09-20,1911,542415,0334,5,5,4,1939,0,0,0,NA,0,35A,169TH ST,HAWTHORNE BL,260,W,N,A,-,N,NA,NA,NA,NA,NA,NA,NA,NA,NA,N,4,0,1,2,A,-,09,21804,A,N,H,G,A,A,H,-,C,D,0,NA,Y,NA,NA,Y,NA,L,04,0,0,1,0,0,0,1,0,0,-,-,33.877288818359375,-118.35453033447266,LOS ANGELES,LAWNDALE,-118.3535614013672,33.87757110595703
8983836,2019,2019-12-04,1942,2019-10-14,0740,41125,2139,1,5,7,1942,0,0,0,NA,0,21A29,OAKDALE AV,SATICOY ST,137,S,N,A,-,N,NA,NA,NA,NA,NA,NA,NA,NA,NA,N,4,0,1,2,A,-,09,21804,A,F,D,G,A,A,H,-,A,D,0,NA,Y,NA,NA,Y,NA,-,99,0,0,1,0,0,0,1,0,0,-,-,NA,NA,LOS ANGELES,LOS ANGELES,-118.56668090820313,34.20795440673828
8983838,2019,2019-12-02,1900,2019-09-25,1835,624624,0331,3,5,4,1939,0,0,0,NA,0,35T1,OSAGE AV,147TH ST,4,N,N,A,-,N,NA,NA,NA,NA,NA,NA,NA,NA,NA,N,3,0,1,2,A,-,12,22450,A,N,H,G,A,A,H,-,B,A,0,NA,Y,NA,NA,Y,NA,A,01,0,1,0,0,0,0,1,0,0,-,-,33.898380279541016,-118.34610748291016,LOS ANGELES,LAWNDALE,-118.3461685180664,33.89826965332031
8983844,2019,2019-12-02,1922,2019-07-18,0704,463,NA,4,5,6,1922,0,0,0,NA,0,NA,DURFEE AV,KLINGERMAN AV,200,N,N,A,-,N,NA,NA,NA,NA,NA,NA,NA,NA,NA,N,4,0,1,2,A,-,05,21202,A,N,D,G,A,A,H,-,A,D,0,NA,Y,NA,NA,Y,NA,L,04,0,0,1,0,0,0,1,0,0,-,-,34.05002975463867,-118.02552795410156,LOS ANGELES,EL MONTE,-118.02318572998048,34.05120086669922
8983856,2019,2019-12-11,1938,2019-07-09,1905,1069,AREA1,2,5,4,1938,0,0,0,NA,0,001,WHEELER AV,RUGGLES ST,268,N,N,A,-,N,NA,NA,NA,NA,NA,NA,NA,NA,NA,Y,3,0,1,2,A,-,07,21658,A,N,C,E,A,A,H,-,A,D,0,NA,NA,NA,NA,Y,NA,A,01,0,1,0,0,0,0,0,0,0,-,-,NA,NA,LOS ANGELES,LA VERNE,-117.77684783935548,34.12564468383789
8983864,2019,2019-12-02,1942,2019-07-31,2020,42684,1583,3,5,7,1942,0,0,0,O,0,15A3,MOORPARK ST,COLFAX AV,0,NA,Y,A,-,N,NA,NA,NA,NA,NA,NA,NA,NA,NA,Y,3,0,2,3,A,-,12,21453,A,N,D,C,A,A,H,-,C,A,0,NA,NA,NA,NA,Y,NA,-,NA,0,2,0,0,0,0,0,0,0,-,-,NA,NA,LOS ANGELES,LOS ANGELES,-118.38773345947266,34.150360107421875
8983908,2019,2019-12-02,1972,2019-07-09,1216,18059,NA,2,5,6,1972,0,0,0,NA,0,NA,PRAIRIE,DEL AMO,670,N,N,A,-,N,NA,NA,NA,NA,NA,NA,NA,NA,NA,Y,4,0,1,1,A,-,08,22107,NA,N,E,I,A,A,H,-,A,D,0,NA,NA,NA,NA,Y,NA,A,NA,0,0,1,0,0,0,0,0,0,-,-,NA,NA,LOS ANGELES,TORRANCE,-118.34535980224608,33.85041809082031
8983970,2019,2019-12-04,1972,2019-01-27,1652,19939,NA,7,5,6,1972,0,0,0,NA,0,NA,PLAZA DEL AMO,CABRILLO AV,0,NA,Y,A,-,N,NA,NA,NA,NA,NA,NA,NA,NA,NA,Y,4,0,1,2,A,-,12,22450,NA,N,D,C,A,A,H,-,B,D,0,NA,NA,NA,NA,Y,NA,A,NA,0,0,1,0,0,0,0,0,0,-,-,NA,NA,LOS ANGELES,TORRANCE,-118.31434631347656,33.824119567871094
8984010,2019,2019-11-25,1972,2019-11-08,1813,20987,NA,5,5,6,1972,0,0,0,NA,0,NA,HAWTHORNE BL,FASHION WY,221,N,N,A,-,N,NA,NA,NA,NA,NA,NA,NA,NA,NA,Y,4,0,2,2,A,-,03,22350,NA,N,C,C,A,A,H,-,C,A,0,NA,NA,NA,NA,Y,NA,A,NA,0,0,2,0,0,0,0,0,0,-,-,NA,NA,LOS ANGELES,TORRANCE,-118.3532257080078,33.83580017089844
8984014,2019,2020-02-06,1972,2019-11-07,1748,18263,NA,4,5,6,1972,0,0,0,NA,0,NA,HAWTHORNE,230TH,0,NA,Y,A,-,Y,LA,7,107,-,-,0.92,I,5,S,N,4,0,1,2,A,-,10,21950,A,N,G,B,B,A,H,-,C,A,0,Y,NA,NA,NA,Y,NA,A,NA,0,0,1,0,1,0,0,0,0,-,-,NA,NA,LOS ANGELES,TORRANCE,-118.35118865966795,33.81852340698242
8984015,2019,2020-02-03,1972,2019-10-31,1300,18263,NA,4,5,6,1972,0,0,0,NA,0,NA,WESTERN AV,FRANCISCO ST,0,NA,Y,A,-,Y,LA,7,213,-,-,9.267,I,5,N,Y,4,0,1,3,A,-,12,21453,A,N,D,D,A,A,H,-,A,A,0,NA,NA,NA,NA,Y,NA,A,NA,0,0,1,0,0,0,0,0,0,-,-,NA,NA,LOS ANGELES,TORRANCE,-118.30943298339844,33.849769592285156
8984018,2019,2020-03-06,1972,2019-11-04,1704,15555,NA,1,5,6,1972,0,0,0,NA,0,NA,WESTERN AV,207TH ST,0,NA,Y,A,-,Y,LA,7,213,-,-,8.782,I,5,S,Y,4,0,2,2,A,-,09,21804,A,N,D,C,A,A,H,-,C,D,0,NA,NA,NA,NA,Y,NA,A,NA,0,0,2,0,0,0,0,0,0,-,-,NA,NA,LOS ANGELES,TORRANCE,-118.30931091308594,33.84292984008789
8984019,2019,2019-11-25,1972,2019-10-29,0850,14197,2,2,5,6,1972,0,0,0,NA,0,NA,HAWTHORNE BL,225TH ST,0,NA,Y,A,-,N,NA,NA,NA,NA,NA,NA,NA,NA,NA,Y,4,0,2,2,A,-,09,21801,A,N,D,C,A,A,H,-,A,A,0,NA,NA,NA,NA,Y,NA,A,NA,0,0,2,0,0,0,0,0,0,-,-,NA,NA,LOS ANGELES,TORRANCE,-118.35122680664064,33.82389831542969
8984022,2019,2020-02-06,1972,2019-11-12,1420,4197,NA,2,5,6,1972,0,0,0,NA,0,NA,WESTERN AV,213TH ST,0,NA,Y,A,-,Y,LA,7,213,-,-,8.268,I,5,S,Y,4,0,2,2,A,-,09,21801,A,N,D,C,A,A,H,-,A,A,0,NA,NA,NA,NA,Y,NA,D,NA,0,0,2,0,0,0,0,0,0,-,-,NA,NA,LOS ANGELES,TORRANCE,-118.30918884277344,33.83562469482422
8984026,2019,2019-11-25,1941,2019-11-01,1134,10125,NA,5,5,7,1941,0,0,0,NA,0,NA,ANAHEIM ST,SAINT LOUIS AV,0,NA,Y,A,-,N,NA,NA,NA,NA,NA,NA,NA,NA,NA,Y,4,0,1,2,A,-,06,21750,NA,N,B,C,A,A,H,-,A,A,0,NA,NA,NA,NA,Y,NA,A,NA,0,0,1,0,0,0,0,0,0,-,-,NA,NA,LOS ANGELES,LONG BEACH,-118.16658782958984,33.78260040283203
8984030,2019,2020-02-06,1972,2019-10-30,1056,16610,NA,3,5,6,1972,0,0,0,NA,0,NA,PACIFIC COAST HWY,PALOS VERDES BL,170,NA,N,A,-,Y,LA,7,1,-,-,18.06,H,-,N,Y,4,0,1,4,C,-,18,NA,NA,N,C,C,A,A,H,-,A,A,0,NA,NA,NA,NA,Y,NA,-,-,0,0,1,0,0,0,0,0,0,-,-,NA,NA,LOS ANGELES,TORRANCE,-118.38280487060548,33.81831359863281
8984034,2019,2020-02-06,1941,2019-10-31,2021,11354,NA,4,5,7,1941,0,0,0,NA,0,NA,ORANGE AV,PACIFIC COAST HWY,0,NA,-,A,-,Y,LA,7,1,-,-,5.521,I,5,S,N,4,0,2,4,A,-,12,21453,A,M,D,B,A,A,H,-,C,A,0,NA,NA,NA,NA,Y,NA,A,NA,0,0,2,0,0,0,0,0,0,-,-,NA,NA,LOS ANGELES,LONG BEACH,-118.1763153076172,33.7898063659668
8984038,2019,2019-11-25,1941,2019-10-31,2114,11237,NA,4,5,7,1941,0,0,0,NA,0,NA,E SPRING ST,LAKEWOOD BL,0,NA,Y,-,-,N,NA,NA,NA,NA,NA,NA,NA,NA,NA,Y,4,0,1,3,A,-,08,22107,NA,N,A,C,A,A,H,-,C,A,0,NA,NA,NA,NA,Y,NA,E,NA,0,0,1,0,0,0,0,0,0,-,-,NA,NA,LOS ANGELES,LONG BEACH,-118.13932800292967,33.81262969970703
8984041,2019,2020-03-06,1900,2019-11-09,1705,55236,1012,6,5,3,1995,0,0,0,NA,0,101T2,RT 1,WESTWARD BEACH RD,0,NA,Y,A,-,Y,LA,7,1,-,-,54.911,I,5,S,Y,4,0,1,2,A,-,09,21802,A,N,D,C,A,A,H,-,C,A,0,NA,NA,Y,NA,Y,NA,A,01,0,0,1,0,0,0,0,0,1,-,-,34.01713943481445,-118.81655120849608,LOS ANGELES,MALIBU,-118.81629180908205,34.0173225402832
8984045,2019,2020-03-06,1972,2019-11-02,1610,14197,NA,6,5,6,1972,0,0,0,NA,0,NA,HAWTHORNE BL,TORRANCE BL,0,NA,Y,A,-,Y,LA,7,107,-,-,2.25,I,5,S,Y,4,0,1,2,A,-,12,21453,A,N,D,C,A,A,H,-,A,A,0,NA,NA,NA,NA,Y,NA,A,NA,0,0,1,0,0,0,0,0,0,-,-,NA,NA,LOS ANGELES,TORRANCE,-118.35372161865234,33.83757019042969
8984050,2019,2019-11-25,1947,2019-10-08,1544,1406,NA,2,5,5,1947,0,0,0,NA,0,00A,WEST BEVERLY BL,BRADSHAWE ST,90,E,N,A,-,N,NA,NA,NA,NA,NA,NA,NA,NA,NA,Y,4,0,2,2,A,-,04,21703,NA,N,C,C,A,A,H,-,A,D,0,NA,NA,NA,NA,Y,NA,A,01,0,0,2,0,0,0,0,0,0,-,-,34.02421188354492,-118.14137268066406,LOS ANGELES,MONTEBELLO,-118.14120483398438,34.0246696472168
8984054,2019,2019-11-25,1947,2019-10-29,1138,1406,NA,2,5,5,1947,0,0,0,NA,0,00A,WEST BEVERLY BL,N TAYLOR AV N,0,NA,Y,A,-,N,NA,NA,NA,NA,NA,NA,NA,NA,NA,Y,4,0,1,2,A,-,12,21453,A,N,D,C,A,A,H,-,A,A,0,NA,NA,NA,NA,Y,NA,A,08,0,0,1,0,0,0,0,0,0,-,-,34.018428802490234,-118.11180114746094,LOS ANGELES,MONTEBELLO,-118.11186981201172,34.01844024658203
8984057,2019,2020-03-06,1941,2019-11-02,0729,10938,NA,6,5,7,1941,0,0,0,NA,0,NA,PACIFIC COAST HWY,8TH ST,100,S,N,A,-,Y,LA,7,1,-,-,2.17,H,-,S,Y,4,0,1,3,A,-,07,21658,A,N,B,C,A,A,H,-,A,D,0,NA,NA,NA,NA,Y,Y,A,NA,0,0,1,0,0,0,0,0,0,-,-,NA,NA,LOS ANGELES,LONG BEACH,-118.12500762939452,33.77692794799805
8984058,2019,2019-11-25,1947,2019-10-17,1207,1418,NA,4,5,5,1947,0,0,0,NA,0,00B,WEST BEVERLY BL,TAYLOR AV,200,W,N,A,-,N,NA,NA,NA,NA,NA,NA,NA,NA,NA,Y,4,0,1,2,A,-,09,21804,A,N,D,C,A,-,H,-,A,D,0,NA,NA,NA,NA,Y,NA,A,01,0,0,1,0,0,0,0,0,0,-,-,34.018558502197266,-118.1121826171875,LOS ANGELES,MONTEBELLO,-118.11251068115234,34.018577575683594
8984062,2019,2019-11-25,1947,2019-10-16,1107,1406,NA,3,5,5,1947,0,0,0,NA,0,00D,S MONTEBELLO,WASHINGTON BL,150,N,N,A,-,N,NA,NA,NA,NA,NA,NA,NA,NA,NA,N,3,0,1,2,A,-,08,22107,NA,N,B,C,A,A,H,-,A,D,0,NA,NA,NA,NA,Y,NA,A,07,0,1,0,0,0,0,0,0,0,-,-,33.993900299072266,-118.1161880493164,LOS ANGELES,MONTEBELLO,-118.11598205566406,33.99424743652344
8984088,2019,2020-01-27,1944,2019-08-28,1141,345,SOUTH,3,5,4,1944,0,0,0,NA,0,001,SEPULVEDA BL,KEATS ST,21,N,N,A,-,Y,LA,7,1,-,-,22.091,I,5,N,Y,4,0,2,3,A,-,09,21801,A,N,D,C,A,A,H,-,A,D,0,NA,NA,NA,NA,Y,NA,A,07,0,0,2,0,0,0,0,0,0,-,-,NA,NA,LOS ANGELES,MANHATTAN BEACH,-118.39592742919922,33.87550735473633
8984092,2019,2019-11-25,1942,2019-08-09,0530,42496,1842,5,5,7,1942,0,0,0,R,0,18E15,MAIN ST,IMPERIAL HWY,15,S,N,A,-,N,NA,NA,NA,NA,NA,NA,NA,NA,NA,Y,4,0,1,1,A,-,03,22350,NA,N,F,I,A,A,H,-,B,A,0,NA,NA,NA,NA,Y,NA,A,01,0,0,1,0,0,0,0,0,0,-,-,NA,NA,LOS ANGELES,LOS ANGELES,-118.4159698486328,33.931419372558594
8984096,2019,2020-09-22,1972,2019-08-21,1127,16610,NA,3,5,6,1972,0,0,0,NA,0,NA,WESTERN AV,SEPULVEDA BL,117,N,N,A,-,Y,LA,7,213,-,-,7.02,H,-,S,N,4,0,2,2,A,-,03,22350,NA,N,C,C,A,A,H,-,A,D,0,NA,NA,NA,NA,Y,NA,A,NA,0,0,2,0,0,0,0,0,0,-,-,NA,NA,LOS ANGELES,TORRANCE,-118.30893707275392,33.81763458251953
8984120,2019,2019-12-09,1910,2019-08-25,0636,04940,NA,7,5,4,1910,0,0,0,NA,0,004,NORTH SANTA MONICA BL,WILSHIRE BL,0,NA,Y,A,-,N,NA,NA,NA,NA,NA,NA,NA,NA,NA,Y,3,0,2,2,A,-,12,21453,A,N,D,C,A,A,H,-,A,A,0,NA,NA,NA,NA,Y,NA,A,01,0,1,1,0,0,0,0,0,0,-,-,NA,NA,LOS ANGELES,BEVERLY HILLS,-118.4104232788086,34.06707000732422
8984128,2019,2019-12-07,1900,2019-08-02,1215,436136,1320,5,5,5,1935,0,0,0,NA,0,132T2,LAKEWOOD BL,CANDLEWOOD ST,0,NA,Y,A,-,N,NA,NA,NA,NA,NA,NA,NA,NA,NA,N,4,0,1,3,A,-,12,21453,A,N,D,C,A,A,H,-,A,A,0,NA,NA,NA,NA,Y,Y,A,01,0,0,1,0,0,0,0,0,0,-,-,NA,NA,LOS ANGELES,LAKEWOOD,-118.14257049560548,33.85382843017578
8984132,2019,2020-02-03,1941,2019-09-07,1834,11002,NA,6,5,7,1941,0,0,0,NA,0,NA,PACIFIC COAST HWY,MAGNOLIA AV,0,NA,Y,A,-,Y,LA,7,1,-,-,5.771,I,5,N,Y,3,0,2,3,A,-,12,21453,A,N,A,C,A,A,H,-,A,A,0,NA,NA,NA,NA,Y,NA,A,NA,0,2,0,0,0,0,0,0,0,-,-,NA,NA,LOS ANGELES,LONG BEACH,-118.18077087402344,33.7899169921875
8984135,2019,2020-02-06,1941,2019-10-15,1052,5767,NA,2,5,7,1941,0,0,0,NA,0,NA,PACIFIC COAST HWY,MARTIN LUTHER KING JR,0,NA,Y,A,-,Y,LA,7,1,-,-,5.761,I,5,N,Y,4,0,2,2,A,-,09,21801,A,N,A,C,A,A,H,-,A,A,0,NA,NA,NA,NA,Y,NA,A,NA,0,0,2,0,0,0,0,0,0,-,-,NA,NA,LOS ANGELES,LONG BEACH,-118.18059539794922,33.789913177490234
8984136,2019,2020-02-03,1942,2019-09-19,0710,39701,1663,4,5,7,1942,0,0,0,P,0,21TL65,SHELDON ST,RINCON AV,0,NA,Y,A,-,Y,LA,7,5,-,-,35.852,R,4,N,Y,3,0,1,2,A,-,09,21801,A,N,D,C,A,A,H,-,A,D,0,NA,NA,NA,NA,Y,NA,A,01,0,1,0,0,0,0,0,0,0,-,-,NA,NA,LOS ANGELES,LOS ANGELES,-118.40174102783205,34.2313232421875
8984267,2019,2019-12-27,1942,2019-10-11,2355,43278,15,5,5,7,1942,0,0,0,O,0,15A67,HESBY ST,LANKERSHIM BL,0,NA,Y,A,-,N,NA,NA,NA,NA,NA,NA,NA,NA,NA,N,4,0,1,2,A,-,12,21453,A,N,G,B,B,A,H,-,C,A,0,Y,NA,NA,NA,Y,NA,-,NA,0,0,1,0,1,0,0,0,0,-,-,NA,NA,LOS ANGELES,LOS ANGELES,-118.37294769287108,34.16204833984375
8984271,2019,2020-02-03,1942,2019-10-29,0945,39755,1523,2,5,7,1942,0,0,0,O,0,15A33,100TH AV,OXNARD,0,NA,Y,A,-,N,NA,NA,NA,NA,NA,NA,NA,NA,NA,Y,4,0,1,3,A,-,09,21801,A,N,C,C,A,A,H,-,A,A,0,NA,NA,NA,NA,Y,NA,-,NA,0,0,1,0,0,0,0,0,0,-,-,NA,NA,LOS ANGELES,LOS ANGELES,NA,NA
8984279,2019,2019-12-27,1942,2019-10-05,0130,41946,1501,6,5,7,1942,0,0,0,O,0,15A21,SATICOY ST,FULTON AV,175,E,N,A,-,N,NA,NA,NA,NA,NA,NA,NA,NA,NA,Y,4,0,1,1,A,-,08,22107,NA,N,A,I,A,A,H,-,C,D,0,NA,NA,NA,NA,Y,Y,-,NA,0,0,1,0,0,0,0,0,0,-,-,NA,NA,LOS ANGELES,LOS ANGELES,-118.42295837402344,34.208309173583984
8984281,2019,2020-01-06,1942,2019-11-23,2350,42731,1383,6,5,7,1942,0,0,0,M,0,13Z1,MAIN ST,23RD ST,0,NA,Y,A,-,N,NA,NA,NA,NA,NA,NA,NA,NA,NA,Y,4,0,3,2,A,-,03,22350,NA,M,C,C,A,A,H,-,C,D,0,NA,NA,NA,NA,Y,NA,A,01,0,0,3,0,0,0,0,0,0,-,-,NA,NA,LOS ANGELES,LOS ANGELES,-118.26712036132813,34.027320861816406
8984285,2019,2020-01-31,1942,2019-11-20,0900,38117,321,3,5,7,1942,0,0,0,NA,0,NA,WASHINGTON BL,GRAND AV,200,W,N,A,-,N,NA,NA,NA,NA,NA,NA,NA,NA,NA,Y,4,0,1,2,A,-,08,22107,NA,F,B,C,A,B,H,-,A,D,0,NA,NA,NA,NA,Y,NA,-,99,0,0,1,0,0,0,0,0,0,-,-,NA,NA,LOS ANGELES,LOS ANGELES,-118.26895141601564,34.03288650512695
8984289,2019,2020-01-06,1941,2019-11-09,2200,10539,NA,6,5,7,1941,0,0,0,NA,0,NA,ATLANTIC AV,ATLANTIC PL,0,NA,Y,A,-,N,NA,NA,NA,NA,NA,NA,NA,NA,NA,Y,4,0,3,2,A,-,09,21801,A,N,D,C,A,A,H,-,C,A,0,NA,NA,NA,NA,Y,NA,A,NA,0,0,3,0,0,0,0,0,0,-,-,NA,NA,LOS ANGELES,LONG BEACH,-118.18595123291016,33.88056945800781
8984294,2019,2020-01-06,1942,2019-11-22,2210,43191,1751,5,5,7,1942,0,0,0,Q,0,NA,TOPANGA CANYON BL,DEVONSHIRE ST,0,NA,-,A,-,N,NA,NA,NA,NA,NA,NA,NA,NA,NA,Y,4,0,1,2,A,-,09,21801,NA,F,A,C,A,A,H,-,C,A,0,NA,NA,NA,NA,Y,NA,-,99,0,0,1,0,0,0,0,0,0,-,-,NA,NA,LOS ANGELES,LOS ANGELES,-118.60604858398438,34.257198333740234
8984299,2019,2020-01-06,1941,2019-11-27,1807,11415,NA,3,5,7,1941,0,0,0,NA,0,NA,ANAHEIM ST,DAWSON AV,0,NA,Y,A,-,N,NA,NA,NA,NA,NA,NA,NA,NA,NA,NA,4,0,1,2,A,-,01,23153,B,M,C,C,A,A,H,-,C,D,0,NA,NA,NA,NA,Y,NA,A,NA,0,0,1,0,0,0,0,0,0,-,-,NA,NA,LOS ANGELES,LONG BEACH,-118.16551208496094,33.78260040283203
8984310,2019,2019-12-24,1928,2019-11-22,1058,50324,510,5,5,5,1928,0,0,0,NA,0,504,ROSECRANS AV,OCEAN GATE AV,704,W,N,A,-,N,NA,NA,NA,NA,NA,NA,NA,NA,NA,Y,4,0,1,2,A,-,08,22100,A,N,B,C,A,A,H,-,A,A,0,NA,NA,NA,NA,Y,NA,A,01,0,0,1,0,0,0,0,0,0,-,-,33.901859283447266,-118.36711883544922,LOS ANGELES,HAWTHORNE,-118.36947631835938,33.901771545410156
8984315,2019,2019-12-24,1942,2019-11-09,0525,41353,2044,6,5,7,1942,0,0,0,NA,0,NA,8TH ST,IROLO ST,0,NA,Y,A,-,N,NA,NA,NA,NA,NA,NA,NA,NA,NA,N,4,0,1,2,A,-,04,21703,NA,F,C,C,A,A,-,-,B,A,0,NA,NA,NA,NA,Y,NA,-,99,0,0,1,0,0,0,0,0,0,-,-,NA,NA,LOS ANGELES,LOS ANGELES,-118.3009033203125,34.05773162841797
8984317,2019,2020-01-22,1953,2019-11-01,2003,8500,1953,5,5,6,1953,0,0,0,NA,0,003,COLORADO BL,BERKELEY AV,0,NA,Y,A,-,NA,NA,NA,NA,NA,NA,NA,NA,NA,NA,Y,4,0,2,2,A,-,08,22107,NA,N,D,D,A,A,H,-,C,A,0,NA,NA,NA,NA,Y,NA,A,01,0,0,2,0,0,0,0,0,0,-,-,NA,NA,LOS ANGELES,PASADENA,-118.10970306396484,34.14604187011719
8984343,2019,2020-01-11,1910,2019-10-25,2301,4829,NA,5,5,4,1910,0,0,0,NA,0,004,N RODEO DR,NORTH SANTA MONICA BL,0,NA,Y,A,-,N,NA,NA,NA,NA,NA,NA,NA,NA,NA,Y,4,0,1,2,A,-,12,21453,A,N,D,C,A,A,H,-,C,A,0,NA,NA,NA,NA,Y,NA,D,22,0,0,1,0,0,0,0,0,0,-,-,NA,NA,LOS ANGELES,BEVERLY HILLS,-118.40469360351564,34.07096862792969
8984347,2019,2020-01-11,1910,2019-10-17,2046,4830,NA,4,5,4,1910,0,0,0,NA,0,004,NORTH SANTA MONICA BL,RODEO DR,0,NA,Y,A,-,N,NA,NA,NA,NA,NA,NA,NA,NA,NA,Y,4,0,1,2,A,-,09,21801,A,N,A,C,A,A,H,-,C,A,0,NA,NA,NA,NA,Y,NA,D,22,0,0,1,0,0,0,0,0,0,-,-,34.07094955444336,-118.40460205078124,LOS ANGELES,BEVERLY HILLS,-118.40469360351564,34.07096862792969
8984359,2019,2020-02-06,1942,2019-10-13,1310,33294,1547,7,5,7,1942,0,0,0,O,0,35M36,BURBANK BL,TROOST AV,0,NA,Y,A,-,Y,LA,7,170,-,R,15.789,R,4,N,Y,4,0,3,2,A,-,12,21453,A,N,D,C,A,A,H,-,A,A,0,NA,NA,NA,NA,Y,NA,A,01,0,0,3,0,0,0,0,0,0,-,-,NA,NA,LOS ANGELES,LOS ANGELES,-118.38616943359376,34.170406341552734