CASE_ID,ACCIDENT_YEAR,PROC_DATE,JURIS,COLLISION_DATE,COLLISION_TIME,OFFICER_ID,REPORTING_DISTRICT,DAY_OF_WEEK,CHP_SHIFT,POPULATION,CNTY_CITY_LOC,SPECIAL_COND,BEAT_TYPE,CHP_BEAT_TYPE,CITY_DIVISION_LAPD,CHP_BEAT_CLASS,BEAT_NUMBER,PRIMARY_RD,SECONDARY_RD,DISTANCE,DIRECTION,INTERSECTION,WEATHER_1,WEATHER_2,STATE_HWY_IND,CALTRANS_COUNTY,CALTRANS_DISTRICT,STATE_ROUTE,ROUTE_SUFFIX,POSTMILE_PREFIX,POSTMILE,LOCATION_TYPE,RAMP_INTERSECTION,SIDE_OF_HWY,TOW_AWAY,COLLISION_SEVERITY,NUMBER_KILLED,NUMBER_INJURED,PARTY_COUNT,PRIMARY_COLL_FACTOR,PCF_CODE_OF_VIOL,PCF_VIOL_CATEGORY,PCF_VIOLATION,PCF_VIOL_SUBSECTION,HIT_AND_RUN,TYPE_OF_COLLISION,MVIW,PED_ACTION,ROAD_SURFACE,ROAD_COND_1,ROAD_COND_2,LIGHTING,CONTROL_DEVICE,CHP_ROAD_TYPE,PEDESTRIAN_ACCIDENT,BICYCLE_ACCIDENT,MOTORCYCLE_ACCIDENT,TRUCK_ACCIDENT,NOT_PRIVATE_PROPERTY,ALCOHOL_INVOLVED,STWD_VEHTYPE_AT_FAULT,CHP_VEHTYPE_AT_FAULT,COUNT_SEVERE_INJ,COUNT_VISIBLE_INJ,COUNT_COMPLAINT_PAIN,COUNT_PED_KILLED,COUNT_PED_INJURED,COUNT_BICYCLIST_KILLED,COUNT_BICYCLIST_INJURED,COUNT_MC_KILLED,COUNT_MC_INJURED,PRIMARY_RAMP,SECONDARY_RAMP,LATITUDE,LONGITUDE,COUNTY,CITY,POINT_X,POINT_Y
8986777,2019,2020-01-28,1900,2019-11-06,2113,545623,2830,3,5,5,1915,0,0,0,NA,0,281T1,N CENTRAL AV,ALONDRA BL,65,S,N,A,-,N,NA,NA,NA,NA,NA,NA,NA,NA,NA,N,4,0,1,2,A,-,11,21954,A,N,G,B,D,A,H,-,C,-,0,Y,NA,NA,NA,Y,NA,N,60,0,0,1,0,1,0,0,0,0,-,-,NA,NA,LOS ANGELES,COMPTON,-118.2500228881836,33.88818359375
8986778,2019,2020-01-28,1941,2019-11-09,1938,11370,NA,6,5,7,1941,0,0,0,NA,0,901T,ANAHEIM ST,CHERRY AV,0,NA,Y,A,-,N,NA,NA,NA,NA,NA,NA,NA,NA,NA,Y,4,0,2,2,A,-,12,21453,A,N,D,C,A,A,H,-,C,A,0,NA,NA,NA,NA,Y,NA,A,NA,0,0,2,0,0,0,0,0,0,-,-,NA,NA,LOS ANGELES,LONG BEACH,-118.16766357421876,33.78261184692383
8986781,2019,2020-03-02,1900,2019-11-04,0800,545089,2814,1,5,5,1915,0,0,0,NA,0,282T1,PAULSEN AV,PLUM ST,0,NA,Y,A,-,N,NA,NA,NA,NA,NA,NA,NA,NA,NA,Y,4,0,2,2,A,-,09,21802,A,N,D,C,A,A,H,-,A,D,0,NA,NA,NA,NA,Y,NA,A,08,0,0,2,0,0,0,0,0,0,-,-,NA,NA,LOS ANGELES,COMPTON,-118.23628997802734,33.904640197753906
8986782,2019,2020-07-13,1941,2019-11-09,1750,11139,NA,6,5,7,1941,0,0,0,NA,0,901T,PACIFIC COAST HWY,CLARK AV,0,NA,Y,A,-,Y,LA,7,1,-,-,2.871,I,5,N,Y,2,0,1,4,A,-,12,21453,A,N,D,C,A,A,H,-,C,A,0,NA,NA,NA,NA,Y,NA,-,-,1,0,0,0,0,0,0,0,0,-,-,NA,NA,LOS ANGELES,LONG BEACH,-118.13410186767578,33.783905029296875
8986785,2019,2020-06-19,1900,2019-11-10,0247,600319,2826,7,5,5,1915,0,0,0,NA,0,281T1,ROSECRANS AV,GIBSON AV,0,NA,Y,A,-,N,NA,NA,NA,NA,NA,NA,NA,NA,NA,Y,3,0,3,2,A,-,09,21801,A,F,C,C,A,A,H,-,C,A,0,NA,NA,NA,NA,Y,NA,A,01,0,2,1,0,0,0,0,0,0,-,-,NA,NA,LOS ANGELES,COMPTON,-118.18955993652344,33.90367126464844
8986801,2019,2019-12-31,1942,2019-08-29,1640,33825,1712,4,5,7,1942,0,0,0,Q,0,17X64,WILBUR AV,RENALDI ST,0,NA,Y,A,-,N,NA,NA,NA,NA,NA,NA,NA,NA,NA,Y,4,0,2,2,A,-,09,21801,A,N,A,C,A,-,H,-,A,A,0,NA,NA,NA,NA,Y,NA,A,01,0,0,2,0,0,0,0,0,0,-,-,NA,NA,LOS ANGELES,LOS ANGELES,-118.54725646972656,34.27547836303711
8986802,2019,2020-06-19,1942,2019-09-30,0800,43297,LOS A,1,5,7,1942,0,0,0,NA,0,NA,PALOMA ST,27TH ST,0,NA,Y,A,-,N,NA,NA,NA,NA,NA,NA,NA,NA,NA,N,4,0,1,2,A,-,12,22450,A,F,D,C,A,A,H,-,A,A,0,NA,NA,NA,NA,Y,NA,-,99,0,0,1,0,0,0,0,0,0,-,-,NA,NA,LOS ANGELES,LOS ANGELES,-118.25685119628906,34.01844024658203
8986803,2019,2019-12-04,1942,2019-09-30,0845,34168,0461,1,5,7,1942,0,0,0,D,0,HOBK,4TH ST,PECAN ST,25,E,N,A,-,N,NA,NA,NA,NA,NA,NA,NA,NA,NA,N,4,0,1,3,A,-,03,22350,NA,F,C,C,A,A,H,-,A,A,0,NA,NA,NA,NA,Y,NA,-,99,0,0,1,0,0,0,0,0,0,-,-,NA,NA,LOS ANGELES,LOS ANGELES,-118.2216567993164,34.042964935302734
8986805,2019,2019-11-27,1942,2019-08-28,1645,43032,1762,3,5,7,1942,0,0,0,Q,0,17X54,LASSEN ST,LURLINE AV,0,NA,Y,A,-,N,NA,NA,NA,NA,NA,NA,NA,NA,NA,Y,3,0,1,2,A,-,12,21453,A,N,D,C,A,A,H,-,A,A,0,NA,NA,NA,NA,Y,NA,A,01,0,1,0,0,0,0,0,0,0,-,-,NA,NA,LOS ANGELES,LOS ANGELES,-118.58416748046876,34.2499885559082
8986806,2019,2019-12-04,1942,2019-09-26,1930,43859,1391,4,5,7,1942,0,0,0,M,0,13A85,FLORENCE AV,BROADWAY,300,E,N,B,-,N,NA,NA,NA,NA,NA,NA,NA,NA,NA,Y,4,0,2,3,A,-,04,21703,NA,F,C,C,A,A,H,-,C,D,0,NA,NA,NA,NA,Y,NA,A,01,0,0,2,0,0,0,0,0,0,-,-,NA,NA,LOS ANGELES,LOS ANGELES,-118.27734375,33.97465896606445
8986807,2019,2019-12-26,1942,2019-09-28,1850,40922,1109,6,5,7,1942,0,0,0,K,0,11A17,HILL DR,VINCENT AV,100,W,N,A,-,N,NA,NA,NA,NA,NA,NA,NA,NA,NA,N,4,0,1,2,A,-,22,23123,A,N,B,E,A,A,-,-,C,D,0,NA,NA,NA,NA,Y,NA,A,01,0,0,1,0,0,0,0,0,0,-,-,NA,NA,LOS ANGELES,LOS ANGELES,-118.20276641845705,34.14372253417969
8986809,2019,2019-12-02,1942,2019-08-29,0645,43519,1768,4,5,7,1942,0,0,0,Q,0,17X47,BALBOA BL,LASSEN ST,50,S,N,A,-,N,NA,NA,NA,NA,NA,NA,NA,NA,NA,Y,3,0,2,2,A,-,09,21801,A,N,A,C,A,A,H,-,B,A,0,NA,NA,NA,NA,Y,NA,A,01,0,1,1,0,0,0,0,0,0,-,-,NA,NA,LOS ANGELES,LOS ANGELES,-118.50238800048828,34.2501335144043
8986810,2019,2019-12-04,1942,2019-09-21,1530,43100,1307,6,5,7,1942,0,0,0,M,0,13A93,E 8TH ST,CENTRAL AV,0,NA,Y,A,-,N,NA,NA,NA,NA,NA,NA,NA,NA,NA,N,3,0,1,2,A,-,10,21952,NA,N,B,G,A,A,H,-,A,D,0,NA,Y,NA,NA,Y,NA,A,01,0,1,0,0,0,0,1,0,0,-,-,NA,NA,LOS ANGELES,LOS ANGELES,-118.24327087402344,34.033599853515625
8986811,2019,2019-12-04,1942,2019-09-25,2054,41045,1123,3,5,7,1942,0,0,0,K,0,11A1,GLENDALE BL,LARGA AV,195,N,N,A,-,N,NA,NA,NA,NA,NA,NA,NA,NA,NA,N,3,0,1,2,A,-,11,21453,D,N,G,B,D,A,H,-,C,A,0,Y,NA,NA,NA,Y,Y,-,-,0,1,0,0,1,0,0,0,0,-,-,NA,NA,LOS ANGELES,LOS ANGELES,-118.26016998291016,34.11873245239258
8986813,2019,2019-12-02,1942,2019-08-28,1645,32088,1723,3,5,7,1942,0,0,0,Q,0,17A95,MASON AV,CELTIC ST,35,N,N,A,-,N,NA,NA,NA,NA,NA,NA,NA,NA,NA,N,4,0,4,3,A,-,03,22350,NA,N,C,C,A,A,H,-,A,D,0,NA,NA,NA,NA,Y,NA,A,01,0,0,4,0,0,0,0,0,0,-,-,NA,NA,LOS ANGELES,LOS ANGELES,-118.57984161376952,34.271305084228516
8986814,2019,2019-12-04,1942,2019-09-27,1915,31713,1395,5,5,7,1942,0,0,0,M,0,13A93,E GAGE AV,S CENTRAL AV,250,W,N,A,-,N,NA,NA,NA,NA,NA,NA,NA,NA,NA,N,3,0,1,2,A,-,11,21956,A,F,G,B,D,A,H,-,C,D,0,Y,NA,NA,NA,Y,NA,N,60,0,1,0,0,1,0,0,0,0,-,-,NA,NA,LOS ANGELES,LOS ANGELES,-118.2572784423828,33.98196029663086
8986815,2019,2019-12-04,1942,2019-09-19,1655,35594,1745,4,5,7,1942,0,0,0,Q,0,17XL64,KINGSBURY ST,AMESTOY AV,84,W,N,A,-,N,NA,NA,NA,NA,NA,NA,NA,NA,NA,N,3,0,1,2,A,-,11,21954,A,N,G,B,D,-,H,-,A,D,0,Y,NA,NA,NA,Y,NA,N,60,0,1,0,0,1,0,0,0,0,-,-,NA,NA,LOS ANGELES,LOS ANGELES,-118.50696563720705,34.263572692871094
8986816,2019,2019-12-04,1942,2019-09-30,2040,43827,0271,1,5,7,1942,0,0,0,B,0,2A76,HOOVER,OLYMPIC BL,0,NA,Y,A,-,N,NA,NA,NA,NA,NA,NA,NA,NA,NA,N,4,0,1,2,A,-,12,21453,A,N,C,C,A,A,H,-,C,A,0,NA,NA,NA,NA,Y,NA,A,01,0,0,1,0,0,0,0,0,0,-,-,NA,NA,LOS ANGELES,LOS ANGELES,-118.28421783447266,34.052398681640625
8986817,2019,2019-11-27,1942,2019-08-26,1040,42408,1791,1,5,7,1942,0,0,0,Q,0,17X47,PARTHENIA ST,WINNETKA AV,0,NA,Y,A,-,N,NA,NA,NA,NA,NA,NA,NA,NA,NA,Y,3,0,2,2,A,-,08,22107,NA,N,A,C,A,A,H,-,A,A,0,NA,NA,NA,NA,Y,NA,A,01,0,2,0,0,0,0,0,0,0,-,-,NA,NA,LOS ANGELES,LOS ANGELES,-118.57105255126952,34.22822189331055
8986818,2019,2019-12-04,1942,2019-09-30,1235,38171,1385,1,5,7,1942,0,0,0,M,0,13A85,S CENTRAL AV,E 61ST ST,0,NA,Y,A,-,N,NA,NA,NA,NA,NA,NA,NA,NA,NA,N,4,0,1,2,A,-,10,21950,A,F,G,B,B,A,H,-,A,A,0,Y,NA,NA,NA,Y,NA,-,99,0,0,1,0,1,0,0,0,0,-,-,NA,NA,LOS ANGELES,LOS ANGELES,-118.25646209716795,33.98445129394531
8986819,2019,2019-12-04,1942,2019-09-04,1850,42532,1774,3,5,7,1942,0,0,0,Q,0,17A67,ZELZAH AV,PRAIRIE ST,0,NA,Y,A,-,N,NA,NA,NA,NA,NA,NA,NA,NA,NA,Y,3,0,1,2,A,-,09,21801,A,N,D,C,A,A,H,-,A,A,0,NA,NA,NA,NA,Y,NA,A,01,0,1,0,0,0,0,0,0,0,-,-,NA,NA,LOS ANGELES,LOS ANGELES,-118.52320861816406,34.238990783691406
8986820,2019,2020-06-17,1942,2019-09-28,2330,37908,0438,6,5,7,1942,0,0,0,D,0,4A58,VALLEY BL,ALHAMBRA AV,0,NA,Y,B,-,N,NA,NA,NA,NA,NA,NA,NA,NA,NA,Y,4,0,1,2,A,-,12,21453,A,F,D,C,A,A,H,-,C,A,0,NA,NA,NA,NA,Y,NA,-,99,0,0,1,0,0,0,0,0,0,-,-,NA,NA,LOS ANGELES,LOS ANGELES,-118.1789779663086,34.06669998168945
8986821,2019,2019-11-27,1942,2019-08-26,1755,35594,1745,1,5,7,1942,0,0,0,Q,0,17X22,ZELZAH AV,DEVONSHIRE ST,120,N,N,A,-,N,NA,NA,NA,NA,NA,NA,NA,NA,NA,N,3,0,1,2,A,-,21,22106,NA,N,B,B,E,A,H,-,A,D,0,Y,NA,NA,NA,Y,NA,A,01,0,1,0,0,1,0,0,0,0,-,-,NA,NA,LOS ANGELES,LOS ANGELES,-118.52333068847656,34.257938385009766
8986822,2019,2019-12-04,1942,2019-09-28,0755,38502,1343,6,5,7,1942,0,0,0,M,0,13A43,AVALON BL,JEFFERSON BL,113,S,N,B,-,N,NA,NA,NA,NA,NA,NA,NA,NA,NA,N,4,0,1,3,A,-,03,22350,NA,F,C,C,A,A,H,-,A,D,0,NA,NA,NA,NA,Y,NA,-,99,0,0,1,0,0,0,0,0,0,-,-,NA,NA,LOS ANGELES,LOS ANGELES,-118.26528167724608,34.01502990722656
8986823,2019,2019-12-04,1942,2019-09-03,1805,38743,1723,2,5,7,1942,0,0,0,Q,0,17EL2,MASON AV,SAN JOSE ST,0,NA,Y,A,-,N,NA,NA,NA,NA,NA,NA,NA,NA,NA,Y,3,0,1,2,A,-,09,21801,A,N,D,C,A,A,H,-,A,D,0,NA,NA,NA,NA,Y,NA,A,01,0,1,0,0,0,0,0,0,0,-,-,NA,NA,LOS ANGELES,LOS ANGELES,-118.57984161376952,34.26082992553711
8986824,2019,2019-12-04,1942,2019-09-16,1810,43961,1325,1,5,7,1942,0,0,0,M,0,4A15,CENTRAL,27TH ST,0,NA,Y,A,-,N,NA,NA,NA,NA,NA,NA,NA,NA,NA,N,4,0,2,2,A,-,08,22107,NA,N,-,C,A,A,H,-,A,A,0,NA,NA,NA,NA,Y,NA,A,01,0,0,2,0,0,0,0,0,0,-,-,NA,NA,LOS ANGELES,LOS ANGELES,-118.25536346435548,34.01776123046875
8986825,2019,2019-12-09,1942,2019-08-23,1805,42360,1735,5,5,7,1942,0,0,0,Q,0,17X47,CHATSWORTH ST,LOUISE AV,0,NA,Y,A,-,N,NA,NA,NA,NA,NA,NA,NA,NA,NA,Y,4,0,1,2,A,-,01,23152,F,N,A,E,A,A,H,-,A,D,0,NA,NA,NA,NA,Y,NA,A,01,0,0,1,0,0,0,0,0,0,-,-,NA,NA,LOS ANGELES,LOS ANGELES,-118.51100158691406,34.26483917236328
8986826,2019,2019-12-04,1942,2019-09-22,0050,42055,1383,7,5,7,1942,0,0,0,M,0,13X94,BROADWAY,SLAUSON,0,NA,Y,A,-,N,NA,NA,NA,NA,NA,NA,NA,NA,NA,Y,2,0,2,7,A,-,03,22350,NA,N,B,E,A,A,G,-,C,A,0,NA,NA,NA,NA,Y,NA,A,01,1,1,0,0,0,0,0,0,0,-,-,NA,NA,LOS ANGELES,LOS ANGELES,-118.2782974243164,33.98918151855469
8986827,2019,2019-12-04,1942,2019-09-30,1325,38824,1764,1,5,7,1942,0,0,0,Q,0,17X47,NORDHOFF PL,CORBIN AV,370,W,N,A,-,N,NA,NA,NA,NA,NA,NA,NA,NA,NA,N,3,0,2,2,A,-,06,21755,A,N,B,C,A,A,H,-,A,D,0,NA,NA,Y,NA,Y,NA,C,02,0,1,1,0,0,0,0,0,1,-,-,NA,NA,LOS ANGELES,LOS ANGELES,-118.5635223388672,34.23548126220703
8986828,2019,2019-12-04,1942,2019-09-03,1401,36566,1942,2,5,7,1942,0,0,0,NA,0,1785,NORDHOFF ST,YOLANDA AV,210,E,N,A,-,N,NA,NA,NA,NA,NA,NA,NA,NA,NA,Y,4,0,2,2,A,-,04,21703,NA,N,C,C,A,A,H,-,A,D,0,NA,NA,NA,NA,Y,NA,A,01,0,0,2,0,0,0,0,0,0,-,-,NA,NA,LOS ANGELES,LOS ANGELES,-118.539794921875,34.235469818115234
8986829,2019,2020-02-03,1942,2019-08-19,2105,43191,1745,1,5,7,1942,0,0,0,Q,0,NA,ZELZAH AV,CHATSWORTH ST,0,NA,-,A,-,N,NA,NA,NA,NA,NA,NA,NA,NA,NA,Y,4,0,1,2,A,-,08,22100,NA,N,A,C,A,A,H,-,C,A,0,NA,NA,NA,NA,Y,NA,A,01,0,0,1,0,0,0,0,0,0,-,-,NA,NA,LOS ANGELES,LOS ANGELES,-118.52340698242188,34.26490020751953
8986830,2019,2019-12-04,1942,2019-09-28,1040,31771,1313,6,5,7,1942,0,0,0,M,0,13A13,EAST WASHINGTON BL,S SAN PEDRO ST,0,NA,Y,C,-,N,NA,NA,NA,NA,NA,NA,NA,NA,NA,N,3,0,1,2,A,-,12,21453,A,N,D,-,A,-,H,-,A,A,0,NA,NA,NA,NA,Y,NA,-,-,0,1,0,0,0,0,0,0,0,-,-,NA,NA,LOS ANGELES,LOS ANGELES,-118.25745391845705,34.027618408203125
8986831,2019,2019-12-04,1942,2019-09-29,2245,36592,1764,7,5,7,1942,0,0,0,Q,0,17A49W,NORDHOFF WY,NORDHOFF PL,0,NA,Y,A,-,N,NA,NA,NA,NA,NA,NA,NA,NA,NA,Y,3,0,1,1,A,-,03,22350,NA,N,E,I,A,A,H,-,C,A,0,NA,NA,NA,NA,Y,NA,A,07,0,1,0,0,0,0,0,0,0,-,-,NA,NA,LOS ANGELES,LOS ANGELES,-118.56681823730467,34.23619079589844
8986832,2019,2019-12-04,1942,2019-09-03,1250,43439,LOS A,2,5,7,1942,0,0,0,NA,0,17A81,WINNETKA AV,ROSCOE BL,0,NA,Y,A,-,N,NA,NA,NA,NA,NA,NA,NA,NA,NA,N,3,0,3,2,A,-,09,21801,A,N,D,C,A,A,H,-,A,A,0,NA,NA,NA,NA,Y,NA,A,01,0,1,2,0,0,0,0,0,0,-,-,NA,NA,LOS ANGELES,LOS ANGELES,-118.57105255126952,34.22024917602539
8986833,2019,2019-12-02,1942,2019-08-18,1235,42514,1781,7,5,7,1942,0,0,0,Q,0,17X64,DE SOTO AV,NORDHOFF ST,0,NA,Y,A,-,N,NA,NA,NA,NA,NA,NA,NA,NA,NA,Y,4,0,1,2,A,-,09,21801,A,N,-,C,A,A,-,-,A,A,0,NA,NA,NA,NA,Y,NA,A,01,0,0,1,0,0,0,0,0,0,-,-,NA,NA,LOS ANGELES,LOS ANGELES,-118.58854675292967,34.23548126220703
8986834,2019,2019-12-04,1942,2019-09-24,1200,41847,1385,2,5,7,1942,0,0,0,M,0,NA,SLAUSON AV,CENTRAL AV,0,NA,Y,A,-,N,NA,NA,NA,NA,NA,NA,NA,NA,NA,N,4,0,2,3,A,-,03,22350,NA,N,C,C,A,A,H,-,A,D,0,NA,NA,NA,NA,Y,NA,A,01,0,0,2,0,0,0,0,0,0,-,-,NA,NA,LOS ANGELES,LOS ANGELES,-118.25646209716795,33.989341735839844
8986835,2019,2019-12-04,1942,2019-09-04,1620,43439,LOS A,3,5,7,1942,0,0,0,NA,0,17A23,SAN FERNANDO RD,SUNSHINE CANYON RD,0,NA,Y,A,-,N,NA,NA,NA,NA,NA,NA,NA,NA,NA,N,4,0,1,2,A,-,01,23153,NA,N,C,C,A,A,H,-,A,A,0,NA,NA,NA,NA,Y,Y,A,01,0,0,1,0,0,0,0,0,0,-,-,NA,NA,LOS ANGELES,LOS ANGELES,-118.50299072265624,34.32360076904297
8986836,2019,2019-12-04,1942,2019-09-03,1835,39578,1735,2,5,7,1942,0,0,0,Q,0,17X66,WHITE OAK AV,SAN FERNANDO MISSION BL,40,S,N,A,-,N,NA,NA,NA,NA,NA,NA,NA,NA,NA,Y,3,0,1,2,A,-,04,21703,NA,N,C,C,A,A,H,-,A,D,0,NA,NA,NA,NA,Y,NA,A,01,0,1,0,0,0,0,0,0,0,-,-,NA,NA,LOS ANGELES,LOS ANGELES,-118.51969146728516,34.272029876708984
8986837,2019,2019-11-27,1942,2019-08-18,1120,39956,1791,7,5,7,1942,0,0,0,Q,0,DEV,ROSCOE BL,WINNETKA AV,0,NA,Y,A,-,N,NA,NA,NA,NA,NA,NA,NA,NA,NA,N,3,0,1,2,A,-,10,21950,A,N,G,B,B,A,H,-,A,A,0,Y,NA,NA,NA,Y,NA,A,01,0,1,0,0,1,0,0,0,0,-,-,NA,NA,LOS ANGELES,LOS ANGELES,-118.57105255126952,34.22024917602539
8986838,2019,2019-12-04,1942,2019-09-26,1420,40665,1371,4,5,7,1942,0,0,0,M,0,13A75,54TH ST,MAIN ST,0,NA,Y,A,-,N,NA,NA,NA,NA,NA,NA,NA,NA,NA,N,4,0,1,2,A,-,08,22107,NA,N,B,G,A,A,H,-,A,D,0,NA,Y,NA,NA,Y,NA,-,-,0,0,1,0,0,0,1,0,0,-,-,NA,NA,LOS ANGELES,LOS ANGELES,-118.2739715576172,33.99333190917969
8986839,2019,2019-12-04,1942,2019-09-01,1750,43580,1787,7,5,7,1942,0,0,0,Q,0,17X54,ZELZAH AV,NORDHOFF ST,0,NA,Y,A,-,N,NA,NA,NA,NA,NA,NA,NA,NA,NA,N,3,0,1,2,A,-,12,21453,A,N,G,B,B,A,-,-,A,A,0,Y,NA,NA,NA,Y,NA,A,01,0,1,0,0,1,0,0,0,0,-,-,NA,NA,LOS ANGELES,LOS ANGELES,-118.52317810058594,34.23569107055664
8986840,2019,2019-12-04,1942,2019-09-18,1530,43653,1771,3,5,7,1942,0,0,0,Q,0,17A67,PRAIRE ST,PRAIRE ST 20611,0,NA,Y,A,-,N,NA,NA,NA,NA,NA,NA,NA,NA,NA,Y,4,0,1,2,A,-,08,22107,NA,N,C,E,A,A,H,-,A,D,0,NA,NA,NA,NA,Y,NA,A,01,0,0,1,0,0,0,0,0,0,-,-,NA,NA,LOS ANGELES,LOS ANGELES,NA,NA
8986841,2019,2019-11-27,1942,2019-08-19,1745,43564,1756,1,5,7,1942,0,0,0,Q,0,17A48,DEVONSHIRE ST,ZELZAH AV,150,W,N,A,-,N,NA,NA,NA,NA,NA,NA,NA,NA,NA,N,4,0,1,2,A,-,09,21801,A,N,A,D,A,A,H,-,A,D,0,NA,NA,NA,NA,Y,NA,A,01,0,0,1,0,0,0,0,0,0,-,-,NA,NA,LOS ANGELES,LOS ANGELES,-118.52333068847656,34.25761032104492
8986842,2019,2019-12-26,1942,2019-09-29,1500,43177,1313,7,5,7,1942,0,0,0,M,0,13X94,23RD ST,GRIFFITH ST,30,W,N,A,-,N,NA,NA,NA,NA,NA,NA,NA,NA,NA,N,4,0,1,2,A,-,08,22107,NA,N,D,C,A,A,H,-,A,D,0,NA,NA,NA,NA,Y,NA,A,01,0,0,1,0,0,0,0,0,0,-,-,NA,NA,LOS ANGELES,LOS ANGELES,-118.25601959228516,34.022430419921875
8986843,2019,2019-12-04,1942,2019-09-14,1920,38906,NA,6,5,7,1942,0,0,0,NA,0,17A49,CHATSWORTH,WHITE OAK,0,NA,Y,A,-,N,NA,NA,NA,NA,NA,NA,NA,NA,NA,N,4,0,1,2,A,-,09,21801,A,N,B,G,A,A,H,-,B,A,0,NA,Y,NA,NA,Y,NA,A,01,0,0,1,0,0,0,1,0,0,-,-,NA,NA,LOS ANGELES,LOS ANGELES,-118.51976776123048,34.264869689941406
8986844,2019,2019-12-04,1942,2019-09-19,1600,33825,1792,4,5,7,1942,0,0,0,Q,0,17XL82,TAMPA AV,PARTHENIA ST,0,NA,Y,A,-,N,NA,NA,NA,NA,NA,NA,NA,NA,NA,Y,4,0,3,2,A,-,12,21453,A,N,D,C,A,A,H,-,A,A,0,NA,NA,NA,NA,Y,NA,A,01,0,0,3,0,0,0,0,0,0,-,-,NA,NA,LOS ANGELES,LOS ANGELES,-118.55355072021484,34.22822952270508
8986845,2019,2019-11-27,1942,2019-08-24,1000,38827,1794,6,5,7,1942,0,0,0,Q,0,17X7,ROSCOE BL,LINDLEY AV,0,NA,Y,A,-,N,NA,NA,NA,NA,NA,NA,NA,NA,NA,N,4,0,2,2,A,-,09,21801,A,N,D,C,A,A,H,-,A,A,0,NA,NA,NA,NA,Y,NA,A,01,0,0,2,0,0,0,0,0,0,-,-,NA,NA,LOS ANGELES,LOS ANGELES,-118.52735900878906,34.22085189819336
8986846,2019,2019-12-04,1942,2019-09-25,1900,43175,RD130,3,5,7,1942,0,0,0,NA,0,13X45,15TH ST,SANTA FE ST,150,E,N,A,-,N,NA,NA,NA,NA,NA,NA,NA,NA,NA,Y,3,0,2,2,A,-,09,21800,NA,N,B,C,A,A,H,-,B,D,0,NA,NA,NA,NA,Y,NA,A,01,0,1,1,0,0,0,0,0,0,-,-,NA,NA,LOS ANGELES,LOS ANGELES,-118.22972869873048,34.02096939086914
8986847,2019,2019-12-04,1942,2019-09-27,2200,36542,1756,5,5,7,1942,0,0,0,Q,0,17A49,DEVONSHIRE ST,AMESTOY AV,10,W,N,A,-,N,NA,NA,NA,NA,NA,NA,NA,NA,NA,Y,4,0,1,2,A,-,08,22107,NA,N,D,C,A,A,H,-,C,A,0,NA,NA,NA,NA,Y,NA,-,-,0,0,1,0,0,0,0,0,0,-,-,NA,NA,LOS ANGELES,LOS ANGELES,-118.50677490234376,34.25754928588867
8986848,2019,2019-12-04,1942,2019-09-04,1510,41833,1754,3,5,7,1942,0,0,0,Q,0,17X36,RESEDA BL,LEMARSH ST,25,S,N,A,-,N,NA,NA,NA,NA,NA,NA,NA,NA,NA,N,4,0,3,2,A,-,09,21804,A,N,D,C,A,A,H,-,A,D,0,NA,NA,NA,NA,Y,NA,A,01,0,0,3,0,0,0,0,0,0,-,-,NA,NA,LOS ANGELES,LOS ANGELES,-118.5360870361328,34.25537109375
8986849,2019,2019-12-02,1942,2019-08-23,1735,43519,1777,5,5,7,1942,0,0,0,Q,0,17X47,NORDHOFF ST,HAYVENHURST AV,0,NA,Y,A,-,N,NA,NA,NA,NA,NA,NA,NA,NA,NA,N,4,0,1,2,A,-,09,21801,NA,N,D,C,A,A,H,-,A,A,0,NA,NA,NA,NA,Y,NA,A,01,0,0,1,0,0,0,0,0,0,-,-,NA,NA,LOS ANGELES,LOS ANGELES,-118.49379730224608,34.23569107055664
8986850,2019,2019-12-04,1942,2019-09-26,2340,39876,1313,4,5,7,1942,0,0,0,M,0,24T31,WASHINGTON BL,SAN PEDRO ST,0,NA,Y,A,-,N,NA,NA,NA,NA,NA,NA,NA,NA,NA,N,3,0,1,2,A,-,11,21456,B,N,G,B,B,A,H,-,C,A,0,Y,NA,NA,NA,Y,NA,N,60,0,1,0,0,1,0,0,0,0,-,-,NA,NA,LOS ANGELES,LOS ANGELES,-118.25745391845705,34.027618408203125
8986851,2019,2019-12-04,1942,2019-09-24,1945,35161,1788,2,5,7,1942,0,0,0,Q,0,17A95,PARTHENIA ST,BALBOA BL,100,E,N,A,-,N,NA,NA,NA,NA,NA,NA,NA,NA,NA,N,3,0,1,3,A,-,17,22517,NA,N,H,G,A,A,H,-,C,D,0,NA,Y,NA,NA,Y,NA,A,01,0,1,0,0,0,0,1,0,0,-,-,NA,NA,LOS ANGELES,LOS ANGELES,-118.50225067138672,34.228511810302734
8986852,2019,2019-12-04,1942,2019-09-16,0830,43847,1725,1,5,7,1942,0,0,0,Q,0,17A23,CORBIN AV,TRAMMELL LN,0,NA,Y,A,-,N,NA,NA,NA,NA,NA,NA,NA,NA,NA,Y,3,0,4,2,A,-,05,21460,B,N,A,C,A,A,-,-,A,A,0,NA,NA,NA,NA,Y,Y,A,01,0,2,2,0,0,0,0,0,0,-,-,NA,NA,LOS ANGELES,LOS ANGELES,-118.5621337890625,34.27225875854492