CASE_ID,ACCIDENT_YEAR,PROC_DATE,JURIS,COLLISION_DATE,COLLISION_TIME,OFFICER_ID,REPORTING_DISTRICT,DAY_OF_WEEK,CHP_SHIFT,POPULATION,CNTY_CITY_LOC,SPECIAL_COND,BEAT_TYPE,CHP_BEAT_TYPE,CITY_DIVISION_LAPD,CHP_BEAT_CLASS,BEAT_NUMBER,PRIMARY_RD,SECONDARY_RD,DISTANCE,DIRECTION,INTERSECTION,WEATHER_1,WEATHER_2,STATE_HWY_IND,CALTRANS_COUNTY,CALTRANS_DISTRICT,STATE_ROUTE,ROUTE_SUFFIX,POSTMILE_PREFIX,POSTMILE,LOCATION_TYPE,RAMP_INTERSECTION,SIDE_OF_HWY,TOW_AWAY,COLLISION_SEVERITY,NUMBER_KILLED,NUMBER_INJURED,PARTY_COUNT,PRIMARY_COLL_FACTOR,PCF_CODE_OF_VIOL,PCF_VIOL_CATEGORY,PCF_VIOLATION,PCF_VIOL_SUBSECTION,HIT_AND_RUN,TYPE_OF_COLLISION,MVIW,PED_ACTION,ROAD_SURFACE,ROAD_COND_1,ROAD_COND_2,LIGHTING,CONTROL_DEVICE,CHP_ROAD_TYPE,PEDESTRIAN_ACCIDENT,BICYCLE_ACCIDENT,MOTORCYCLE_ACCIDENT,TRUCK_ACCIDENT,NOT_PRIVATE_PROPERTY,ALCOHOL_INVOLVED,STWD_VEHTYPE_AT_FAULT,CHP_VEHTYPE_AT_FAULT,COUNT_SEVERE_INJ,COUNT_VISIBLE_INJ,COUNT_COMPLAINT_PAIN,COUNT_PED_KILLED,COUNT_PED_INJURED,COUNT_BICYCLIST_KILLED,COUNT_BICYCLIST_INJURED,COUNT_MC_KILLED,COUNT_MC_INJURED,PRIMARY_RAMP,SECONDARY_RAMP,LATITUDE,LONGITUDE,COUNTY,CITY,POINT_X,POINT_Y
8988095,2019,2019-12-06,1942,2019-10-18,2000,42718,0321,5,5,7,1942,0,0,0,C,0,3XL97,CLEMSON ST,CLEMSON ST 5760,0,NA,-,A,-,N,NA,NA,NA,NA,NA,NA,NA,NA,NA,N,4,0,1,2,A,-,08,22107,NA,N,B,G,A,A,H,-,C,D,0,NA,Y,NA,NA,Y,NA,A,01,0,0,1,0,0,0,1,0,0,-,-,NA,NA,LOS ANGELES,LOS ANGELES,-118.371091,34.02414
8988096,2019,2020-01-21,1920,2019-11-03,0213,13286,1920,7,5,6,1920,0,0,0,NA,0,006,GARDENDALE ST,BARLIN AV,0,NA,Y,A,-,N,NA,NA,NA,NA,NA,NA,NA,NA,NA,Y,3,0,1,1,A,-,01,23152,A,N,E,I,A,A,H,-,C,B,0,NA,NA,NA,NA,Y,Y,A,01,0,1,0,0,0,0,0,0,0,-,-,NA,NA,LOS ANGELES,DOWNEY,-118.14544677734376,33.91191864013672
8988098,2019,2019-12-09,1942,2019-10-12,1840,43554,0325,6,5,7,1942,0,0,0,C,0,3A34,ELLENDALE PL,ADAMS BL,15,N,N,A,-,N,NA,NA,NA,NA,NA,NA,NA,NA,NA,Y,4,0,1,2,A,-,09,21801,NA,N,D,C,A,A,H,-,C,A,0,NA,NA,NA,NA,Y,Y,A,01,0,0,1,0,0,0,0,0,0,-,-,NA,NA,LOS ANGELES,LOS ANGELES,-118.28898620605467,34.03280258178711
8988099,2019,2020-02-21,1942,2019-10-04,1930,42622,0354,5,5,7,1942,0,0,0,C,0,3A19,W JEFFERSON BL,6TH AV,0,NA,Y,A,-,N,NA,NA,NA,NA,NA,NA,NA,NA,NA,N,3,0,1,2,A,-,10,21950,A,N,G,B,B,A,H,-,C,A,0,Y,NA,NA,NA,Y,NA,A,01,0,1,0,0,1,0,0,0,0,-,-,NA,NA,LOS ANGELES,LOS ANGELES,-118.32360076904295,34.02558135986328
8988100,2019,2020-02-06,1920,2019-11-01,0700,13118,1920,5,5,6,1920,0,0,0,NA,0,005,TELEGRAPH RD,PARAMOUNT BL,0,NA,Y,A,-,N,NA,NA,NA,NA,NA,NA,NA,NA,NA,Y,4,0,1,2,A,-,09,21801,A,N,D,C,A,A,H,-,A,A,0,NA,NA,NA,NA,Y,NA,A,07,0,0,1,0,0,0,0,0,0,-,-,NA,NA,LOS ANGELES,DOWNEY,-118.11578369140624,33.967071533203125
8988102,2019,2019-12-06,1942,2019-10-15,1545,42650,0397,2,5,7,1942,0,0,0,C,0,3XL76,MLK JR BL,BUDLONG AV,400,W,N,A,-,N,NA,NA,NA,NA,NA,NA,NA,NA,NA,Y,4,0,1,2,A,-,03,22350,NA,N,C,C,A,A,-,-,A,A,0,NA,NA,NA,NA,Y,NA,A,01,0,0,1,0,0,0,0,0,0,-,-,NA,NA,LOS ANGELES,LOS ANGELES,-118.29721832275392,34.0108642578125
8988103,2019,2019-12-06,1942,2019-10-25,1730,43787,305,5,5,7,1942,0,0,0,NA,0,3A28,W ADAMS BL,WESTVIEW ST,0,NA,Y,A,-,N,NA,NA,NA,NA,NA,NA,NA,NA,NA,N,3,0,1,2,A,-,09,21801,A,N,H,G,A,A,H,-,A,D,0,NA,Y,NA,NA,Y,NA,A,01,0,1,0,0,0,0,1,0,0,-,-,NA,NA,LOS ANGELES,LOS ANGELES,-118.3485,34.03253
8988105,2019,2019-12-10,1920,2019-10-25,1303,13118,1920,5,5,6,1920,0,0,0,NA,0,002,STEWART AND GRAY RD,OLD RIVER SCHOOL RD,274,W,N,A,-,N,NA,NA,NA,NA,NA,NA,NA,NA,NA,Y,4,0,2,2,A,-,09,21804,A,N,D,C,A,A,H,-,A,D,0,NA,NA,NA,NA,Y,NA,A,01,0,0,2,0,0,0,0,0,0,-,-,NA,NA,LOS ANGELES,DOWNEY,-118.1548309326172,33.940589904785156
8988106,2019,2019-12-06,1942,2019-10-05,1945,41752,LA,6,5,7,1942,0,0,0,NA,0,0399,MARTIN LUTHER KING JR BL,FLOWER,60,E,N,A,-,N,NA,NA,NA,NA,NA,NA,NA,NA,NA,Y,4,0,1,2,A,-,08,22100,NA,N,D,C,A,A,-,-,C,A,0,NA,NA,NA,NA,Y,NA,A,01,0,0,1,0,0,0,0,0,0,-,-,NA,NA,LOS ANGELES,LOS ANGELES,NA,NA
8988107,2019,2019-12-06,1942,2019-10-06,0840,43574,0313,7,5,7,1942,0,0,0,C,0,3E1,10TH AV,ADAMS BL,150,N,N,A,-,N,NA,NA,NA,NA,NA,NA,NA,NA,NA,Y,4,0,1,2,D,-,00,NA,NA,N,C,E,A,A,H,-,A,D,0,NA,NA,NA,NA,Y,NA,-,-,0,0,1,0,0,0,0,0,0,-,-,NA,NA,LOS ANGELES,LOS ANGELES,-118.3283920288086,34.03302001953125
8988109,2019,2019-12-09,1920,2019-10-25,1031,13118,1920,5,5,6,1920,0,0,0,NA,0,002,STEWART AND GRAY RD,PARAMOUNT BL,530,W,N,A,-,N,NA,NA,NA,NA,NA,NA,NA,NA,NA,Y,4,0,1,3,A,-,03,22350,NA,N,C,C,A,A,H,-,A,D,0,NA,NA,NA,NA,Y,NA,A,01,0,0,1,0,0,0,0,0,0,-,-,NA,NA,LOS ANGELES,DOWNEY,-118.145263671875,33.93556594848633
8988110,2019,2019-12-06,1942,2019-10-16,0830,38794,0341,3,5,7,1942,0,0,0,C,0,3A57,COLISEUM ST,CARMONA AV,0,NA,Y,A,-,N,NA,NA,NA,NA,NA,NA,NA,NA,NA,Y,4,0,2,2,D,-,00,NA,NA,N,D,C,A,A,H,-,A,D,0,NA,NA,NA,NA,Y,NA,-,-,0,0,2,0,0,0,0,0,0,-,-,NA,NA,LOS ANGELES,LOS ANGELES,-118.36728668212892,34.018409729003906
8988111,2019,2019-12-06,1942,2019-10-05,1500,41039,0333,6,5,7,1942,0,0,0,C,0,3X95,JEFFERSON BL,SOMERSET DR,15,W,N,A,-,N,NA,NA,NA,NA,NA,NA,NA,NA,NA,N,3,0,1,2,A,-,09,21801,A,N,D,C,A,A,H,-,A,D,0,NA,NA,Y,NA,Y,NA,A,01,0,1,0,0,0,0,0,0,1,-,-,NA,NA,LOS ANGELES,LOS ANGELES,-118.33743286132813,34.025569915771484
8988113,2019,2019-12-09,1920,2019-10-25,1934,13321,1920,5,5,6,1920,0,0,0,NA,0,003,FLORENCE AV,PARAMOUNT BL,57,W,N,A,-,N,NA,NA,NA,NA,NA,NA,NA,NA,NA,N,4,0,1,2,A,-,03,22350,NA,N,C,C,A,A,H,-,C,A,0,NA,NA,NA,NA,Y,NA,A,01,0,0,1,0,0,0,0,0,0,-,-,NA,NA,LOS ANGELES,DOWNEY,-118.13021087646484,33.95362854003906
8988114,2019,2019-12-06,1942,2019-10-14,1715,43338,0356,1,5,7,1942,0,0,0,C,0,3A92W7,JEFFERSON BL,HOBART,25,E,N,A,-,N,NA,NA,NA,NA,NA,NA,NA,NA,NA,N,4,0,1,2,D,-,00,NA,NA,N,A,C,A,A,H,-,A,D,0,NA,NA,NA,NA,Y,Y,-,-,0,0,1,0,0,0,0,0,0,-,-,NA,NA,LOS ANGELES,LOS ANGELES,-118.3077392578125,34.02555847167969
8988115,2019,2020-02-21,1942,2019-10-07,1600,43391,0397,1,5,7,1942,0,0,0,C,0,3A32,VERMONT AV,41ST DR,0,NA,Y,A,-,N,NA,NA,NA,NA,NA,NA,NA,NA,NA,N,4,0,2,3,C,-,18,NA,NA,N,-,C,A,A,H,-,A,A,0,NA,NA,NA,NA,Y,NA,-,-,0,0,2,0,0,0,0,0,0,-,-,NA,NA,LOS ANGELES,LOS ANGELES,-118.2915496826172,34.00828170776367
8988117,2019,2019-12-09,1920,2019-10-23,1504,13022,NA,3,5,6,1920,0,0,0,NA,0,004,STUDEBAKER RD,FLORENCE AV,120,S,N,A,-,N,NA,NA,NA,NA,NA,NA,NA,NA,NA,N,4,0,1,2,A,-,03,22350,NA,N,C,C,A,A,H,-,A,A,0,NA,NA,NA,NA,Y,Y,A,01,0,0,1,0,0,0,0,0,0,-,-,NA,NA,LOS ANGELES,DOWNEY,-118.09693908691406,33.93678283691406
8988118,2019,2020-02-21,1942,2019-10-13,1758,43554,0312,7,5,7,1942,0,0,0,C,0,3A34,CLOVERDALE AV,JEFFERSON,25,N,N,A,-,N,NA,NA,NA,NA,NA,NA,NA,NA,NA,Y,4,0,2,3,A,-,09,21801,NA,N,B,C,A,A,H,-,A,A,0,NA,NA,NA,NA,Y,NA,-,-,0,0,2,0,0,0,0,0,0,-,-,NA,NA,LOS ANGELES,LOS ANGELES,-118.36009979248048,34.02554702758789
8988119,2019,2019-12-06,1942,2019-10-21,1135,36061,0394,1,5,7,1942,0,0,0,C,0,3A73,MARTIN LUTHER KING JR BL,3RD AV,0,NA,Y,A,-,N,NA,NA,NA,NA,NA,NA,NA,NA,NA,Y,4,0,1,1,A,-,03,22350,NA,N,A,I,A,A,H,-,A,D,0,NA,NA,NA,NA,Y,NA,A,01,0,0,1,0,0,0,0,0,0,-,-,NA,NA,LOS ANGELES,LOS ANGELES,-118.32038116455078,34.010780334472656
8988121,2019,2019-12-09,1920,2019-10-25,1345,11992,NA,5,5,6,1920,0,0,0,NA,0,006,COLE ST,BROOKSHIRE AV,370,W,N,A,-,N,NA,NA,NA,NA,NA,NA,NA,NA,NA,Y,3,0,1,3,A,-,08,22107,NA,N,C,E,A,A,H,-,A,D,0,NA,NA,NA,NA,Y,NA,A,01,0,1,0,0,0,0,0,0,0,-,-,NA,NA,LOS ANGELES,DOWNEY,-118.13721466064452,33.93009567260742
8988122,2019,2019-12-06,1942,2019-10-21,1315,39151,0362,1,5,7,1942,0,0,0,C,0,3A28,MARTIN LUTHER KING JR BL,HILLCREST DR,50,E,N,A,-,N,NA,NA,NA,NA,NA,NA,NA,NA,NA,N,4,0,1,3,D,-,00,NA,NA,N,B,D,A,A,H,-,A,B,0,NA,NA,NA,NA,Y,NA,-,-,0,0,1,0,0,0,0,0,0,-,-,NA,NA,LOS ANGELES,LOS ANGELES,-118.3439483642578,34.01620864868164
8988123,2019,2020-02-21,1942,2019-10-09,1215,R6544,NA,3,5,7,1942,0,0,0,NA,0,0329,FIGUEROA ST,JEFFERSON BL,100,N,N,A,-,N,NA,NA,NA,NA,NA,NA,NA,NA,NA,N,4,0,1,2,A,-,08,22100,A,N,G,B,E,A,H,-,A,D,0,Y,NA,NA,NA,Y,NA,A,01,0,0,1,0,1,0,0,0,0,-,-,NA,NA,LOS ANGELES,LOS ANGELES,-118.27984619140624,34.02219009399414
8988124,2019,2020-01-21,1900,2019-11-15,1306,551435,1126,5,5,6,1992,0,0,0,NA,0,111T1,AVENUE J,20TH ST WEST,411,W,N,A,-,N,NA,NA,NA,NA,NA,NA,NA,NA,NA,N,4,0,1,2,A,-,07,21658,A,N,C,C,A,A,H,-,A,D,0,NA,NA,NA,NA,Y,NA,A,01,0,0,1,0,0,0,0,0,0,-,-,NA,NA,LOS ANGELES,LANCASTER,-118.16702270507813,34.68941879272461
8988125,2019,2019-12-09,1920,2019-10-26,0719,11992,NA,6,5,6,1920,0,0,0,NA,0,002,RIVES AV,LUXOR ST S,138,N,N,A,-,N,NA,NA,NA,NA,NA,NA,NA,NA,NA,Y,3,0,2,2,A,-,01,23152,F,N,F,E,A,A,H,-,A,D,0,NA,NA,NA,NA,Y,NA,A,01,0,2,0,0,0,0,0,0,0,-,-,NA,NA,LOS ANGELES,DOWNEY,-118.1467742919922,33.93876266479492
8988126,2019,2019-12-06,1942,2019-10-07,1810,40610,0392,1,5,7,1942,0,0,0,C,0,3A98,CRENSHAW BL,48TH ST,0,NA,Y,A,-,N,NA,NA,NA,NA,NA,NA,NA,NA,NA,N,4,0,1,2,A,-,09,21801,A,N,D,C,A,A,D,-,C,A,0,NA,NA,NA,NA,Y,NA,A,01,0,0,1,0,0,0,0,0,0,-,-,NA,NA,LOS ANGELES,LOS ANGELES,-118.33084106445313,34
8988127,2019,2019-12-06,1920,2019-10-22,1916,13022,NA,2,5,6,1920,0,0,0,NA,0,003,FIRESTONE BL,RYERSON AV,16,W,N,A,-,N,NA,NA,NA,NA,NA,NA,NA,NA,NA,N,4,0,1,2,A,-,09,21801,A,N,D,C,A,A,H,-,C,A,0,NA,NA,NA,NA,Y,NA,A,07,0,0,1,0,0,0,0,0,0,-,-,NA,NA,LOS ANGELES,DOWNEY,-118.154541015625,33.94771194458008
8988128,2019,2020-01-21,1900,2019-11-14,0800,532040,1125,4,5,6,1992,0,0,0,NA,0,112T2,AVENUE J-8,25TH ST WEST,470,E,N,A,-,N,NA,NA,NA,NA,NA,NA,NA,NA,NA,Y,4,0,1,2,A,-,03,22350,NA,N,C,C,A,A,H,-,A,D,0,NA,NA,NA,NA,Y,NA,A,01,0,0,1,0,0,0,0,0,0,-,-,NA,NA,LOS ANGELES,LANCASTER,-118.17314910888672,34.68218994140625
8988129,2019,2019-12-09,1920,2019-10-30,0902,11033,NA,3,5,6,1920,0,0,0,NA,0,006,PARAMOUNT BL,COLE ST N,20,S,N,A,-,N,NA,NA,NA,NA,NA,NA,NA,NA,NA,N,4,0,1,2,A,-,08,22107,NA,N,D,C,A,A,H,-,A,D,0,NA,NA,Y,NA,Y,NA,A,01,0,0,1,0,0,0,0,0,1,-,-,NA,NA,LOS ANGELES,DOWNEY,-118.14494323730467,33.933284759521484
8988130,2019,2019-12-06,1942,2019-10-08,2040,42509,0355,2,5,7,1942,0,0,0,C,0,3A55,ARLINGTON AV,36TH PL,50,S,N,A,-,N,NA,NA,NA,NA,NA,NA,NA,NA,NA,Y,4,0,1,2,A,-,03,22350,NA,N,C,C,A,A,H,-,C,D,0,NA,NA,NA,NA,Y,NA,A,01,0,0,1,0,0,0,0,0,0,-,-,NA,NA,LOS ANGELES,LOS ANGELES,-118.31765747070313,34.02171325683594
8988131,2019,2019-12-06,1920,2019-10-28,1807,13022,NA,1,5,6,1920,0,0,0,NA,0,001,LAKEWOOD BL,DOWNEY LANDING ST,386,S,N,A,-,N,NA,NA,NA,NA,NA,NA,NA,NA,NA,N,4,0,1,2,A,-,05,21650,1,N,D,G,A,A,H,-,B,A,0,NA,Y,NA,NA,Y,Y,L,04,0,0,1,0,0,0,1,0,0,-,-,NA,NA,LOS ANGELES,DOWNEY,-118.1311492919922,33.925994873046875
8988132,2019,2020-01-21,1900,2019-11-14,1745,551435,1127,4,5,6,1992,0,0,0,NA,0,111T2,AVENUE K,45TH ST WEST,0,NA,Y,A,-,N,NA,NA,NA,NA,NA,NA,NA,NA,NA,Y,4,0,3,2,A,-,09,21801,A,N,D,C,A,A,H,-,C,A,0,NA,NA,NA,NA,Y,NA,A,01,0,0,3,0,0,0,0,0,0,-,-,NA,NA,LOS ANGELES,LANCASTER,-118.21024322509766,34.67485046386719
8988133,2019,2019-12-09,1920,2019-10-24,2109,13321,1920,4,5,6,1920,0,0,0,NA,0,006,LAKEWOOD BL,IMPERIAL HWY,408,S,N,A,-,N,NA,NA,NA,NA,NA,NA,NA,NA,NA,Y,3,0,1,1,A,-,08,22107,NA,N,E,I,A,A,H,-,C,A,0,NA,NA,NA,NA,Y,NA,A,01,0,1,0,0,0,0,0,0,0,-,-,NA,NA,LOS ANGELES,DOWNEY,-118.1385498046875,33.91599655151367
8988134,2019,2019-12-06,1942,2019-10-01,1345,42387,0318,2,5,7,1942,0,0,0,C,0,3A19,25TH ST,VERMONT,0,NA,Y,A,-,N,NA,NA,NA,NA,NA,NA,NA,NA,NA,N,4,0,1,2,A,-,21,22106,NA,F,G,B,D,A,H,-,A,D,0,Y,NA,NA,NA,Y,NA,A,01,0,0,1,0,1,0,0,0,0,-,-,NA,NA,LOS ANGELES,LOS ANGELES,-118.29154205322266,34.033660888671875
8988135,2019,2019-12-06,1920,2019-10-15,1834,11241,1920,2,5,6,1920,0,0,0,NA,0,006,IMPERIAL HWY,PARAMOUNT BL,0,NA,Y,A,-,N,NA,NA,NA,NA,NA,NA,NA,NA,NA,Y,4,0,1,2,A,-,17,21451,A,N,D,C,A,A,H,-,B,A,0,NA,NA,NA,NA,Y,NA,A,07,0,0,1,0,0,0,0,0,0,-,-,NA,NA,LOS ANGELES,DOWNEY,-118.15200042724608,33.9240608215332
8988136,2019,2020-01-21,1900,2019-11-13,1233,5541435,1121,3,5,6,1992,0,0,0,NA,0,111T1,AVENUE H,15TH ST WEST,0,NA,Y,A,-,N,NA,NA,NA,NA,NA,NA,NA,NA,NA,N,4,0,1,2,A,-,09,21802,A,N,B,C,A,A,H,-,A,A,0,NA,NA,NA,NA,Y,NA,A,07,0,0,1,0,0,0,0,0,0,-,-,NA,NA,LOS ANGELES,LANCASTER,-118.15733337402344,34.71860122680664
8988137,2019,2020-03-16,1920,2019-10-31,1349,11992,NA,4,5,6,1920,0,0,0,NA,0,004,WOODRUFF AV,CECILIA ST,0,NA,Y,A,-,N,NA,NA,NA,NA,NA,NA,NA,NA,NA,N,4,0,1,2,A,-,09,21800,C,N,D,C,A,A,H,-,A,A,0,NA,NA,NA,NA,Y,NA,-,-,0,0,1,0,0,0,0,0,0,-,-,NA,NA,LOS ANGELES,DOWNEY,-118.11505126953124,33.936161041259766
8988138,2019,2019-12-06,1900,2019-10-20,1030,509083,0977,7,5,4,1979,0,0,0,NA,0,092,DOHENY DR,CYNTHIA ST,0,NA,Y,A,-,N,NA,NA,NA,NA,NA,NA,NA,NA,NA,Y,2,0,1,2,A,-,09,21804,A,N,D,C,A,A,H,-,A,A,0,NA,NA,NA,NA,Y,NA,A,01,1,0,0,0,0,0,0,0,0,-,-,NA,NA,LOS ANGELES,WEST HOLLYWOOD,-118.38979339599608,34.0872802734375
8988139,2019,2019-12-06,1920,2019-10-26,0851,11792,1920,6,5,6,1920,0,0,0,NA,0,003,COOLGROVE DR,HORLEY AV,0,NA,Y,A,-,N,NA,NA,NA,NA,NA,NA,NA,NA,NA,N,4,0,2,2,A,-,17,21461,A,N,D,C,A,A,H,-,A,A,0,NA,NA,NA,NA,Y,NA,A,07,0,0,2,0,0,0,0,0,0,-,-,NA,NA,LOS ANGELES,DOWNEY,-118.12727355957033,33.966068267822266
8988140,2019,2020-01-21,1900,2019-11-17,0600,532040,1159,7,5,6,1992,0,0,0,NA,0,112T2,60TH ST WEST,AVENUE L,11,W,N,A,-,N,NA,NA,NA,NA,NA,NA,NA,NA,NA,Y,4,0,1,1,A,-,08,22107,NA,N,E,I,A,A,H,-,A,A,0,NA,NA,NA,NA,Y,Y,A,07,0,0,1,0,0,0,0,0,0,-,-,NA,NA,LOS ANGELES,LANCASTER,-118.2363739013672,34.66023635864258
8988141,2019,2019-12-09,1920,2019-10-31,0926,12476,NA,4,5,6,1920,0,0,0,NA,0,005,LAKEWOOD BL,VISTA DEL ROSA ST,0,NA,Y,A,-,N,NA,NA,NA,NA,NA,NA,NA,NA,NA,Y,4,0,1,2,A,-,12,21453,A,N,D,C,A,A,H,-,A,A,0,NA,NA,NA,NA,Y,NA,A,01,0,0,1,0,0,0,0,0,0,-,-,NA,NA,LOS ANGELES,DOWNEY,-118.11121368408205,33.95906066894531
8988142,2019,2019-12-06,1900,2019-10-05,1629,624101,0974,6,5,4,1979,0,0,0,NA,0,93T3,SANTA MONICA BL,CURSON AV,0,NA,Y,A,-,N,NA,NA,NA,NA,NA,NA,NA,NA,NA,N,4,0,1,2,A,-,04,21703,NA,N,C,C,A,A,H,-,A,A,0,NA,NA,NA,NA,Y,NA,A,07,0,0,1,0,0,0,0,0,0,-,-,34.090999603271484,-118.3550033569336,LOS ANGELES,WEST HOLLYWOOD,-118.3553466796875,34.090789794921875
8988144,2019,2020-01-21,1900,2019-11-14,1010,532040,1121,4,5,6,1992,0,0,0,NA,0,112T2,AVENUE I,10TH ST WEST,36,E,N,A,-,N,NA,NA,NA,NA,NA,NA,NA,NA,NA,N,3,0,1,2,D,-,00,NA,NA,N,H,C,A,A,H,-,A,A,0,NA,NA,NA,NA,Y,NA,-,-,0,1,0,0,0,0,0,0,0,-,-,NA,NA,LOS ANGELES,LANCASTER,-118.14800262451172,34.703948974609375
8988145,2019,2019-12-09,1920,2019-10-31,2035,13321,1920,4,5,6,1920,0,0,0,NA,0,004,GALLATIN RD,CORD AV E,18,E,N,A,-,N,NA,NA,NA,NA,NA,NA,NA,NA,NA,Y,3,0,1,5,A,-,08,22107,NA,N,G,B,F,A,H,-,C,A,0,Y,NA,NA,NA,Y,NA,A,07,0,1,0,0,1,0,0,0,0,-,-,NA,NA,LOS ANGELES,DOWNEY,-118.10506439208984,33.9488410949707
8988146,2019,2019-12-06,1900,2019-10-18,0944,443069,0975,5,5,4,1979,0,0,0,NA,0,92T2,SANTA MONICA BL,LAUREL AV,0,NA,Y,A,-,N,NA,NA,NA,NA,NA,NA,NA,NA,NA,N,3,0,1,2,A,-,10,21950,A,N,G,B,B,A,H,-,A,D,0,Y,NA,NA,NA,Y,NA,A,01,0,1,0,0,1,0,0,0,0,-,-,34.09080123901367,-118.3643035888672,LOS ANGELES,WEST HOLLYWOOD,-118.3648681640625,34.09080123901367
8988148,2019,2020-01-21,1900,2019-11-13,1417,551435,1127,3,5,6,1992,0,0,0,NA,0,111T1,AVENUE J,60TH ST WEST,0,NA,Y,A,-,N,NA,NA,NA,NA,NA,NA,NA,NA,NA,Y,4,0,2,2,A,-,09,21801,A,N,D,C,A,A,H,-,A,A,0,NA,NA,NA,NA,Y,NA,A,01,0,0,2,0,0,0,0,0,0,-,-,NA,NA,LOS ANGELES,LANCASTER,-118.23663330078124,34.68935012817383
8988149,2019,2019-12-09,1920,2019-10-31,1436,13321,1920,4,5,6,1920,0,0,0,NA,0,003,FLORENCE AV,TWEEDY LN,298,W,N,A,-,N,NA,NA,NA,NA,NA,NA,NA,NA,NA,N,4,0,1,2,A,-,09,21801,A,N,D,C,A,A,H,-,A,A,0,NA,NA,NA,NA,Y,NA,A,01,0,0,1,0,0,0,0,0,0,-,-,NA,NA,LOS ANGELES,DOWNEY,-118.1325454711914,33.95481491088867
8988150,2019,2020-02-19,1900,2019-10-17,1230,531409,0976,4,5,4,1979,0,0,0,NA,0,92J,SWEETZER AV,WARING AV,180,N,N,A,-,N,NA,NA,NA,NA,NA,NA,NA,NA,NA,Y,4,0,2,2,A,-,21,22106,NA,N,A,C,A,-,H,-,A,D,0,NA,NA,NA,NA,Y,NA,A,01,0,0,2,0,0,0,0,0,0,-,-,NA,NA,LOS ANGELES,WEST HOLLYWOOD,-118.37028503417967,34.08590316772461
8988152,2019,2020-01-21,1900,2019-11-19,1502,510509,1127,2,5,6,1992,0,0,0,NA,0,112T4,AVENUE J-8,25TH ST WEST,0,W,N,B,G,N,NA,NA,NA,NA,NA,NA,NA,NA,NA,N,4,0,1,2,A,-,21,22106,NA,N,D,C,A,A,H,-,A,A,0,NA,NA,NA,NA,Y,NA,A,01,0,0,1,0,0,0,0,0,0,-,-,NA,NA,LOS ANGELES,LANCASTER,-118.17471313476564,34.68217849731445
8988153,2019,2019-12-09,1942,2019-10-17,1630,38794,LA,4,5,7,1942,0,0,0,NA,0,0305,W VIEW AV,W ADAMS,40,N,N,A,-,N,NA,NA,NA,NA,NA,NA,NA,NA,NA,Y,3,0,1,2,A,-,08,22107,NA,N,D,C,A,A,H,-,A,D,0,NA,NA,Y,NA,Y,NA,A,01,0,1,0,0,0,0,0,0,0,-,-,NA,NA,LOS ANGELES,LOS ANGELES,-118.34850311279295,34.03253173828125
8988154,2019,2020-02-18,1900,2019-10-30,1718,526486,0973,3,5,4,1979,0,0,0,NA,0,93T3,LA BREA AV,FOUNTAIN AV,0,NA,Y,A,-,N,NA,NA,NA,NA,NA,NA,NA,NA,NA,N,3,0,1,2,A,-,10,21950,A,N,G,B,A,A,H,-,A,A,0,NA,NA,NA,NA,Y,NA,A,01,0,1,0,0,0,0,0,0,0,-,-,34.09431076049805,-118.34580230712892,LOS ANGELES,WEST HOLLYWOOD,-118.34410095214844,34.0943717956543
8988156,2019,2020-01-21,1900,2019-11-19,0850,642878,NA,2,5,6,1992,0,0,0,NA,0,112T2,KETTERING ST,3RD ST EAST,22,E,N,B,-,N,NA,NA,NA,NA,NA,NA,NA,NA,NA,Y,4,0,2,2,A,-,08,22107,NA,N,A,C,A,A,H,-,A,A,0,NA,NA,NA,NA,Y,NA,A,08,0,0,2,0,0,0,0,0,0,-,-,34.700469970703125,-118.12570190429688,LOS ANGELES,LANCASTER,-118.12590789794922,34.70035934448242
8988157,2019,2019-12-09,1942,2019-10-19,1725,43787,0399,6,5,7,1942,0,0,0,C,0,3A98,FIGUEROA ST,VERNON AV,0,NA,Y,A,-,N,NA,NA,NA,NA,NA,NA,NA,NA,NA,Y,2,0,1,2,A,-,09,21801,A,N,H,A,A,A,-,-,A,A,0,NA,NA,Y,NA,Y,NA,A,07,1,0,0,0,0,0,0,0,1,-,-,NA,NA,LOS ANGELES,LOS ANGELES,-118.2827377319336,34.00374984741211
8988158,2019,2020-02-19,1900,2019-10-14,0631,636283,1121,1,5,6,1992,0,0,0,NA,0,111T1,10TH ST WEST,AVENUE I,249,N,N,A,-,N,NA,NA,NA,NA,NA,NA,NA,NA,NA,N,2,0,1,2,A,-,-,NA,NA,F,G,B,D,A,H,-,B,A,0,Y,NA,NA,NA,Y,NA,N,60,1,0,0,0,1,0,0,0,0,-,-,34.704830169677734,-118.14811706542967,LOS ANGELES,LANCASTER,-118.1481475830078,34.70463180541992
8988160,2019,2020-01-21,1920,2019-11-01,1801,13321,1920,5,5,6,1920,0,0,0,NA,0,003,FLORENCE AV,SMALLWOOD AV,0,NA,Y,A,-,N,NA,NA,NA,NA,NA,NA,NA,NA,NA,Y,3,0,1,2,A,-,09,21801,A,N,D,C,A,A,H,-,A,A,0,NA,NA,Y,NA,Y,NA,A,01,0,1,0,0,0,0,0,0,1,-,-,NA,NA,LOS ANGELES,DOWNEY,-118.13324737548828,33.95515823364258