CASE_ID,ACCIDENT_YEAR,PROC_DATE,JURIS,COLLISION_DATE,COLLISION_TIME,OFFICER_ID,REPORTING_DISTRICT,DAY_OF_WEEK,CHP_SHIFT,POPULATION,CNTY_CITY_LOC,SPECIAL_COND,BEAT_TYPE,CHP_BEAT_TYPE,CITY_DIVISION_LAPD,CHP_BEAT_CLASS,BEAT_NUMBER,PRIMARY_RD,SECONDARY_RD,DISTANCE,DIRECTION,INTERSECTION,WEATHER_1,WEATHER_2,STATE_HWY_IND,CALTRANS_COUNTY,CALTRANS_DISTRICT,STATE_ROUTE,ROUTE_SUFFIX,POSTMILE_PREFIX,POSTMILE,LOCATION_TYPE,RAMP_INTERSECTION,SIDE_OF_HWY,TOW_AWAY,COLLISION_SEVERITY,NUMBER_KILLED,NUMBER_INJURED,PARTY_COUNT,PRIMARY_COLL_FACTOR,PCF_CODE_OF_VIOL,PCF_VIOL_CATEGORY,PCF_VIOLATION,PCF_VIOL_SUBSECTION,HIT_AND_RUN,TYPE_OF_COLLISION,MVIW,PED_ACTION,ROAD_SURFACE,ROAD_COND_1,ROAD_COND_2,LIGHTING,CONTROL_DEVICE,CHP_ROAD_TYPE,PEDESTRIAN_ACCIDENT,BICYCLE_ACCIDENT,MOTORCYCLE_ACCIDENT,TRUCK_ACCIDENT,NOT_PRIVATE_PROPERTY,ALCOHOL_INVOLVED,STWD_VEHTYPE_AT_FAULT,CHP_VEHTYPE_AT_FAULT,COUNT_SEVERE_INJ,COUNT_VISIBLE_INJ,COUNT_COMPLAINT_PAIN,COUNT_PED_KILLED,COUNT_PED_INJURED,COUNT_BICYCLIST_KILLED,COUNT_BICYCLIST_INJURED,COUNT_MC_KILLED,COUNT_MC_INJURED,PRIMARY_RAMP,SECONDARY_RAMP,LATITUDE,LONGITUDE,COUNTY,CITY,POINT_X,POINT_Y
9000349,2019,2020-02-07,1953,2019-12-03,1631,3055,1953,2,5,6,1953,0,0,0,NA,0,003,MAR VISTA AV,WASHINGTON BL,0,NA,Y,A,-,N,NA,NA,NA,NA,NA,NA,NA,NA,NA,N,4,0,1,2,A,-,12,22450,A,N,D,G,A,A,H,-,B,D,0,NA,Y,NA,NA,Y,NA,D,22,0,0,1,0,0,0,1,0,0,-,-,NA,NA,LOS ANGELES,PASADENA,-118.1272430419922,34.16902160644531
9000350,2019,2020-01-09,1942,2019-11-08,1645,39440,1018,5,5,7,1942,0,0,0,J,0,10X98,SHERMAN AV,VALJEAN AV,0,NA,N,A,-,N,NA,NA,NA,NA,NA,NA,NA,NA,NA,Y,4,0,1,3,A,-,21,22106,NA,N,C,C,A,A,H,-,B,D,0,NA,NA,NA,Y,Y,NA,A,01,0,0,1,0,0,0,0,0,0,-,-,NA,NA,LOS ANGELES,LOS ANGELES,-118.48590850830078,34.20117950439453
9000352,2019,2020-01-10,1900,2019-11-27,1529,624036,1365,3,5,5,1952,0,0,0,NA,0,136,LAKEWOOD BL,JEFF ST,25,S,N,B,-,N,NA,NA,NA,NA,NA,NA,NA,NA,NA,N,3,0,1,2,A,-,11,21954,A,N,G,B,D,B,H,-,A,D,0,Y,NA,NA,NA,Y,Y,N,60,0,1,0,0,1,0,0,0,0,-,-,NA,NA,LOS ANGELES,PARAMOUNT,-118.14276885986328,33.900760650634766
9000353,2019,2020-02-07,1953,2019-12-04,1847,0366,1953,3,5,6,1953,0,0,0,NA,0,002,WASHINGTON BL,MARENGO AV,0,NA,Y,B,C,N,NA,NA,NA,NA,NA,NA,NA,NA,NA,N,3,0,1,2,A,-,05,21650,1,N,A,G,A,B,H,-,C,A,0,NA,Y,NA,NA,Y,NA,L,04,0,1,0,0,0,0,1,0,0,-,-,NA,NA,LOS ANGELES,PASADENA,-118.14617919921876,34.168880462646484
9000354,2019,2020-01-07,1942,2019-11-08,0735,30452,1005,5,5,7,1942,0,0,0,J,0,10A3,LINDLEY AV,SATICOY ST,0,NA,Y,A,-,N,NA,NA,NA,NA,NA,NA,NA,NA,NA,Y,4,0,4,3,A,-,12,21453,A,N,D,C,A,A,H,-,A,A,0,NA,NA,NA,NA,Y,NA,A,07,0,0,4,0,0,0,0,0,0,-,-,NA,NA,LOS ANGELES,LOS ANGELES,-118.52734375,34.20840072631836
9000355,2019,2020-07-13,1941,2019-12-02,1832,11140,NA,1,5,7,1941,0,0,0,NA,0,NA,EAST PACIFIC COAST HWY,2ND ST,905,S,N,A,-,Y,LA,7,1,-,-,0.42,H,-,N,N,4,0,1,2,A,-,03,22350,NA,N,C,C,A,A,H,-,C,A,0,NA,NA,NA,NA,Y,NA,A,NA,0,0,1,0,0,0,0,0,0,-,-,NA,NA,LOS ANGELES,LONG BEACH,-118.1094207763672,33.756256103515625
9000356,2019,2020-01-10,1900,2019-11-16,2249,606663,1618,6,5,5,1977,0,0,0,NA,0,167T1,GRACE AV,221ST ST,12,N,N,A,-,N,NA,NA,NA,NA,NA,NA,NA,NA,NA,Y,4,0,1,4,A,-,03,22350,NA,N,A,E,A,A,H,-,C,A,0,NA,NA,NA,NA,Y,NA,A,01,0,0,1,0,0,0,0,0,0,-,-,33.826541900634766,-118.26808166503906,LOS ANGELES,CARSON,-118.26799011230467,33.826412200927734
9000358,2019,2020-01-15,1942,2019-11-04,1715,35616,1015,1,5,7,1942,0,0,0,J,0,10X4,WHITE OAK AV,VALERIO ST,0,NA,N,A,-,N,NA,NA,NA,NA,NA,NA,NA,NA,NA,Y,4,0,1,2,A,-,12,22450,A,N,D,C,A,A,H,-,C,D,0,NA,NA,Y,NA,Y,NA,C,02,0,0,1,0,0,0,0,0,0,-,-,NA,NA,LOS ANGELES,LOS ANGELES,-118.5186004638672,34.204769134521484
9000360,2019,2020-01-10,1900,2019-11-21,2119,606663,1625,4,5,5,1977,0,0,0,NA,0,167T1,WATSON CENTER RD,LUCERNE ST,802,W,N,A,-,N,NA,NA,NA,NA,NA,NA,NA,NA,NA,Y,4,0,1,1,A,-,06,21754,A,N,E,I,A,A,H,-,C,A,0,NA,NA,NA,NA,Y,NA,A,07,0,0,1,0,0,0,0,0,0,-,-,33.82032012939453,-118.25335693359376,LOS ANGELES,CARSON,-118.25325775146484,33.820247650146484
9000361,2019,2020-02-07,1900,2019-12-04,1940,487834,0524,3,5,4,1971,0,0,0,NA,0,52T1PM,EL MONTE AV,FREER ST,0,NA,Y,C,-,N,NA,NA,NA,NA,NA,NA,NA,NA,NA,N,3,0,1,2,A,-,12,22450,A,N,D,C,A,B,H,-,C,D,0,NA,NA,NA,NA,Y,NA,A,07,0,1,0,0,0,0,0,0,0,-,-,34.09946823120117,-118.03678894042967,LOS ANGELES,TEMPLE CITY,-118.03678131103516,34.09939193725586
9000362,2019,2020-01-09,1942,2019-11-06,1000,39085,1033,3,5,7,1942,0,0,0,J,0,10A21,TAMPA AV,VICTORY BL,295,N,N,A,-,N,NA,NA,NA,NA,NA,NA,NA,NA,NA,Y,3,0,1,3,A,-,09,21801,A,N,D,C,A,A,H,-,A,D,0,NA,NA,NA,NA,Y,NA,A,01,0,1,0,0,0,0,0,0,0,-,-,NA,NA,LOS ANGELES,LOS ANGELES,-118.5534896850586,34.1873779296875
9000364,2019,2020-01-10,1900,2019-11-23,0403,636448,1622,6,5,5,1977,0,0,0,NA,0,160T,SANTA FE AV,218TH PL,57,S,N,A,-,N,NA,NA,NA,NA,NA,NA,NA,NA,NA,Y,3,0,1,1,A,-,08,22107,NA,N,E,I,A,A,H,-,C,D,0,NA,NA,NA,NA,Y,NA,A,01,0,1,0,0,0,0,0,0,0,-,-,33.829689025878906,-118.21700286865234,LOS ANGELES,CARSON,-118.2170639038086,33.83018493652344
9000367,2019,2020-01-07,1907,2019-11-24,1950,241,BG,7,5,4,1907,0,0,0,NA,0,NA,FLORENCE AV,WALKER AV,1267,E,N,A,-,N,NA,NA,NA,NA,NA,NA,NA,NA,NA,Y,3,0,3,3,A,-,03,22350,NA,N,C,C,A,A,H,-,C,D,0,NA,NA,NA,NA,Y,NA,D,22,0,3,0,0,0,0,0,0,0,-,-,33.96847152709961,-118.17079925537108,LOS ANGELES,BELL,-118.16985321044922,33.96839141845703
9000369,2019,2020-01-06,1900,2019-11-30,0746,434049,0533,6,5,5,1959,0,0,0,NA,0,53T1AM,WALNUT GROVE AV,GARVEY AV,0,NA,Y,B,-,N,NA,NA,NA,NA,NA,NA,NA,NA,NA,Y,3,0,2,3,A,-,12,21453,A,N,D,C,A,A,H,-,A,A,0,NA,NA,NA,NA,Y,NA,A,01,0,2,0,0,0,0,0,0,0,-,-,34.06272888183594,-118.08204650878906,LOS ANGELES,ROSEMEAD,-118.08197784423828,34.062679290771484
9000370,2019,2019-12-27,1942,2019-10-07,1215,39962,1079,1,5,7,1942,0,0,0,J,0,10A39,HASKELL AV,MAGNOLIA BL,50,S,N,A,-,N,NA,NA,NA,NA,NA,NA,NA,NA,NA,N,4,0,1,2,A,-,03,22350,NA,N,C,E,A,A,-,-,A,A,0,NA,NA,NA,NA,Y,NA,I,12,0,0,1,0,0,0,0,0,0,-,-,NA,NA,LOS ANGELES,LOS ANGELES,-118.47491455078124,34.16453170776367
9000374,2019,2019-12-27,1942,2019-10-09,0625,43960,1942,3,5,7,1942,0,0,0,NA,0,1035,VICTORY BL,LINDLEY AV,0,NA,Y,A,-,N,NA,NA,NA,NA,NA,NA,NA,NA,NA,Y,2,0,2,2,A,-,09,21801,A,N,A,C,A,A,H,-,A,A,0,NA,NA,NA,NA,Y,NA,D,22,2,0,0,0,0,0,0,0,0,-,-,NA,NA,LOS ANGELES,LOS ANGELES,-118.52728271484376,34.18661117553711
9000388,2019,2020-01-10,1976,2019-11-06,0752,449,NA,3,5,3,1964,0,0,0,NA,0,003,BELLFLOWER AV,STAGE RD,0,NA,Y,E,-,N,NA,NA,NA,NA,NA,NA,NA,NA,NA,Y,4,0,1,3,A,-,04,21703,NA,N,C,C,A,A,H,-,B,A,0,NA,NA,NA,NA,Y,NA,A,01,0,0,1,0,0,0,0,0,0,-,-,NA,NA,LOS ANGELES,SANTA FE SPRINGS,NA,NA
9000400,2019,2020-01-10,1906,2019-11-17,1726,2889,1906,7,5,5,1906,0,0,0,NA,0,001,LEDFORD ST,NOLINA,245,W,N,A,-,N,NA,NA,NA,NA,NA,NA,NA,NA,NA,N,3,0,1,2,A,-,14,21201,D,N,B,G,A,A,H,-,D,-,0,NA,Y,NA,NA,Y,NA,L,04,0,1,0,0,0,0,1,0,0,-,-,NA,NA,LOS ANGELES,BALDWIN PARK,-117.99520111083984,34.06391525268555
9000408,2019,2020-03-04,1972,2019-11-29,1738,19320,NA,5,5,6,1972,0,0,0,NA,0,NA,HAWTHORNE BL,185TH ST,300,S,N,B,-,Y,LA,7,107,-,-,4.13,H,-,N,N,4,0,1,2,A,-,03,22350,NA,N,C,C,A,A,H,-,C,D,0,NA,NA,NA,NA,Y,NA,D,NA,0,0,1,0,0,0,0,0,0,-,-,NA,NA,LOS ANGELES,TORRANCE,-118.35247039794922,33.864646911621094
9000436,2019,2020-01-06,1900,2019-11-11,1100,515583,1419,1,5,1,1932,0,0,0,NA,0,141T3,BAKER PKWY,GRAND CROSSING PKWY,609,E,N,A,-,N,NA,NA,NA,NA,NA,NA,NA,NA,NA,Y,4,0,1,2,A,-,08,22107,NA,N,D,C,A,A,H,-,A,D,0,NA,NA,NA,Y,Y,NA,A,01,0,0,1,0,0,0,0,0,0,-,-,34.012901306152344,-117.83576965332033,LOS ANGELES,INDUSTRY,-117.83602905273438,34.0126838684082
9000452,2019,2020-01-07,1900,2019-11-14,1223,403161,1432,4,5,1,1932,0,0,0,NA,0,143T1,AMAR RD,TONOPAH AV,25,E,N,A,-,N,NA,NA,NA,NA,NA,NA,NA,NA,NA,N,4,0,1,2,A,-,09,21453,B,N,-,C,A,A,H,-,A,A,0,NA,NA,NA,NA,Y,NA,A,08,0,0,1,0,0,0,0,0,0,-,-,34.047000885009766,-117.96546936035156,LOS ANGELES,INDUSTRY,-117.96544647216795,34.047054290771484
9000456,2019,2020-01-07,1900,2019-11-21,0515,526692,1430,4,5,4,1937,0,0,0,NA,0,141T2,AMAR RD,PUENTE AV,47,E,N,A,-,N,NA,NA,NA,NA,NA,NA,NA,NA,NA,N,4,0,1,2,A,-,03,22350,NA,N,C,C,A,A,H,-,C,A,0,NA,NA,NA,NA,Y,NA,A,01,0,0,1,0,0,0,0,0,0,-,-,34.05434036254883,-117.97776794433594,LOS ANGELES,LA PUENTE,-117.97797393798828,34.054443359375
9000465,2019,2020-01-07,1900,2019-11-15,0820,540701,2910,5,5,4,1974,0,0,0,NA,0,291K1,GRAND AV,AMAR RD,0,NA,Y,A,-,N,NA,NA,NA,NA,NA,NA,NA,NA,NA,N,3,0,1,2,A,-,12,21453,A,N,D,C,A,A,H,-,A,A,0,NA,NA,NA,NA,Y,NA,A,01,0,1,0,0,0,0,0,0,0,-,-,34.04310989379883,-117.8476104736328,LOS ANGELES,WALNUT,-117.84781646728516,34.04302978515625
9000471,2019,2020-02-07,1900,2019-12-02,2137,600319,2847,1,5,5,1915,0,0,0,NA,0,821T1,ATLANTIC AV,ALONDRA BL,90,S,N,A,-,N,NA,NA,NA,NA,NA,NA,NA,NA,NA,Y,3,0,1,3,A,-,03,22350,NA,N,C,C,A,A,H,-,C,D,0,NA,NA,NA,NA,Y,NA,D,22,0,1,0,0,0,0,0,0,0,-,-,NA,NA,LOS ANGELES,COMPTON,-118.19287872314452,33.88852310180664
9000475,2019,2020-03-11,1900,2019-11-25,0918,533032,2837,1,5,5,1915,0,0,0,NA,0,282T1,ANDERSON AV,WALNUT ST,596,N,N,A,-,N,NA,NA,NA,NA,NA,NA,NA,NA,NA,N,4,0,1,2,A,-,09,21804,A,N,D,C,A,A,H,-,A,D,0,NA,NA,NA,Y,Y,NA,-,NA,0,0,1,0,0,0,0,0,0,-,-,NA,NA,LOS ANGELES,COMPTON,-118.24253845214844,33.87764358520508
9000479,2019,2020-01-06,1900,2019-11-22,1706,623651,2841,5,5,5,1915,0,0,0,NA,0,283T1,WILLOWBROOK AV EAST,CALDWELL ST,0,NA,Y,A,-,N,NA,NA,NA,NA,NA,NA,NA,NA,NA,N,4,0,1,2,A,-,09,21802,A,N,D,C,A,A,H,-,C,A,0,NA,NA,NA,Y,Y,NA,F,25,0,0,1,0,0,0,0,0,0,-,-,NA,NA,LOS ANGELES,COMPTON,-118.22354125976564,33.88433074951172
9000481,2019,2019-12-17,1942,2019-10-03,1410,39052,1025,4,5,7,1942,0,0,0,NA,0,10A47,SHERMAN WY,ETIWANDA AV,0,NA,Y,A,-,N,NA,NA,NA,NA,NA,NA,NA,NA,NA,Y,3,0,3,2,A,-,09,21801,A,N,A,C,A,A,H,-,A,A,0,NA,NA,NA,NA,Y,NA,A,07,0,2,1,0,0,0,0,0,0,-,-,NA,NA,LOS ANGELES,LOS ANGELES,-118.53167724609376,34.20117950439453
9000485,2019,2019-12-18,1942,2019-10-23,1050,42367,2107,3,5,7,1942,0,0,0,NA,0,21Z1,ROSCOE BL,DE SOTO AV,0,NA,Y,A,-,N,NA,NA,NA,NA,NA,NA,NA,NA,NA,N,4,0,1,2,A,-,00,20001,A,F,G,B,F,A,-,-,A,D,0,Y,NA,NA,NA,Y,Y,-,99,0,0,1,0,1,0,0,0,0,-,-,NA,NA,LOS ANGELES,LOS ANGELES,-118.58849334716795,34.219940185546875
9000486,2019,2019-12-19,1900,2019-10-29,2030,633029,2814,2,5,5,1915,0,0,0,NA,0,282K1,COMPTON BL,ARANABE AV,20,W,N,A,-,N,NA,NA,NA,NA,NA,NA,NA,NA,NA,N,3,0,1,2,A,-,11,21954,A,F,G,B,D,A,H,-,C,A,0,Y,NA,NA,NA,Y,Y,N,60,0,1,0,0,1,0,0,0,0,-,-,NA,NA,LOS ANGELES,COMPTON,-118.23191833496094,33.89590835571289
9000489,2019,2020-01-16,1942,2019-10-09,2020,38012,1047,3,5,7,1942,0,0,0,J,0,10A47,WHITE OAK AV,HATTERAS ST,0,NA,Y,-,-,N,NA,NA,NA,NA,NA,NA,NA,NA,NA,N,4,0,1,2,A,-,12,21453,A,N,D,C,A,A,H,-,C,A,0,NA,NA,NA,NA,Y,NA,-,-,0,0,1,0,0,0,0,0,0,-,-,NA,NA,LOS ANGELES,LOS ANGELES,-118.51876068115234,34.17668914794922
9000493,2019,2019-12-18,1942,2019-10-10,0420,43778,1012,4,5,7,1942,0,0,0,J,0,10A3,RESEDA BL,SATICOY ST,85,S,N,A,-,N,NA,NA,NA,NA,NA,NA,NA,NA,NA,N,2,0,1,2,A,-,11,21956,A,N,G,B,E,A,H,-,C,D,0,Y,NA,NA,NA,Y,Y,N,60,1,0,0,0,1,0,0,0,0,-,-,NA,NA,LOS ANGELES,LOS ANGELES,-118.53605651855467,34.20817565917969
9000497,2019,2019-12-17,1907,2019-10-16,2235,243,1,3,5,4,1907,0,0,0,NA,0,NA,GAGE AV,CALIFORNIA AV,104,W,N,A,-,N,NA,NA,NA,NA,NA,NA,NA,NA,NA,Y,3,0,1,1,A,-,01,23152,G,N,E,I,A,A,H,-,C,A,0,NA,NA,NA,NA,Y,Y,A,01,0,1,0,0,0,0,0,0,0,-,-,33.97959899902344,-118.20182800292967,LOS ANGELES,BELL,-118.20266723632813,33.979671478271484
9000501,2019,2020-02-11,1942,2019-10-14,2201,43226,1028,1,5,7,1942,0,0,0,J,0,10A17,BALBOA BL,SHERMAN WY,0,NA,Y,A,-,N,NA,NA,NA,NA,NA,NA,NA,NA,NA,Y,3,0,2,2,A,-,12,21453,A,N,D,C,A,A,H,-,C,A,0,NA,NA,NA,NA,Y,NA,A,01,0,2,0,0,0,0,0,0,0,-,-,NA,NA,LOS ANGELES,LOS ANGELES,-118.50112152099608,34.201229095458984
9000502,2019,2019-12-19,1900,2019-10-30,1330,551881,1414,3,5,1,1932,0,0,0,NA,0,141T6,NELSON AV,UNRUH AV,0,NA,Y,A,-,N,NA,NA,NA,NA,NA,NA,NA,NA,NA,Y,4,0,1,2,A,-,09,21800,D,N,D,C,A,A,H,-,A,B,0,NA,NA,NA,NA,Y,NA,A,01,0,0,1,0,0,0,0,0,0,-,-,NA,NA,LOS ANGELES,INDUSTRY,-117.96259307861328,34.02996063232422
9000505,2019,2019-12-18,1942,2019-10-19,1545,39545,1023,6,5,7,1942,0,0,0,J,0,10X44,RESEDA,VICTORY,200,S,N,A,-,N,NA,NA,NA,NA,NA,NA,NA,NA,NA,N,4,0,2,3,A,-,07,21658,A,N,B,C,A,A,-,-,A,A,0,NA,NA,NA,NA,Y,NA,A,01,0,0,2,0,0,0,0,0,0,-,-,NA,NA,LOS ANGELES,LOS ANGELES,-118.53601837158205,34.18601989746094
9000510,2019,2019-12-19,1942,2019-10-12,1035,39052,1079,6,5,7,1942,0,0,0,J,0,10A99,VENTURA BL,DENSMORE AV,105,E,N,A,-,N,NA,NA,NA,NA,NA,NA,NA,NA,NA,Y,3,0,2,2,B,-,22,NA,NA,N,C,E,A,A,-,-,A,D,0,NA,NA,NA,NA,Y,NA,A,01,0,1,1,0,0,0,0,0,0,-,-,NA,NA,LOS ANGELES,LOS ANGELES,-118.47718048095705,34.15545654296875
9000514,2019,2019-12-19,1942,2019-10-11,2145,43278,1589,5,5,7,1942,0,0,0,O,0,15A67,FOREST LAWN DR,ZOO DR,200,W,N,A,-,N,NA,NA,NA,NA,NA,NA,NA,NA,NA,N,4,0,1,2,A,-,06,21751,NA,F,B,C,A,A,-,-,D,D,0,NA,NA,NA,NA,Y,NA,-,99,0,0,1,0,0,0,0,0,0,-,-,NA,NA,LOS ANGELES,LOS ANGELES,-118.3122100830078,34.15270233154297
9000518,2019,2019-12-19,1942,2019-10-23,1135,33294,1049,3,5,7,1942,0,0,0,J,0,26M36,BURBANK BL,BALBOA BL,0,NA,Y,A,-,N,NA,NA,NA,NA,NA,NA,NA,NA,NA,Y,4,0,2,2,A,-,09,21801,A,N,D,C,A,A,H,-,A,A,0,NA,NA,NA,NA,Y,NA,A,01,0,0,2,0,0,0,0,0,0,-,-,NA,NA,LOS ANGELES,LOS ANGELES,-118.50119018554688,34.172218322753906
9000522,2019,2019-12-19,1942,2019-10-14,2120,37653,1028,1,5,7,1942,0,0,0,J,0,10A21,VICTORY BL,PETIT AV,0,NA,Y,A,-,N,NA,NA,NA,NA,NA,NA,NA,NA,NA,Y,3,0,2,2,A,-,09,21801,A,N,D,C,A,A,H,-,C,D,0,NA,NA,NA,NA,Y,NA,-,NA,0,1,1,0,0,0,0,0,0,-,-,NA,NA,LOS ANGELES,LOS ANGELES,-118.49716186523438,34.18661117553711
9000526,2019,2019-12-19,1942,2019-10-15,1845,42794,1089,2,5,7,1942,0,0,0,J,0,10X88,VENTURA BL,ORION AV,0,NA,Y,A,-,N,NA,NA,NA,NA,NA,NA,NA,NA,NA,Y,2,0,1,2,A,-,09,21802,A,N,D,C,A,A,H,-,B,D,0,NA,NA,NA,NA,Y,NA,-,NA,1,0,0,0,0,0,0,0,0,-,-,NA,NA,LOS ANGELES,LOS ANGELES,-118.4700164794922,34.154449462890625
9000530,2019,2019-12-19,1942,2019-10-09,1800,43493,1007,3,5,7,1942,0,0,0,J,0,10X12,ROSCOE BL,BALBOA PL,0,NA,Y,A,-,N,NA,NA,NA,NA,NA,NA,NA,NA,NA,N,4,0,3,2,A,-,08,22107,NA,N,B,C,A,A,H,-,A,D,0,NA,NA,NA,NA,Y,NA,A,01,0,0,3,0,0,0,0,0,0,-,-,NA,NA,LOS ANGELES,LOS ANGELES,-118.50112915039064,34.2211799621582
9000533,2019,2020-02-06,1934,2019-10-27,0422,793,19 13,7,5,1,1934,0,0,0,NA,0,NA,ARROW HWY,RT 605,0,NA,Y,A,-,Y,LA,7,605,-,-,24.058,R,4,S,Y,4,0,1,2,A,-,12,21453,A,N,D,C,A,A,H,-,C,A,0,NA,NA,NA,NA,Y,NA,-,-,0,0,1,0,0,0,0,0,0,-,SF,NA,NA,LOS ANGELES,IRWINDALE,-117.9768524169922,34.11608123779297
9000534,2019,2020-01-16,1942,2019-10-10,1400,42271,1063,4,5,7,1942,0,0,0,J,0,10A17,RESEDA AV,BURBANK,3,N,N,A,-,N,NA,NA,NA,NA,NA,NA,NA,NA,NA,N,4,0,1,2,A,-,08,22100,A,N,G,B,B,A,H,-,A,D,0,Y,NA,NA,NA,Y,NA,A,01,0,0,1,0,1,0,0,0,0,-,-,NA,NA,LOS ANGELES,LOS ANGELES,-118.53600311279295,34.17234802246094
9000537,2019,2019-12-17,1934,2019-10-18,0658,756,WESTC,5,5,1,1934,0,0,0,NA,0,001,LIVE OAK AV,ARROW HWY,0,NA,Y,A,-,N,NA,NA,NA,NA,NA,NA,NA,NA,NA,Y,4,0,1,2,A,-,12,21453,A,N,D,C,A,A,H,-,A,A,0,NA,NA,NA,NA,Y,NA,-,NA,0,0,1,0,0,0,0,0,0,-,-,NA,NA,LOS ANGELES,IRWINDALE,-117.99107360839844,34.113040924072266
9000538,2019,2019-12-19,1942,2019-10-04,1153,43981,1063,5,5,7,1942,0,0,0,J,0,10A3,ETIWANDA AV,KILLION ST,120,S,N,A,-,N,NA,NA,NA,NA,NA,NA,NA,NA,NA,N,4,0,1,2,A,-,-,NA,NA,N,D,G,A,A,H,-,A,D,0,NA,Y,NA,NA,Y,NA,L,04,0,0,1,0,0,0,1,0,0,-,-,NA,NA,LOS ANGELES,LOS ANGELES,-118.53082275390624,34.17073059082031
9000541,2019,2019-12-18,1934,2019-10-30,0626,745,1934,3,5,1,1934,0,0,0,NA,0,001,FOOTHILL BL,IRWINDALE AV,23,E,N,A,-,N,NA,NA,NA,NA,NA,NA,NA,NA,NA,Y,4,0,1,3,A,-,08,22107,NA,N,A,I,A,A,H,-,B,A,0,NA,NA,NA,NA,Y,NA,A,01,0,0,1,0,0,0,0,0,0,-,-,NA,NA,LOS ANGELES,IRWINDALE,-117.93349456787108,34.1336784362793
9000542,2019,2019-12-19,1942,2019-10-08,2010,40006,1047,2,5,7,1942,0,0,0,J,0,10A17,BURBANK BL,BALBOA BL,0,NA,Y,A,-,N,NA,NA,NA,NA,NA,NA,NA,NA,NA,Y,3,0,2,2,A,-,09,21801,A,N,-,C,A,A,H,-,C,A,0,NA,NA,NA,NA,Y,NA,A,01,0,1,1,0,0,0,0,0,0,-,-,NA,NA,LOS ANGELES,LOS ANGELES,-118.50119018554688,34.172218322753906
9000544,2019,2019-12-18,1942,2019-10-21,0510,43778,1011,1,5,7,1942,0,0,0,J,0,10A3,TAMAPA AV,TAMPA AV 7538,0,NA,-,A,-,N,NA,NA,NA,NA,NA,NA,NA,NA,NA,Y,4,0,1,2,A,-,08,22107,NA,N,C,E,A,A,H,-,C,A,0,NA,NA,NA,NA,Y,NA,A,01,0,0,1,0,0,0,0,0,0,-,-,NA,NA,LOS ANGELES,LOS ANGELES,-118.553515,34.207605
9000545,2019,2019-12-17,1934,2019-10-14,1734,787,1934,1,5,1,1934,0,0,0,NA,0,001,IRWINDALE AV,FOOTHILL BL,46,S,N,A,-,N,NA,NA,NA,NA,NA,NA,NA,NA,NA,N,4,0,1,1,A,-,03,22350,NA,N,H,A,A,A,H,-,A,A,0,NA,NA,Y,NA,Y,NA,C,02,0,0,1,0,0,0,0,0,1,-,-,NA,NA,LOS ANGELES,IRWINDALE,-117.93360137939452,34.133575439453125
9000546,2019,2019-12-19,1942,2019-10-06,1700,42916,LA,7,5,7,1942,0,0,0,NA,0,10EL2,VANOWEN ST,DE CELIS PL,100,E,N,A,-,N,NA,NA,NA,NA,NA,NA,NA,NA,NA,Y,4,0,1,1,A,-,07,21658,A,N,-,I,A,A,H,-,A,D,0,NA,NA,NA,NA,Y,NA,A,01,0,0,1,0,0,0,0,0,0,-,-,NA,NA,LOS ANGELES,LOS ANGELES,-118.4942626953125,34.19390106201172
9000549,2019,2020-01-13,1942,2019-10-05,0215,43426,1555,6,5,7,1942,0,0,0,O,0,15W,CAMARILLO ST,VINELAND,25,E,N,A,-,N,NA,NA,NA,NA,NA,NA,NA,NA,NA,Y,4,0,1,2,A,-,03,22350,NA,F,B,D,A,A,H,-,C,A,0,NA,NA,NA,NA,Y,NA,-,99,0,0,1,0,0,0,0,0,0,-,-,NA,NA,LOS ANGELES,LOS ANGELES,-118.37037658691406,34.15766143798828
9000550,2019,2019-12-19,1942,2019-10-06,1305,39962,1028,7,5,7,1942,0,0,0,J,0,10A47,SHERMAN WY,RUBIO AV,7,E,N,A,-,N,NA,NA,NA,NA,NA,NA,NA,NA,NA,N,3,0,1,2,A,-,07,21658,A,N,B,C,A,A,H,-,A,A,0,NA,NA,NA,NA,Y,NA,-,NA,0,1,0,0,0,0,0,0,0,-,-,NA,NA,LOS ANGELES,LOS ANGELES,-118.49569702148438,34.201229095458984
9000553,2019,2020-01-16,1942,2019-10-26,1220,42101,0643,6,5,7,1942,0,0,0,F,0,6A63,FOUNTAIN AV,GARDNER ST,0,NA,Y,A,-,N,NA,NA,NA,NA,NA,NA,NA,NA,NA,N,3,0,2,2,A,-,12,21453,A,N,D,C,A,A,H,-,A,A,0,NA,NA,NA,NA,Y,NA,A,01,0,1,1,0,0,0,0,0,0,-,-,NA,NA,LOS ANGELES,LOS ANGELES,-118.35285186767578,34.09437942504883
9000554,2019,2019-12-19,1942,2019-10-06,0720,39962,1088,7,5,7,1942,0,0,0,J,0,10A47,VENTURA BL,HAYVENHURST AV,0,NA,Y,A,-,N,NA,NA,NA,NA,NA,NA,NA,NA,NA,Y,3,0,2,2,A,-,03,22350,A,N,D,C,A,A,H,-,A,A,0,NA,NA,NA,NA,Y,NA,-,NA,0,1,1,0,0,0,0,0,0,-,-,NA,NA,LOS ANGELES,LOS ANGELES,-118.49231719970705,34.15755081176758