CASE_ID,ACCIDENT_YEAR,PROC_DATE,JURIS,COLLISION_DATE,COLLISION_TIME,OFFICER_ID,REPORTING_DISTRICT,DAY_OF_WEEK,CHP_SHIFT,POPULATION,CNTY_CITY_LOC,SPECIAL_COND,BEAT_TYPE,CHP_BEAT_TYPE,CITY_DIVISION_LAPD,CHP_BEAT_CLASS,BEAT_NUMBER,PRIMARY_RD,SECONDARY_RD,DISTANCE,DIRECTION,INTERSECTION,WEATHER_1,WEATHER_2,STATE_HWY_IND,CALTRANS_COUNTY,CALTRANS_DISTRICT,STATE_ROUTE,ROUTE_SUFFIX,POSTMILE_PREFIX,POSTMILE,LOCATION_TYPE,RAMP_INTERSECTION,SIDE_OF_HWY,TOW_AWAY,COLLISION_SEVERITY,NUMBER_KILLED,NUMBER_INJURED,PARTY_COUNT,PRIMARY_COLL_FACTOR,PCF_CODE_OF_VIOL,PCF_VIOL_CATEGORY,PCF_VIOLATION,PCF_VIOL_SUBSECTION,HIT_AND_RUN,TYPE_OF_COLLISION,MVIW,PED_ACTION,ROAD_SURFACE,ROAD_COND_1,ROAD_COND_2,LIGHTING,CONTROL_DEVICE,CHP_ROAD_TYPE,PEDESTRIAN_ACCIDENT,BICYCLE_ACCIDENT,MOTORCYCLE_ACCIDENT,TRUCK_ACCIDENT,NOT_PRIVATE_PROPERTY,ALCOHOL_INVOLVED,STWD_VEHTYPE_AT_FAULT,CHP_VEHTYPE_AT_FAULT,COUNT_SEVERE_INJ,COUNT_VISIBLE_INJ,COUNT_COMPLAINT_PAIN,COUNT_PED_KILLED,COUNT_PED_INJURED,COUNT_BICYCLIST_KILLED,COUNT_BICYCLIST_INJURED,COUNT_MC_KILLED,COUNT_MC_INJURED,PRIMARY_RAMP,SECONDARY_RAMP,LATITUDE,LONGITUDE,COUNTY,CITY,POINT_X,POINT_Y
9001694,2019,2020-01-08,1942,2019-11-19,0800,34332,0488,2,5,7,1942,0,0,0,D,0,4A97,S LORENA ST,BESWICK ST,0,NA,Y,A,-,N,NA,NA,NA,NA,NA,NA,NA,NA,NA,N,3,0,1,2,A,-,05,21650,NA,N,D,G,A,A,H,-,A,A,0,NA,Y,NA,NA,Y,NA,L,04,0,1,0,0,0,0,1,0,0,-,-,NA,NA,LOS ANGELES,LOS ANGELES,-118.20340728759766,34.02391815185547
9001696,2019,2019-12-23,1942,2019-09-29,1350,41921,0585,7,5,7,1942,0,0,0,E,0,5A59,GAFFEY ST,22ND ST,80,S,N,A,-,N,NA,NA,NA,NA,NA,NA,NA,NA,NA,N,3,0,1,1,A,-,03,22350,A,N,H,A,A,A,H,-,A,D,0,NA,NA,Y,NA,Y,NA,C,02,0,1,0,0,0,0,0,0,1,-,-,NA,NA,LOS ANGELES,LOS ANGELES,-118.29241180419922,33.72404098510742
9001698,2019,2020-01-08,1942,2019-11-19,1445,34426,0437,2,5,7,1942,0,0,0,D,0,4A59,SOTO ST,VALLEY BL,250,N,N,A,-,N,NA,NA,NA,NA,NA,NA,NA,NA,NA,N,4,0,1,1,A,-,03,22350,NA,N,F,I,A,A,H,-,A,D,0,NA,NA,Y,NA,Y,NA,C,02,0,0,1,0,0,0,0,0,1,-,-,NA,NA,LOS ANGELES,LOS ANGELES,-118.19670867919922,34.06517028808594
9001700,2019,2019-12-23,1942,2019-09-25,1445,32758,0504,3,5,7,1942,0,0,0,E,0,5A1,NORMANDIE AV,190TH ST,147,S,N,A,-,N,NA,NA,NA,NA,NA,NA,NA,NA,NA,Y,4,0,1,2,A,-,09,21804,A,N,D,C,A,A,H,-,A,A,0,NA,NA,NA,NA,Y,NA,A,07,0,0,1,0,0,0,0,0,0,-,-,NA,NA,LOS ANGELES,LOS ANGELES,-118.29924011230467,33.85793685913086
9001704,2019,2020-02-03,1942,2019-09-12,0710,43791,0531,4,5,7,1942,0,0,0,E,0,5A59W2,PACIFIC COAST HWY,PRESIDENT AV,15,W,N,A,-,Y,LA,7,1,-,-,12.92,H,-,N,N,4,0,1,3,A,-,03,22350,NA,N,C,C,A,A,H,-,A,A,0,NA,NA,NA,NA,Y,NA,A,01,0,0,1,0,0,0,0,0,0,-,-,NA,NA,LOS ANGELES,LOS ANGELES,-118.3044204711914,33.789527893066406
9001708,2019,2019-12-23,1942,2019-09-12,0720,43826,0513,4,5,7,1942,0,0,0,E,0,5A17,GAFFEY ST,ANAHEIM ST,500,S,N,A,-,N,NA,NA,NA,NA,NA,NA,NA,NA,NA,N,4,0,1,2,A,-,04,21703,NA,N,C,C,A,A,H,-,A,D,0,NA,NA,NA,NA,Y,NA,A,01,0,0,1,0,0,0,0,0,0,-,-,NA,NA,LOS ANGELES,LOS ANGELES,-118.29674530029295,33.78090286254883
9001712,2019,2019-12-23,1942,2019-09-10,1600,33638,0562,2,5,7,1942,0,0,0,E,0,5A24,GAFFEY ST,9TH ST,3,N,N,A,-,N,NA,NA,NA,NA,NA,NA,NA,NA,NA,N,3,0,1,2,A,-,10,21950,A,N,-,B,B,A,H,-,A,A,0,Y,NA,NA,NA,Y,NA,A,01,0,1,0,0,1,0,0,0,0,-,-,NA,NA,LOS ANGELES,LOS ANGELES,-118.2923583984375,33.73605728149414
9001716,2019,2020-03-04,1942,2019-09-11,1710,43902,0501,3,5,7,1942,0,0,0,E,0,5A12,182ND ST,RT 110,0,NA,Y,A,-,Y,LA,7,110,-,-,10.51,R,4,N,N,4,0,3,2,A,-,09,21804,A,N,D,C,A,A,H,-,A,D,0,NA,NA,NA,NA,Y,NA,A,01,0,0,3,0,0,0,0,0,0,-,-,NA,NA,LOS ANGELES,LOS ANGELES,-118.28485870361328,33.882080078125
9001720,2019,2019-12-23,1942,2019-09-08,0330,43746,0503,7,5,7,1942,0,0,0,E,0,5A11W3,PACIFIC COAST HWY,VERMONT,20,E,N,A,-,N,NA,NA,NA,NA,NA,NA,NA,NA,NA,Y,4,0,2,2,A,-,09,21804,A,N,B,C,A,A,H,-,C,A,0,NA,NA,NA,NA,Y,NA,A,01,0,0,2,0,0,0,0,0,0,-,-,NA,NA,LOS ANGELES,LOS ANGELES,-118.29167175292967,33.79100799560547
9001732,2019,2020-01-07,1942,2019-11-08,2245,40829,RD134,5,5,7,1942,0,0,0,NA,0,13A9,MLK BL,GRIFFITH AV,22,E,N,A,-,N,NA,NA,NA,NA,NA,NA,NA,NA,NA,N,2,0,1,2,A,-,11,21954,A,N,G,B,D,A,H,-,E,D,0,Y,NA,NA,NA,Y,NA,N,60,1,0,0,0,1,0,0,0,0,-,-,NA,NA,LOS ANGELES,LOS ANGELES,-118.2627182006836,34.011070251464844
9001736,2019,2020-01-07,1942,2019-11-07,1830,43459,212,4,5,7,1942,0,0,0,NA,0,2A2,VIRGIL AV,OAKWOOD AV,0,NA,Y,A,-,N,NA,NA,NA,NA,NA,NA,NA,NA,NA,N,4,0,1,2,A,-,11,21954,A,N,G,B,E,A,H,-,C,D,0,Y,NA,NA,NA,Y,NA,-,-,0,0,1,0,1,0,0,0,0,-,-,NA,NA,LOS ANGELES,LOS ANGELES,-118.28679656982422,34.077720642089844
9001740,2019,2020-01-07,1942,2019-11-09,1155,37906,0205,6,5,7,1942,0,0,0,B,0,2A47,BELLEVUE AV,BENTON WY,0,NA,Y,A,-,N,NA,NA,NA,NA,NA,NA,NA,NA,NA,N,3,0,1,2,A,-,01,23152,A,N,D,C,A,A,H,-,A,A,0,NA,NA,NA,NA,Y,NA,-,-,0,1,0,0,0,0,0,0,0,-,-,NA,NA,LOS ANGELES,LOS ANGELES,-118.27375793457033,34.07596969604492
9001744,2019,2020-01-07,1942,2019-11-01,1400,33523,0275,5,5,7,1942,0,0,0,B,0,2A4,OLYMPUS BL,UNION AV,10,W,N,A,-,N,NA,NA,NA,NA,NA,NA,NA,NA,NA,N,4,0,1,3,A,-,03,22350,NA,N,C,C,A,A,H,-,A,A,0,NA,NA,NA,NA,Y,NA,A,08,0,0,1,0,0,0,0,0,0,-,-,NA,NA,LOS ANGELES,LOS ANGELES,-118.27424621582033,34.04922103881836
9001748,2019,2020-01-08,1942,2019-11-03,0005,NA,0235,7,5,7,1942,0,0,0,B,0,2A5,BEVERLY BL,ROSE LANE,15,E,N,A,-,N,NA,NA,NA,NA,NA,NA,NA,NA,NA,N,3,0,1,2,A,-,11,21954,A,N,G,B,D,A,H,-,C,A,0,Y,NA,NA,NA,Y,NA,N,60,0,1,0,0,1,0,0,0,0,-,-,NA,NA,LOS ANGELES,LOS ANGELES,-118.272232,34.067503
9001752,2019,2020-01-08,1942,2019-11-01,1345,43645,0211,5,5,7,1942,0,0,0,B,0,2A1,MELROSE AV,NORMANDIE,25,E,N,A,-,N,NA,NA,NA,NA,NA,NA,NA,NA,NA,N,4,0,1,2,A,-,08,22107,NA,N,B,C,A,A,H,-,A,A,0,NA,NA,Y,NA,Y,NA,C,06,0,0,1,0,0,0,0,0,0,-,-,NA,NA,LOS ANGELES,LOS ANGELES,-118.30039978027344,34.08354949951172
9001756,2019,2020-01-08,1942,2019-11-04,1615,37335,0221,1,5,7,1942,0,0,0,B,0,2A4,ROSEWOOD AV,ALEXANDRIA AV,0,NA,Y,A,-,N,NA,NA,NA,NA,NA,NA,NA,NA,NA,N,4,0,1,3,D,-,00,NA,NA,N,E,G,A,A,H,-,A,D,0,NA,Y,NA,NA,Y,NA,-,-,0,0,1,0,0,0,1,0,0,-,-,NA,NA,LOS ANGELES,LOS ANGELES,-118.29824066162108,34.079010009765625
9001760,2019,2020-01-08,1942,2019-11-10,0400,40484,0299,7,5,7,1942,0,0,0,B,0,2XL12,TOBERMAN ST,VENICE BL,20,S,N,A,-,N,NA,NA,NA,NA,NA,NA,NA,NA,NA,N,3,0,1,2,A,-,11,21954,A,F,G,B,D,A,H,-,D,D,0,Y,NA,NA,NA,Y,NA,N,60,0,1,0,0,1,0,0,0,0,-,-,NA,NA,LOS ANGELES,LOS ANGELES,-118.27790832519533,34.04098129272461
9001762,2019,2020-01-08,1942,2019-11-14,0855,37540,0437,4,5,7,1942,0,0,0,D,0,4A59,VALLEY BL,N ROWAN AV,0,NA,Y,A,-,N,NA,NA,NA,NA,NA,NA,NA,NA,NA,N,3,0,1,2,A,-,08,22100,A,N,D,C,A,A,H,-,A,D,0,NA,NA,NA,NA,Y,NA,A,01,0,1,0,0,0,0,0,0,0,-,-,NA,NA,LOS ANGELES,LOS ANGELES,-118.18804931640624,34.06285858154297
9001766,2019,2020-01-08,1942,2019-11-13,1115,36503,0445,3,5,7,1942,0,0,0,D,0,4A15,MARENGO ST,CORNWELL ST,0,NA,Y,A,-,N,NA,NA,NA,NA,NA,NA,NA,NA,NA,N,2,0,1,2,A,-,10,21950,A,N,D,B,B,A,H,-,A,A,0,Y,NA,NA,NA,Y,NA,A,01,1,0,0,0,1,0,0,0,0,-,-,NA,NA,LOS ANGELES,LOS ANGELES,-118.20507049560548,34.055599212646484
9001773,2019,2019-12-19,1942,2019-09-18,1320,42183,0668,3,5,7,1942,0,0,0,F,0,6A22,FOUNTAIN AV,WESTERN AV,0,NA,Y,A,-,N,NA,NA,NA,NA,NA,NA,NA,NA,NA,N,4,0,1,2,A,-,12,21453,A,N,D,G,A,A,H,-,A,A,0,NA,Y,NA,NA,Y,NA,-,NA,0,0,1,0,0,0,1,0,0,-,-,NA,NA,LOS ANGELES,LOS ANGELES,-118.30919647216795,34.094879150390625
9001774,2019,2020-01-08,1942,2019-11-14,0550,32996,0488,4,5,7,1942,0,0,0,D,0,4A97,GARNET ST,S FRESNO ST,50,W,N,A,-,N,NA,NA,NA,NA,NA,NA,NA,NA,NA,N,4,0,1,3,A,-,21,22106,NA,F,D,C,A,A,H,-,B,A,0,NA,NA,NA,NA,Y,NA,-,99,0,0,1,0,0,0,0,0,0,-,-,NA,NA,LOS ANGELES,LOS ANGELES,-118.20862579345705,34.02528381347656
9001778,2019,2020-01-08,1942,2019-11-05,2200,39508,0462,2,5,7,1942,0,0,0,D,0,4A71,S BOYLE AV,E 5TH ST,265,S,N,A,-,N,NA,NA,NA,NA,NA,NA,NA,NA,NA,N,4,0,3,3,A,-,08,22103,NA,N,A,C,A,A,H,-,C,D,0,NA,NA,NA,NA,Y,NA,A,07,0,0,3,0,0,0,0,0,0,-,-,NA,NA,LOS ANGELES,LOS ANGELES,-118.21967315673828,34.04081726074219
9001782,2019,2020-01-08,1942,2019-11-03,1000,40730,0473,7,5,7,1942,0,0,0,D,0,4A71,S BOYLE AV,EAST 7TH ST,0,NA,Y,A,-,N,NA,NA,NA,NA,NA,NA,NA,NA,NA,N,4,0,3,2,A,-,12,21453,A,N,D,C,A,A,H,-,A,A,0,NA,NA,Y,NA,Y,Y,-,-,0,0,3,0,0,0,0,0,1,-,-,NA,NA,LOS ANGELES,LOS ANGELES,-118.21958923339844,34.03343963623047
9001786,2019,2020-01-08,1942,2019-11-01,0255,42876,0497,5,5,7,1942,0,0,0,D,0,4A97,OLYMPIC BL,GRANDE VISTA AV,245,W,N,A,-,N,NA,NA,NA,NA,NA,NA,NA,NA,NA,Y,4,0,2,2,A,-,17,22109,NA,N,C,C,A,A,H,-,C,D,0,NA,NA,NA,NA,Y,NA,A,08,0,0,2,0,0,0,0,0,0,-,-,NA,NA,LOS ANGELES,LOS ANGELES,-118.21117401123048,34.02045440673828
9001790,2019,2020-01-08,1942,2019-11-01,1300,32973,0477,5,5,7,1942,0,0,0,D,0,4A71,SOTO,WHITTIER,4,N,N,A,-,N,NA,NA,NA,NA,NA,NA,NA,NA,NA,N,4,0,1,2,A,-,10,21950,A,N,G,B,B,A,H,-,A,A,0,Y,NA,NA,NA,Y,NA,A,01,0,0,1,0,1,0,0,0,0,-,-,NA,NA,LOS ANGELES,LOS ANGELES,-118.21569061279295,34.03437805175781
9001794,2019,2020-01-08,1942,2019-11-02,0950,40289,0478,6,5,7,1942,0,0,0,D,0,4A97,GRANDE VISTA AV,ATLANTIC ST,75,N,N,A,-,N,NA,NA,NA,NA,NA,NA,NA,NA,NA,N,4,0,2,4,A,-,08,22107,NA,N,G,B,E,A,H,-,A,D,0,Y,NA,NA,NA,Y,NA,A,07,0,0,2,0,1,0,0,0,0,-,-,NA,NA,LOS ANGELES,LOS ANGELES,-118.20664978027344,34.02635955810547
9001798,2019,2020-01-08,1942,2019-11-13,2110,38703,0488,3,5,7,1942,0,0,0,D,0,4A72,8TH,LORENA,0,NA,Y,A,-,N,NA,NA,NA,NA,NA,NA,NA,NA,NA,Y,3,0,5,3,A,-,12,21453,A,N,A,C,A,A,-,-,C,A,0,NA,NA,NA,NA,Y,NA,A,07,0,1,4,0,0,0,0,0,0,-,-,NA,NA,LOS ANGELES,LOS ANGELES,-118.20482635498048,34.02157974243164
9001802,2019,2020-02-13,1942,2019-11-13,1955,41464,0457,3,5,7,1942,0,0,0,D,0,4A58-W,CESAR CHAVEZ,MATHEWS ST,20,E,N,A,-,N,NA,NA,NA,NA,NA,NA,NA,NA,NA,N,4,0,1,2,A,-,04,21703,NA,N,C,G,A,A,H,-,C,A,0,NA,Y,NA,NA,Y,NA,A,01,0,0,1,0,0,0,1,0,0,-,-,NA,NA,LOS ANGELES,LOS ANGELES,-118.206496,34.046228
9001806,2019,2020-01-08,1942,2019-11-19,2150,31713,1372,2,5,7,1942,0,0,0,M,0,13A85,S MAIN ST,E 54TH ST,0,NA,Y,A,-,N,NA,NA,NA,NA,NA,NA,NA,NA,NA,N,3,0,1,2,A,-,07,21658,A,N,B,G,A,A,H,-,C,D,0,NA,Y,NA,NA,Y,NA,L,04,0,1,0,0,0,0,1,0,0,-,-,NA,NA,LOS ANGELES,LOS ANGELES,-118.2739715576172,33.99333190917969
9001810,2019,2020-01-08,1942,2019-11-12,0840,36238,1321,2,5,7,1942,0,0,0,M,0,13A13,W 22ND ST,S HILL ST,35,E,N,A,-,N,NA,NA,NA,NA,NA,NA,NA,NA,NA,N,4,0,1,2,A,-,04,21703,NA,F,C,C,A,A,H,-,A,D,0,NA,NA,NA,NA,Y,NA,-,99,0,0,1,0,0,0,0,0,0,-,-,NA,NA,LOS ANGELES,LOS ANGELES,-118.26844787597656,34.029232025146484
9001813,2019,2019-12-19,1942,2019-09-24,2015,40033,0881,2,5,7,1942,0,0,0,H,0,8A54,BARRINGTON AV,LA GRANGE AV,200,N,N,A,-,N,NA,NA,NA,NA,NA,NA,NA,NA,NA,Y,3,0,3,3,A,-,03,22350,NA,N,C,C,A,A,H,-,A,A,0,NA,NA,NA,NA,Y,NA,-,NA,0,1,2,0,0,0,0,0,0,-,-,NA,NA,LOS ANGELES,LOS ANGELES,-118.45066833496094,34.037513732910156
9001814,2019,2020-02-19,1942,2019-11-15,2200,38357,1393,5,5,7,1942,0,0,0,M,0,13A93,EAST 7TH ST,S MAIN ST,600,W,N,A,-,N,NA,NA,NA,NA,NA,NA,NA,NA,NA,N,3,0,1,2,A,-,11,21954,A,N,G,B,C,A,H,-,C,D,0,Y,NA,NA,NA,Y,NA,-,-,0,1,0,0,1,0,0,0,0,-,-,NA,NA,LOS ANGELES,LOS ANGELES,-118.25138092041016,34.04393005371094
9001817,2019,2019-12-19,1942,2019-09-05,1020,35005,049,4,5,7,1942,0,0,0,D,0,NA,OLYMPIC BL,SHERBOURNE DR,0,NA,Y,A,-,N,NA,NA,NA,NA,NA,NA,NA,NA,NA,Y,4,0,2,2,A,-,09,21801,A,N,B,C,A,A,H,-,A,D,0,NA,NA,NA,NA,Y,NA,A,01,0,0,2,0,0,0,0,0,0,-,-,NA,NA,LOS ANGELES,LOS ANGELES,-118.37934112548828,34.05936050415039
9001818,2019,2020-01-08,1942,2019-11-11,1050,38502,1351,1,5,7,1942,0,0,0,M,0,13A41,S BROADWAY,W 42ND ST,0,NA,Y,A,-,N,NA,NA,NA,NA,NA,NA,NA,NA,NA,N,4,0,2,2,A,-,03,22350,NA,F,C,C,A,A,H,-,A,D,0,NA,NA,NA,NA,Y,NA,-,-,0,0,2,0,0,0,0,0,0,-,-,NA,NA,LOS ANGELES,LOS ANGELES,-118.27837371826172,34.00735092163086
9001821,2019,2019-12-19,1942,2019-09-03,1555,42630,0805,2,5,7,1942,0,0,0,H,0,8A36,SEPULVEDA BL,MORAGA DR,0,NA,Y,A,-,N,NA,NA,NA,NA,NA,NA,NA,NA,NA,N,4,0,1,2,A,-,08,22107,NA,N,B,C,A,A,H,-,A,D,0,NA,NA,NA,NA,Y,NA,-,NA,0,0,1,0,0,0,0,0,0,-,-,NA,NA,LOS ANGELES,LOS ANGELES,-118.46954345703124,34.077781677246094
9001822,2019,2020-01-08,1942,2019-11-06,1820,43582,1331,3,5,7,1942,0,0,0,M,0,13A41,30TH ST,MAPLE AV,0,NA,Y,A,-,N,NA,NA,NA,NA,NA,NA,NA,NA,NA,N,4,0,1,2,A,-,10,21950,A,F,G,B,B,A,H,-,C,D,0,Y,NA,NA,NA,Y,NA,-,99,0,0,1,0,1,0,0,0,0,-,-,NA,NA,LOS ANGELES,LOS ANGELES,-118.26744079589844,34.02033996582031
9001826,2019,2020-01-08,1942,2019-11-07,1710,43585,1343,4,5,7,1942,0,0,0,M,0,13X76,AVALON BL,JEFFERSON BL,100,S,N,A,-,N,NA,NA,NA,NA,NA,NA,NA,NA,NA,Y,4,0,1,2,D,-,00,NA,NA,N,D,C,A,A,H,-,B,D,0,NA,NA,NA,NA,Y,NA,-,-,0,0,1,0,0,0,0,0,0,-,-,NA,NA,LOS ANGELES,LOS ANGELES,-118.26527404785156,34.01506423950195
9001830,2019,2020-01-08,1942,2019-11-07,1600,43402,1363,4,5,7,1942,0,0,0,M,0,13X45,MCKINLEY AV,51ST ST,10,S,N,A,-,N,NA,NA,NA,NA,NA,NA,NA,NA,NA,N,4,0,1,2,A,-,04,21703,NA,N,A,C,A,A,H,-,A,A,0,NA,NA,NA,NA,Y,NA,A,01,0,0,1,0,0,0,0,0,0,-,-,NA,NA,LOS ANGELES,LOS ANGELES,-118.26087188720705,33.99656295776367
9001834,2019,2020-01-08,1942,2019-11-08,0300,39730,1313,5,5,7,1942,0,0,0,M,0,1313,CENTRAL AV,21ST ST,10,N,N,A,-,N,NA,NA,NA,NA,NA,NA,NA,NA,NA,Y,3,0,1,3,A,-,03,22350,NA,N,F,E,A,B,-,-,C,D,0,NA,Y,NA,NA,Y,Y,A,01,0,1,0,0,0,0,0,0,0,-,-,NA,NA,LOS ANGELES,LOS ANGELES,-118.25240325927734,34.0224609375
9001838,2019,2020-01-08,1942,2019-11-08,2111,39876,1363,5,5,7,1942,0,0,0,M,0,24T31,CENTRAL AV,51ST ST,110,N,N,A,-,N,NA,NA,NA,NA,NA,NA,NA,NA,NA,Y,4,0,2,2,A,-,09,21804,A,F,D,C,A,A,H,-,C,D,0,NA,NA,NA,NA,Y,NA,-,99,0,0,2,0,0,0,0,0,0,-,-,NA,NA,LOS ANGELES,LOS ANGELES,-118.2564697265625,33.99740982055664
9001841,2019,2020-02-19,1942,2019-11-13,1725,43459,0204,3,5,7,1942,0,0,0,B,0,2A2-W5,SUNSET BL,LUCILE AV,0,NA,Y,A,-,N,NA,NA,NA,NA,NA,NA,NA,NA,NA,N,4,0,1,2,A,-,09,21801,NA,N,B,C,A,A,H,-,C,D,0,NA,NA,NA,NA,Y,NA,-,NA,0,0,1,0,0,0,0,0,0,-,-,NA,NA,LOS ANGELES,LOS ANGELES,-118.27880096435548,34.09088897705078
9001844,2019,2020-01-31,1942,2019-11-04,0930,40089,05112,1,5,7,1942,0,0,0,E,0,5A11,PACIFIC COAST HWY,BELLE PORTE AV,0,NA,Y,A,-,N,NA,NA,NA,NA,NA,NA,NA,NA,NA,Y,4,0,4,2,A,-,09,21802,NA,N,B,C,A,A,H,-,A,A,0,NA,NA,NA,NA,Y,NA,A,01,0,0,4,0,0,0,0,0,0,-,-,NA,NA,LOS ANGELES,LOS ANGELES,-118.30120086669922,33.7894401550293
9001845,2019,2020-01-08,1942,2019-11-02,0430,40193,2A75,6,5,7,1942,0,0,0,NA,0,2A45,OLYMPIC BL,S BONNIE BRAE ST,0,NA,Y,A,-,N,NA,NA,NA,NA,NA,NA,NA,NA,NA,N,4,0,2,2,A,-,03,22350,NA,F,C,C,A,A,H,-,C,A,0,NA,NA,NA,NA,Y,NA,-,99,0,0,2,0,0,0,0,0,0,-,-,NA,NA,LOS ANGELES,LOS ANGELES,-118.27764129638672,34.05072021484375
9001849,2019,2020-01-08,1942,2019-11-03,1950,43015,0182,7,5,7,1942,0,0,0,A,0,18B22,9TH ST,FLOWER ST,60,W,N,A,-,N,NA,NA,NA,NA,NA,NA,NA,NA,NA,Y,4,0,1,2,A,-,01,23152,A,N,C,C,A,A,H,-,C,A,0,NA,NA,NA,NA,Y,Y,A,01,0,0,1,0,0,0,0,0,0,-,-,NA,NA,LOS ANGELES,LOS ANGELES,-118.26155090332033,34.04590606689453
9001860,2019,2020-02-06,1942,2019-12-08,1220,43453,LOS A,7,5,7,1942,0,0,0,NA,0,0162,DALY ST,MAIN ST,0,NA,Y,B,-,N,NA,NA,NA,NA,NA,NA,NA,NA,NA,N,4,0,1,2,A,-,08,22107,NA,F,H,B,B,B,H,-,A,A,0,Y,NA,NA,NA,Y,NA,-,99,0,0,1,0,1,0,0,0,0,-,-,NA,NA,LOS ANGELES,LOS ANGELES,-118.21546936035156,34.06597900390625
9001864,2019,2020-02-06,1942,2019-12-06,0720,26540,0237,5,5,7,1942,0,0,0,B,0,2A17,2ND ST,EMERALD ST,0,NA,Y,A,-,N,NA,NA,NA,NA,NA,NA,NA,NA,NA,N,4,0,2,2,A,-,09,21801,NA,N,D,C,A,A,H,-,A,D,0,NA,NA,NA,NA,Y,NA,A,01,0,0,2,0,0,0,0,0,0,-,-,NA,NA,LOS ANGELES,LOS ANGELES,-118.2573013305664,34.05949020385742
9001868,2019,2020-02-27,1942,2019-12-08,2120,35182,NA,7,5,7,1942,0,0,0,NA,0,4A9,6TH ST,GRANDE VISTA AV,8,W,N,A,-,N,NA,NA,NA,NA,NA,NA,NA,NA,NA,Y,4,0,1,3,A,-,03,22350,A,F,B,E,E,A,-,-,C,D,0,Y,NA,NA,NA,Y,Y,-,99,0,0,1,0,1,0,0,0,0,-,-,NA,NA,LOS ANGELES,LOS ANGELES,-118.20233154296876,34.032379150390625
9001872,2019,2020-02-06,1942,2019-12-07,1735,42697,0439,6,5,7,1942,0,0,0,D,0,4A58-W,MARIANNA AV,WORTH ST,100,N,N,A,-,N,NA,NA,NA,NA,NA,NA,NA,NA,NA,N,4,0,1,2,A,-,04,21703,NA,F,C,C,A,A,H,-,C,D,0,NA,NA,NA,NA,Y,NA,-,99,0,0,1,0,0,0,0,0,0,-,-,NA,NA,LOS ANGELES,LOS ANGELES,-118.17911529541016,34.06254196166992
9001876,2019,2020-02-06,1942,2019-12-03,1819,43005,1383,2,5,7,1942,0,0,0,M,0,13X71,61ST ST,SAN PEDRO,0,NA,-,C,-,N,NA,NA,NA,NA,NA,NA,NA,NA,NA,N,3,0,1,2,A,-,00,20001,A,F,C,C,A,B,H,-,C,A,0,NA,NA,Y,NA,Y,Y,-,99,0,1,0,0,0,0,0,0,1,-,-,NA,NA,LOS ANGELES,LOS ANGELES,-118.2695770263672,33.984249114990234
9001880,2019,2020-02-06,1942,2019-12-04,1600,43402,1352,3,5,7,1942,0,0,0,M,0,13X71,AVALON BL,VERNON AV,7,N,N,A,-,N,NA,NA,NA,NA,NA,NA,NA,NA,NA,N,2,0,1,2,A,-,10,21950,A,F,G,B,C,B,H,-,A,D,0,Y,NA,NA,NA,Y,NA,-,99,1,0,0,0,1,0,0,0,0,-,-,NA,NA,LOS ANGELES,LOS ANGELES,-118.26526641845705,34.00389099121094
9001884,2019,2020-02-06,1942,2019-12-02,1540,43139,1313,1,5,7,1942,0,0,0,M,0,13A,EAST WASHINGTON BL,CENTRAL ALY,200,E,N,A,-,N,NA,NA,NA,NA,NA,NA,NA,NA,NA,Y,4,0,5,3,A,-,03,22350,NA,N,C,C,A,A,H,-,A,A,0,NA,NA,NA,NA,Y,NA,A,01,0,0,5,0,0,0,0,0,0,-,-,NA,NA,LOS ANGELES,LOS ANGELES,-118.25000762939452,34.02412033081055
9001888,2019,2020-02-06,1942,2019-12-02,1630,43839,1347,1,5,7,1942,0,0,0,M,0,13X28,ALAMEDA,VERNON,10,S,N,A,-,N,NA,NA,NA,NA,NA,NA,NA,NA,NA,Y,4,0,1,2,A,-,03,22350,NA,N,C,D,A,A,H,-,A,A,0,NA,NA,Y,NA,Y,NA,A,01,0,0,1,0,0,0,0,0,1,-,-,NA,NA,LOS ANGELES,LOS ANGELES,-118.23918914794922,34.003883361816406
9001892,2019,2020-02-06,1942,2019-12-03,0030,43959,1331,2,5,7,1942,0,0,0,M,0,13A27,ADAMS AV,BROADWAY,0,NA,Y,A,-,N,NA,NA,NA,NA,NA,NA,NA,NA,NA,Y,4,0,1,2,A,-,09,21801,A,F,A,C,A,A,H,-,C,A,0,NA,NA,NA,NA,Y,NA,A,01,0,0,1,0,0,0,0,0,0,-,-,NA,NA,LOS ANGELES,LOS ANGELES,-118.26978302001952,34.02534866333008
9001896,2019,2020-02-06,1942,2019-12-04,2040,40514,1353,3,5,7,1942,0,0,0,M,0,13A43,VERNON,STANFORD,200,E,N,A,-,N,NA,NA,NA,NA,NA,NA,NA,NA,NA,N,4,0,1,2,A,-,08,22107,NA,F,B,G,A,B,H,-,C,D,0,NA,Y,NA,NA,Y,NA,-,99,0,0,1,0,0,0,1,0,0,-,-,NA,NA,LOS ANGELES,LOS ANGELES,-118.26329803466795,34.00389099121094
9001900,2019,2020-02-06,1942,2019-12-04,1815,40598,1333,3,5,7,1942,0,0,0,M,0,1A12,SAN PEDRO ST,33RD ST,150,N,N,B,-,N,NA,NA,NA,NA,NA,NA,NA,NA,NA,N,4,0,2,3,A,-,03,22350,NA,F,C,C,A,B,H,-,B,A,0,NA,NA,NA,NA,Y,NA,-,99,0,0,2,0,0,0,0,0,0,-,-,NA,NA,LOS ANGELES,LOS ANGELES,-118.26451873779295,34.01658630371094