CASE_ID,ACCIDENT_YEAR,PROC_DATE,JURIS,COLLISION_DATE,COLLISION_TIME,OFFICER_ID,REPORTING_DISTRICT,DAY_OF_WEEK,CHP_SHIFT,POPULATION,CNTY_CITY_LOC,SPECIAL_COND,BEAT_TYPE,CHP_BEAT_TYPE,CITY_DIVISION_LAPD,CHP_BEAT_CLASS,BEAT_NUMBER,PRIMARY_RD,SECONDARY_RD,DISTANCE,DIRECTION,INTERSECTION,WEATHER_1,WEATHER_2,STATE_HWY_IND,CALTRANS_COUNTY,CALTRANS_DISTRICT,STATE_ROUTE,ROUTE_SUFFIX,POSTMILE_PREFIX,POSTMILE,LOCATION_TYPE,RAMP_INTERSECTION,SIDE_OF_HWY,TOW_AWAY,COLLISION_SEVERITY,NUMBER_KILLED,NUMBER_INJURED,PARTY_COUNT,PRIMARY_COLL_FACTOR,PCF_CODE_OF_VIOL,PCF_VIOL_CATEGORY,PCF_VIOLATION,PCF_VIOL_SUBSECTION,HIT_AND_RUN,TYPE_OF_COLLISION,MVIW,PED_ACTION,ROAD_SURFACE,ROAD_COND_1,ROAD_COND_2,LIGHTING,CONTROL_DEVICE,CHP_ROAD_TYPE,PEDESTRIAN_ACCIDENT,BICYCLE_ACCIDENT,MOTORCYCLE_ACCIDENT,TRUCK_ACCIDENT,NOT_PRIVATE_PROPERTY,ALCOHOL_INVOLVED,STWD_VEHTYPE_AT_FAULT,CHP_VEHTYPE_AT_FAULT,COUNT_SEVERE_INJ,COUNT_VISIBLE_INJ,COUNT_COMPLAINT_PAIN,COUNT_PED_KILLED,COUNT_PED_INJURED,COUNT_BICYCLIST_KILLED,COUNT_BICYCLIST_INJURED,COUNT_MC_KILLED,COUNT_MC_INJURED,PRIMARY_RAMP,SECONDARY_RAMP,LATITUDE,LONGITUDE,COUNTY,CITY,POINT_X,POINT_Y
9002482,2019,2020-01-03,1976,2019-11-26,1001,576,1976,2,5,5,1976,0,0,0,NA,0,003,GUNN AV,LAMBERT RD,0,NA,Y,A,-,N,NA,NA,NA,NA,NA,NA,NA,NA,NA,Y,4,0,2,3,D,-,00,NA,NA,N,D,C,A,A,H,-,A,A,0,NA,NA,NA,NA,Y,NA,-,-,0,0,2,0,0,0,0,0,0,-,-,NA,NA,LOS ANGELES,WHITTIER,-118.0246810913086,33.94900894165039
9002486,2019,2020-01-03,1976,2019-11-21,1646,370,NA,4,5,5,1976,0,0,0,NA,0,003,MAR VISTA ST,VALLEY VIEW AV,0,NA,Y,A,-,N,NA,NA,NA,NA,NA,NA,NA,NA,NA,N,3,0,1,2,A,-,03,22350,NA,N,C,C,A,A,H,-,B,D,0,NA,NA,NA,NA,Y,NA,-,NA,0,1,0,0,0,0,0,0,0,-,-,NA,NA,LOS ANGELES,WHITTIER,-118.02955627441406,33.97343063354492
9002490,2019,2020-01-03,1976,2019-11-21,1754,465,NA,4,5,5,1976,0,0,0,NA,0,NA,MAR VISTA ST,WASHINGTON AV,6,E,N,A,-,N,NA,NA,NA,NA,NA,NA,NA,NA,NA,N,3,0,1,2,A,-,10,21950,A,F,G,B,B,A,H,-,C,A,0,Y,NA,NA,NA,Y,NA,A,01,0,1,0,0,1,0,0,0,0,-,-,NA,NA,LOS ANGELES,WHITTIER,-118.0349578857422,33.973670959472656
9002494,2019,2020-01-03,1976,2019-11-08,2310,301,NA,5,5,5,1976,0,0,0,NA,0,NA,BEVERLY BL,HAVILAND AV,67,E,N,A,-,N,NA,NA,NA,NA,NA,NA,NA,NA,NA,Y,4,0,2,1,A,-,08,22107,NA,N,E,I,A,A,H,-,C,D,0,NA,NA,NA,NA,Y,NA,A,01,0,0,2,0,0,0,0,0,0,-,-,NA,NA,LOS ANGELES,WHITTIER,-118.03124237060548,33.98810958862305
90025034,2015,2015-10-19,9575,2015-09-29,1820,019853,NA,2,2,7,1942,0,1,1,NA,2,052,I-5 N/B (GOLDEN STATE FREEWAY),SHELDON ST.,1000,S,N,A,-,Y,NA,NA,NA,NA,NA,NA,NA,NA,NA,Y,4,0,1,3,A,-,03,22350,NA,N,C,C,A,A,H,-,B,D,0,NA,NA,NA,NA,Y,NA,A,07,0,0,1,0,0,0,0,0,0,-,-,34.23434,-118.40612,LOS ANGELES,LOS ANGELES,-118.40336,34.2316
9002506,2019,2020-01-03,1900,2019-11-01,1430,627413,0610,5,5,6,1985,0,0,0,NA,0,061,SOLEDAD CANYON RD,RUETHER AV,163,W,N,A,-,N,NA,NA,NA,NA,NA,NA,NA,NA,NA,Y,4,0,1,2,A,-,09,21804,A,N,D,C,A,A,H,-,A,D,0,NA,NA,Y,NA,Y,NA,A,08,0,0,1,0,0,0,0,0,1,-,-,34.42068862915039,-118.49900817871094,LOS ANGELES,SANTA CLARITA,-118.4990005493164,34.42074203491211
9002510,2019,2020-01-03,1900,2019-11-07,1605,623588,0625,4,5,6,1985,0,0,0,NA,0,62T1,SPRUCE ST,12TH ST,82,N,N,A,-,N,NA,NA,NA,NA,NA,NA,NA,NA,NA,Y,3,0,1,3,A,-,03,22350,NA,N,D,C,A,A,H,-,A,D,0,NA,NA,Y,NA,Y,NA,C,02,0,1,0,0,0,0,0,0,1,-,-,34.38359069824219,-118.53204345703124,LOS ANGELES,SANTA CLARITA,-118.53138732910156,34.38318634033203
9002514,2019,2020-01-03,1900,2019-11-17,1525,629219,0644,7,5,6,1985,0,0,0,NA,0,64T1,SOLEDAD CANYON RD,BOUQUET CANYON RD,0,NA,Y,A,-,N,NA,NA,NA,NA,NA,NA,NA,NA,NA,Y,4,0,3,2,A,-,12,21453,A,N,D,C,A,A,H,-,A,A,0,NA,NA,NA,NA,Y,NA,A,07,0,0,3,0,0,0,0,0,0,-,-,34.422698974609375,-118.54080200195313,LOS ANGELES,SANTA CLARITA,-118.54109954833984,34.42258071899414
90025142,2015,2015-10-19,9525,2015-09-29,0630,014444,NA,2,1,5,1926,0,1,1,NA,2,215,I-210 W/B (FOOTHILL FREEWAY),SUNFLOWER AVE,200,W,N,A,-,Y,NA,NA,NA,NA,NA,NA,NA,NA,NA,N,4,0,1,2,A,-,07,21658,A,N,B,C,A,A,H,-,A,D,0,NA,NA,Y,NA,Y,NA,A,01,0,0,1,0,0,0,0,0,1,-,-,34.07028,-117.50469,LOS ANGELES,GLENDORA,-117.847019,34.11769292
90025159,2015,2015-10-19,9525,2015-10-01,0805,012772,NA,4,1,5,1906,0,1,1,NA,2,104,I-10 E/B (SAN BERNARDINO FREEWAY),ATHOL ST.,200,E,N,A,-,Y,NA,NA,10,NA,NA,NA,NA,NA,E,N,4,0,2,1,A,-,03,22350,NA,N,E,I,A,A,H,-,A,D,0,NA,NA,NA,NA,Y,NA,A,01,0,0,2,0,0,0,0,0,0,-,-,34.06598,-117.99292,LOS ANGELES,BALDWIN PARK,-117.99291657,34.06595441
90025164,2015,2015-10-19,9580,2015-09-30,0940,016088,NA,3,1,7,1942,0,1,3,NA,2,171,SR-170 S/B (HOLLYWOOD FWY.),VICTORY BLVD,100,N,N,A,-,Y,NA,NA,170,NA,NA,NA,NA,NA,S,Y,4,0,1,2,A,-,03,22350,NA,N,C,C,A,A,H,-,A,D,0,NA,NA,NA,NA,Y,NA,A,01,0,0,1,0,0,0,0,0,0,-,-,34.18737,-118.4016,LOS ANGELES,LOS ANGELES,-118.40168956,34.18734992
90025172,2015,2015-10-19,9580,2015-09-30,0835,016088,NA,3,1,7,1942,0,1,2,NA,2,101,US-101 S/B (VENTURA FREEWAY),VINELAND AVE,250,N,N,A,-,Y,NA,NA,101,NA,NA,NA,NA,NA,S,N,3,0,1,2,A,-,17,22517,NA,N,F,A,A,A,H,-,A,D,0,NA,NA,Y,NA,Y,NA,D,22,0,1,0,0,0,0,0,0,1,-,-,34.14716,-118.37074,LOS ANGELES,LOS ANGELES,-118.37077251,34.14711361
9002518,2019,2020-01-03,1900,2019-11-13,1820,626575,0631,3,5,6,1985,0,0,0,NA,0,61T1,SOLEDAD CANYON RD,GAILXY AV,10,N,N,A,-,N,NA,NA,NA,NA,NA,NA,NA,NA,NA,Y,3,0,1,1,A,-,03,22350,NA,N,E,I,A,A,H,-,C,D,0,NA,NA,NA,NA,Y,NA,A,01,0,1,0,0,0,0,0,0,0,-,-,34.42509078979492,-118.42887878417967,LOS ANGELES,SANTA CLARITA,-118.42906951904295,34.426246643066406
9002519,2019,2020-02-06,1976,2019-12-10,2139,498,1976,2,5,5,1976,0,0,0,NA,0,003,BACON RD,LINDA VISTA DR,14,N,N,A,-,N,NA,NA,NA,NA,NA,NA,NA,NA,NA,Y,3,0,1,1,A,-,03,22350,NA,N,E,I,A,A,H,-,C,D,0,NA,NA,NA,NA,Y,NA,A,01,0,1,0,0,0,0,0,0,0,-,-,NA,NA,LOS ANGELES,WHITTIER,-118.01546478271484,33.97075271606445
9002522,2019,2020-01-03,1900,2019-11-14,2245,629107,0669,4,5,6,1985,0,0,0,NA,0,6271/P,WHITES CANYON RD,SKYLINE RANCH RD,98,S,N,A,-,N,NA,NA,NA,NA,NA,NA,NA,NA,NA,Y,2,0,1,1,A,-,03,22350,NA,N,E,I,A,A,H,-,C,D,0,NA,NA,NA,NA,Y,NA,A,01,1,0,0,0,0,0,0,0,0,-,-,34.442039489746094,-118.47297668457033,LOS ANGELES,SANTA CLARITA,-118.47282409667967,34.44395065307617
90025229,2015,2015-10-19,9580,2015-09-28,0610,20100,NA,1,1,7,1942,0,1,2,NA,2,103,US-101 S/B (VENTURA FREEWAY),HAVENHURST AVE U/C,5280,S,N,A,-,Y,NA,NA,101,NA,NA,NA,NA,NA,S,N,4,0,1,2,A,-,03,22350,NA,F,C,C,A,A,H,-,B,D,0,NA,NA,NA,NA,Y,NA,A,01,0,0,1,0,0,0,0,0,0,-,-,34.16552,-118.47599,LOS ANGELES,LOS ANGELES,-118.47602154,34.1652163
9002526,2019,2020-01-03,1900,2019-11-21,2105,623588,0622,4,5,6,1985,0,0,0,NA,0,62T1,MCBEAN PKWY,ARROYO PARK DR,0,NA,Y,A,-,N,NA,NA,NA,NA,NA,NA,NA,NA,NA,Y,3,0,1,2,A,-,12,21453,A,N,D,C,A,A,H,-,C,A,0,NA,NA,NA,NA,Y,NA,A,01,0,1,0,0,0,0,0,0,0,-,-,34.40473937988281,-118.53325653076172,LOS ANGELES,SANTA CLARITA,-118.55333709716795,34.4046516418457
90025279,2015,2015-10-19,9535,2015-10-01,1615,19125,NA,4,2,9,1900,0,1,1,NA,2,071,I-710 S/B (LONG BEACH FREEWAY),CESAR E CHAVEZ AVE,1056,N,N,A,-,Y,NA,NA,710,NA,NA,NA,NA,NA,S,N,4,0,1,2,A,-,00,22530,NA,N,C,C,A,A,H,-,A,D,0,NA,NA,NA,NA,Y,NA,A,01,0,0,1,0,0,0,0,0,0,-,-,34.04174,-118.17032,LOS ANGELES,UNINCORPORATED,-118.17023448,34.04173956
9002530,2019,2020-01-03,1900,2019-11-22,0730,508705,0612,5,5,6,1985,0,0,0,NA,0,61T1,SIERRA HWY,DOLAN WY,236,S,N,A,-,N,NA,NA,NA,NA,NA,NA,NA,NA,NA,Y,4,0,1,3,A,-,03,22350,NA,N,C,C,A,A,H,-,A,D,0,NA,NA,NA,NA,Y,NA,A,01,0,0,1,0,0,0,0,0,0,-,-,34.41910171508789,-118.45449829101564,LOS ANGELES,SANTA CLARITA,-118.45449066162108,34.41904830932617
90025334,2015,2015-10-19,9540,2015-09-30,1145,017076,NA,3,1,6,1985,0,1,3,NA,1,144,SR-14 N/B (ANTELOPE VALLEY FWY)(AVF),PLACERITA CANYON ROAD,1584,S,N,A,-,Y,NA,NA,14,NA,NA,NA,NA,NA,N,N,4,0,1,2,A,-,01,23152,E,F,C,C,A,A,H,-,A,D,0,NA,NA,NA,NA,Y,NA,A,01,0,0,1,0,0,0,0,0,0,-,-,34.37224,-118.49918,LOS ANGELES,SANTA CLARITA,-118.499261,34.37229596
9002534,2019,2020-03-09,1900,2019-11-22,1926,407307,0645,5,5,6,1985,0,0,0,NA,0,64T1,MAGIC MOUNTAIN PKWY,RT 5,0,NA,Y,A,-,Y,LA,7,90,-,-,1.42,H,-,W,Y,3,0,2,2,A,-,12,21453,A,N,B,C,A,A,H,-,C,A,0,NA,NA,NA,NA,Y,NA,A,01,0,2,0,0,0,0,0,0,0,-,NO,34.42359161376953,-118.58306884765624,LOS ANGELES,SANTA CLARITA,-118.43389892578124,33.98308181762695
9002538,2019,2020-01-03,1900,2019-11-25,1040,407357,0610,1,5,6,1985,0,0,0,NA,0,61T1,CAMP PLENTY RD,SOLEDAD CANYON RD,325,N,N,A,-,N,NA,NA,NA,NA,NA,NA,NA,NA,NA,N,4,0,2,2,A,-,09,21801,A,N,D,C,A,A,H,-,A,D,0,NA,NA,NA,NA,Y,NA,A,01,0,0,2,0,0,0,0,0,0,-,-,34.41693878173828,-118.47618103027344,LOS ANGELES,SANTA CLARITA,-118.47597503662108,34.41657257080078
90025382,2015,2015-10-19,9535,2015-09-29,0755,016021,NA,2,1,9,1900,0,1,3,NA,2,600,SR-60 E/B (POMONA FWY),MEDNIK AVE.,1056,E,N,A,-,Y,NA,NA,60,NA,NA,NA,NA,NA,E,Y,4,0,2,2,A,-,03,22350,NA,N,C,C,A,A,H,-,A,D,0,NA,NA,NA,NA,Y,NA,A,01,0,0,2,0,0,0,0,0,0,-,-,34.03641,-118.15706,LOS ANGELES,UNINCORPORATED,-118.15706131,34.03650177
90025413,2015,2015-10-19,9580,2015-09-29,1715,021018,NA,2,2,7,1942,0,1,3,NA,2,116,SR-118 E/B (RONALD REAGAN FWY.),TAMPA AVE,500,E,N,A,-,Y,NA,NA,118,NA,NA,NA,NA,NA,E,N,4,0,1,3,A,-,03,22350,NA,N,C,C,A,A,H,-,A,D,0,NA,NA,NA,NA,Y,NA,A,01,0,0,1,0,0,0,0,0,0,-,-,34.27354,-118.54856,LOS ANGELES,LOS ANGELES,-118.54856515,34.27355771
9002542,2019,2020-01-03,1900,2019-11-03,1505,636373,0612,7,5,6,1985,0,0,0,NA,0,61T1,WHITES CANYON RD,DELIGHT ST,0,NA,Y,A,-,N,NA,NA,NA,NA,NA,NA,NA,NA,NA,N,4,0,1,3,A,-,09,21801,A,N,D,C,A,A,H,-,A,A,0,NA,NA,NA,NA,Y,NA,A,01,0,0,1,0,0,0,0,0,0,-,-,34.42372131347656,-118.47216796875,LOS ANGELES,SANTA CLARITA,-118.47206115722656,34.42369842529297
90025456,2015,2015-10-19,9580,2015-09-27,1335,020791,NA,7,1,7,1942,0,1,2,NA,2,103,US-101 S/B (VENTURA FREEWAY),HASKELL AVE,500,N,N,A,-,Y,NA,NA,101,NA,NA,NA,NA,NA,S,Y,4,0,1,4,A,-,03,22350,NA,N,C,C,A,A,H,-,A,D,0,NA,NA,NA,NA,Y,NA,A,01,0,0,1,0,0,0,0,0,0,-,-,34.16508,-118.48151,LOS ANGELES,LOS ANGELES,-118.48151181,34.16521485
9002546,2019,2020-01-03,1900,2019-11-14,1530,634467,0612,4,5,6,1985,0,0,0,NA,0,61K,SOLEDAD CANYON RD,HIDAWAY AV,0,NA,Y,A,-,N,NA,NA,NA,NA,NA,NA,NA,NA,NA,Y,4,0,1,2,A,-,09,21801,A,N,D,C,A,A,H,-,A,D,0,NA,NA,NA,NA,Y,NA,A,01,0,0,1,0,0,0,0,0,0,-,-,34.415679931640625,-118.4690399169922,LOS ANGELES,SANTA CLARITA,-118.4689712524414,34.41569900512695
9002549,2019,2019-12-30,1942,2019-10-14,0815,43970,0825,1,5,7,1942,0,0,0,H,0,8A29,SAN VICENTE BL,MORENO AV,0,NA,Y,A,-,N,NA,NA,NA,NA,NA,NA,NA,NA,NA,Y,4,0,1,2,A,-,07,21658,A,N,B,C,A,A,H,-,A,D,0,NA,NA,NA,NA,Y,NA,A,01,0,0,1,0,0,0,0,0,0,-,-,NA,NA,LOS ANGELES,LOS ANGELES,-118.48815155029295,34.04922866821289
9002550,2019,2020-01-03,1942,2019-11-19,1210,36678,2136,2,5,7,1942,0,0,0,NA,0,21A5,DEERING AV,SATICOY ST,6,S,N,B,-,N,NA,NA,NA,NA,NA,NA,NA,NA,NA,N,3,0,1,2,A,-,05,21650,1,N,D,G,A,A,H,-,A,D,0,NA,Y,NA,NA,Y,NA,L,04,0,1,0,0,0,0,1,0,0,-,-,NA,NA,LOS ANGELES,LOS ANGELES,-118.5966567993164,34.20829391479492
9002554,2019,2020-02-04,1942,2019-11-16,2050,43759,2146,6,5,7,1942,0,0,0,NA,0,21A43,VANOWEN ST,OWENSMOUTH AV,0,NA,Y,A,-,N,NA,NA,NA,NA,NA,NA,NA,NA,NA,N,4,0,1,2,A,-,12,21453,A,N,D,C,A,A,H,-,C,A,0,NA,NA,NA,NA,Y,NA,-,-,0,0,1,0,0,0,0,0,0,-,-,NA,NA,LOS ANGELES,LOS ANGELES,-118.6015167236328,34.19375991821289
9002558,2019,2020-01-03,1942,2019-11-21,1450,39746,2187,4,5,7,1942,0,0,0,NA,0,21A97,CANOGA AV,VENTURA BL,0,NA,Y,A,-,N,NA,NA,NA,NA,NA,NA,NA,NA,NA,Y,4,0,1,2,A,-,09,21801,A,N,D,C,A,A,H,-,A,A,0,NA,NA,NA,NA,Y,NA,A,07,0,0,1,0,0,0,0,0,0,-,-,NA,NA,LOS ANGELES,LOS ANGELES,-118.59744262695313,34.16786193847656
90025804,2015,2015-10-19,9540,2015-09-15,0420,019716,NA,2,3,9,1900,0,1,1,NA,2,505,I-5 (GSF) (TRUCK BYPASS) S/B,SIERRA HWY,1056,N,N,B,C,Y,NA,NA,NA,NA,NA,NA,NA,NA,NA,Y,3,0,1,1,A,-,03,22350,NA,N,E,I,A,B,H,-,D,D,0,NA,NA,NA,Y,Y,NA,G,25,0,1,0,0,0,0,0,0,0,-,-,34.33581,-118.50772,LOS ANGELES,UNINCORPORATED,NA,NA
90025843,2015,2015-10-19,9540,2015-09-30,2115,020501,NA,3,2,7,1942,0,1,1,NA,2,500,I-5 N/B (GOLDEN STATE FREEWAY),SR-118,150,N,N,A,-,Y,NA,NA,5,NA,NA,NA,NA,NA,N,Y,3,0,5,2,A,-,03,22350,NA,N,C,C,A,A,H,-,C,D,0,NA,NA,NA,NA,Y,NA,A,01,0,4,1,0,0,0,0,0,0,-,-,34.26856,-118.44499,LOS ANGELES,LOS ANGELES,-118.44512355,34.26841604
9002590,2019,2020-01-06,1900,2019-11-30,1955,612439,0643,6,5,6,1985,0,0,0,NA,0,64T1,MCBEAN PKWY,NEWHALL RANCH RD,360,N,N,C,-,N,NA,NA,NA,NA,NA,NA,NA,NA,NA,N,4,0,2,2,A,-,04,21703,NA,M,C,C,A,B,H,-,C,D,0,NA,NA,NA,NA,Y,NA,A,01,0,0,2,0,0,0,0,0,0,-,-,34.43180847167969,-118.5569076538086,LOS ANGELES,SANTA CLARITA,-118.55694580078124,34.432228088378906
90026132,2015,2015-10-19,9540,2015-10-02,1900,018721,NA,5,2,9,1900,0,2,4,NA,1,102,HASLEY CYN RD,CAMBRIDGE AVE,0,NA,Y,A,-,N,NA,NA,NA,NA,NA,NA,NA,NA,NA,Y,3,0,3,2,A,-,09,21801,A,N,B,C,A,A,H,-,A,A,0,NA,NA,NA,NA,Y,NA,D,22,0,2,1,0,0,0,0,0,0,-,-,34.45469,-118.62124,LOS ANGELES,UNINCORPORATED,-118.62143008,34.45494009
90026141,2015,2015-10-19,9530,2015-10-02,1405,017860,NA,5,2,7,1942,0,1,1,NA,2,400,I-405 S/B (SAN DIEGO FREEWAY),NORMANDIE AVE.,1750,N,N,A,-,Y,NA,NA,405,NA,NA,NA,NA,NA,S,Y,4,0,1,2,A,-,03,22350,NA,N,C,C,A,A,H,-,A,D,0,NA,NA,Y,NA,Y,NA,C,02,0,0,1,0,0,0,0,0,1,-,-,33.85959,-118.30517,LOS ANGELES,LOS ANGELES,-118.30517011,33.85971992
90026151,2015,2015-11-30,9530,2015-10-02,0735,020427,NA,5,1,9,1900,0,3,5,NA,2,001,LIVE OAK ST. (2700 BLOCK),SEVILLE AVE.,220,E,N,A,-,N,NA,NA,NA,NA,NA,NA,NA,NA,NA,Y,4,0,3,3,A,-,09,21804,A,N,C,C,A,A,H,-,A,D,0,NA,NA,NA,NA,Y,NA,A,01,0,0,3,0,0,0,0,0,0,-,-,33.97135,-118.22158,LOS ANGELES,UNINCORPORATED,-118.22173157,33.97130439
90026190,2015,2015-10-19,9530,2015-10-01,1525,015615,NA,4,2,7,1941,0,1,1,NA,2,072,I-710 N/B TO I-405 S/B,PACIFIC AVE.,528,N,N,A,-,Y,NA,NA,710,NA,NA,NA,R,NA,N,Y,4,0,1,2,A,-,03,22350,NA,N,C,C,A,A,H,-,A,D,0,NA,NA,NA,NA,Y,NA,A,07,0,0,1,0,0,0,0,0,0,-,-,33.82584,-118.20569,LOS ANGELES,LONG BEACH,-118.20569,33.82584
90026231,2015,2015-10-19,9530,2015-10-02,1745,20716,NA,5,2,9,1900,0,3,5,NA,2,002,STOCKWELL ST.,WILLOWBROOK AVE.,0,NA,Y,A,-,N,NA,NA,NA,NA,NA,NA,NA,NA,NA,Y,4,0,2,2,A,-,12,21453,A,N,D,C,A,A,H,-,A,A,0,NA,NA,NA,NA,Y,NA,A,07,0,0,2,0,0,0,0,0,0,-,-,33.54389,-118.1344,LOS ANGELES,UNINCORPORATED,-118.22884011,33.91083012
90026234,2015,2015-10-19,9530,2015-10-02,1130,019980,NA,5,1,7,1942,0,1,3,NA,1,470,SR-47 S/B (VINCENT THOMAS BRIDGE),I-110,20,S,N,A,-,Y,NA,NA,47,NA,NA,NA,NA,NA,S,Y,4,0,2,2,A,-,01,23152,E,N,A,C,A,A,H,-,A,D,0,NA,NA,NA,NA,Y,NA,A,01,0,0,2,0,0,0,0,0,0,-,-,33.74883,-118.29081,LOS ANGELES,LOS ANGELES,-118.29082376,33.74886088
90026276,2015,2015-11-13,9530,2015-10-02,0530,020718,NA,5,3,9,1900,0,3,5,NA,2,001,ALAMEDA STREET,92ND STREET,0,NA,Y,A,-,N,NA,NA,NA,NA,NA,NA,NA,NA,NA,Y,2,0,2,2,A,-,09,21801,A,N,A,C,A,A,H,-,C,A,0,NA,NA,NA,NA,Y,NA,A,07,1,0,1,0,0,0,0,0,0,-,-,33.95331,-118.23009,LOS ANGELES,UNINCORPORATED,-118.22964004,33.95331002
90026374,2015,2015-10-19,9550,2015-10-04,0134,020688,NA,7,3,9,1900,0,1,3,NA,2,602,STATE ROUTE 60 W/B (POMONA FREEWAY),FULLERTON ROAD,1700,E,N,A,-,Y,NA,NA,60,NA,NA,NA,NA,NA,W,Y,2,0,2,2,A,-,01,23152,A,N,C,C,A,A,H,-,C,D,0,NA,NA,NA,NA,Y,Y,A,01,1,0,1,0,0,0,0,0,0,-,-,33.99422,-117.8994,LOS ANGELES,UNINCORPORATED,-117.89939982,33.99428074
90026400,2015,2015-10-19,9540,2015-10-02,1820,020678,NA,5,2,9,1900,0,1,3,NA,2,146,SR-14 NB (ANTELOPE VALLEY FWY),WARD RD,1355,S,N,A,-,Y,NA,NA,14,NA,NA,NA,NA,NA,N,N,4,0,1,3,A,-,03,22350,NA,N,C,C,A,A,H,-,A,D,0,NA,NA,NA,NA,Y,NA,A,01,0,0,1,0,0,0,0,0,0,-,-,34.50134,-118.23196,LOS ANGELES,UNINCORPORATED,-118.23195645,34.50135463
90026449,2015,2015-10-19,9540,2015-10-02,1800,018721,NA,5,2,9,1900,0,2,4,NA,1,102,HASLEY CYN ROAD,HASLEY CYN CENTER,0,NA,Y,A,-,N,NA,NA,NA,NA,NA,NA,NA,NA,NA,Y,4,0,2,2,A,-,12,21453,A,N,A,C,A,A,H,-,A,A,0,NA,NA,NA,NA,Y,NA,A,01,0,0,2,0,0,0,0,0,0,-,-,34.45644,-118.61949,LOS ANGELES,UNINCORPORATED,-118.71809011,34.47466009
90026478,2015,2015-10-19,9540,2015-09-30,1925,019772,NA,3,2,9,1900,0,1,1,NA,1,503,I-5 S/B (GOLDEN STATE FREEWAY),CALGROVE BOULEVARD,2640,S,N,A,-,Y,NA,NA,5,NA,NA,NA,NA,NA,S,Y,4,0,1,2,A,-,07,21658,A,F,E,C,A,A,H,-,D,D,0,NA,NA,NA,NA,Y,NA,-,99,0,0,1,0,0,0,0,0,0,-,-,34.35288,-118.54804,LOS ANGELES,UNINCORPORATED,-118.54811505,34.35279699
9002653,2018,2019-12-16,1942,2018-08-15,1300,40515,1381,3,5,7,1942,0,0,0,M,0,13A93,BROADWAY,61ST ST,0,NA,Y,A,-,N,NA,NA,NA,NA,NA,NA,NA,NA,NA,Y,2,0,1,2,A,-,08,22107,NA,N,D,C,A,A,H,-,A,D,0,NA,NA,NA,NA,Y,NA,A,01,1,0,0,0,0,0,0,0,0,-,-,NA,NA,LOS ANGELES,LOS ANGELES,-118.27829,33.98421
90026551,2015,2015-10-19,9535,2015-10-01,0835,015632,NA,4,1,5,1959,0,1,1,NA,2,401,I-10 (SAN BERNARDINO FREEWAY) W/B,ROSEMEAD BLVD,150,E,N,A,-,Y,NA,NA,10,NA,NA,NA,NA,NA,W,Y,3,0,1,2,A,-,03,22350,NA,N,C,C,A,A,H,-,A,D,0,NA,NA,NA,NA,Y,NA,A,01,0,1,0,0,0,0,0,0,0,-,-,34.07234,-118.07237,LOS ANGELES,ROSEMEAD,-118.07237064,34.07241503
90026599,2015,2015-10-19,9540,2015-10-05,2325,020733,NA,1,3,9,1900,0,1,3,NA,2,147,SR-14 S/B (ANTELOPE VALLEY FREEWAY),RED ROVER MINE RD,2000,S,N,A,-,Y,NA,NA,NA,NA,NA,NA,NA,NA,NA,Y,4,0,1,1,A,-,08,22107,NA,N,F,A,A,A,H,-,D,D,0,NA,NA,NA,NA,Y,NA,A,01,0,0,1,0,0,0,0,0,0,-,-,34.53091,-118.24193,LOS ANGELES,UNINCORPORATED,-118.2129633,34.49445931
90026604,2015,2015-10-19,9550,2015-09-30,0840,018408,NA,3,1,9,1900,0,1,1,NA,2,650,I-605 N/B TO WASHINGTON BLVD.,WASHINGTON BOULEVARD,600,N,N,A,-,Y,NA,NA,605,NA,NA,NA,R,NA,N,N,4,0,1,2,A,-,03,22350,NA,N,C,C,A,A,H,-,A,D,0,NA,NA,NA,NA,Y,NA,A,01,0,0,1,0,0,0,0,0,0,-,-,33.97617,-118.07827,LOS ANGELES,UNINCORPORATED,-118.07827,33.97617
90026628,2015,2015-10-19,9580,2015-09-29,0850,18852,NA,2,1,7,1942,0,1,1,NA,2,407,I-405 S/B TO ROSCOE BLVD,ROSCOE BLVD,70,N,N,A,-,Y,NA,NA,405,NA,NA,NA,R,NA,S,N,4,0,1,2,A,-,21,22106,NA,N,B,C,A,A,H,-,A,D,0,NA,NA,NA,Y,Y,NA,F,27,0,0,1,0,0,0,0,0,0,-,-,34.22189,-118.47371,LOS ANGELES,LOS ANGELES,-118.47371,34.22189
90026650,2015,2015-10-19,9535,2015-09-30,1718,020818,NA,3,2,9,1900,0,3,5,NA,2,002,NORTHSIDE DR,GARFIELD AVE.,0,NA,Y,A,-,N,NA,NA,NA,NA,NA,NA,NA,NA,NA,Y,4,0,1,2,A,-,09,21802,A,N,D,C,A,A,H,-,A,A,0,NA,NA,NA,NA,Y,NA,A,07,0,0,1,0,0,0,0,0,0,-,-,34.01309,-118.13049,LOS ANGELES,UNINCORPORATED,-118.1305201,34.01298006