CASE_ID,ACCIDENT_YEAR,PROC_DATE,JURIS,COLLISION_DATE,COLLISION_TIME,OFFICER_ID,REPORTING_DISTRICT,DAY_OF_WEEK,CHP_SHIFT,POPULATION,CNTY_CITY_LOC,SPECIAL_COND,BEAT_TYPE,CHP_BEAT_TYPE,CITY_DIVISION_LAPD,CHP_BEAT_CLASS,BEAT_NUMBER,PRIMARY_RD,SECONDARY_RD,DISTANCE,DIRECTION,INTERSECTION,WEATHER_1,WEATHER_2,STATE_HWY_IND,CALTRANS_COUNTY,CALTRANS_DISTRICT,STATE_ROUTE,ROUTE_SUFFIX,POSTMILE_PREFIX,POSTMILE,LOCATION_TYPE,RAMP_INTERSECTION,SIDE_OF_HWY,TOW_AWAY,COLLISION_SEVERITY,NUMBER_KILLED,NUMBER_INJURED,PARTY_COUNT,PRIMARY_COLL_FACTOR,PCF_CODE_OF_VIOL,PCF_VIOL_CATEGORY,PCF_VIOLATION,PCF_VIOL_SUBSECTION,HIT_AND_RUN,TYPE_OF_COLLISION,MVIW,PED_ACTION,ROAD_SURFACE,ROAD_COND_1,ROAD_COND_2,LIGHTING,CONTROL_DEVICE,CHP_ROAD_TYPE,PEDESTRIAN_ACCIDENT,BICYCLE_ACCIDENT,MOTORCYCLE_ACCIDENT,TRUCK_ACCIDENT,NOT_PRIVATE_PROPERTY,ALCOHOL_INVOLVED,STWD_VEHTYPE_AT_FAULT,CHP_VEHTYPE_AT_FAULT,COUNT_SEVERE_INJ,COUNT_VISIBLE_INJ,COUNT_COMPLAINT_PAIN,COUNT_PED_KILLED,COUNT_PED_INJURED,COUNT_BICYCLIST_KILLED,COUNT_BICYCLIST_INJURED,COUNT_MC_KILLED,COUNT_MC_INJURED,PRIMARY_RAMP,SECONDARY_RAMP,LATITUDE,LONGITUDE,COUNTY,CITY,POINT_X,POINT_Y
90033583,2015,2015-10-19,9530,2015-10-11,0025,20714,NA,7,3,9,1900,0,3,5,NA,2,005,PRAIRIE AVE. (15300 BLOCK),ALLEY WAY S/O MARINE AVE.,154,S,N,A,-,N,NA,NA,NA,NA,NA,NA,NA,NA,NA,Y,2,0,4,7,A,-,03,22350,NA,F,C,C,A,A,H,-,C,D,0,NA,NA,NA,NA,Y,NA,A,01,2,1,1,0,0,0,0,0,0,-,-,33.90381,-118.34387,LOS ANGELES,UNINCORPORATED,NA,NA
90033662,2015,2015-10-19,9580,2015-10-02,1334,021092,NA,5,1,3,1994,0,1,2,NA,2,109,US-101 S/B (VENTURA FREEWAY),KANAN RD,1056,S,N,A,-,Y,NA,NA,101,NA,NA,NA,NA,NA,S,Y,4,0,1,2,A,-,03,22350,NA,N,C,C,A,A,H,-,A,D,0,NA,NA,NA,NA,Y,NA,A,01,0,0,1,0,0,0,0,0,0,-,-,34.14414,-118.75102,LOS ANGELES,AGOURA HILLS,-118.75098606,34.14433289
90033675,2015,2015-10-19,9540,2015-10-18,1550,020875,NA,7,2,9,1900,0,1,3,NA,2,127,SR-126 E/B (HENRY MAYO DRIVE),COMMERCE CENTER DR,30,W,N,A,-,Y,NA,NA,126,NA,NA,NA,NA,NA,E,Y,4,0,1,2,A,-,03,22350,NA,N,C,C,A,A,H,-,A,A,0,NA,NA,NA,NA,Y,NA,A,01,0,0,1,0,0,0,0,0,0,-,-,34.43517,-118.61845,LOS ANGELES,UNINCORPORATED,-118.6184698,34.43519817
90033743,2015,2015-10-19,9545,2015-10-09,1650,019872,NA,5,2,9,1900,0,1,3,NA,1,042,SR-138,126TH ST  E,0,NA,Y,A,-,Y,NA,NA,138,NA,NA,NA,NA,NA,NA,Y,3,0,2,2,A,-,09,21802,A,N,D,C,A,A,H,-,A,D,0,NA,NA,NA,NA,Y,NA,A,01,0,1,1,0,0,0,0,0,0,-,-,34.50624,-117.90527,LOS ANGELES,UNINCORPORATED,-117.90526784,34.50645028
90033748,2015,2015-10-19,9590,2015-10-01,2215,020773,NA,4,3,7,1942,0,1,1,NA,2,050,I-110 N/B (HAF) TO FLORENCE AVE.,76TH ST.,500,S,N,A,-,Y,NA,NA,NA,NA,NA,NA,NA,NA,NA,Y,3,0,1,1,A,-,01,23152,A,M,E,I,A,A,H,-,C,D,0,NA,NA,NA,NA,Y,Y,A,01,0,1,0,0,0,0,0,0,0,-,-,34.96947,-118.28044,LOS ANGELES,LOS ANGELES,NA,NA
90033758,2015,2015-10-19,9535,2015-10-08,0835,016021,NA,4,1,5,1943,0,1,1,NA,2,101,I-105 (CENTURY FREEWAY) W/B,I-710 S/B,300,W,N,A,-,Y,NA,NA,105,NA,NA,NA,NA,NA,W,Y,3,0,1,2,A,-,07,21658,NA,F,C,C,A,A,H,-,A,D,0,NA,NA,Y,NA,Y,NA,D,22,0,1,0,0,0,0,0,0,1,-,-,33.91331,-118.18111,LOS ANGELES,LYNWOOD,-118.18107896,33.91340519
90033764,2015,2015-10-19,9545,2015-10-08,1755,015021,NA,4,2,9,1900,0,3,5,NA,2,002,ELIZABETH LAKE RD,GODDE HILL RD,10,W,N,A,-,N,NA,NA,NA,NA,NA,NA,NA,NA,NA,Y,4,0,1,2,A,-,03,22350,NA,N,C,C,A,A,H,-,A,D,0,NA,NA,NA,NA,Y,NA,A,01,0,0,1,0,0,0,0,0,0,-,-,34.60798,-118.25868,LOS ANGELES,UNINCORPORATED,-118.25871982,34.60798201
90033813,2015,2015-10-19,9540,2015-10-10,0210,020306,NA,6,3,7,1942,0,1,1,NA,2,504,1-5 NORTHBOUND TRUCK BYPASS LANES,BALBOA BLVD,1942,N,N,A,-,Y,NA,NA,NA,NA,NA,NA,NA,NA,NA,Y,3,0,1,1,A,-,01,23152,A,N,E,I,A,A,H,-,C,D,0,NA,NA,NA,NA,Y,Y,A,01,0,1,0,0,0,0,0,0,0,-,-,34.9247,-118.50194,LOS ANGELES,LOS ANGELES,NA,NA
90033840,2015,2015-10-19,9550,2015-10-04,0900,021087,NA,7,1,9,1900,0,3,5,NA,2,002,TELEGRAPH RD W/B,FLORENCE AVE.,400,W,N,B,-,N,NA,NA,NA,NA,NA,NA,NA,NA,NA,Y,3,0,1,1,A,-,08,22107,NA,N,E,I,A,A,H,-,A,D,0,NA,NA,NA,NA,Y,NA,A,01,0,1,0,0,0,0,0,0,0,-,-,33.93776,-118.04264,LOS ANGELES,UNINCORPORATED,-118.04199348,33.93722174
90033852,2015,2015-10-19,9550,2015-10-09,0830,015040,NA,5,1,5,1990,0,1,1,NA,2,500,I-5 S/B (SNA),I-605,200,N,N,A,-,Y,NA,NA,NA,NA,NA,NA,NA,NA,NA,Y,4,0,1,2,A,-,03,22350,NA,N,C,C,A,A,H,-,A,D,0,NA,NA,NA,NA,Y,NA,A,01,0,0,1,0,0,0,0,0,0,-,-,33.94197,-118.09722,LOS ANGELES,DIAMOND BAR,NA,NA
90033858,2015,2015-10-19,9550,2015-10-09,0640,015040,NA,5,1,6,1920,0,1,1,NA,2,500,I-5 NB (SANTA ANA FREEWAY),LAKEWOOD BOULEVARD,1000,S,N,A,-,Y,NA,NA,5,NA,NA,NA,NA,NA,N,Y,4,0,1,3,A,-,03,22350,NA,N,C,C,A,A,H,-,A,D,0,NA,NA,NA,NA,Y,NA,A,01,0,0,1,0,0,0,0,0,0,-,-,33.95567,-118.10835,LOS ANGELES,DOWNEY,-118.10842939,33.95555991
90033872,2015,2015-10-19,9550,2015-10-10,1000,020755,NA,6,1,5,1919,0,1,1,NA,2,652,I-605 S/B,SR-91,460,N,N,A,-,Y,NA,NA,605,NA,NA,NA,NA,NA,S,Y,4,0,2,2,A,-,08,22107,NA,F,B,C,A,A,H,-,A,D,0,NA,NA,NA,NA,Y,NA,-,99,0,0,2,0,0,0,0,0,0,-,-,33.87742,-118.10306,LOS ANGELES,CERRITOS,-118.10303155,33.87742968
90033885,2015,2015-10-19,9545,2015-10-09,1535,020159,NA,5,2,9,1900,0,3,5,NA,2,004,PEARBLOSSOM HWY,OLD NADEAU RD,30,E,N,A,-,N,NA,NA,NA,NA,NA,NA,NA,NA,NA,Y,4,0,4,3,A,-,03,22350,NA,N,C,C,A,A,H,-,A,D,0,NA,NA,NA,NA,Y,NA,A,01,0,0,4,0,0,0,0,0,0,-,-,34.5221,-118.09712,LOS ANGELES,UNINCORPORATED,-118.09592176,34.52378665
90033886,2015,2015-10-19,9590,2015-10-02,2215,020997,NA,5,3,7,1942,0,1,3,NA,2,031,SR-60 W/B (POMONA FREEWAY),LORENA STREET,0,NA,N,A,-,Y,NA,NA,60,NA,NA,NA,NA,NA,W,N,4,0,1,2,A,-,03,22350,NA,N,C,C,A,A,H,-,D,D,0,NA,NA,NA,NA,Y,NA,A,01,0,0,1,0,0,0,0,0,0,-,-,34.02881,-118.20369,LOS ANGELES,LOS ANGELES,-118.2037074,34.02893065
90033888,2015,2015-10-19,9530,2015-10-07,1835,018270,NA,3,2,7,1942,0,1,1,NA,2,120,I-110 S/B (HARBOR FREEWAY),GAFFEY ST.,1584,N,N,A,-,Y,NA,NA,110,NA,NA,NA,NA,NA,S,Y,4,0,4,4,A,-,03,22350,NA,N,B,C,A,A,H,-,A,D,0,NA,NA,NA,NA,Y,NA,D,22,0,0,4,0,0,0,0,0,0,-,-,33.75213,-118.29126,LOS ANGELES,LOS ANGELES,-118.29117114,33.75213449
90033892,2015,2015-10-19,9545,2015-10-09,0813,018862,NA,5,1,9,1900,0,1,3,NA,1,042,SR-138 W/B,82ND ST  E,200,E,N,A,-,Y,NA,NA,138,NA,NA,NA,NA,NA,W,N,4,0,1,2,A,-,03,22350,NA,N,C,C,A,A,H,-,A,D,0,NA,NA,NA,NA,Y,NA,A,01,0,0,1,0,0,0,0,0,0,-,-,34.52115,-117.982,LOS ANGELES,UNINCORPORATED,-117.98199983,34.52111731
90033952,2015,2015-10-19,9550,2015-09-30,0725,015382,NA,3,1,9,1900,0,2,4,NA,1,011,BROADWAY AVE.,NORWALK BOULEVARD,398,E,N,A,-,N,NA,NA,NA,NA,NA,NA,NA,NA,NA,Y,4,0,1,4,A,-,08,22107,NA,N,B,E,A,A,H,-,A,D,0,NA,NA,NA,NA,Y,NA,A,01,0,0,1,0,0,0,0,0,0,-,-,39.96944,-118.07024,LOS ANGELES,UNINCORPORATED,-118.0704873,33.96913602
90033969,2015,2017-03-14,9550,2015-10-02,0735,019421,NA,5,1,9,1900,0,1,3,NA,2,601,SR-60 EB,FULLERTON ROAD,500,W,N,A,-,Y,NA,NA,60,NA,NA,NA,NA,NA,E,Y,4,0,1,2,A,-,03,22350,NA,N,C,C,A,A,H,-,A,D,0,NA,NA,NA,NA,Y,NA,A,01,0,0,1,0,0,0,0,0,0,-,-,33.99386,-117.90796,LOS ANGELES,UNINCORPORATED,-117.90795376,33.99407206
90033989,2015,2015-10-19,9545,2015-10-11,2205,020524,NA,7,3,9,1900,0,1,3,NA,1,042,SR-138 W/B,263RD ST  E,0,NA,Y,A,-,Y,NA,NA,138,NA,NA,NA,NA,NA,W,Y,3,0,3,2,A,-,09,21802,A,N,D,C,A,A,H,-,D,A,0,NA,NA,NA,NA,Y,NA,A,07,0,1,2,0,0,0,0,0,0,-,-,34.45187,-117.66026,LOS ANGELES,UNINCORPORATED,-117.6602151,34.4519419
90033996,2015,2015-10-19,9530,2015-10-07,1218,021089,NA,3,1,9,1900,0,3,5,NA,2,003,COMPTON BLVD. (15000 BLOCK),WHITE AVE.,81,E,N,A,-,N,NA,NA,NA,NA,NA,NA,NA,NA,NA,Y,4,0,1,2,A,-,05,21460,A,N,A,C,A,A,H,-,A,D,0,NA,NA,NA,NA,Y,NA,A,01,0,0,1,0,0,0,0,0,0,-,-,33.89614,-118.19543,LOS ANGELES,UNINCORPORATED,-118.19535367,33.8961437
90033998,2015,2015-10-19,9545,2015-10-11,0725,020960,NA,7,1,9,1900,0,3,5,NA,2,003,SIERRA HIGHWAY,BARREL SPRINGS RD,1056,S,N,A,-,N,NA,NA,NA,NA,NA,NA,NA,NA,NA,Y,3,0,3,2,A,-,09,21804,A,N,D,C,A,A,H,-,A,D,0,NA,NA,NA,NA,Y,NA,A,01,0,1,2,0,0,0,0,0,0,-,-,34.539790000000004,-118.10626,LOS ANGELES,UNINCORPORATED,-118.10784359,34.5433302
90034087,2015,2015-10-19,9545,2015-10-12,1330,012653,NA,1,1,9,1900,0,3,5,NA,2,004,AVENUE N,155TH ST  E,0,NA,Y,A,-,N,NA,NA,NA,NA,NA,NA,NA,NA,NA,Y,3,0,4,2,A,-,12,22450,A,N,D,C,A,A,H,-,A,A,0,NA,NA,NA,NA,Y,NA,A,01,0,1,3,0,0,0,0,0,0,-,-,34.63125,-117.85371,LOS ANGELES,UNINCORPORATED,-117.85377009,34.63114007
90034136,2015,2015-10-19,9565,2015-10-08,1000,016545,NA,4,1,7,1942,0,1,1,NA,2,061,I-405 N/B,HOWARD HUGHES PKY,240,S,N,A,-,Y,NA,NA,NA,NA,NA,NA,NA,NA,NA,N,4,0,1,3,A,-,08,22107,NA,M,B,C,A,A,H,-,A,D,0,NA,NA,Y,NA,Y,NA,C,02,0,0,1,0,0,0,0,0,1,-,-,33.40078,-118.70008,LOS ANGELES,LOS ANGELES,NA,NA
90034142,2015,2015-10-19,9565,2015-10-09,2020,020604,NA,5,2,9,1900,0,2,4,NA,2,024,IMPERIAL HWY,VERMONT AVE,50,W,N,A,-,N,NA,NA,NA,NA,NA,NA,NA,NA,NA,N,3,0,1,2,A,-,11,21955,NA,N,G,B,D,A,H,-,C,A,0,Y,NA,NA,NA,Y,NA,N,60,0,1,0,0,1,0,0,0,0,-,-,33.93241,-118.25719,LOS ANGELES,UNINCORPORATED,-118.29207451,33.93098
90034150,2015,2015-10-20,9565,2015-10-09,1511,016074,NA,5,2,7,1942,0,3,5,NA,2,006,I-405 S/B (SAN DIEGO FWY),CONSTITUTION AVE,190,N,N,A,-,Y,NA,NA,405,NA,NA,NA,NA,NA,S,N,4,0,2,3,A,-,03,22350,NA,N,C,C,A,A,H,-,A,D,0,NA,NA,NA,NA,Y,NA,A,01,0,0,2,0,0,0,0,0,0,-,-,34.06091,-118.45684,LOS ANGELES,LOS ANGELES,-118.456608,34.0611085
90034157,2015,2015-10-20,9550,2015-10-08,1335,019775,NA,4,1,9,1900,0,3,5,NA,2,004,STATE ROUTE-60 WESTBOUND,HACIENDA BOULEVARD,280,E,N,A,-,Y,NA,NA,60,NA,NA,NA,NA,NA,W,Y,4,0,1,4,A,-,03,22350,NA,N,C,C,A,A,H,-,A,D,0,NA,NA,NA,NA,Y,NA,A,01,0,0,1,0,0,0,0,0,0,-,-,34.00759,-117.9659,LOS ANGELES,UNINCORPORATED,-117.9659312,34.00749082
90034229,2015,2015-10-20,9580,2015-10-02,0230,021015,NA,5,3,7,1942,0,1,2,NA,2,106,US-101 N/B (VENTURA FREEWAY),LAS VIRGENES CANYON RD,150,S,N,A,-,Y,NA,NA,NA,NA,NA,NA,NA,NA,NA,Y,3,0,1,1,A,-,08,22107,NA,F,E,I,A,A,H,-,C,D,0,NA,NA,NA,NA,Y,NA,A,08,0,1,0,0,0,0,0,0,0,-,-,34.14653,-118.75971,LOS ANGELES,LOS ANGELES,NA,NA
90034237,2015,2015-10-20,9575,2015-10-01,2055,020763,NA,4,2,7,1942,0,1,1,NA,2,052,I-5 S/B (GOLDEN STATE FWY.) TO SUNLAND,SUNLAND BLVD.,136,N,N,A,-,Y,NA,NA,5,NA,NA,NA,R,NA,S,Y,2,0,1,2,A,-,11,21954,A,N,G,B,E,A,H,-,C,A,0,Y,NA,NA,NA,Y,NA,N,60,1,0,0,0,1,0,0,0,0,-,-,34.22113,-118.3677,LOS ANGELES,LOS ANGELES,-118.3677,34.22113
90034238,2015,2015-10-20,9525,2015-09-30,1505,018651,NA,3,2,9,1900,0,3,5,NA,2,003,VALINDA AVE.(500 BLOCK),WING LN.,0,NA,Y,A,-,N,NA,NA,NA,NA,NA,NA,NA,NA,NA,N,3,0,1,2,A,-,11,21950,B,N,D,B,B,A,H,-,A,D,0,Y,NA,NA,NA,Y,NA,N,60,0,1,0,0,1,0,0,0,0,-,-,34.02788,-117.92723,LOS ANGELES,UNINCORPORATED,-117.92708003,34.0277801
90034244,2015,2015-10-20,9540,2015-10-02,0937,018759,NA,5,1,7,1942,0,1,1,NA,1,501,I-5 S/B (GOLDEN STATE FREEWAY),ROXFORD ST,500,S,N,A,-,Y,NA,NA,5,NA,NA,NA,NA,NA,S,Y,4,0,1,2,A,-,03,22350,NA,N,C,C,A,A,H,-,A,D,0,NA,NA,NA,NA,Y,NA,A,01,0,0,1,0,0,0,0,0,0,-,-,34.30057,-118.47719,LOS ANGELES,LOS ANGELES,-118.47715589,34.30060339
90034246,2015,2015-10-20,9575,2015-10-01,1525,017852,NA,4,2,5,1902,0,1,1,NA,2,065,I-210 W/B (FOOTHILL FREEWAY),COLORADO BLVD.,200,W,N,A,-,Y,NA,NA,210,NA,NA,NA,NA,NA,W,Y,3,0,2,4,A,-,03,22350,NA,N,C,C,A,A,H,-,A,D,0,NA,NA,NA,NA,Y,NA,A,07,0,2,0,0,0,0,0,0,0,-,-,34.14593,-118.02694,LOS ANGELES,ARCADIA,-118.02693067,34.14594967
90034255,2015,2015-10-20,9580,2015-10-09,0220,018297,NA,5,3,9,1900,0,2,4,NA,1,127,MALIBU CANYON RD,TUNNEL,4224,S,N,A,-,N,NA,NA,NA,NA,NA,NA,NA,NA,NA,Y,3,0,3,1,A,-,01,23152,A,N,F,A,A,A,H,-,C,D,0,NA,NA,NA,NA,Y,Y,A,01,0,3,0,0,0,0,0,0,0,-,-,34.06348,-118.7007,LOS ANGELES,UNINCORPORATED,NA,NA
90034272,2015,2015-10-20,9545,2015-10-16,1115,017305,NA,5,1,9,1900,0,1,3,NA,1,012,SR-138 E/B (AVENUE D),70TH STREET WEST,0,NA,Y,B,-,Y,NA,NA,138,NA,NA,NA,NA,NA,E,Y,3,0,3,2,A,-,12,22450,A,N,D,C,A,A,H,-,A,A,0,NA,NA,NA,NA,Y,NA,A,01,0,1,2,0,0,0,0,0,0,-,-,34.77654,-118.255,LOS ANGELES,UNINCORPORATED,-118.25499994,34.77651583
90034280,2015,2015-10-20,9575,2015-10-02,1155,020530,NA,5,1,6,1925,0,1,1,NA,2,050,I-5 N/B (GOLDEN STATE FREEWAY),SR-134 W/B (VENTURA FREEWAY),1000,N,N,A,-,Y,NA,NA,5,NA,NA,NA,NA,NA,N,Y,4,0,1,3,A,-,03,22350,NA,N,C,C,A,A,H,-,A,D,0,NA,NA,NA,NA,Y,NA,A,01,0,0,1,0,0,0,0,0,0,-,-,34.16009,-118.29247,LOS ANGELES,GLENDALE,-118.29245877,34.1600966
90034295,2015,2015-10-20,9525,2015-10-01,0840,012820,NA,4,1,5,1926,0,1,3,NA,2,572,SR57 N/B TO I-210 W/B,LONE HILL AVE,300,W,N,A,-,Y,NA,NA,57,NA,NA,NA,R,NA,N,Y,4,0,1,2,A,-,03,22350,NA,N,C,C,A,A,H,-,A,D,0,NA,NA,NA,NA,Y,NA,A,01,0,0,1,0,0,0,0,0,0,-,-,34.12183,-117.83123,LOS ANGELES,GLENDORA,-117.83123,34.12183
90034302,2015,2015-10-20,9565,2015-10-11,1905,20958,NA,7,2,7,1942,0,1,1,NA,2,062,I-405 S/B (SAN DIEGO FREEWAY),PALMS BLVD,250,N,N,A,-,Y,NA,NA,405,NA,NA,NA,NA,NA,S,N,3,0,2,3,A,-,03,22350,NA,N,C,C,A,A,H,-,B,D,0,NA,NA,NA,NA,Y,NA,A,07,0,1,1,0,0,0,0,0,0,-,-,34.01951,-118.42451,LOS ANGELES,LOS ANGELES,-118.42443348,34.01957056
90034318,2015,2015-10-20,9575,2015-10-02,0905,020030,NA,5,1,6,1912,0,1,1,NA,2,051,I-5 N/B (GOLDEN STATE FREEWAY),BURBANK BLVD,300,N,N,A,-,Y,NA,NA,5,NA,NA,NA,NA,NA,N,Y,3,0,1,1,A,-,01,23152,A,N,E,I,A,A,D,H,A,D,0,NA,NA,NA,NA,Y,Y,A,01,0,1,0,0,0,0,0,0,0,-,-,34.18665,-118.31992,LOS ANGELES,BURBANK,-118.31991361,34.18666485
90034329,2015,2015-10-20,9525,2015-10-01,1718,016677,NA,4,2,5,1990,0,1,3,NA,2,584,SR-57 N/B (ORANGE FREEWAY),DIAMOND BAR BLVD,5,S,N,B,-,Y,NA,NA,57,NA,NA,NA,NA,NA,N,Y,3,0,1,2,A,-,07,21658,A,N,F,A,A,A,H,-,A,D,0,NA,NA,Y,NA,Y,NA,A,01,0,1,0,0,0,0,0,0,1,-,-,33.96782,-117.84883,LOS ANGELES,DIAMOND BAR,-117.84910126,33.96800639
90034354,2015,2015-10-20,9565,2015-10-11,1540,020495,NA,7,2,5,1965,0,1,1,NA,2,081,I-10 W/B (SANTA MONICA FREEWAY),LINCOLN BOULEVARD,300,E,N,A,-,Y,NA,NA,10,NA,NA,NA,NA,NA,W,Y,4,0,4,2,A,-,03,22350,NA,N,C,C,A,A,H,-,A,D,0,NA,NA,NA,NA,Y,NA,D,22,0,0,4,0,0,0,0,0,0,-,-,34.01485,-118.48592,LOS ANGELES,SANTA MONICA,-118.4859528,34.01490248
90034359,2015,2015-10-20,9565,2015-10-11,1950,020480,NA,7,2,7,1942,0,1,1,NA,2,062,I-405 S/B (SAN DIEGO FREEWAY),PALMS BLVD,300,N,N,A,-,Y,NA,NA,405,NA,NA,NA,NA,NA,S,Y,3,0,1,2,A,-,03,22350,NA,N,C,C,A,A,H,-,C,D,0,NA,NA,NA,NA,Y,NA,A,01,0,1,0,0,0,0,0,0,0,-,-,34.02196,-118.42519,LOS ANGELES,LOS ANGELES,-118.42588744,34.02140824
90034362,2015,2015-10-20,9565,2015-10-11,1650,020495,NA,7,2,5,1965,0,1,3,NA,2,080,I-10 W/B (SANTA MONICA FREEWAY),LINCOLN BOULEVARD,20,W,N,A,-,Y,NA,NA,NA,NA,NA,NA,NA,NA,NA,N,4,0,2,2,A,-,03,22350,NA,N,C,C,A,A,H,-,A,D,0,NA,NA,NA,NA,Y,NA,A,01,0,0,2,0,0,0,0,0,0,-,-,34.01258,-118.49065,LOS ANGELES,SANTA MONICA,-118.48597345,34.01484793
90034373,2015,2015-10-20,9565,2015-10-11,1845,020480,NA,7,2,7,1942,0,1,1,NA,2,062,I-405 N/B (SAN DIEGO FREEWAY),PALMS BLVD,200,S,N,A,-,Y,NA,NA,405,NA,NA,NA,NA,NA,N,Y,4,0,1,3,A,-,03,22350,NA,N,C,C,A,A,H,-,C,D,0,NA,NA,NA,NA,Y,NA,A,01,0,0,1,0,0,0,0,0,0,-,-,34.01325,-118.41924,LOS ANGELES,LOS ANGELES,-118.41918761,34.01329144
90034389,2015,2015-10-20,9565,2015-10-11,1715,015275,NA,7,2,7,1942,0,1,1,NA,2,062,I-405 SB (PHILIP DENNIS ORTIZ MMRL HWY),PALMS BOULEVARD,528,N,N,B,-,Y,NA,NA,405,NA,NA,NA,NA,NA,S,Y,4,0,3,3,A,-,03,22350,NA,N,C,C,A,A,H,-,A,D,0,NA,NA,NA,NA,Y,NA,A,01,0,0,3,0,0,0,0,0,0,-,-,34.01953,-118.42437,LOS ANGELES,LOS ANGELES,-118.42438929,34.01951473
90034446,2015,2015-10-20,9565,2015-10-12,0700,017060,NA,1,1,6,1933,0,1,1,NA,2,060,I-405 S/B (SAN DIEGO FREEWAY),CENTURY BLVD.,50,N,N,A,-,Y,NA,NA,405,NA,NA,NA,NA,NA,S,Y,3,0,1,5,A,-,08,22107,NA,M,B,C,A,A,H,-,A,D,0,NA,NA,NA,NA,Y,NA,A,01,0,1,0,0,0,0,0,0,0,-,-,33.94581,-118.36851,LOS ANGELES,INGLEWOOD,-118.36852592,33.9458109
90034455,2015,2015-10-20,9525,2015-10-02,0915,020843,NA,5,1,9,1900,0,2,4,NA,2,022,ARROW HIGHWAY (800 BLOCK),SUNFLOWER AVE,50,W,N,A,-,N,NA,NA,NA,NA,NA,NA,NA,NA,NA,N,4,0,1,3,A,-,03,22350,NA,N,C,C,A,A,H,-,A,D,0,NA,NA,NA,NA,Y,NA,A,07,0,0,1,0,0,0,0,0,0,-,-,34.10706,-117.84703,LOS ANGELES,UNINCORPORATED,-117.84654478,34.10673
90034473,2015,2015-10-20,9565,2015-10-12,1650,020490,NA,1,2,7,1942,0,1,1,NA,2,062,I-405 N/B,PALMS BLVD,10,S,N,A,-,Y,NA,NA,405,NA,NA,NA,NA,NA,N,Y,4,0,2,3,A,-,08,22107,NA,N,B,C,A,A,H,-,A,D,0,NA,NA,NA,NA,Y,NA,D,22,0,0,2,0,0,0,0,0,0,-,-,34.01918,-118.42363,LOS ANGELES,LOS ANGELES,-118.42376268,34.01907506
90034488,2015,2015-10-20,9565,2015-10-11,1030,017060,NA,7,1,9,1900,0,2,4,NA,2,022,NORMANDIE AVE.,98TH ST.,0,NA,Y,A,-,N,NA,NA,NA,NA,NA,NA,NA,NA,NA,N,4,0,1,2,A,-,12,21453,A,N,D,C,A,A,H,-,A,A,0,NA,NA,NA,NA,Y,NA,-,-,0,0,1,0,0,0,0,0,0,-,-,33.94694,-118.30024,LOS ANGELES,UNINCORPORATED,-118.30027004,33.94699002
90034513,2015,2015-10-20,9545,2015-10-13,1045,013963,NA,2,1,9,1900,0,3,5,NA,2,002,30TH ST  W,AVENUE N 8,0,NA,Y,A,-,N,NA,NA,NA,NA,NA,NA,NA,NA,NA,Y,3,0,1,1,A,-,08,22107,NA,N,F,A,A,A,H,-,A,D,0,NA,NA,Y,NA,Y,NA,C,02,0,1,0,0,0,0,0,0,1,-,-,34.62347,-118.18349,LOS ANGELES,UNINCORPORATED,-118.18354014,34.62377001
90034537,2015,2015-10-20,9580,2015-10-09,1935,021077,NA,5,2,7,1942,0,1,1,NA,2,404,I-405 N/B (SAN DIEGO FWY),SEPULVEDA BLVD,5280,S,N,A,-,Y,NA,NA,405,NA,NA,NA,NA,NA,N,Y,3,0,1,2,A,-,07,21658,A,F,B,C,A,A,H,-,C,A,0,NA,NA,NA,NA,Y,NA,D,22,0,1,0,0,0,0,0,0,0,-,-,34.14395,-118.47114,LOS ANGELES,LOS ANGELES,-118.47118337,34.14395951
90034545,2015,2015-10-20,9525,2015-10-02,1405,018366,NA,5,2,5,1990,0,1,3,NA,2,602,SR-60 E/B (POMONA FREEWAY),BREA CANYON RD.,1056,W,N,A,-,Y,NA,NA,60,NA,NA,NA,NA,NA,E,Y,4,0,1,2,A,-,03,22350,NA,N,C,C,A,A,H,-,A,D,0,NA,NA,NA,NA,Y,NA,I,19,0,0,1,0,0,0,0,0,0,-,-,33.99977,-117.84856,LOS ANGELES,DIAMOND BAR,-117.84855137,33.99972736
90034569,2015,2015-10-20,9580,2015-10-03,0242,020728,NA,6,3,7,1942,0,1,2,NA,2,104,US-101 N/B (VENTURA FREEWAY),TAMPA AVE,580,S,N,A,-,Y,NA,NA,101,NA,NA,NA,NA,NA,N,N,4,0,2,2,A,-,03,22350,NA,N,C,C,A,A,H,-,C,D,0,NA,NA,NA,NA,Y,NA,A,01,0,0,2,0,0,0,0,0,0,-,-,34.17374,-118.55044,LOS ANGELES,LOS ANGELES,-118.55044212,34.17360777
90034661,2015,2015-10-20,9550,2015-10-07,0545,021037,9550,3,3,9,1900,0,1,3,NA,2,600,STATE ROUTE 60 (POMONA FREEWAY),CROSSROADS PARKWAY,1000,W,N,A,-,Y,NA,NA,60,NA,NA,NA,NA,NA,NA,Y,4,0,1,2,A,-,07,21658,A,N,C,C,A,A,H,-,D,D,0,NA,NA,Y,NA,Y,NA,A,01,0,0,1,0,0,0,0,0,1,-,-,34.02958,-118.01678,LOS ANGELES,UNINCORPORATED,-118.01679957,34.0295091