CASE_ID,ACCIDENT_YEAR,PROC_DATE,JURIS,COLLISION_DATE,COLLISION_TIME,OFFICER_ID,REPORTING_DISTRICT,DAY_OF_WEEK,CHP_SHIFT,POPULATION,CNTY_CITY_LOC,SPECIAL_COND,BEAT_TYPE,CHP_BEAT_TYPE,CITY_DIVISION_LAPD,CHP_BEAT_CLASS,BEAT_NUMBER,PRIMARY_RD,SECONDARY_RD,DISTANCE,DIRECTION,INTERSECTION,WEATHER_1,WEATHER_2,STATE_HWY_IND,CALTRANS_COUNTY,CALTRANS_DISTRICT,STATE_ROUTE,ROUTE_SUFFIX,POSTMILE_PREFIX,POSTMILE,LOCATION_TYPE,RAMP_INTERSECTION,SIDE_OF_HWY,TOW_AWAY,COLLISION_SEVERITY,NUMBER_KILLED,NUMBER_INJURED,PARTY_COUNT,PRIMARY_COLL_FACTOR,PCF_CODE_OF_VIOL,PCF_VIOL_CATEGORY,PCF_VIOLATION,PCF_VIOL_SUBSECTION,HIT_AND_RUN,TYPE_OF_COLLISION,MVIW,PED_ACTION,ROAD_SURFACE,ROAD_COND_1,ROAD_COND_2,LIGHTING,CONTROL_DEVICE,CHP_ROAD_TYPE,PEDESTRIAN_ACCIDENT,BICYCLE_ACCIDENT,MOTORCYCLE_ACCIDENT,TRUCK_ACCIDENT,NOT_PRIVATE_PROPERTY,ALCOHOL_INVOLVED,STWD_VEHTYPE_AT_FAULT,CHP_VEHTYPE_AT_FAULT,COUNT_SEVERE_INJ,COUNT_VISIBLE_INJ,COUNT_COMPLAINT_PAIN,COUNT_PED_KILLED,COUNT_PED_INJURED,COUNT_BICYCLIST_KILLED,COUNT_BICYCLIST_INJURED,COUNT_MC_KILLED,COUNT_MC_INJURED,PRIMARY_RAMP,SECONDARY_RAMP,LATITUDE,LONGITUDE,COUNTY,CITY,POINT_X,POINT_Y
90034672,2015,2015-10-20,9550,2015-10-01,1750,020959,NA,4,2,9,1900,0,3,5,NA,2,002,FLORENCE AVENUE,LAUREL AVE,0,NA,Y,A,-,N,NA,NA,NA,NA,NA,NA,NA,NA,NA,Y,4,0,1,2,A,-,12,21453,A,N,D,C,A,A,H,-,A,A,0,NA,NA,NA,NA,Y,NA,A,07,0,0,1,0,0,0,0,0,0,-,-,33.9357,-118.04886,LOS ANGELES,UNINCORPORATED,-118.04880001,33.93582001
90034683,2015,2015-10-20,9550,2015-10-09,0132,020777,NA,5,3,5,1935,0,1,1,NA,2,652,INTERSTATE-605 NORTHBOUND,CARSON AVENUE,2640,S,N,A,-,Y,NA,NA,NA,NA,NA,NA,NA,NA,NA,Y,4,0,1,2,A,-,03,22350,NA,N,C,C,A,A,H,-,C,D,0,NA,NA,NA,NA,Y,NA,A,01,0,0,1,0,0,0,0,0,0,-,-,33.8264,-118.082,LOS ANGELES,LAKEWOOD,-118.08394,33.83138
90034732,2015,2015-10-20,9565,2015-10-13,1810,020915,NA,2,2,5,1928,0,1,1,NA,2,060,I-405 N/B,MARINE AVE,900,N,N,A,-,Y,NA,NA,405,NA,NA,NA,NA,NA,N,N,4,0,1,2,A,-,03,22350,NA,N,C,C,A,A,H,-,C,D,0,NA,NA,NA,NA,Y,NA,A,01,0,0,1,0,0,0,0,0,0,-,-,33.8964,-118.36868,LOS ANGELES,HAWTHORNE,-118.36868069,33.89639918
90034749,2015,2015-10-20,9550,2015-10-10,2310,020948,NA,6,3,9,1900,0,3,5,NA,2,002,MULLBERRY DRIVE,MILLS AVENUE,60,W,N,A,-,N,NA,NA,NA,NA,NA,NA,NA,NA,NA,Y,4,0,1,3,A,-,01,23152,A,N,D,C,A,A,H,-,C,D,0,NA,NA,NA,NA,Y,Y,A,01,0,0,1,0,0,0,0,0,0,-,-,NA,NA,LOS ANGELES,UNINCORPORATED,-118.02777339,33.94298126
90034770,2015,2015-10-20,9550,2015-10-10,0445,020932,NA,6,3,6,1920,0,1,1,NA,2,500,I-5 NORTHBOUND,IMPERIAL HIGHWAY,780,N,N,A,-,Y,NA,NA,NA,NA,NA,NA,NA,NA,NA,Y,3,0,1,3,A,-,08,22107,NA,M,B,C,A,A,H,-,C,D,0,NA,NA,NA,NA,Y,Y,A,01,0,1,0,0,0,0,0,0,0,-,-,33.91907,-118.08116,LOS ANGELES,DOWNEY,-118.08102865,33.91893444
90034782,2015,2015-10-20,9565,2015-10-13,1230,020349,NA,2,1,9,1900,0,3,5,NA,2,002,CENTURY BLVD,NORMANDIE AVE,0,NA,Y,A,-,N,NA,NA,NA,NA,NA,NA,NA,NA,NA,Y,4,0,1,3,A,-,09,21801,A,N,D,C,A,A,H,-,A,D,0,NA,NA,NA,NA,Y,NA,A,01,0,0,1,0,0,0,0,0,0,-,-,33.9455,-118.30026,LOS ANGELES,UNINCORPORATED,-118.30028012,33.94549011
90034788,2015,2015-10-20,9565,2015-10-13,2130,020439,NA,2,2,7,1942,0,1,1,NA,2,083,I-10 W/B (SANTA MONICA FWY),WESTWOOD BLVD.,150,E,N,A,-,Y,NA,NA,10,NA,NA,NA,NA,NA,W,Y,4,0,1,2,A,-,03,22350,NA,N,C,C,A,A,H,-,C,D,0,NA,NA,NA,NA,Y,NA,A,01,0,0,1,0,0,0,0,0,0,-,-,34.03195,-118.42135,LOS ANGELES,LOS ANGELES,-118.4213497,34.03189525
90034794,2015,2015-10-20,9565,2015-10-13,0935,020016,NA,2,1,7,1942,0,1,1,NA,2,064,I-405 S/B,GETTY CENTER DR,300,S,N,A,-,Y,NA,NA,405,NA,NA,NA,NA,NA,S,N,4,0,2,3,A,-,03,22350,NA,N,C,C,A,A,H,-,A,D,0,NA,NA,NA,NA,Y,NA,A,01,0,0,2,0,0,0,0,0,0,-,-,34.08597,-118.47498,LOS ANGELES,LOS ANGELES,-118.47505885,34.08595895
90034805,2015,2015-10-20,9530,2015-10-06,0555,018385,NA,2,3,7,1941,0,1,3,NA,2,320,SR-91 W/B (ARTESIA FREEWAY),LONG BEACH BLVD.,500,E,N,A,-,Y,NA,NA,91,NA,NA,NA,NA,NA,W,N,4,0,1,2,A,-,03,22350,NA,N,C,C,A,A,H,-,B,D,0,NA,NA,NA,Y,Y,NA,F,26,0,0,1,0,0,0,0,0,0,-,-,33.87446,-118.19622,LOS ANGELES,LONG BEACH,-118.19611136,33.87420211
90034822,2015,2015-10-20,9550,2015-10-10,0210,020966,NA,6,3,9,1900,0,1,1,NA,2,650,I-605 S/B,BEVERLY BOULEVARD,1403,N,N,A,-,Y,NA,NA,605,NA,NA,NA,NA,NA,S,Y,2,0,2,2,A,-,08,22107,NA,N,C,C,A,A,H,-,D,D,0,NA,NA,NA,NA,Y,NA,A,01,1,1,0,0,0,0,0,0,0,-,-,34.00875,-118.05873,LOS ANGELES,UNINCORPORATED,-118.05869578,34.00871071
90034825,2015,2015-10-20,9530,2015-10-08,0640,012385,9530,4,1,7,1941,0,1,1,NA,2,071,I-710 S/B (LONG BEACH FREEWAY),I-710 S/B TO SR-91 W/B,1000,N,N,A,-,Y,NA,NA,710,NA,NA,NA,NA,NA,S,Y,4,0,1,2,A,-,03,22350,NA,N,C,C,A,A,H,-,A,D,0,NA,NA,NA,NA,Y,NA,D,22,0,0,1,0,0,0,0,0,0,-,-,33.87952,-118.19238,LOS ANGELES,LONG BEACH,-118.19231207,33.87950442
90034848,2015,2015-10-20,9550,2015-10-10,1330,021087,NA,6,1,9,1900,0,3,5,NA,2,002,MULBERRY DR.,GUNN AVE.,0,NA,Y,A,-,N,NA,NA,NA,NA,NA,NA,NA,NA,NA,Y,2,0,2,2,A,-,09,21801,A,N,A,C,A,A,H,-,A,A,0,NA,NA,NA,NA,Y,NA,A,01,1,0,1,0,0,0,0,0,0,-,-,33.94573,-118.03121,LOS ANGELES,UNINCORPORATED,-118.03135008,33.9456701
90034864,2015,2015-10-20,9565,2015-10-14,1815,019362,NA,3,2,7,1942,0,1,1,NA,2,064,I-405 S/B (SAN DIEGO FREEWAY),MULHOLLAND DR,300,S,N,A,-,Y,NA,NA,405,NA,NA,NA,NA,NA,S,Y,3,0,1,3,A,-,03,22350,NA,N,C,C,A,A,H,-,B,D,0,NA,NA,NA,NA,Y,NA,A,01,0,1,0,0,0,0,0,0,0,-,-,34.12519,-118.47661,LOS ANGELES,LOS ANGELES,-118.4766172,34.12519583
90034891,2015,2015-10-20,9575,2015-10-02,1430,020887,NA,5,2,6,1953,0,1,1,NA,2,080,SR-710 S/B (LONG BEACH FREEWAY),CALIFORNIA BOULEVARD,150,N,N,A,-,Y,NA,NA,710,NA,NA,NA,NA,NA,S,N,4,0,2,2,A,-,03,22350,NA,N,C,C,A,A,H,-,A,D,0,NA,NA,NA,NA,Y,NA,A,01,0,0,2,0,0,0,0,0,0,-,-,34.13615,-118.15557,LOS ANGELES,PASADENA,-118.15556837,34.13614996
90034921,2015,2015-10-20,9530,2015-10-10,0141,020956,NA,6,3,9,1900,0,3,5,NA,2,002,135TH ST. (13400 BLOCK),SAN PEDRO ST.,207,E,N,B,-,N,NA,NA,NA,NA,NA,NA,NA,NA,NA,Y,3,0,1,2,A,-,01,23152,A,N,B,C,A,A,H,-,C,D,0,NA,NA,NA,NA,Y,Y,A,01,0,1,0,0,0,0,0,0,0,-,-,33.44331,-118.16954,LOS ANGELES,UNINCORPORATED,-118.26898917,33.90916702
90034929,2015,2015-10-20,9530,2015-10-08,2330,012385,NA,4,3,9,1900,0,3,5,NA,2,006,SEPULVEDA BLVD. EB,I-110,20,W,N,A,-,N,NA,NA,NA,NA,NA,NA,NA,NA,NA,Y,3,0,1,1,A,-,01,23152,A,N,E,I,A,A,H,-,C,D,0,NA,NA,NA,NA,Y,Y,A,01,0,1,0,0,0,0,0,0,0,-,-,33.80905,-118.28787,LOS ANGELES,UNINCORPORATED,-118.28777024,33.80904191
90034994,2015,2015-10-20,9530,2015-10-09,2032,020956,NA,5,2,9,1900,0,3,5,NA,2,002,BROADWAY,135TH ST.,0,NA,Y,B,-,N,NA,NA,NA,NA,NA,NA,NA,NA,NA,Y,3,0,1,2,A,-,12,21453,A,N,D,C,A,A,H,-,C,A,0,NA,NA,NA,NA,Y,Y,A,07,0,1,0,0,0,0,0,0,0,-,-,33.54399,-118.16422,LOS ANGELES,UNINCORPORATED,-118.27841012,33.90916006
90035007,2015,2015-10-20,9530,2015-10-16,1741,017755,NA,5,2,7,1941,0,1,1,NA,2,420,I-405 S/B (SAN DIEGO FREEWAY),SPRING ST.,555,N,N,B,-,Y,NA,NA,405,NA,NA,NA,NA,NA,S,N,4,0,1,2,A,-,03,22350,NA,N,C,C,A,A,H,-,A,D,0,NA,NA,NA,NA,Y,NA,A,01,0,0,1,0,0,0,0,0,0,-,-,33.81227,-118.16422,LOS ANGELES,LONG BEACH,-118.16418895,33.81237771
90035028,2015,2015-10-20,9530,2015-10-09,1235,020718,NA,5,1,7,1942,0,1,1,NA,2,110,I-110 S/B (HARBOR FREEWAY),135TH STREET,550,N,N,A,-,Y,NA,NA,110,NA,NA,NA,NA,NA,S,Y,4,0,3,4,A,-,03,22350,NA,N,C,C,A,A,H,-,A,D,0,NA,NA,NA,NA,Y,NA,D,22,0,0,3,0,0,0,0,0,0,-,-,33.91087,-118.28674,LOS ANGELES,LOS ANGELES,-118.28670875,33.91086979
90035032,2015,2015-10-20,9530,2015-10-09,1345,020718,NA,5,1,7,1942,0,1,1,NA,2,110,I-110 N/B TO ROSECRANS AVENUE,ROSECRANS AVENUE,680,S,N,A,-,Y,NA,NA,110,NA,NA,NA,R,NA,N,Y,2,0,1,1,A,-,03,22350,NA,N,F,A,A,A,H,-,A,D,0,NA,NA,Y,NA,Y,NA,C,02,1,0,0,0,0,0,0,0,1,-,-,33.8999,-118.28584,LOS ANGELES,LOS ANGELES,-118.28584,33.8999
90035036,2015,2015-10-20,9530,2015-10-09,2328,20714,NA,5,3,7,1941,0,1,1,NA,2,420,I-405 S/B (SAN DIEGO FREEWAY),SANTA FE AVE.,300,S,N,A,-,Y,NA,NA,405,NA,NA,NA,NA,NA,S,Y,3,0,3,2,A,-,08,22107,NA,N,E,I,A,A,H,-,C,D,0,NA,NA,NA,NA,Y,NA,A,07,0,1,2,0,0,0,0,0,0,-,-,33.82544,-118.21456,LOS ANGELES,LONG BEACH,-118.2145708,33.82549938
90035047,2015,2015-10-21,9550,2015-10-09,1605,021033,NA,5,2,9,1900,0,3,5,NA,2,003,TURNBULL CANYON ROAD,SKYLINE DRIVE,1870,E,N,A,-,N,NA,NA,NA,NA,NA,NA,NA,NA,NA,Y,4,0,1,1,A,-,08,22107,NA,N,E,I,A,A,H,-,A,D,0,NA,NA,NA,NA,Y,NA,A,01,0,0,1,0,0,0,0,0,0,-,-,33.99332,-117.99543,LOS ANGELES,UNINCORPORATED,-117.99586356,33.99358178
90035062,2015,2016-02-23,9550,2015-10-19,2000,019954,NA,1,2,9,1900,0,3,5,NA,2,005,FULLERTON ROAD,MESCAL ROAD,260,N,N,B,C,N,NA,NA,NA,NA,NA,NA,NA,NA,NA,Y,3,0,3,4,A,-,01,23152,A,N,A,C,A,B,H,-,C,D,0,NA,NA,NA,NA,Y,Y,D,22,0,2,1,0,0,0,0,0,0,-,-,33.97737,-117.90941,LOS ANGELES,UNINCORPORATED,-117.90950291,33.97716315
90035093,2015,2015-10-21,9580,2015-10-04,1150,019369,NA,7,1,9,1900,0,1,2,NA,2,106,US-101 N/B (VENTURA FREEWAY),PARKWAY CALABASAS,3696,N,N,A,-,Y,NA,NA,101,NA,NA,NA,NA,NA,N,Y,4,0,1,3,A,-,08,22107,NA,N,D,C,A,A,H,-,A,D,0,NA,NA,NA,NA,Y,NA,D,22,0,0,1,0,0,0,0,0,0,-,-,34.14962,-118.67463,LOS ANGELES,UNINCORPORATED,-118.67460976,34.14967886
90035112,2015,2015-10-29,9525,2015-10-01,1245,014593,NA,4,1,5,1990,0,1,3,NA,2,571,SR-57 S/B (ORANGE FREEWAY),PROSPECTORS RD,200,N,N,A,-,Y,NA,NA,57,NA,NA,NA,NA,NA,S,N,3,0,1,2,A,-,07,21658,A,F,B,C,A,A,H,-,A,D,0,NA,NA,Y,Y,Y,NA,G,25,0,1,0,0,0,0,0,0,1,-,-,34.02207,-117.81378,LOS ANGELES,DIAMOND BAR,-117.8136023,34.02244993
90035117,2015,2015-10-21,9550,2015-10-01,2220,018952,NA,4,3,6,1949,0,1,1,NA,2,651,INTERSTATE 605 (SAN GABRIEL RIVER FREEW,ROSECRANS AVENUE,1020,N,N,A,-,Y,NA,NA,605,NA,NA,NA,NA,NA,NA,Y,4,0,3,3,A,-,07,21658,A,N,B,C,A,A,H,-,D,D,0,NA,NA,NA,NA,Y,NA,A,01,0,0,3,0,0,0,0,0,0,-,-,33.905,-118.10499,LOS ANGELES,NORWALK,-118.10509488,33.90500413
90035140,2015,2015-10-21,9550,2015-10-19,2125,018952,NA,1,2,9,1900,0,1,1,NA,2,650,I-605 N/B TO SR-60 W/B,STATE ROUTE 60 (POMONA FREEWAY),500,S,N,A,-,Y,NA,NA,NA,NA,NA,NA,NA,NA,NA,Y,4,0,1,2,A,-,03,22350,NA,N,C,C,A,A,H,-,D,D,0,NA,NA,NA,NA,Y,NA,A,01,0,0,1,0,0,0,0,0,0,-,-,34.01751,-118.04052,LOS ANGELES,UNINCORPORATED,-118.02839907,34.03296775
90035145,2015,2015-10-21,9525,2015-10-03,2325,020891,NA,6,3,1,1934,0,1,1,NA,2,652,I-605 N/B (SAN GABRIEL RIVER FREEWAY),LIVE OAK AVE,500,S,N,A,-,Y,NA,NA,605,NA,NA,NA,NA,NA,N,Y,4,0,1,2,A,-,07,21658,A,N,B,C,A,A,H,-,D,D,0,NA,NA,NA,Y,Y,NA,G,27,0,0,1,0,0,0,0,0,0,-,-,34.10327,-117.98358,LOS ANGELES,IRWINDALE,-117.98366352,34.10330159
90035220,2015,2015-10-21,9550,2015-10-11,2200,020969,NA,7,3,6,1949,0,1,1,NA,2,500,INTERSTATE 5 (SANTA ANA FREEWAY),FLORENCE AVENUE,100,N,N,A,-,Y,NA,NA,NA,NA,NA,NA,NA,NA,NA,Y,4,0,1,2,A,-,07,21658,A,N,B,C,A,A,H,-,D,D,0,NA,NA,NA,Y,Y,NA,A,01,0,0,1,0,0,0,0,0,0,-,-,33.93529,-118.09279,LOS ANGELES,NORWALK,-118.09300857,33.93565022
90035226,2015,2015-10-21,9535,2015-10-06,0655,017416,NA,2,1,5,1952,0,1,1,NA,2,105,I-105 (CENTURY FREEWAY) W/B,LOS ANGELES RIVER,48,E,N,A,-,Y,NA,NA,105,NA,NA,NA,NA,NA,W,Y,4,0,1,2,A,-,03,22350,NA,N,B,C,A,A,H,-,A,D,0,NA,NA,Y,NA,Y,NA,C,02,0,0,1,0,0,0,0,0,1,-,-,33.91188,-118.17733,LOS ANGELES,PARAMOUNT,-118.17725204,33.91208683
90035227,2015,2015-10-21,9540,2015-10-14,2350,019444,NA,3,3,9,1900,0,1,1,NA,2,506,I-5 N/B GOLDEN STATE FREEWAY,VALENCIA BLVD,50,N,N,B,-,Y,NA,NA,5,NA,NA,NA,NA,NA,N,Y,4,0,1,1,A,-,08,22107,NA,N,E,I,A,A,H,-,C,D,0,NA,NA,NA,NA,Y,NA,A,01,0,0,1,0,0,0,0,0,0,-,-,34.40882,-118.57645,LOS ANGELES,UNINCORPORATED,-118.57640835,34.40883863
90035244,2015,2015-10-21,9540,2015-10-14,2351,019444,NA,3,3,6,1985,0,1,1,NA,2,506,I-5 N/B (GOLDEN STATE FREEWAY),VALENCIA BLVD,400,N,N,A,-,Y,NA,NA,5,NA,NA,NA,NA,NA,N,Y,4,0,1,1,A,-,08,22107,NA,N,E,I,A,A,H,-,C,D,0,NA,NA,NA,NA,Y,NA,A,01,0,0,1,0,0,0,0,0,0,-,-,34.41823,-118.5803,LOS ANGELES,SANTA CLARITA,-118.58050063,34.41812509
90035245,2015,2015-10-21,9530,2015-10-03,0240,021007,NA,6,3,9,1900,0,1,1,NA,2,120,I-110 N/B (HARBOR FREEWAY),DEL AMO BLVD.,900,N,N,B,-,Y,NA,NA,110,NA,NA,NA,NA,NA,N,Y,3,0,1,1,A,-,01,23152,A,N,A,I,A,A,H,-,B,D,0,NA,NA,NA,NA,Y,Y,A,07,0,1,0,0,0,0,0,0,0,-,-,33.8498,-118.28491,LOS ANGELES,UNINCORPORATED,-118.284871,33.84979974
90035251,2015,2015-10-21,9550,2015-10-12,1330,013935,NA,1,1,9,1900,0,2,4,NA,1,022,LEFFINGWELL ROAD,MOLLYKNOLL AVE,0,NA,Y,A,-,N,NA,NA,NA,NA,NA,NA,NA,NA,NA,N,3,0,3,2,A,-,09,21802,A,N,D,C,A,A,H,-,A,A,0,NA,NA,NA,NA,Y,NA,A,01,0,1,2,0,0,0,0,0,0,-,-,NA,NA,LOS ANGELES,UNINCORPORATED,-117.99192013,33.93149009
90035300,2015,2015-10-21,9590,2015-09-30,0833,015985,NA,3,1,7,1942,0,1,1,NA,2,012,SR-110 N/B (ARROYO SECO PARKWAY),AVE 52,75,N,N,A,-,Y,NA,NA,110,NA,NA,NA,NA,NA,N,Y,4,0,2,3,A,-,03,22350,NA,N,C,C,A,A,H,-,A,D,0,NA,NA,NA,NA,Y,NA,A,01,0,0,2,0,0,0,0,0,0,-,-,34.10311,-118.19601,LOS ANGELES,LOS ANGELES,-118.19602228,34.1028768
90035304,2015,2015-10-21,9580,2015-10-05,1950,021018,NA,1,2,7,1942,0,1,2,NA,2,101,US-101 S/B (VENTURA FREEWAY),COLDWATER CANYON AVE,2000,S,N,B,-,Y,NA,NA,101,NA,NA,NA,NA,NA,S,Y,4,0,2,3,A,-,03,22350,NA,N,C,C,A,A,H,-,D,D,0,NA,NA,NA,NA,Y,NA,A,01,0,0,2,0,0,0,0,0,0,-,-,34.15652,-118.40996,LOS ANGELES,LOS ANGELES,-118.40995958,34.15662452
90035307,2015,2015-10-21,9530,2015-10-08,1425,012385,NA,4,2,9,1900,0,3,5,NA,2,001,COMPTON AVE. (7300 BLOCK),73RD ST,25,S,N,A,-,N,NA,NA,NA,NA,NA,NA,NA,NA,NA,Y,4,0,5,3,A,-,03,22350,NA,F,C,C,A,A,H,-,A,A,0,NA,NA,NA,NA,Y,NA,-,99,0,0,5,0,0,0,0,0,0,-,-,33.97391,-118.24771,LOS ANGELES,UNINCORPORATED,-118.24768118,33.97384145
90035330,2015,2015-10-21,9530,2015-10-03,0242,021007,NA,6,3,6,1972,0,1,1,NA,2,120,I-110 N/B (HARBOR FREEWAY),DEL AMO BLVD.,910,N,N,B,-,Y,NA,NA,NA,NA,NA,NA,NA,NA,NA,Y,3,0,1,2,A,-,01,23152,A,N,C,C,A,A,H,-,B,D,0,NA,NA,NA,NA,Y,Y,A,01,0,1,0,0,0,0,0,0,0,-,-,33.8498,-118.28491,LOS ANGELES,TORRANCE,-118.28481625,33.84872879
90035398,2015,2015-10-21,9580,2015-10-03,1800,019319,NA,6,2,7,1942,0,1,2,NA,2,105,US-101 S/B (VENTURA FREEWAY),WINNETKA AVE,500,S,N,A,-,Y,NA,NA,101,NA,NA,NA,NA,NA,S,N,4,0,1,2,A,-,03,22350,NA,N,C,C,A,A,H,-,A,D,0,NA,NA,NA,NA,Y,NA,A,08,0,0,1,0,0,0,0,0,0,-,-,34.17288,-118.56698,LOS ANGELES,LOS ANGELES,-118.56698385,34.17291787
90035399,2015,2015-10-21,9530,2015-10-11,0145,20716,NA,7,3,7,1941,0,1,1,NA,2,420,I-405 S/B (SAN DIEGO FREEWAY),I-710,300,S,N,A,-,Y,NA,NA,NA,NA,NA,NA,NA,NA,NA,Y,4,0,2,2,A,-,03,22350,NA,N,C,C,A,A,D,E,C,D,0,NA,NA,NA,NA,Y,NA,A,01,0,0,2,0,0,0,0,0,0,-,-,33.49343,-118.12222,LOS ANGELES,LONG BEACH,-118.20736,33.82637
90035402,2015,2015-10-21,9525,2015-10-04,0500,020907,NA,7,3,5,1906,0,1,1,NA,2,651,I-605 S/B (SAN GABRIEL RIVER FREEWAY),LOWER AZUSA RD.,300,N,N,B,C,Y,NA,NA,NA,NA,NA,NA,NA,NA,NA,Y,4,0,1,1,A,-,03,22350,NA,N,E,I,A,B,F,-,C,D,0,NA,NA,NA,NA,Y,NA,A,01,0,0,1,0,0,0,0,0,0,-,-,34.09269,-117.99096,LOS ANGELES,BALDWIN PARK,-117.99104782,34.09249343
90035428,2015,2015-10-21,9530,2015-10-11,1450,020776,NA,7,2,9,1900,0,3,5,NA,2,001,97TH ST. (2300 BLOCK),ALAMEDA ST.,100,W,N,A,-,N,NA,NA,NA,NA,NA,NA,NA,NA,NA,N,4,0,1,2,A,-,11,21954,A,F,G,B,D,A,H,-,A,D,0,Y,NA,NA,NA,Y,NA,N,60,0,0,1,0,1,0,0,0,0,-,-,33.56539,-118.1346,LOS ANGELES,UNINCORPORATED,-118.22932903,33.94828599
9003543,2019,2020-02-11,1942,2019-12-30,1705,38191,1023,1,5,7,1942,0,0,0,J,0,10A21,TAMPA AV,HART ST,0,NA,Y,A,-,N,NA,NA,NA,NA,NA,NA,NA,NA,NA,N,4,0,2,2,A,-,09,21801,A,N,D,C,A,A,H,-,B,A,0,NA,NA,NA,NA,Y,NA,A,01,0,0,2,0,0,0,0,0,0,-,-,NA,NA,LOS ANGELES,LOS ANGELES,-118.55345916748048,34.19746017456055
9003544,2019,2020-02-03,1942,2019-12-20,0205,41933,1841,5,5,7,1942,0,0,0,R,0,18A97,W IMPERIAL HWY,MENLO AV,8,E,N,A,-,N,NA,NA,NA,NA,NA,NA,NA,NA,NA,Y,3,0,5,2,A,-,03,22350,NA,N,C,E,A,A,H,-,C,D,0,NA,NA,NA,NA,Y,Y,A,01,0,3,2,0,0,0,0,0,0,-,-,NA,NA,LOS ANGELES,LOS ANGELES,-118.28924560546876,33.93098068237305
90035442,2015,2015-10-21,9530,2015-10-11,1050,020624,NA,7,1,9,1900,0,3,5,NA,2,001,ZAMORA AVE. (1300 BLOCK),90TH ST.,0,NA,N,A,-,N,NA,NA,NA,NA,NA,NA,NA,NA,NA,Y,4,0,1,3,A,-,08,22107,NA,N,C,E,A,A,H,-,A,D,0,NA,NA,NA,NA,Y,NA,A,01,0,0,1,0,0,0,0,0,0,-,-,33.95433,-118.25156,LOS ANGELES,UNINCORPORATED,-118.25159004,33.95522009
90035449,2015,2015-10-21,9550,2015-10-13,0620,014862,NA,2,1,5,1908,0,1,3,NA,2,091,SR-91 WESTBOUND,I-605,80,W,N,A,-,Y,NA,NA,NA,NA,NA,NA,NA,NA,NA,Y,4,0,1,5,A,-,03,22350,NA,F,C,C,A,A,H,-,B,D,0,NA,NA,NA,NA,Y,NA,A,01,0,0,1,0,0,0,0,0,0,-,-,33.87657,-118.10494,LOS ANGELES,BELLFLOWER,NA,NA
90035452,2015,2015-10-29,9535,2015-10-11,1033,019626,NA,7,1,9,1900,0,2,4,NA,2,018,BEVERLY BLVD,GERHART AVE,0,NA,Y,A,-,N,NA,NA,NA,NA,NA,NA,NA,NA,NA,N,3,0,1,2,A,-,05,21650,NA,N,D,G,A,A,H,-,A,A,0,NA,Y,NA,NA,Y,NA,L,04,0,1,0,0,0,0,1,0,0,-,-,34.0263,-118.14424,LOS ANGELES,UNINCORPORATED,-118.14414008,34.02652008
90035454,2015,2015-10-21,9550,2015-10-13,1410,014862,NA,2,2,7,1941,0,1,3,NA,2,090,SR-91 WESTBOUND,CHERRY AVENUE,1200,W,N,A,-,Y,NA,NA,91,NA,NA,NA,NA,NA,W,Y,4,0,2,5,A,-,07,21658,A,N,C,C,A,A,H,-,A,D,0,NA,NA,NA,NA,Y,NA,A,07,0,0,2,0,0,0,0,0,0,-,-,33.87711,-118.17644,LOS ANGELES,LONG BEACH,-118.1764387,33.87688666
90035472,2015,2015-10-21,9550,2015-10-13,0610,018408,NA,2,1,9,1900,0,1,1,NA,2,650,I-605 S/B,SARAGOSA ST.,900,N,N,A,-,Y,NA,NA,605,NA,NA,NA,NA,NA,S,Y,4,0,4,4,A,-,03,22350,NA,N,C,C,A,A,H,-,D,D,0,NA,NA,NA,NA,Y,NA,D,22,0,0,4,0,0,0,0,0,0,-,-,33.9808,-118.07605,LOS ANGELES,UNINCORPORATED,-118.07597927,33.98072886
90035488,2015,2015-10-21,9550,2015-10-13,0700,020245,NA,2,1,5,1969,0,1,1,NA,2,151,INTERSTATE 105 (CENTURY FREEWAY),GARFIELD AVENUE,100,E,N,A,-,Y,NA,NA,NA,NA,NA,NA,NA,NA,NA,Y,4,0,1,2,A,-,03,22350,NA,N,C,C,A,A,H,-,A,D,0,NA,NA,Y,NA,Y,NA,C,02,0,0,1,0,0,0,0,0,1,-,-,NA,NA,LOS ANGELES,SOUTH GATE,-118.16859149,33.9113135
90035504,2015,2015-10-21,9565,2015-10-11,1730,017574,NA,7,2,4,1918,0,1,1,NA,2,061,I-405 SOUTHBOUND,WASHINGTON BLVD,200,S,N,A,-,Y,NA,NA,NA,NA,NA,NA,NA,NA,NA,Y,4,0,1,3,A,-,03,22350,NA,N,C,C,A,A,H,-,B,D,0,NA,NA,NA,NA,Y,NA,A,01,0,0,1,0,0,0,0,0,0,-,-,34.0491,-118.41321,LOS ANGELES,CULVER CITY,-118.41330486,34.00548346
90035505,2015,2015-10-21,9575,2015-10-02,2020,020887,NA,5,2,7,1942,0,1,3,NA,2,043,SR-134 E/B (VENTURA FREEWAY),FOREST LAWN DRIVE,100,E,N,A,-,Y,NA,NA,134,NA,NA,NA,NA,NA,E,Y,4,0,1,2,A,-,03,22350,NA,N,C,C,A,A,H,-,A,D,0,NA,NA,NA,NA,Y,NA,A,01,0,0,1,0,0,0,0,0,0,-,-,34.15451,-118.3219,LOS ANGELES,LOS ANGELES,-118.32188676,34.15444431