CASE_ID,ACCIDENT_YEAR,PROC_DATE,JURIS,COLLISION_DATE,COLLISION_TIME,OFFICER_ID,REPORTING_DISTRICT,DAY_OF_WEEK,CHP_SHIFT,POPULATION,CNTY_CITY_LOC,SPECIAL_COND,BEAT_TYPE,CHP_BEAT_TYPE,CITY_DIVISION_LAPD,CHP_BEAT_CLASS,BEAT_NUMBER,PRIMARY_RD,SECONDARY_RD,DISTANCE,DIRECTION,INTERSECTION,WEATHER_1,WEATHER_2,STATE_HWY_IND,CALTRANS_COUNTY,CALTRANS_DISTRICT,STATE_ROUTE,ROUTE_SUFFIX,POSTMILE_PREFIX,POSTMILE,LOCATION_TYPE,RAMP_INTERSECTION,SIDE_OF_HWY,TOW_AWAY,COLLISION_SEVERITY,NUMBER_KILLED,NUMBER_INJURED,PARTY_COUNT,PRIMARY_COLL_FACTOR,PCF_CODE_OF_VIOL,PCF_VIOL_CATEGORY,PCF_VIOLATION,PCF_VIOL_SUBSECTION,HIT_AND_RUN,TYPE_OF_COLLISION,MVIW,PED_ACTION,ROAD_SURFACE,ROAD_COND_1,ROAD_COND_2,LIGHTING,CONTROL_DEVICE,CHP_ROAD_TYPE,PEDESTRIAN_ACCIDENT,BICYCLE_ACCIDENT,MOTORCYCLE_ACCIDENT,TRUCK_ACCIDENT,NOT_PRIVATE_PROPERTY,ALCOHOL_INVOLVED,STWD_VEHTYPE_AT_FAULT,CHP_VEHTYPE_AT_FAULT,COUNT_SEVERE_INJ,COUNT_VISIBLE_INJ,COUNT_COMPLAINT_PAIN,COUNT_PED_KILLED,COUNT_PED_INJURED,COUNT_BICYCLIST_KILLED,COUNT_BICYCLIST_INJURED,COUNT_MC_KILLED,COUNT_MC_INJURED,PRIMARY_RAMP,SECONDARY_RAMP,LATITUDE,LONGITUDE,COUNTY,CITY,POINT_X,POINT_Y
9003910,2019,2020-02-04,1942,2019-12-15,0925,33458,1667,7,5,7,1942,0,0,0,P,0,16A77,SUNLAND BL,SHADOW ISLAND DR,372,E,N,A,-,N,NA,NA,NA,NA,NA,NA,NA,NA,NA,N,4,0,1,2,A,-,03,22350,NA,N,B,C,A,A,H,-,A,D,0,NA,NA,NA,NA,Y,NA,A,01,0,0,1,0,0,0,0,0,0,-,-,NA,NA,LOS ANGELES,LOS ANGELES,-118.34632873535156,34.25070571899414
90039105,2015,2015-10-27,9550,2015-10-20,0825,021033,NA,2,1,5,1908,0,1,3,NA,2,091,STATE ROUTE 91 (ARTESIA FREEWAY) WB,BELLFLOWER BOULEVARD,1150,W,N,A,-,Y,NA,NA,91,NA,NA,NA,NA,NA,W,Y,2,0,1,3,A,-,03,22350,NA,N,C,C,A,A,H,-,A,D,0,NA,NA,Y,NA,Y,NA,C,02,1,0,0,0,0,0,0,0,1,-,-,33.8763,-118.129,LOS ANGELES,BELLFLOWER,-118.12900002,33.87627579
90039107,2015,2015-10-27,9540,2015-10-23,0656,019254,NA,5,1,6,1985,0,1,3,NA,1,145,SR-14 S/B (ANTELOPE VALLEY FREEWAY),GOLDEN VALLEY ROAD,2640,S,N,A,-,Y,NA,NA,14,NA,NA,NA,NA,NA,S,Y,3,0,1,2,A,-,07,21658,A,N,B,C,A,A,H,-,A,D,0,NA,NA,Y,NA,Y,NA,A,01,0,1,0,0,0,0,0,0,1,-,-,34.38781,-118.48013,LOS ANGELES,SANTA CLARITA,-118.48018965,34.38788331
90039114,2015,2015-10-27,9575,2015-10-04,2001,020918,NA,7,2,7,1942,0,1,1,NA,2,060,I-210 W/B TO SR-118 W/B,VAN NUYS BLVD.,732,W,N,B,-,Y,NA,NA,210,NA,NA,NA,R,NA,W,Y,4,0,1,1,A,-,08,22107,NA,N,E,I,A,A,H,-,C,D,0,NA,NA,NA,NA,Y,NA,A,01,0,0,1,0,0,0,0,0,0,-,-,34.28344,-118.40216,LOS ANGELES,LOS ANGELES,-118.40216,34.28344
90039118,2015,2015-10-27,9545,2015-10-22,1140,012653,NA,4,1,9,1900,0,1,3,NA,1,042,SR-138 E/B,METTER CT.,300,E,N,A,-,Y,NA,NA,138,NA,NA,NA,NA,NA,E,Y,4,0,1,2,A,-,09,21804,A,N,B,C,A,A,H,-,A,D,0,NA,NA,NA,NA,Y,NA,D,22,0,0,1,0,0,0,0,0,0,-,-,34.50638,-117.90661,LOS ANGELES,UNINCORPORATED,-117.90660988,34.50644017
90039120,2015,2015-10-27,9575,2015-10-04,0220,020945,NA,7,3,3,1991,0,1,3,NA,2,090,E/B SR-2 (ANGELES CREST HIGHWAY),VERDUGO BLVD.,400,W,N,C,-,Y,NA,NA,NA,NA,NA,NA,NA,NA,NA,Y,3,0,2,2,A,-,01,23152,A,N,C,C,A,B,H,-,C,D,0,NA,NA,NA,NA,Y,Y,A,01,0,2,0,0,0,0,0,0,0,-,-,34.19967,-118.21927,LOS ANGELES,LA CANADA-FLINTRIDGE,NA,NA
9003913,2019,2020-01-31,1942,2019-12-25,1235,27259,1823,3,5,7,1942,0,0,0,R,0,18A3,E 95TH ST,WALL ST,0,NA,Y,A,-,N,NA,NA,NA,NA,NA,NA,NA,NA,NA,N,4,0,2,2,A,-,12,22450,A,N,D,C,A,A,H,-,A,A,0,NA,NA,NA,NA,Y,NA,A,01,0,0,2,0,0,0,0,0,0,-,-,NA,NA,LOS ANGELES,LOS ANGELES,-118.27171325683594,33.95016860961914
90039133,2015,2015-10-27,9575,2015-10-04,0222,020950,NA,7,3,3,1991,0,1,3,NA,2,090,SR-2 E/B (GLENDALE FREEWAY),VERDUGO BLVD.,500,W,N,B,C,Y,NA,NA,NA,NA,NA,NA,NA,NA,NA,Y,4,0,2,3,A,-,03,22350,NA,N,C,C,A,B,H,-,D,D,0,NA,NA,NA,NA,Y,NA,A,01,0,0,2,0,0,0,0,0,0,-,-,34.19995,-118.2193,LOS ANGELES,LA CANADA-FLINTRIDGE,-118.21902995,34.20397056
90039141,2015,2015-10-27,9575,2015-10-05,1910,017491,NA,1,2,6,1925,0,1,3,NA,2,042,SR-134 W/B FROM FAIRMONT AVE.,SAN FERNANDO ROAD,300,E,N,C,-,Y,NA,NA,134,NA,NA,NA,R,NA,W,Y,4,0,1,1,A,-,08,22107,NA,N,E,I,A,B,H,-,A,A,0,NA,NA,NA,NA,Y,NA,A,01,0,0,1,0,0,0,0,0,0,-,-,34.15456,-118.27419,LOS ANGELES,GLENDALE,-118.27419,34.15456
9003915,2019,2020-01-30,1942,2019-12-22,2314,39759,0182,7,5,7,1942,0,0,0,A,0,1A61,S FLOWER ST,W PICO BL,37,S,N,A,-,N,NA,NA,NA,NA,NA,NA,NA,NA,NA,N,4,0,2,2,A,-,21,22106,NA,N,C,C,A,B,H,-,C,D,0,NA,NA,NA,NA,Y,NA,J,48,0,0,2,0,0,0,0,0,0,-,-,NA,NA,LOS ANGELES,LOS ANGELES,-118.26695251464844,34.039974212646484
9003918,2019,2020-02-03,1900,2019-12-09,1712,636283,1126,1,5,6,1992,0,0,0,NA,0,112T1,WEST AV J-8,20TH ST W,1391,E,N,A,-,N,NA,NA,NA,NA,NA,NA,NA,NA,NA,Y,4,0,1,2,B,-,22,NA,NA,N,C,C,A,A,H,-,B,D,0,NA,NA,NA,NA,Y,NA,J,48,0,0,1,0,0,0,0,0,0,-,-,NA,NA,LOS ANGELES,LANCASTER,-118.16468811035156,34.68220138549805
9003920,2019,2020-01-30,1942,2019-12-30,1930,42460,1913,1,5,7,1942,0,0,0,NA,0,19A1,SAN FERNANDO RD,POLK ST,15,S,N,A,-,N,NA,NA,NA,NA,NA,NA,NA,NA,NA,N,4,0,1,2,A,-,21,22106,NA,N,C,C,A,A,H,-,C,A,0,NA,NA,NA,NA,Y,NA,J,48,0,0,1,0,0,0,0,0,0,-,-,NA,NA,LOS ANGELES,LOS ANGELES,-118.45915222167967,34.29913330078125
90039205,2015,2015-10-27,9535,2015-10-09,1425,020943,NA,5,2,5,1943,0,1,1,NA,2,104,I-105 (CENTURY FREEWAY) E/B,GARFIELD AVE.,1000,W,N,A,-,Y,NA,NA,NA,NA,NA,NA,NA,NA,NA,Y,3,0,1,4,A,-,03,22350,NA,F,B,C,A,A,H,-,A,D,0,NA,NA,NA,NA,Y,NA,D,22,0,1,0,0,0,0,0,0,0,-,-,33.91094,-118.1725,LOS ANGELES,LYNWOOD,-118.1722081,33.91091408
90039220,2015,2015-10-27,9550,2015-10-20,0752,015746,NA,2,1,9,1900,0,3,5,NA,2,005,PATHFINDER ROAD,VEGA WAY,0,NA,Y,A,-,N,NA,NA,NA,NA,NA,NA,NA,NA,NA,Y,4,0,1,2,A,-,09,21802,B,N,D,C,A,A,H,-,A,A,0,NA,NA,NA,NA,Y,NA,A,01,0,0,1,0,0,0,0,0,0,-,-,33.97478,-117.87622,LOS ANGELES,UNINCORPORATED,-117.87591003,33.9745001
90039234,2015,2015-10-27,9590,2015-10-26,2308,020997,NA,1,3,7,1942,0,1,1,NA,2,061,I-10 W/B (SANTA MONICA FREEWAY),VERMONT AVENUE,500,E,N,A,-,Y,NA,NA,10,NA,NA,NA,NA,NA,W,Y,4,0,2,2,A,-,03,22350,NA,N,C,C,A,A,H,-,D,D,0,NA,NA,NA,NA,Y,NA,A,07,0,0,2,0,0,0,0,0,0,-,-,34.03713,-118.28769,LOS ANGELES,LOS ANGELES,-118.28769262,34.03701294
90039296,2015,2015-10-29,9545,2015-10-23,0641,020118,NA,5,1,9,1900,0,3,5,NA,2,003,MOUNT EMMA ROAD,ANGELES FOREST HIGHWAY,8448,E,N,A,-,N,NA,NA,NA,NA,NA,NA,NA,NA,NA,Y,3,0,2,2,A,-,09,21801,A,N,D,C,A,A,H,-,B,D,0,NA,NA,NA,NA,Y,NA,D,22,0,2,0,0,0,0,0,0,0,-,-,34.46658,-118.08031,LOS ANGELES,UNINCORPORATED,-118.08557566,34.46327816
90039335,2015,2015-10-29,9545,2015-10-24,2035,020996,NA,6,2,9,1900,0,3,5,NA,2,004,FORT TEJON ROAD,LONGVIEW RD,38,W,N,A,-,N,NA,NA,NA,NA,NA,NA,NA,NA,NA,Y,4,0,1,1,A,-,03,22350,NA,N,E,I,A,A,H,-,D,D,0,NA,NA,NA,NA,Y,NA,A,01,0,0,1,0,0,0,0,0,0,-,-,34.47194,-117.89909,LOS ANGELES,UNINCORPORATED,-117.90210615,34.47564589
90039356,2015,2015-10-29,9545,2015-10-25,0050,020244,NA,7,3,6,1950,0,1,3,NA,2,021,SR-14 S/B,TECHNOLOGY DR,550,N,N,A,-,Y,NA,NA,14,NA,NA,NA,NA,NA,S,Y,3,0,1,1,A,-,08,22107,NA,N,E,J,A,A,H,-,D,D,0,NA,NA,NA,NA,Y,NA,A,01,0,1,0,0,0,0,0,0,0,-,-,34.59595,-118.1354,LOS ANGELES,PALMDALE,-118.13557511,34.59582098
90039394,2015,2015-10-29,9550,2015-10-20,1350,018408,NA,2,1,3,1964,0,1,1,NA,2,650,I-605 N/B,TELEGRAPH ROAD,200,N,N,A,-,Y,NA,NA,605,NA,NA,NA,NA,NA,N,Y,4,0,1,2,C,-,18,NA,NA,N,C,C,A,A,H,-,A,D,0,NA,NA,NA,NA,Y,NA,-,-,0,0,1,0,0,0,0,0,0,-,-,33.95325,-118.08962,LOS ANGELES,SANTA FE SPRINGS,-118.08971002,33.95330271
90039399,2015,2015-10-29,9550,2015-10-20,0700,018408,NA,2,1,9,1900,0,1,1,NA,2,650,I-605 S/B,SLAUSON AVENUE,1200,S,N,A,-,Y,NA,NA,605,NA,NA,NA,NA,NA,S,Y,4,0,1,2,A,-,04,21703,NA,N,C,C,A,A,H,-,A,D,0,NA,NA,Y,NA,Y,NA,C,02,0,0,1,0,0,0,0,0,1,-,-,33.95986,-118.08664,LOS ANGELES,UNINCORPORATED,-118.08657736,33.95983208
90039402,2015,2015-10-29,9545,2015-10-25,1210,018097,NA,7,1,9,1900,0,3,5,NA,2,003,ALISO CANYON RD,ANGELES FOREST HWY,1400,W,N,B,-,Y,NA,NA,NA,NA,NA,NA,NA,NA,NA,N,3,0,1,1,A,-,08,22107,NA,N,F,A,A,A,H,-,A,D,0,NA,NA,Y,NA,Y,NA,C,02,0,1,0,0,0,0,0,0,1,-,-,34.25003,-118.52124,LOS ANGELES,UNINCORPORATED,-118.08875866,34.41707702
90039410,2015,2015-10-29,9545,2015-10-26,0800,015351,NA,1,1,9,1900,0,1,3,NA,1,042,SR-138 E/B (PEARBLOSSOM HWY),62ND ST  E,2112,E,N,A,-,Y,NA,NA,138,NA,NA,NA,NA,NA,E,Y,4,0,1,2,A,-,03,22350,NA,N,C,C,A,A,H,-,A,D,0,NA,NA,NA,NA,Y,NA,A,01,0,0,1,0,0,0,0,0,0,-,-,34.53086,-118.01381,LOS ANGELES,UNINCORPORATED,-118.01390424,34.53078593
90039418,2015,2015-11-02,9530,2015-10-18,0010,020473,NA,7,3,9,1900,0,3,5,NA,2,002,SAN PEDRO ST.,135TH ST.,0,NA,Y,A,-,N,NA,NA,NA,NA,NA,NA,NA,NA,NA,Y,4,0,1,2,A,-,12,21453,A,N,D,C,A,A,H,-,C,A,0,NA,NA,NA,NA,Y,NA,A,07,0,0,1,0,0,0,0,0,0,-,-,33.9091,-118.2704,LOS ANGELES,UNINCORPORATED,-118.26967013,33.90916001
90039435,2015,2015-10-29,9550,2015-09-30,1850,021042,NA,3,2,9,1900,0,1,3,NA,2,600,STATE ROUTE 60 EASTBOUND,HACIENDA BOULEVARD,1400,W,N,A,-,Y,NA,NA,60,NA,NA,NA,NA,NA,E,N,4,0,2,2,A,-,03,22350,NA,N,C,C,A,A,H,-,C,D,0,NA,NA,NA,NA,Y,NA,A,08,0,0,2,0,0,0,0,0,0,-,-,34.00812,-117.96991,LOS ANGELES,UNINCORPORATED,-117.96980586,34.00847399
90039436,2015,2015-10-29,9530,2015-10-19,2310,020140,NA,1,3,5,1977,0,1,1,NA,2,410,I-405 N/B FROM AVALON BLVD,AVALON BLVD.,150,N,N,A,-,Y,NA,NA,405,NA,NA,NA,R,NA,N,N,4,0,2,2,D,-,00,NA,NA,N,B,C,A,A,H,-,C,D,0,NA,NA,NA,NA,Y,NA,-,-,0,0,2,0,0,0,0,0,0,-,-,33.84001,-118.26342,LOS ANGELES,CARSON,-118.26342,33.84001
90039440,2015,2015-10-29,9545,2015-10-26,1120,012653,NA,1,1,9,1900,0,3,5,NA,2,004,90TH ST  E,AVENUE Q-12,0,NA,Y,A,-,N,NA,NA,NA,NA,NA,NA,NA,NA,NA,Y,4,0,2,3,A,-,03,22350,NA,N,C,C,A,A,H,-,A,A,0,NA,NA,NA,NA,Y,NA,A,07,0,0,2,0,0,0,0,0,0,-,-,34.57598,-117.96969,LOS ANGELES,UNINCORPORATED,-117.96963,34.57606006
90039442,2015,2015-10-29,9530,2015-10-18,0020,020938,NA,7,3,9,1900,0,1,1,NA,2,210,I-105 E/B (GLENN ANDERSON FWY),CENTRAL AVE.,215,E,N,A,-,Y,NA,NA,NA,NA,NA,NA,NA,NA,NA,N,3,0,1,4,A,-,11,21954,A,M,G,B,E,A,H,-,C,D,0,Y,NA,NA,NA,Y,Y,N,60,0,1,0,0,1,0,0,0,0,-,-,33.5542,-118.1502,LOS ANGELES,UNINCORPORATED,-118.25356322,33.92801144
90039462,2015,2015-10-29,9530,2015-10-21,1525,016193,NA,3,2,9,1900,0,3,5,NA,2,001,SANTA FE AVENUE (7200 BLOCK),FLORENCE AVE.,50,S,N,A,-,N,NA,NA,NA,NA,NA,NA,NA,NA,NA,N,4,0,1,2,A,-,07,21658,A,N,B,C,A,A,H,-,A,D,0,NA,NA,NA,NA,Y,NA,A,01,0,0,1,0,0,0,0,0,0,-,-,33.9744,-118.2302,LOS ANGELES,UNINCORPORATED,-118.23028692,33.9745929
90039467,2015,2015-10-29,9530,2015-10-21,0335,020080,NA,3,3,7,1941,0,1,1,NA,2,071,I-710 S/B (LONG BEACH FREEWAY),CARSON ST.,191,N,N,A,-,Y,NA,NA,NA,NA,NA,NA,NA,NA,NA,Y,4,0,1,1,A,-,08,22107,NA,N,E,I,A,A,H,-,C,D,0,NA,NA,NA,NA,Y,NA,A,01,0,0,1,0,0,0,0,0,0,-,-,33.4994,-118.1255,LOS ANGELES,LONG BEACH,-118.20897896,33.8323022
90039479,2015,2015-10-29,9580,2015-09-30,0815,017228,NA,3,1,7,1942,0,1,3,NA,2,117,SR-118 W/B (RONALD REAGAN FWY.),SR-27 (TOPANGA CYN. BLVD.),1100,E,N,A,-,Y,NA,NA,118,NA,NA,NA,NA,NA,W,Y,4,0,3,3,A,-,03,22350,NA,N,C,C,A,A,H,-,A,D,0,NA,NA,NA,NA,Y,NA,A,01,0,0,3,0,0,0,0,0,0,-,-,34.27567,-118.59856,LOS ANGELES,LOS ANGELES,-118.59857829,34.27561985
90039480,2015,2015-10-29,9545,2015-10-20,1415,015589,NA,2,2,9,1900,0,3,5,NA,2,001,AVENUE L-8,52ND STREET WEST,0,NA,Y,A,-,N,NA,NA,NA,NA,NA,NA,NA,NA,NA,Y,4,0,1,2,A,-,09,21802,A,N,D,C,A,A,H,-,A,A,0,NA,NA,NA,NA,Y,NA,A,01,0,0,1,0,0,0,0,0,0,-,-,34.65292,-118.2231,LOS ANGELES,UNINCORPORATED,-118.22302001,34.65291004
90039526,2015,2015-10-29,9550,2015-10-05,0935,016237,NA,1,1,1,1932,0,1,3,NA,2,600,SR-60 W/B,CROSSROADS PARKWAY,100,E,N,A,-,Y,NA,NA,60,NA,NA,NA,NA,NA,W,N,4,0,1,3,A,-,03,22350,NA,N,C,C,A,A,H,-,A,D,0,NA,NA,NA,NA,Y,NA,A,07,0,0,1,0,0,0,0,0,0,-,-,34.02937,-118.01253,LOS ANGELES,INDUSTRY,-118.01253154,34.02919334
90039555,2015,2015-10-29,9575,2015-10-10,1325,020530,NA,6,1,7,1942,0,1,3,NA,2,070,SR-118 E/B (RONALD REAGAN FREEWAY),GLENOAKS BLVD.,2640,E,N,A,-,Y,NA,NA,NA,NA,NA,NA,NA,NA,NA,Y,4,0,2,2,A,-,03,22350,NA,N,C,C,A,A,H,-,A,D,0,NA,NA,NA,NA,Y,NA,A,01,0,0,2,0,0,0,0,0,0,-,-,34.20263,-118.4155,LOS ANGELES,LOS ANGELES,-118.41194,34.28489
90039564,2015,2015-10-29,9550,2015-10-17,1835,020221,NA,6,2,9,1900,0,1,3,NA,2,602,SR-60 E/B,FULLERTON ROAD,400,E,N,A,-,Y,NA,NA,60,NA,NA,NA,NA,NA,E,Y,4,0,1,3,A,-,03,22350,NA,N,C,C,A,A,H,-,C,D,0,NA,NA,NA,NA,Y,NA,D,22,0,0,1,0,0,0,0,0,0,-,-,33.99393,-117.90121,LOS ANGELES,UNINCORPORATED,-117.90120994,33.99406656
90039566,2015,2015-10-29,9550,2015-10-18,0700,021054,NA,7,1,9,1900,0,1,3,NA,2,602,SR-60 W/B,NOGALES STREET,380,E,N,B,-,Y,NA,NA,60,NA,NA,NA,NA,NA,W,Y,3,0,2,2,A,-,08,22107,NA,N,E,I,A,A,H,-,B,D,0,NA,NA,NA,Y,Y,NA,F,26,0,1,1,0,0,0,0,0,0,-,-,33.99438,-117.8881,LOS ANGELES,UNINCORPORATED,-117.88810170000001,33.99425308
90039567,2015,2015-10-29,9575,2015-10-10,1245,021026,NA,6,1,7,1942,0,1,1,NA,2,053,I-5 N/B (GOLDEN STATE FREEWAY),VAN NUYS BLVD.,400,N,N,A,-,Y,NA,NA,5,NA,NA,NA,NA,NA,N,Y,4,0,1,3,A,-,03,22350,NA,N,C,C,A,A,H,-,A,D,0,NA,NA,NA,NA,Y,NA,A,07,0,0,1,0,0,0,0,0,0,-,-,34.26337,-118.44017,LOS ANGELES,LOS ANGELES,-118.44082926,34.26294467
90039620,2015,2015-10-29,9580,2015-10-07,1715,018780,NA,3,2,7,1942,0,1,1,NA,2,407,I-405 S/B (SAN DIEGO FREEWAY),SHERMAN WAY,200,N,N,A,-,Y,NA,NA,405,NA,NA,NA,NA,NA,S,Y,3,0,1,1,A,-,08,22107,NA,N,E,I,A,A,H,-,A,D,0,NA,NA,NA,NA,Y,NA,A,07,0,1,0,0,0,0,0,0,0,-,-,34.2022,-118.47376,LOS ANGELES,LOS ANGELES,-118.47351798,34.20218038
90039637,2015,2015-10-29,9580,2015-10-07,1927,018803,NA,3,2,7,1942,0,1,3,NA,2,170,SR-170 N/B FROM ROSCOE BLVD.,ROSCOE BLVD,60,N,N,A,-,Y,NA,NA,170,NA,NA,NA,R,NA,N,Y,3,0,2,1,A,-,08,22107,NA,N,E,I,A,A,H,-,C,D,0,NA,NA,NA,NA,Y,NA,A,01,0,1,1,0,0,0,0,0,0,-,-,34.22236,-118.41006,LOS ANGELES,LOS ANGELES,-118.41006,34.22236
90039638,2015,2015-10-29,9545,2015-10-27,1725,014790,NA,2,2,9,1900,0,1,3,NA,2,011,SR-14 S/B,AVENUE M,528,N,N,B,-,Y,NA,NA,14,NA,NA,NA,NA,NA,S,Y,4,0,1,2,A,-,03,22350,NA,N,C,C,A,A,H,-,A,D,0,NA,NA,NA,NA,Y,NA,A,01,0,0,1,0,0,0,0,0,0,-,-,34.64739,-118.15335,LOS ANGELES,UNINCORPORATED,-118.15345058,34.64738919
90039646,2015,2015-10-29,9545,2015-10-26,1145,013963,NA,1,1,9,1900,0,3,5,NA,2,001,SAN FRANCISQUITO CYN RD,CALLE DAGGETT,4752,S,N,A,-,N,NA,NA,NA,NA,NA,NA,NA,NA,NA,Y,3,0,2,2,A,-,06,21751,NA,N,A,C,A,A,H,-,A,D,0,NA,NA,NA,NA,Y,NA,D,22,0,1,1,0,0,0,0,0,0,-,-,34.61372,-118.43317,LOS ANGELES,UNINCORPORATED,-118.43350567,34.61355217
90039656,2015,2015-10-29,9580,2015-10-08,1350,018780,NA,4,1,7,1942,0,1,1,NA,2,405,I-405 S/B (SAN DIEGO FREEWAY),VALLEY VISTA BLVD.,100,N,N,A,-,Y,NA,NA,405,NA,NA,NA,NA,NA,S,N,4,0,1,3,A,-,03,22350,NA,N,C,C,A,A,H,-,A,D,0,NA,NA,NA,NA,Y,NA,A,01,0,0,1,0,0,0,0,0,0,-,-,34.14834,-118.46988,LOS ANGELES,LOS ANGELES,-118.4696464,34.14821784
90039683,2015,2015-10-29,9575,2015-10-08,1540,017589,NA,4,2,6,1925,0,1,1,NA,2,050,I-5 S/B (GOLDEN STATE FREEWAY),SONORA AVE.,200,S,N,A,-,Y,NA,NA,5,NA,NA,NA,NA,NA,S,N,4,0,1,2,A,-,03,22350,NA,N,C,C,A,A,A,-,A,D,0,NA,NA,NA,NA,Y,NA,A,01,0,0,1,0,0,0,0,0,0,-,-,34.16124,-118.29339,LOS ANGELES,GLENDALE,-118.29337941,34.16124619
90039692,2015,2015-10-29,9545,2015-10-19,0800,016549,NA,1,1,9,1900,0,3,5,NA,2,003,ANGELES FOREST HWY,JUNIPER RIDGE LN,1584,N,N,A,-,N,NA,NA,NA,NA,NA,NA,NA,NA,NA,Y,4,0,1,2,A,-,05,21460,A,N,A,C,A,A,H,-,A,A,0,NA,NA,NA,NA,Y,NA,A,01,0,0,1,0,0,0,0,0,0,-,-,34.47726,-118.11824,LOS ANGELES,UNINCORPORATED,-118.11815712,34.47716605
90039709,2015,2015-10-29,9525,2015-10-09,1755,020341,NA,5,2,6,1955,0,1,1,NA,2,107,I-10 W/B (SAN BERNARDINO FREEWAY),KELLOGG DR.,800,E,N,A,-,Y,NA,NA,10,NA,NA,NA,NA,NA,W,N,4,0,3,3,A,-,03,22350,NA,N,C,C,A,A,H,-,C,D,0,NA,NA,NA,NA,Y,NA,A,01,0,0,3,0,0,0,0,0,0,-,-,34.06435,-117.81066,LOS ANGELES,POMONA,-117.8106435,34.06424355
90039727,2015,2015-10-29,9530,2015-10-19,0530,020137,NA,1,3,7,1942,0,1,3,NA,2,310,SR-91W/B  TO I-110 N/B,VERMONT AVE.,528,E,N,A,-,Y,NA,NA,NA,NA,NA,NA,NA,NA,NA,N,4,0,1,2,A,-,03,22350,NA,N,C,C,A,A,H,-,C,D,0,NA,NA,NA,NA,Y,NA,A,01,0,0,1,0,0,0,0,0,0,-,-,33.86736,-118.28535,LOS ANGELES,LOS ANGELES,NA,NA
90039745,2015,2015-10-29,9525,2015-10-03,1010,018505,NA,6,1,5,1906,0,1,1,NA,2,103,I-10 W/B (SAN BERNARDINO FREEWAY),FRAZIER ST.,1000,E,N,A,-,Y,NA,NA,10,NA,NA,NA,NA,NA,W,N,3,0,2,2,A,-,03,22350,NA,N,C,C,A,A,H,-,A,D,0,NA,NA,NA,Y,Y,NA,G,25,0,1,1,0,0,0,0,0,0,-,-,34.06722,-117.98625,LOS ANGELES,BALDWIN PARK,-117.9862233,34.06702001
90039757,2015,2015-10-29,9530,2015-10-19,1635,020141,NA,1,2,9,1900,0,3,5,NA,2,001,NADEAU ST. (2100 BLOCK),ALAMEDA ST.,50,W,N,B,-,N,NA,NA,NA,NA,NA,NA,NA,NA,NA,N,4,0,1,2,A,-,21,22106,NA,N,C,C,A,B,H,-,A,D,0,NA,NA,NA,NA,Y,NA,D,22,0,0,1,0,0,0,0,0,0,-,-,33.96775,-118.23388,LOS ANGELES,UNINCORPORATED,-118.23338454,33.9674527
90039808,2015,2015-10-29,9575,2015-10-11,1355,021026,NA,7,1,9,1900,0,2,4,NA,2,022,LINCOLN AVE.,ALBERTA ST.,70,N,N,A,-,N,NA,NA,NA,NA,NA,NA,NA,NA,NA,N,4,0,4,4,A,-,03,22350,NA,N,C,C,A,A,H,-,A,D,0,NA,NA,NA,NA,Y,NA,A,01,0,0,4,0,0,0,0,0,0,-,-,34.18616,-118.15923,LOS ANGELES,UNINCORPORATED,-118.15971766,34.18589194
90039815,2015,2015-10-29,9590,2015-10-24,2338,020788,NA,6,3,7,1942,0,1,1,NA,2,063,I-10 W/B (SMF) TO ARLINGTON AVENUE,ARLINGTON AVENUE,50,E,N,A,-,Y,NA,NA,10,NA,NA,NA,R,NA,W,Y,3,0,2,3,A,-,01,23152,A,N,C,C,A,A,H,-,C,A,0,NA,NA,NA,NA,Y,Y,A,01,0,1,1,0,0,0,0,0,0,-,-,34.03719,-118.31705,LOS ANGELES,LOS ANGELES,-118.31705,34.03719
90039827,2015,2015-10-29,9530,2015-10-19,1400,021089,NA,1,2,7,1941,0,1,3,NA,2,320,SR-91 E/B (ARTESIA FREEWAY),SUSANA RD.,24,W,N,B,-,Y,NA,NA,91,NA,NA,NA,NA,NA,E,Y,4,0,1,2,A,-,03,22350,NA,N,C,C,A,A,H,-,A,D,0,NA,NA,NA,NA,Y,NA,A,01,0,0,1,0,0,0,0,0,0,-,-,33.87351,-118.20737,LOS ANGELES,LONG BEACH,-118.20739269,33.87336719
90039830,2015,2015-11-30,9535,2015-10-12,0840,017302,NA,1,1,9,1900,0,1,1,NA,2,420,1-10 FWY E/B,CAMPUS ROAD,456,E,N,A,-,Y,NA,NA,NA,NA,NA,NA,NA,NA,NA,Y,4,0,2,2,A,-,07,21658,A,N,B,C,A,A,H,-,A,D,0,NA,NA,NA,NA,Y,NA,A,01,0,0,2,0,0,0,0,0,0,-,-,34.06158,-118.16566,LOS ANGELES,UNINCORPORATED,NA,NA
90039860,2015,2015-10-29,9535,2015-10-15,0506,020769,NA,4,3,9,1900,0,1,1,NA,2,421,I-10 W/B (SAN BERNARDINO FWY),HERBERT AVE,25,E,N,A,-,Y,NA,NA,NA,NA,NA,NA,NA,NA,NA,Y,4,0,2,3,A,-,03,22350,NA,N,C,C,A,A,H,-,C,D,0,NA,NA,NA,NA,Y,NA,A,01,0,0,2,0,0,0,0,0,0,-,-,34.05632,-118.05632,LOS ANGELES,UNINCORPORATED,-118.18309801,34.05629331