CASE_ID,ACCIDENT_YEAR,PROC_DATE,JURIS,COLLISION_DATE,COLLISION_TIME,OFFICER_ID,REPORTING_DISTRICT,DAY_OF_WEEK,CHP_SHIFT,POPULATION,CNTY_CITY_LOC,SPECIAL_COND,BEAT_TYPE,CHP_BEAT_TYPE,CITY_DIVISION_LAPD,CHP_BEAT_CLASS,BEAT_NUMBER,PRIMARY_RD,SECONDARY_RD,DISTANCE,DIRECTION,INTERSECTION,WEATHER_1,WEATHER_2,STATE_HWY_IND,CALTRANS_COUNTY,CALTRANS_DISTRICT,STATE_ROUTE,ROUTE_SUFFIX,POSTMILE_PREFIX,POSTMILE,LOCATION_TYPE,RAMP_INTERSECTION,SIDE_OF_HWY,TOW_AWAY,COLLISION_SEVERITY,NUMBER_KILLED,NUMBER_INJURED,PARTY_COUNT,PRIMARY_COLL_FACTOR,PCF_CODE_OF_VIOL,PCF_VIOL_CATEGORY,PCF_VIOLATION,PCF_VIOL_SUBSECTION,HIT_AND_RUN,TYPE_OF_COLLISION,MVIW,PED_ACTION,ROAD_SURFACE,ROAD_COND_1,ROAD_COND_2,LIGHTING,CONTROL_DEVICE,CHP_ROAD_TYPE,PEDESTRIAN_ACCIDENT,BICYCLE_ACCIDENT,MOTORCYCLE_ACCIDENT,TRUCK_ACCIDENT,NOT_PRIVATE_PROPERTY,ALCOHOL_INVOLVED,STWD_VEHTYPE_AT_FAULT,CHP_VEHTYPE_AT_FAULT,COUNT_SEVERE_INJ,COUNT_VISIBLE_INJ,COUNT_COMPLAINT_PAIN,COUNT_PED_KILLED,COUNT_PED_INJURED,COUNT_BICYCLIST_KILLED,COUNT_BICYCLIST_INJURED,COUNT_MC_KILLED,COUNT_MC_INJURED,PRIMARY_RAMP,SECONDARY_RAMP,LATITUDE,LONGITUDE,COUNTY,CITY,POINT_X,POINT_Y
90041987,2015,2015-11-02,9590,2015-10-07,1730,020298,NA,3,2,7,1942,0,1,1,NA,2,013,SR-110 S/B (ASP) FROM AVE 52,AVENUE 52,30,S,N,A,-,Y,NA,NA,110,NA,NA,NA,R,NA,S,N,4,0,2,2,A,-,03,22350,NA,F,C,C,A,A,H,-,A,D,0,NA,NA,NA,NA,Y,NA,A,01,0,0,2,0,0,0,0,0,0,-,-,34.103,-118.19739,LOS ANGELES,LOS ANGELES,-118.19739,34.103
90041988,2015,2015-11-02,9590,2015-10-07,1600,016689,NA,3,2,7,1942,0,1,2,NA,2,072,US-101 N/B,MELROSE AVENUE,50,N,N,A,-,Y,NA,NA,101,NA,NA,NA,NA,NA,N,Y,4,0,1,3,A,-,03,22350,NA,N,C,C,A,A,H,-,A,D,0,NA,NA,NA,NA,Y,NA,A,07,0,0,1,0,0,0,0,0,0,-,-,34.08415,-118.29928,LOS ANGELES,LOS ANGELES,-118.29931047,34.08410569
90041989,2015,2015-11-02,9535,2015-10-19,1705,019540,NA,1,2,9,1900,0,1,3,NA,2,600,SR-60 W/B TO I-710 S/B I-710,HUMPHREYS AVE,100,N,N,B,C,Y,NA,NA,NA,NA,NA,NA,NA,NA,NA,N,4,0,2,2,A,-,03,22350,NA,N,C,C,A,B,H,-,A,D,0,NA,NA,NA,NA,Y,NA,A,01,0,0,2,0,0,0,0,0,0,-,-,34.03047,-118.17165,LOS ANGELES,UNINCORPORATED,NA,NA
90041996,2015,2015-11-02,9535,2015-10-19,1745,020818,NA,1,2,5,1947,0,1,3,NA,2,621,SR-60 (POMONA FREEWAY) W/B,MARKLAND DR.,1100,E,N,B,-,Y,NA,NA,60,NA,NA,NA,NA,NA,W,Y,4,0,1,3,A,-,03,22350,NA,N,C,C,A,B,H,-,D,D,0,NA,NA,NA,NA,Y,NA,A,01,0,0,1,0,0,0,0,0,0,-,-,34.03345,-118.11451,LOS ANGELES,MONTEBELLO,-118.11450779,34.03340503
90042003,2015,2015-11-02,9525,2015-10-13,0735,012772,NA,2,1,5,1906,0,1,1,NA,2,104,I-10 E/B (SAN BERNARDINO FREEWAY),BALDWIN PARK BLVD,300,W,N,A,-,Y,NA,NA,10,NA,NA,NA,NA,NA,E,N,4,0,2,3,A,-,03,22350,NA,N,C,C,A,A,H,-,A,D,0,NA,NA,NA,NA,Y,NA,A,01,0,0,2,0,0,0,0,0,0,-,-,34.06674,-117.98628,LOS ANGELES,BALDWIN PARK,-117.98629684,34.06687406
90042005,2015,2015-11-02,9535,2015-10-20,1045,019947,NA,2,1,9,1900,0,1,1,NA,2,650,I-605 N/B,SR-60,214,N,N,A,-,Y,NA,NA,605,NA,NA,NA,NA,NA,N,Y,4,0,1,3,A,-,03,22350,NA,N,C,C,A,A,H,-,A,D,0,NA,NA,NA,NA,Y,NA,A,01,0,0,1,0,0,0,0,0,0,-,-,34.03744,-118.02242,LOS ANGELES,UNINCORPORATED,-118.02247984,34.03751636
90042007,2015,2015-11-02,9535,2015-10-20,2040,017236,NA,2,2,5,1969,0,1,1,NA,2,074,I-710 N/B (LONG BEACH FREEWAY),FIRESTONE BLVD.,1056,S,N,A,-,Y,NA,NA,710,NA,NA,NA,NA,NA,N,Y,4,0,1,2,A,-,07,21658,A,N,B,C,A,A,H,-,C,D,0,NA,NA,NA,Y,Y,NA,G,27,0,0,1,0,0,0,0,0,0,-,-,33.94663,-118.17042,LOS ANGELES,SOUTH GATE,-118.17040696,33.94662834
90042008,2015,2015-11-02,9540,2015-10-10,1406,020875,NA,6,2,9,1900,0,1,1,NA,1,502,I-5 N/B (GOLDEN STATE FREEWAY),THE OLD ROAD,300,S,N,A,-,Y,NA,NA,5,NA,NA,NA,NA,NA,N,Y,3,0,1,1,A,-,01,23152,E,N,E,I,A,A,H,-,A,D,0,NA,NA,NA,NA,Y,NA,A,01,0,1,0,0,0,0,0,0,0,-,-,34.35096,-118.54358,LOS ANGELES,UNINCORPORATED,-118.54359963,34.35090821
90042010,2015,2015-11-02,9525,2015-10-13,0910,012772,NA,2,1,5,1906,0,1,1,NA,2,103,I-10 W/B (SAN BERNARDINO FREEWAY),I-605,300,E,N,A,-,Y,NA,NA,10,NA,NA,NA,NA,NA,W,Y,4,0,3,5,A,-,03,22350,NA,N,C,C,A,A,H,-,A,D,0,NA,NA,NA,NA,Y,NA,A,07,0,0,3,0,0,0,0,0,0,-,-,34.06531,-117.99971,LOS ANGELES,BALDWIN PARK,-117.99970179,34.06523079
90042056,2015,2015-11-02,9575,2015-10-11,1640,020614,NA,7,2,9,1900,0,1,3,NA,2,304,SR-2 (ANGELES CREST HIGHWAY),CLOUDBURST SUMMIT,7392,W,N,A,-,Y,NA,NA,2,NA,NA,NA,NA,NA,NA,Y,2,0,1,1,A,-,08,22107,NA,N,E,A,A,A,H,-,A,D,0,NA,NA,Y,NA,Y,NA,C,02,1,0,0,0,0,0,0,0,1,-,-,34.35034,-117.94072,LOS ANGELES,UNINCORPORATED,-117.94070467,34.35034012
90042061,2015,2015-11-02,9540,2015-10-23,0820,018513,NA,5,1,9,1900,0,1,1,NA,1,503,I-5 S/B (GOLDEN STATE FREEWAY),CALGROVE BLVD,5280,S,N,A,-,Y,NA,NA,5,NA,NA,NA,NA,NA,S,Y,4,0,2,3,A,-,03,22350,NA,N,C,C,A,A,H,-,A,D,0,NA,NA,NA,NA,Y,NA,A,01,0,0,2,0,0,0,0,0,0,-,-,34.35052,-118.54317,LOS ANGELES,UNINCORPORATED,-118.54320975,34.3504168
90042077,2015,2015-11-02,9540,2015-10-28,1655,019788,NA,3,2,7,1942,0,1,1,NA,2,504,I-5 N/B (GOLDEN STATE FREEWAY),SIERRA HWY,1584,S,N,B,-,Y,NA,NA,NA,NA,NA,NA,NA,NA,NA,Y,4,0,1,2,A,-,07,21658,A,N,B,C,A,A,H,-,A,D,0,NA,NA,NA,Y,Y,NA,G,25,0,0,1,0,0,0,0,0,0,-,-,34.33039,-118.5039,LOS ANGELES,LOS ANGELES,NA,NA
90042079,2015,2015-11-02,9530,2015-10-19,1840,021089,NA,1,2,5,1977,0,1,3,NA,2,310,SR-91 W/B (ARTESIA FREEWAY),AVALON BLVD.,1500,W,N,B,-,Y,NA,NA,91,NA,NA,NA,NA,NA,W,Y,4,0,1,3,A,-,03,22350,NA,F,C,C,A,B,H,-,B,D,0,NA,NA,NA,NA,Y,NA,A,01,0,0,1,0,0,0,0,0,0,-,-,33.87285,-118.2725,LOS ANGELES,CARSON,-118.27250329,33.87273657
90042093,2015,2015-11-02,9530,2015-10-31,1732,017755,NA,6,2,5,1943,0,1,1,NA,2,210,I-105 W/B (GLENN ANDERSON FWY),GERTRUDE AVE.,200,E,N,A,-,Y,NA,NA,105,NA,NA,NA,NA,NA,W,N,4,0,3,3,A,-,01,23152,A,N,C,C,A,A,H,-,B,D,0,NA,NA,NA,NA,Y,Y,A,07,0,0,3,0,0,0,0,0,0,-,-,33.91969,-118.19773,LOS ANGELES,LYNWOOD,-118.19772588,33.91969947
90042099,2015,2015-11-02,9550,2015-10-29,1306,020070,NA,4,1,3,1964,0,1,1,NA,2,650,I-605 S/B (SAN GABRIEL RIVER FWY.),TELEGRAPH RD,500,S,N,A,-,Y,NA,NA,605,NA,NA,NA,NA,NA,S,Y,4,0,3,5,A,-,01,23152,F,F,B,C,A,A,H,-,A,D,0,NA,NA,NA,NA,Y,Y,A,01,0,0,3,0,0,0,0,0,0,-,-,33.94922,-118.09238,LOS ANGELES,SANTA FE SPRINGS,-118.0923711,33.94921468
90042102,2015,2015-11-02,9535,2015-10-27,2155,019306,NA,2,2,9,1900,0,3,5,NA,2,002,EAGLE ST.,SADLER AVE,0,NA,Y,A,-,N,NA,NA,NA,NA,NA,NA,NA,NA,NA,Y,3,0,1,5,A,-,01,23152,A,N,C,E,A,A,H,-,C,D,0,NA,NA,NA,NA,Y,Y,A,01,0,1,0,0,0,0,0,0,0,-,-,34.02541,-118.14711,LOS ANGELES,UNINCORPORATED,-118.14731006,34.02547003
90042108,2015,2015-11-02,9540,2015-10-23,1540,020875,NA,5,2,7,1942,0,1,1,NA,1,502,I-5 N/B (GOLDEN STATE FREEWAY),ROXFORD ST,600,N,N,A,-,Y,NA,NA,5,NA,NA,NA,NA,NA,N,N,4,0,2,2,A,-,03,22350,NA,N,C,C,A,A,H,-,A,D,0,NA,NA,NA,NA,Y,NA,D,22,0,0,2,0,0,0,0,0,0,-,-,34.30667,-118.48275,LOS ANGELES,LOS ANGELES,-118.48272799,34.30669083
90042122,2015,2015-11-02,9535,2015-10-18,0534,017416,NA,7,3,1,1932,0,1,1,NA,2,651,I-605 S/B (SAN GABRIEL RIVER FREEWAY),SAN JOSE CREEK,165,N,N,B,-,Y,NA,NA,NA,NA,NA,NA,NA,NA,NA,Y,4,0,1,1,A,-,08,22107,NA,N,F,A,A,A,H,-,D,D,0,NA,NA,NA,NA,Y,NA,A,07,0,0,1,0,0,0,0,0,0,-,-,34.05188,-118.02251,LOS ANGELES,INDUSTRY,NA,NA
90042129,2015,2015-11-02,9590,2015-10-07,0615,021069,NA,3,1,7,1942,0,1,1,NA,2,050,I-110 NB (HAF),MARTIN LUTHER KING JR BLVD,197,S,N,A,-,Y,NA,NA,110,NA,NA,NA,NA,NA,N,Y,4,0,1,2,A,-,03,22350,NA,F,C,C,A,A,H,-,B,D,0,NA,NA,NA,NA,Y,NA,-,99,0,0,1,0,0,0,0,0,0,-,-,34.01054,-118.28091,LOS ANGELES,LOS ANGELES,-118.28091769,34.01054008
90042169,2015,2015-11-02,9575,2015-10-10,1810,017852,NA,6,2,9,1900,0,3,5,NA,2,002,MARIPOSA ST (100 BLOCK),FAIR OAKS AVE.,20,W,N,A,-,N,NA,NA,NA,NA,NA,NA,NA,NA,NA,N,4,0,1,2,A,-,21,22106,NA,N,C,C,A,A,H,-,B,D,0,NA,NA,NA,NA,Y,NA,D,22,0,0,1,0,0,0,0,0,0,-,-,34.19205,-118.14872,LOS ANGELES,UNINCORPORATED,-118.14861178,34.19203928
90042180,2015,2015-11-02,9540,2015-10-21,0650,016906,NA,3,1,9,1900,0,1,3,NA,1,145,SR-14 S/B (ANTELOPE VALLEY FWY),NEWHALL AVE,800,N,N,A,-,Y,NA,NA,14,NA,NA,NA,NA,NA,S,Y,3,0,1,2,A,-,07,21658,A,F,B,C,A,A,H,-,A,D,0,NA,NA,Y,NA,Y,NA,-,99,0,1,0,0,0,0,0,0,1,-,-,34.36924,-118.50153,LOS ANGELES,UNINCORPORATED,-118.50142445,34.36918168
90042185,2015,2015-11-02,9535,2015-10-15,1855,019135,NA,4,2,5,1948,0,1,1,NA,2,070,I-710 (LONG BEACH FREEWAY) N/B,RAMONA BLVD,600,S,N,A,-,Y,NA,NA,710,NA,NA,NA,NA,NA,N,N,4,0,1,2,A,-,21,22106,NA,N,C,C,A,A,H,-,C,D,0,NA,NA,NA,NA,Y,NA,A,01,0,0,1,0,0,0,0,0,0,-,-,34.0572,-118.16467,LOS ANGELES,MONTEREY PARK,-118.16491379,34.05710202
9004222,2018,2020-02-24,1910,2018-10-15,0755,03209,NA,1,5,4,1910,0,0,0,NA,0,007,N DOHENY DR,WILSHIRE BL,167,N,N,A,-,N,NA,NA,NA,NA,NA,NA,NA,NA,NA,Y,3,0,1,2,A,-,09,21804,NA,N,D,C,A,A,H,-,A,A,0,NA,NA,NA,NA,Y,NA,A,01,0,1,0,0,0,0,0,0,0,-,-,NA,NA,LOS ANGELES,BEVERLY HILLS,-118.38971710205078,34.0675163269043
90042228,2015,2015-11-16,9550,2015-10-24,2255,020959,NA,6,3,5,1935,0,1,1,NA,2,652,I-605 S/B,CARSON AVENUE,2270,S,N,A,-,Y,NA,NA,NA,NA,NA,NA,NA,NA,NA,Y,3,0,3,2,A,-,08,22107,NA,N,D,C,A,A,H,-,C,D,0,NA,NA,NA,NA,Y,NA,A,01,0,1,2,0,0,0,0,0,0,-,-,33.82528,-118.08198,LOS ANGELES,LAKEWOOD,-118.0842,33.83138
90042234,2015,2015-11-02,9590,2015-10-04,0315,20697,NA,7,3,7,1942,0,1,1,NA,2,062,I-10 E/B (SANTA MONICA FREEWAY),HOOVER STREET,0,NA,N,A,-,Y,NA,NA,10,NA,NA,NA,NA,NA,E,Y,3,0,2,2,A,-,01,23153,A,N,B,C,A,B,H,-,C,D,0,NA,NA,NA,NA,Y,Y,A,01,0,2,0,0,0,0,0,0,0,-,-,34.03801,-118.2773,LOS ANGELES,LOS ANGELES,-118.27729936,34.0379961
9004225,2018,2020-02-24,1910,2018-09-28,0752,04829,NA,5,5,4,1910,0,0,0,NA,0,005,NORTH SANTA MONICA BL,N BEDFORD DR,0,NA,Y,B,-,N,NA,NA,NA,NA,NA,NA,NA,NA,NA,NA,4,0,1,2,A,-,08,22107,NA,N,H,A,A,A,H,-,A,A,0,NA,NA,Y,NA,Y,NA,A,01,0,0,1,0,0,0,0,0,1,-,-,NA,NA,LOS ANGELES,BEVERLY HILLS,-118.40670776367188,34.069580078125
9004226,2018,2020-02-24,1910,2018-10-16,1840,04223,NA,2,5,4,1910,0,0,0,NA,0,004,BEVERLY DR,LEXINGTON RD,0,NA,Y,A,-,N,NA,NA,NA,NA,NA,NA,NA,NA,NA,N,4,0,1,2,A,-,05,21651,A,F,B,C,A,A,H,-,B,D,0,NA,NA,NA,NA,Y,NA,A,01,0,0,1,0,0,0,0,0,0,-,-,NA,NA,LOS ANGELES,BEVERLY HILLS,-118.41275024414064,34.0855712890625
9004229,2018,2020-02-24,1910,2018-10-26,2026,04839,NA,5,5,4,1910,0,0,0,NA,0,006,ELEVADO AV,N HILLCREST RD,0,NA,Y,A,-,N,NA,NA,NA,NA,NA,NA,NA,NA,NA,N,4,0,1,2,A,-,12,22450,A,N,D,D,A,A,H,-,C,A,0,NA,NA,NA,NA,Y,NA,A,01,0,0,1,0,0,0,0,0,0,-,-,34.084571838378906,-118.39763641357422,LOS ANGELES,BEVERLY HILLS,-118.39763641357422,34.08462142944336
90042299,2015,2015-11-02,9535,2015-10-18,0127,020814,NA,7,3,5,1947,0,1,3,NA,2,601,SR-60 W/B (POMONA FREEWAY),GERHART AVE.,100,E,N,A,-,Y,NA,NA,60,NA,NA,NA,NA,NA,W,Y,3,0,1,3,A,-,03,22350,NA,N,D,C,A,A,H,-,E,D,0,NA,NA,NA,NA,Y,NA,A,01,0,1,0,0,0,0,0,0,0,-,-,34.03309,-118.14395,LOS ANGELES,MONTEBELLO,-118.14394706,34.03313057
9004230,2018,2020-02-24,1910,2018-10-17,1601,02230,NA,3,5,4,1910,0,0,0,NA,0,005,OLYMPIC BL,BEDFORD DR,0,NA,Y,A,-,N,NA,NA,NA,NA,NA,NA,NA,NA,NA,Y,4,0,1,2,A,-,09,21802,A,N,D,C,A,A,H,-,A,D,0,NA,NA,NA,NA,Y,NA,A,01,0,0,1,0,0,0,0,0,0,-,-,NA,NA,LOS ANGELES,BEVERLY HILLS,-118.40457153320313,34.0596809387207
90042308,2015,2015-11-02,9535,2015-10-15,2310,020825,NA,4,3,4,1907,0,1,1,NA,2,074,I-710 (LONG BEACH FREEWAY) N/B,SOUTHGATE R/R U.P.,850,N,N,A,-,Y,NA,NA,NA,NA,NA,NA,NA,NA,NA,Y,4,0,1,2,A,-,03,22350,NA,N,C,C,A,A,D,-,C,D,0,NA,NA,NA,NA,Y,NA,A,07,0,0,1,0,0,0,0,0,0,-,-,33.95611,-118.17046,LOS ANGELES,BELL,NA,NA
90042318,2015,2015-11-02,9540,2015-10-24,2500,019317,NA,6,4,9,1900,0,2,4,NA,1,202,SOLEDAD CANYON RD,INDIAN CANYON RD,5280,S,N,A,-,N,NA,NA,NA,NA,NA,NA,NA,NA,NA,Y,4,0,1,1,A,-,08,22107,NA,N,E,J,A,A,H,-,D,D,0,NA,NA,NA,NA,Y,NA,A,01,0,0,1,0,0,0,0,0,0,-,-,34.43944,-118.28638,LOS ANGELES,UNINCORPORATED,-118.28945881,34.43829939
90042326,2015,2015-11-02,9535,2015-10-06,2020,020864,NA,2,2,3,1914,0,1,1,NA,2,501,I-5 (SANTA ANA FREEWAY) S/B,GARFIELD AVE.,600,S,N,A,-,Y,NA,NA,5,NA,NA,NA,NA,NA,S,Y,4,0,1,2,A,-,08,22107,NA,N,E,I,A,A,H,-,D,D,0,NA,NA,NA,NA,Y,NA,A,01,0,0,1,0,0,0,0,0,0,-,-,33.98597,-118.13564,LOS ANGELES,COMMERCE,-118.1356654,33.98593154
9004233,2018,2020-02-24,1910,2018-10-25,1715,3410,NA,4,5,4,1910,0,0,0,NA,0,009,CLARK DR,GREGORY WY,0,NA,Y,A,-,N,NA,NA,NA,NA,NA,NA,NA,NA,NA,N,3,0,1,2,A,-,08,22107,NA,N,B,C,A,B,H,-,A,D,0,NA,NA,NA,NA,Y,NA,-,NA,0,1,0,0,0,0,0,0,0,-,-,NA,NA,LOS ANGELES,BEVERLY HILLS,-118.38459014892578,34.06222152709961
9004234,2018,2020-02-24,1910,2018-10-30,1828,04393,NA,2,5,4,1910,0,0,0,NA,0,005,SOUTH SANTA MONICA BL,N CRESCENT DR,0,NA,Y,A,-,N,NA,NA,NA,NA,NA,NA,NA,NA,NA,Y,4,0,1,2,A,-,04,21703,NA,N,C,C,A,A,H,-,C,A,0,NA,NA,NA,NA,Y,NA,A,01,0,0,1,0,0,0,0,0,0,-,-,NA,NA,LOS ANGELES,BEVERLY HILLS,-118.40054321289064,34.07194137573242
90042347,2015,2015-11-02,9530,2015-10-16,1055,021094,NA,5,1,9,1900,0,3,5,NA,2,001,NADEAU ST.,BELL AVE.,0,NA,Y,A,-,N,NA,NA,NA,NA,NA,NA,NA,NA,NA,N,4,0,1,2,A,-,12,21453,A,N,D,C,A,A,H,-,A,A,0,NA,NA,NA,NA,Y,NA,A,01,0,0,1,0,0,0,0,0,0,-,-,33.5826,-118.142,LOS ANGELES,UNINCORPORATED,-118.23892011,33.96741006
90042360,2015,2015-11-02,9575,2015-10-16,1822,020614,NA,5,2,6,1912,0,1,1,NA,2,051,I-5 S/B (GOLDEN STATE FREEWAY),ALAMEDA AVE.,150,N,N,B,-,Y,NA,NA,5,NA,NA,NA,NA,NA,S,Y,4,0,1,4,A,-,03,22350,NA,F,C,C,A,A,H,-,D,D,0,NA,NA,NA,NA,Y,NA,-,99,0,0,1,0,0,0,0,0,0,-,-,34.17117,-118.3054,LOS ANGELES,BURBANK,-118.30542595,34.17114866
9004237,2018,2020-02-24,1910,2018-11-01,1744,03410,NA,4,5,4,1910,0,0,0,NA,0,009,GREGORY WY,DOHENY DR,0,NA,Y,A,-,N,NA,NA,NA,NA,NA,NA,NA,NA,NA,Y,4,0,2,2,A,-,21,22106,NA,N,D,C,A,A,H,-,B,D,0,NA,NA,NA,NA,Y,NA,A,01,0,0,2,0,0,0,0,0,0,-,-,NA,NA,LOS ANGELES,BEVERLY HILLS,-118.38971710205078,34.06222152709961
9004238,2018,2020-02-24,1910,2018-10-29,1902,04830,NA,1,5,4,1910,0,0,0,NA,0,009,CLIFTON WY,N CIENEGA BL,0,NA,Y,A,-,N,NA,NA,NA,NA,NA,NA,NA,NA,NA,Y,4,0,1,2,A,-,12,21453,A,N,A,C,A,A,H,-,C,A,0,NA,NA,NA,NA,Y,NA,A,01,0,0,1,0,0,0,0,0,0,-,-,NA,NA,LOS ANGELES,BEVERLY HILLS,-118.37635,34.06931
90042417,2015,2015-11-02,9590,2015-10-07,0716,015575,NA,3,1,7,1942,0,1,1,NA,2,013,SR-110 S/B (ARROYO SECO PARKWAY),AVENUE 60,390,S,N,A,-,Y,NA,NA,110,NA,NA,NA,NA,NA,S,Y,3,0,1,3,A,-,08,22107,NA,F,C,C,A,A,H,-,A,D,0,NA,NA,NA,NA,Y,NA,-,99,0,1,0,0,0,0,0,0,0,-,-,34.10701,-118.1871,LOS ANGELES,LOS ANGELES,-118.18706111,34.10696627
90042431,2015,2015-11-02,9540,2015-10-30,1315,018208,NA,5,1,6,1985,0,1,1,NA,2,506,I-5 N/B (GOLDEN STATE FREEWAY),CALGROVE BLVD,2640,N,N,A,-,Y,NA,NA,5,NA,NA,NA,NA,NA,N,Y,3,0,1,1,A,-,03,22350,NA,N,E,I,A,A,H,-,A,D,0,NA,NA,NA,NA,Y,NA,A,01,0,1,0,0,0,0,0,0,0,-,-,34.36855,-118.55862,LOS ANGELES,SANTA CLARITA,-118.55869372,34.36849224
90042445,2015,2015-11-02,9525,2015-10-08,1155,012772,NA,4,1,9,1900,0,3,5,NA,2,004,FAIRGROVE AVE (15000 BLK),CALIFORNIA AVE,7,E,N,A,-,N,NA,NA,NA,NA,NA,NA,NA,NA,NA,Y,4,0,1,5,A,-,03,22350,NA,M,D,C,A,A,H,-,A,D,0,NA,NA,NA,NA,Y,NA,A,01,0,0,1,0,0,0,0,0,0,-,-,34.04566,-117.95406,LOS ANGELES,UNINCORPORATED,-117.95434266,34.04565736
90042456,2015,2015-11-13,9580,2015-10-10,1930,020836,NA,6,2,7,1942,0,1,1,NA,2,405,I-405 S/B (SAN DIEGO FWY),VENTURA BLVD,10,S,N,A,-,Y,NA,NA,405,NA,NA,NA,NA,NA,S,Y,1,1,1,2,A,-,11,21954,A,N,G,B,E,A,H,-,C,D,0,Y,NA,NA,NA,Y,NA,N,60,0,0,1,1,0,0,0,0,0,-,-,34.15435,-118.46826,LOS ANGELES,LOS ANGELES,-118.46824666,34.15435235
90042475,2015,2015-11-02,9525,2015-10-08,2000,016677,NA,4,2,5,1926,0,1,1,NA,2,216,I-210 E/B (FOOTHILL FREEWAY),SUNFLOWER AVE,2000,E,N,A,-,Y,NA,NA,210,NA,NA,NA,NA,NA,E,Y,3,0,1,1,C,-,18,NA,NA,N,E,J,A,A,C,-,C,D,0,NA,NA,NA,NA,Y,NA,-,-,0,1,0,0,0,0,0,0,0,-,-,34.1175,-117.852,LOS ANGELES,GLENDORA,-117.85199988,34.1175296
90042481,2015,2015-11-02,9525,2015-10-08,1455,019495,NA,4,2,1,1934,0,1,1,NA,2,203,I-210 W/B (FOOTHILL FREEWAY),IRWINDALE AVE,528,W,N,A,-,Y,NA,NA,210,NA,NA,NA,NA,NA,W,Y,3,0,1,1,A,-,08,22107,NA,N,E,I,A,A,H,-,A,D,0,NA,NA,NA,NA,Y,NA,A,01,0,1,0,0,0,0,0,0,0,-,-,34.12906,-117.93965,LOS ANGELES,IRWINDALE,-117.93965789,34.12893119
90042522,2015,2015-11-02,9565,2015-10-16,1550,020284,NA,5,2,9,1900,0,1,1,NA,2,012,I-105 E/B (CENTURY FREEWAY),NORMADIE AVE.,100,W,N,B,-,Y,NA,NA,NA,NA,NA,NA,NA,NA,NA,Y,4,0,1,2,A,-,03,22350,NA,F,C,C,A,A,H,-,A,D,0,NA,NA,NA,NA,Y,NA,A,01,0,0,1,0,0,0,0,0,0,-,-,33.55377,-118.18265,LOS ANGELES,UNINCORPORATED,-118.3006577,33.92722871
90042523,2015,2015-11-02,9525,2015-10-09,0420,020636,NA,5,3,1,1934,0,1,1,NA,2,214,SR-210 E/B (FOOTHILL FREEWAY),IRWINDALE AVE,3000,W,N,A,-,Y,NA,NA,210,NA,NA,NA,NA,NA,E,Y,4,0,3,2,A,-,01,23152,A,N,E,J,A,A,H,-,D,D,0,NA,NA,NA,NA,Y,Y,A,01,0,0,3,0,0,0,0,0,0,-,-,34.12993,-117.9446,LOS ANGELES,IRWINDALE,-117.94456374,34.130029
90042527,2015,2015-11-02,9530,2015-10-31,0140,020583,NA,6,3,9,1900,0,3,5,NA,2,001,GAGE AVE. (1200 BLOCK),HOOPER AVE.,40,W,N,A,-,N,NA,NA,NA,NA,NA,NA,NA,NA,NA,Y,4,0,1,2,A,-,01,23152,A,N,C,C,A,A,H,-,C,A,0,NA,NA,NA,NA,Y,Y,A,01,0,0,1,0,0,0,0,0,0,-,-,33.98225,-118.2528,LOS ANGELES,UNINCORPORATED,-118.25221168,33.9821
90042548,2015,2015-11-02,9565,2015-10-19,2112,020604,NA,1,2,9,1900,0,2,4,NA,2,022,NORMANDIE AVE,104TH ST,50,S,N,A,-,N,NA,NA,NA,NA,NA,NA,NA,NA,NA,Y,3,0,1,2,A,-,03,22350,NA,F,B,C,A,A,H,-,C,A,0,NA,NA,NA,NA,Y,NA,A,01,0,1,0,0,0,0,0,0,0,-,-,33.94253,-118.29641,LOS ANGELES,UNINCORPORATED,-118.3003,33.94216287
90042596,2015,2015-12-08,9590,2015-11-01,0132,020929,NA,7,3,7,1942,0,1,1,NA,2,501,I-110 S/B (HARBOR FREEWAY) HOT LANES,76TH STREET,65,S,N,A,-,Y,NA,NA,110,NA,NA,NA,NA,NA,S,Y,3,0,3,2,A,-,01,23152,A,N,C,C,A,A,H,-,C,D,0,NA,NA,NA,NA,Y,Y,A,01,0,2,1,0,0,0,0,0,0,-,-,33.97053,-118.28087,LOS ANGELES,LOS ANGELES,-118.28093637,33.97053004
90042602,2015,2015-11-02,9550,2015-10-16,0640,020305,NA,5,1,7,1941,0,1,3,NA,2,090,STATE ROUTE 91 (ARTESIA FREEWAY),ATLANTIC AVENUE,1000,E,N,B,-,Y,NA,NA,91,NA,NA,NA,NA,NA,NA,N,4,0,1,3,A,-,03,22350,NA,N,C,C,A,A,H,-,A,D,0,NA,NA,NA,NA,Y,NA,A,01,0,0,1,0,0,0,0,0,0,-,-,33.87707,-118.17691,LOS ANGELES,LONG BEACH,-118.17690892,33.876884
90042604,2015,2015-11-02,9545,2015-10-08,2110,015021,NA,4,2,9,1900,0,3,5,NA,2,004,40TH ST. EAST,AVENUE P,125,S,N,A,-,N,NA,NA,NA,NA,NA,NA,NA,NA,NA,Y,4,0,2,2,A,-,03,22350,NA,N,C,C,A,A,H,-,C,D,0,NA,NA,NA,NA,Y,NA,A,01,0,0,2,0,0,0,0,0,0,-,-,34.60173,-118.05061,LOS ANGELES,UNINCORPORATED,-118.05857632,34.6017573