CASE_ID,ACCIDENT_YEAR,PROC_DATE,JURIS,COLLISION_DATE,COLLISION_TIME,OFFICER_ID,REPORTING_DISTRICT,DAY_OF_WEEK,CHP_SHIFT,POPULATION,CNTY_CITY_LOC,SPECIAL_COND,BEAT_TYPE,CHP_BEAT_TYPE,CITY_DIVISION_LAPD,CHP_BEAT_CLASS,BEAT_NUMBER,PRIMARY_RD,SECONDARY_RD,DISTANCE,DIRECTION,INTERSECTION,WEATHER_1,WEATHER_2,STATE_HWY_IND,CALTRANS_COUNTY,CALTRANS_DISTRICT,STATE_ROUTE,ROUTE_SUFFIX,POSTMILE_PREFIX,POSTMILE,LOCATION_TYPE,RAMP_INTERSECTION,SIDE_OF_HWY,TOW_AWAY,COLLISION_SEVERITY,NUMBER_KILLED,NUMBER_INJURED,PARTY_COUNT,PRIMARY_COLL_FACTOR,PCF_CODE_OF_VIOL,PCF_VIOL_CATEGORY,PCF_VIOLATION,PCF_VIOL_SUBSECTION,HIT_AND_RUN,TYPE_OF_COLLISION,MVIW,PED_ACTION,ROAD_SURFACE,ROAD_COND_1,ROAD_COND_2,LIGHTING,CONTROL_DEVICE,CHP_ROAD_TYPE,PEDESTRIAN_ACCIDENT,BICYCLE_ACCIDENT,MOTORCYCLE_ACCIDENT,TRUCK_ACCIDENT,NOT_PRIVATE_PROPERTY,ALCOHOL_INVOLVED,STWD_VEHTYPE_AT_FAULT,CHP_VEHTYPE_AT_FAULT,COUNT_SEVERE_INJ,COUNT_VISIBLE_INJ,COUNT_COMPLAINT_PAIN,COUNT_PED_KILLED,COUNT_PED_INJURED,COUNT_BICYCLIST_KILLED,COUNT_BICYCLIST_INJURED,COUNT_MC_KILLED,COUNT_MC_INJURED,PRIMARY_RAMP,SECONDARY_RAMP,LATITUDE,LONGITUDE,COUNTY,CITY,POINT_X,POINT_Y
90044541,2015,2015-11-04,9535,2015-10-23,0735,12952,NA,5,1,9,1900,0,1,3,NA,2,601,SR-60 W/B (POMONA FRWY),ROWAN AV O/C,175,W,N,A,-,Y,NA,NA,60,NA,NA,NA,NA,NA,W,Y,4,0,2,3,A,-,03,22350,NA,N,C,C,A,A,H,-,A,D,0,NA,NA,NA,NA,Y,NA,D,22,0,0,2,0,0,0,0,0,0,-,-,34.03171,-118.18805,LOS ANGELES,UNINCORPORATED,-118.18805115,34.03183589
90044556,2015,2016-01-25,9540,2015-10-16,0415,020079,NA,5,3,9,1900,0,1,1,NA,1,502,I-5 N/B (GOLDEN STATE FREEWAY),CALGROVE BLVD,5280,S,N,A,-,Y,NA,NA,5,NA,NA,NA,NA,NA,N,Y,2,0,3,4,A,-,01,23152,A,N,C,E,A,A,H,-,D,D,0,NA,NA,NA,Y,Y,Y,A,01,2,0,1,0,0,0,0,0,0,-,-,34.35704,-118.55178,LOS ANGELES,UNINCORPORATED,-118.55205129,34.35676294
90044557,2015,2015-11-04,9550,2015-10-28,0950,020018,NA,3,1,5,1908,0,1,3,NA,2,091,SR-91 W/B,BELLFLOWER BLVD.,2000,W,N,A,-,Y,NA,NA,91,NA,NA,NA,NA,NA,W,Y,4,0,1,2,A,-,08,22107,NA,N,D,C,A,A,H,-,A,D,0,NA,NA,NA,NA,Y,NA,A,01,0,0,1,0,0,0,0,0,0,-,-,33.8762,-118.12883,LOS ANGELES,BELLFLOWER,-118.12882992,33.87627561
90044583,2015,2015-11-04,9580,2015-10-10,1900,020837,NA,6,2,7,1942,0,1,2,NA,2,102,US-101 S/B (VENTURA FREEWAY),WOODMAN AVE,250,N,N,A,-,Y,NA,NA,101,NA,NA,NA,NA,NA,S,Y,4,0,2,4,A,-,03,22350,NA,N,C,C,A,A,H,-,C,D,0,NA,NA,NA,NA,Y,NA,A,01,0,0,2,0,0,0,0,0,0,-,-,34.15577,-118.43423,LOS ANGELES,LOS ANGELES,-118.43423096,34.15554193
90044584,2015,2015-11-04,9530,2015-10-22,1820,020388,NA,4,2,9,1900,0,1,1,NA,2,120,I-110 S/B (HARBOR FREEWAY),TORRANCE BLVD.,480,S,N,A,-,Y,NA,NA,NA,NA,NA,NA,NA,NA,NA,Y,4,0,1,3,A,-,03,22350,NA,N,C,C,A,A,H,-,C,D,0,NA,NA,NA,NA,Y,NA,A,01,0,0,1,0,0,0,0,0,0,-,-,33.50265,-118.17116,LOS ANGELES,UNINCORPORATED,-118.28654411,33.84077355
90044586,2015,2015-11-04,9565,2015-10-26,1845,020969,NA,1,2,4,1918,0,2,S,NA,2,901,LA CIENEGA BLVD S/B,FAIRFAX AVE.,100,N,N,A,-,N,NA,NA,NA,NA,NA,NA,NA,NA,NA,N,4,0,1,3,A,-,03,22350,NA,M,C,C,A,A,H,-,C,D,0,NA,NA,NA,NA,Y,NA,-,99,0,0,1,0,0,0,0,0,0,-,-,34.0122,-118.37336,LOS ANGELES,CULVER CITY,-118.37215972,34.03061862
90044600,2015,2015-11-04,9545,2015-10-29,0748,020118,NA,4,1,9,1900,0,3,5,NA,2,004,105TH STREET EAST,EAST AVENUE R-2,0,NA,Y,A,-,N,NA,NA,NA,NA,NA,NA,NA,NA,NA,Y,3,0,2,2,A,-,03,22350,NA,N,C,C,A,A,H,-,A,D,0,NA,NA,NA,NA,Y,NA,D,22,0,1,1,0,0,0,0,0,0,-,-,34.57068,-117.94316,LOS ANGELES,UNINCORPORATED,-117.9431701,34.57069008
90044610,2015,2015-11-04,9580,2015-10-10,2315,020728,NA,6,3,7,1942,0,1,2,NA,2,102,US-101 N/B (VENTURA FREEWAY),BALBOA BLVD,1100,S,N,A,-,Y,NA,NA,101,NA,NA,NA,NA,NA,N,Y,4,0,1,3,A,-,03,22350,NA,N,C,C,A,A,H,-,C,D,0,NA,NA,NA,NA,Y,NA,A,07,0,0,1,0,0,0,0,0,0,-,-,34.16835,-118.49735,LOS ANGELES,LOS ANGELES,-118.49736115,34.16833308
90044615,2015,2015-11-04,9580,2015-10-10,1945,020876,NA,6,2,7,1942,0,1,2,NA,2,100,US-101 N/B (VENTURA FREEWAY),COLDWATER CANYON AVE,300,N,N,A,-,Y,NA,NA,101,NA,NA,NA,NA,NA,N,Y,4,0,2,3,A,-,03,22350,NA,M,C,C,A,A,H,-,D,D,0,NA,NA,NA,NA,Y,NA,A,07,0,0,2,0,0,0,0,0,0,-,-,34.15684,-118.41453,LOS ANGELES,LOS ANGELES,-118.41453002,34.15683499
90044624,2015,2015-11-04,9590,2015-10-12,1811,021040,NA,1,2,7,1942,0,1,1,NA,2,061,I-10 W/B (SANTA MONICA FREEWAY),CRENSHAW BOULEVARD,155,E,N,B,-,Y,NA,NA,10,NA,NA,NA,NA,NA,W,Y,4,0,1,3,A,-,03,22350,NA,N,C,C,A,A,H,-,D,D,0,NA,NA,NA,NA,Y,NA,A,01,0,0,1,0,0,0,0,0,0,-,-,34.03532,-118.33312,LOS ANGELES,LOS ANGELES,-118.33311337,34.03519104
90044629,2015,2015-11-04,9575,2015-10-19,1100,019538,NA,1,1,5,1902,0,1,1,NA,2,065,I-210 E/B TO SANTA ANITA AVE.,SANTA ANITA AVENUE,100,W,N,A,-,Y,NA,NA,210,NA,NA,NA,R,NA,E,Y,3,0,3,3,A,-,03,22350,NA,N,C,C,A,A,H,-,A,A,0,NA,NA,NA,NA,Y,NA,A,01,0,1,2,0,0,0,0,0,0,-,-,34.14704,-118.03172000000001,LOS ANGELES,ARCADIA,-118.03172000000001,34.14704
90044633,2015,2015-11-04,9590,2015-10-13,0940,011420,NA,2,1,7,1942,0,1,1,NA,2,060,I-10 E/B (SANTA MONICA FWY),WESTERN AVE.,75,E,N,A,-,Y,NA,NA,10,NA,NA,NA,NA,NA,E,Y,4,0,1,3,A,-,07,21658,A,N,C,C,A,A,H,-,A,D,0,NA,NA,NA,NA,Y,NA,A,01,0,0,1,0,0,0,0,0,0,-,-,34.03698,-118.30852,LOS ANGELES,LOS ANGELES,-118.30851962,34.03701808
90044637,2015,2015-11-04,9590,2015-10-14,0610,015982,NA,3,1,7,1942,0,1,1,NA,2,050,I-110 N/B (HARBOR FREEWAY),75THST.,50,S,N,A,-,Y,NA,NA,110,NA,NA,NA,NA,NA,N,N,4,0,1,2,A,-,03,22350,NA,N,C,C,A,A,H,-,D,D,0,NA,NA,NA,Y,Y,NA,F,26,0,0,1,0,0,0,0,0,0,-,-,33.97157,-118.28057,LOS ANGELES,LOS ANGELES,-118.28072825,33.97157019
90044652,2015,2015-11-04,9565,2015-10-23,1000,020801,NA,5,1,9,1900,0,3,5,NA,2,003,LA BREA AVE,SLAUSON AVE,300,S,N,A,-,N,NA,NA,NA,NA,NA,NA,NA,NA,NA,Y,4,0,1,2,A,-,09,21801,A,N,D,C,A,A,H,-,A,D,0,NA,NA,NA,NA,Y,NA,A,01,0,0,1,0,0,0,0,0,0,-,-,33.98772,-118.3583,LOS ANGELES,UNINCORPORATED,-118.35844227,33.98774461
90044653,2015,2015-11-04,9590,2015-10-07,0202,016611,NA,3,3,7,1942,0,1,1,NA,2,061,I-10 W/B (SANTA MONICA FREEWAY),WEST BLVD.,150,E,N,A,-,Y,NA,NA,10,NA,NA,NA,NA,NA,W,Y,3,0,2,2,A,-,07,21658,A,N,B,C,A,A,H,-,C,D,0,NA,NA,NA,NA,Y,NA,A,01,0,1,1,0,0,0,0,0,0,-,-,34.03497,-118.33937,LOS ANGELES,LOS ANGELES,-118.33936635,34.0348928
90044661,2015,2015-11-04,9545,2015-10-30,1900,020960,NA,5,2,9,1900,0,3,5,NA,2,003,ANGELES FOREST HWY,MONTE CRISTO CAMPGROUND,3696,S,N,A,-,N,NA,NA,NA,NA,NA,NA,NA,NA,NA,Y,2,0,1,1,A,-,08,22107,NA,N,E,I,A,A,H,-,C,D,0,NA,NA,NA,NA,Y,NA,A,01,1,0,0,0,0,0,0,0,0,-,-,NA,NA,LOS ANGELES,UNINCORPORATED,-118.130568,34.320097
90044676,2015,2015-11-04,9550,2015-10-18,0001,020709,NA,7,3,3,1903,0,1,3,NA,2,091,SR-91 W/B,PIONEER BL,100,W,N,A,-,Y,NA,NA,91,NA,NA,NA,NA,NA,W,N,4,0,1,2,A,-,03,22350,NA,N,C,C,A,A,H,-,C,D,0,NA,NA,NA,NA,Y,NA,A,01,0,0,1,0,0,0,0,0,0,-,-,33.87662,-118.08283,LOS ANGELES,ARTESIA,-118.08282927,33.87645591
90044680,2015,2015-11-04,9545,2015-10-31,1330,018097,NA,6,1,9,1900,0,3,5,NA,2,003,ANGELES FOREST HWY,UPPER BIG TUJUNGA CANYON RD,4650,N,N,A,-,Y,NA,NA,NA,NA,NA,NA,NA,NA,NA,Y,3,0,1,1,A,-,08,22107,NA,N,F,I,A,A,H,-,A,D,0,NA,NA,Y,NA,Y,NA,C,02,0,1,0,0,0,0,0,0,1,-,-,34.33674,-118.10878,LOS ANGELES,UNINCORPORATED,NA,NA
90044694,2015,2015-11-04,9580,2015-10-10,2235,021079,NA,6,3,7,1942,0,1,2,NA,2,102,US-101 N/B (VENTURA FREEWAY),VAN NUYS BLVD,2640,S,N,A,-,Y,NA,NA,101,NA,NA,NA,NA,NA,N,N,3,0,2,2,A,-,03,22350,NA,N,C,C,A,A,H,-,D,D,0,NA,NA,NA,NA,Y,NA,A,07,0,1,1,0,0,0,0,0,0,-,-,34.15532,-118.44324,LOS ANGELES,LOS ANGELES,-118.44324074,34.1552961
90044713,2015,2015-11-04,9545,2015-11-02,1440,014790,NA,1,2,9,1900,0,3,5,NA,2,004,PEARBLOSSOM HWY,OLD NADEAU RD,0,NA,Y,B,-,N,NA,NA,NA,NA,NA,NA,NA,NA,NA,Y,4,0,2,3,A,-,03,22350,NA,N,C,C,A,A,H,-,A,D,0,NA,NA,NA,NA,Y,NA,D,22,0,0,2,0,0,0,0,0,0,-,-,34.53508,-118.08552,LOS ANGELES,UNINCORPORATED,-118.09598008,34.52372008
90044719,2015,2015-11-04,9565,2015-10-22,1825,020333,NA,4,2,7,1942,0,1,1,NA,2,064,I-405 N/B (SAN DIEGO FREEWAY),SKIRBALL CENTER DR,800,S,N,A,-,Y,NA,NA,405,NA,NA,NA,NA,NA,N,Y,3,0,1,2,A,-,08,22107,NA,N,F,I,A,A,H,-,B,D,0,NA,NA,Y,NA,Y,NA,A,07,0,1,0,0,0,0,0,0,1,-,-,34.1205,-118.48022,LOS ANGELES,LOS ANGELES,-118.48017118,34.12046048
90044732,2015,2015-11-04,9545,2015-11-02,0645,015351,NA,1,1,9,1900,0,3,5,NA,2,004,MT EMMA ROAD,CHESEBORO RD,5280,E,N,A,-,N,NA,NA,NA,NA,NA,NA,NA,NA,NA,Y,4,0,1,1,A,-,08,22107,NA,N,E,I,A,A,H,-,A,D,0,NA,NA,NA,NA,Y,NA,A,01,0,0,1,0,0,0,0,0,0,-,-,34.50645,-118.00994,LOS ANGELES,UNINCORPORATED,-118.01279372,34.50649802
90044737,2015,2015-11-04,9575,2015-10-20,0650,015935,NA,2,1,3,1991,0,1,1,NA,2,063,I-210 E/B (FOOTHILL FREEWAY),BERKSHIRE PL,1000,W,N,A,-,Y,NA,NA,NA,NA,NA,NA,NA,NA,NA,Y,3,0,4,3,A,-,07,21658,A,N,B,C,A,A,H,-,A,D,0,NA,NA,NA,Y,Y,NA,A,01,0,1,3,0,0,0,0,0,0,-,-,34.19239,-118.18176,LOS ANGELES,LA CANADA-FLINTRIDGE,-118.18174954,34.19266454
90044739,2015,2015-11-04,9550,2015-10-19,0705,018408,NA,1,1,9,1900,0,1,1,NA,2,650,INTERSTATE 605 NORTHBOUND,PECK ROAD,151,N,N,B,-,Y,NA,NA,605,NA,NA,NA,NA,NA,N,Y,2,0,2,5,A,-,08,22107,NA,N,E,I,A,A,H,-,B,D,0,NA,NA,NA,NA,Y,NA,A,07,1,0,1,0,0,0,0,0,0,-,-,34.02529,-118.04137,LOS ANGELES,UNINCORPORATED,-118.04120636,34.02502854
90044751,2015,2015-11-04,9575,2015-10-20,1010,018537,NA,2,1,7,1942,0,1,1,NA,2,053,I-5 S/B (GOLDEN STATE FREEWAY),PAXTON STREET,800,S,N,A,-,Y,NA,NA,NA,NA,NA,NA,NA,NA,NA,N,3,0,2,3,A,-,03,22350,NA,N,C,C,A,A,H,-,A,D,0,NA,NA,NA,NA,Y,NA,D,22,0,1,1,0,0,0,0,0,0,-,-,34.27702,-118.42266,LOS ANGELES,LOS ANGELES,-118.43965234,34.26096026
90044761,2015,2015-11-04,9530,2015-10-21,1420,020141,NA,3,2,9,1900,0,3,5,NA,2,001,SLAUSON AVE.,HOOPER AVE.,0,NA,Y,A,-,N,NA,NA,NA,NA,NA,NA,NA,NA,NA,Y,3,0,4,2,A,-,12,21453,A,N,D,C,A,A,H,-,A,A,0,NA,NA,NA,NA,Y,NA,A,01,0,2,2,0,0,0,0,0,0,-,-,33.98922,-118.25205,LOS ANGELES,UNINCORPORATED,-118.25212004,33.98932007
90044763,2015,2015-11-04,9565,2015-10-29,1610,017713,NA,4,2,4,1918,0,1,1,NA,2,061,SR-90 W/B FROM SLAUSON AVE,HANNUM AVE.,307,E,N,A,-,Y,NA,NA,90,NA,NA,NA,R,NA,W,Y,3,0,1,1,A,-,08,22107,NA,N,E,I,A,A,H,-,A,D,0,NA,NA,NA,NA,Y,NA,A,01,0,1,0,0,0,0,0,0,0,-,-,33.98857,-118.39008,LOS ANGELES,CULVER CITY,-118.39008,33.98857
90044772,2015,2015-11-04,9530,2015-10-22,0545,020718,NA,4,3,4,1939,0,1,1,NA,2,400,I-405 N/B (SAN DIEGO FREEWAY),HAWTHORNE BOULEVARD,575,S,N,A,-,Y,NA,NA,405,NA,NA,NA,NA,NA,N,Y,4,0,1,3,A,-,07,21658,A,F,C,C,A,A,H,-,D,D,0,NA,NA,Y,NA,Y,NA,-,99,0,0,1,0,0,0,0,0,1,-,-,33.88358,-118.35075,LOS ANGELES,LAWNDALE,-118.35079558,33.88351432
90044783,2015,2015-11-04,9575,2015-10-20,1515,017354,NA,2,2,7,1942,0,1,3,NA,2,043,SR-134 E/B (VENTURA FREEWAY),FOREST LAWN DR. UC,1320,E,N,A,-,Y,NA,NA,134,NA,NA,NA,NA,NA,E,Y,4,0,2,3,A,-,03,22350,NA,N,C,C,A,A,H,-,A,D,0,NA,NA,NA,NA,Y,NA,A,01,0,0,2,0,0,0,0,0,0,-,-,34.15604,-118.30563,LOS ANGELES,LOS ANGELES,-118.30564864,34.15611013
90044787,2015,2015-11-04,9575,2015-10-29,1732,017491,NA,4,2,6,1925,0,1,3,NA,2,042,SR-134 E/B (VENTURA FREEWAY),CENTRAL AVENUE,0,NA,N,A,-,Y,NA,NA,134,NA,NA,NA,NA,NA,E,Y,4,0,1,2,A,-,03,22350,NA,N,C,C,A,A,H,-,A,D,0,NA,NA,NA,NA,Y,NA,A,01,0,0,1,0,0,0,0,0,0,-,-,34.15628,-118.25709,LOS ANGELES,GLENDALE,-118.25709001,34.15627119
90044808,2015,2015-11-04,9530,2015-10-21,0745,018594,NA,3,1,9,1900,0,1,1,NA,2,120,I-110 S/B  (HARBOR FREEWAY),228TH ST.,100,S,N,A,-,Y,NA,NA,NA,NA,NA,NA,NA,NA,NA,N,4,0,2,3,A,-,07,21658,A,N,B,C,A,A,H,-,A,D,0,NA,NA,NA,NA,Y,NA,A,01,0,0,2,0,0,0,0,0,0,-,-,33.82947,-118.29271,LOS ANGELES,UNINCORPORATED,NA,NA
90044812,2015,2015-11-05,9575,2015-10-20,0955,017589,NA,2,1,6,1912,0,1,1,NA,2,051,I-5 S/B (GOLDEN STATE FREEWAY),BUENA VISTA AVE,500,S,N,A,B,Y,NA,NA,5,NA,NA,NA,NA,NA,S,N,4,0,2,2,A,-,03,22350,NA,N,C,C,A,A,H,-,A,D,0,NA,NA,NA,Y,Y,NA,F,27,0,0,2,0,0,0,0,0,0,-,-,34.19452,-118.33125,LOS ANGELES,BURBANK,-118.33128527,34.19445619
90044815,2015,2015-11-04,9550,2015-10-27,1515,021100,NA,2,2,9,1900,0,2,4,NA,1,022,LEFFINGWELL ROAD,STAMY RD.,30,W,N,A,-,N,NA,NA,NA,NA,NA,NA,NA,NA,NA,N,4,0,1,2,A,-,09,21802,A,N,D,C,A,A,H,-,A,D,0,NA,NA,NA,NA,Y,NA,A,01,0,0,1,0,0,0,0,0,0,-,-,33.92818,-118.00633,LOS ANGELES,UNINCORPORATED,-118.00638495,33.92815761
90044818,2015,2015-11-04,9530,2015-10-22,1830,020930,NA,4,2,7,1941,0,1,1,NA,2,420,I-405 N/B TO I-710 N/B,I-710,20,S,N,A,-,Y,NA,NA,NA,NA,NA,NA,NA,NA,NA,Y,4,0,1,2,A,-,03,22350,NA,N,C,C,A,A,H,-,C,D,0,NA,NA,NA,NA,Y,NA,A,01,0,0,1,0,0,0,0,0,0,-,-,33.82966,-118.20805,LOS ANGELES,LONG BEACH,-118.20759,33.82657
90044844,2015,2015-11-04,9525,2015-10-16,0804,012772,NA,5,1,9,1900,0,2,4,NA,2,032,VALLEY BLVD,ALDERTON AVE,0,NA,Y,B,-,N,NA,NA,NA,NA,NA,NA,NA,NA,NA,Y,3,0,2,2,A,-,09,21801,A,N,A,C,A,A,H,-,A,A,0,NA,NA,NA,NA,Y,NA,D,22,0,1,1,0,0,0,0,0,0,-,-,34.0727,-117.91288,LOS ANGELES,UNINCORPORATED,-117.91273002,34.00700004
90044848,2015,2015-11-04,9580,2015-10-11,1030,021013,NA,7,1,7,1942,0,1,2,NA,2,102,US-101 N/B (VENTURA FREEWAY),SEPULVEDA BLVD.,250,S,N,A,-,Y,NA,NA,101,NA,NA,NA,NA,NA,N,Y,3,0,1,2,A,-,03,22350,NA,N,C,C,A,A,H,-,A,D,0,NA,NA,NA,NA,Y,NA,A,01,0,1,0,0,0,0,0,0,0,-,-,34.15877,-118.45767,LOS ANGELES,LOS ANGELES,-118.45769354,34.15869603
90044861,2015,2015-11-04,9565,2015-11-03,1235,020016,NA,2,1,7,1942,0,1,1,NA,2,064,I-405 S/B,SKIRBALL CENTER DR,30,S,N,A,-,Y,NA,NA,405,NA,NA,NA,NA,NA,S,Y,4,0,1,3,A,-,03,22350,NA,F,C,C,A,A,H,-,A,D,0,NA,NA,NA,NA,Y,NA,A,01,0,0,1,0,0,0,0,0,0,-,-,34.12266,-118.47868,LOS ANGELES,LOS ANGELES,-118.47867341,34.12265467
90044864,2015,2015-11-04,9565,2015-11-02,1240,#17713,NA,1,1,4,1918,0,1,1,NA,2,061,I-405 S/B (SAN DIEGO FREEWAY),JEFFERSON BLVD.,600,S,N,A,-,Y,NA,NA,405,NA,NA,NA,NA,NA,S,Y,3,0,2,3,A,-,08,22107,NA,N,B,C,A,A,H,-,A,D,0,NA,NA,NA,NA,Y,NA,A,01,0,1,1,0,0,0,0,0,0,-,-,33.98531,-118.39723,LOS ANGELES,CULVER CITY,-118.39731209,33.98524609
90044877,2015,2015-11-04,9575,2015-10-20,2135,020492,NA,2,2,9,1900,0,2,4,NA,2,022,ST PIERRE AVE (2400 BLOCK),FIGUEROA DR,700,N,N,A,-,N,NA,NA,NA,NA,NA,NA,NA,NA,NA,Y,4,0,1,2,D,-,00,NA,NA,N,D,C,A,A,H,-,C,D,0,NA,NA,NA,NA,Y,NA,-,-,0,0,1,0,0,0,0,0,0,-,-,34.18867,-118.16324,LOS ANGELES,UNINCORPORATED,-118.16318,34.18901
90044879,2015,2015-11-04,9575,2015-10-19,1105,017354,NA,1,1,6,1912,0,1,3,NA,2,044,SR-134 E/B TO PASS AVE.,PASS AVE.,20,W,N,A,-,Y,NA,NA,134,NA,NA,NA,R,NA,E,N,4,0,2,2,A,-,03,22350,NA,N,C,C,A,A,H,-,A,A,0,NA,NA,NA,NA,Y,NA,A,01,0,0,2,0,0,0,0,0,0,-,-,34.15363,-118.34505,LOS ANGELES,BURBANK,-118.34505,34.15363
90044893,2015,2015-11-04,9575,2015-10-21,1625,017491,NA,3,2,9,1900,0,2,4,NA,2,082,HUNTINGTON DRIVE,ROSEMEAD BOULEVARD,0,NA,Y,A,-,N,NA,NA,NA,NA,NA,NA,NA,NA,NA,Y,4,0,1,2,D,-,00,NA,NA,N,D,C,A,A,H,-,A,A,0,NA,NA,NA,NA,Y,NA,-,-,0,0,1,0,0,0,0,0,0,-,-,34.13024,-118.07327,LOS ANGELES,UNINCORPORATED,-118.0733,34.13028007
90044894,2015,2015-11-04,9565,2015-11-03,1450,020016,NA,2,2,7,1942,0,1,1,NA,2,063,I-405 N/B,SANTA MONICA BLVD,300,S,N,B,-,Y,NA,NA,405,NA,NA,NA,NA,NA,N,Y,4,0,1,4,A,-,03,22350,NA,N,C,C,A,A,H,-,A,D,0,NA,NA,NA,NA,Y,NA,D,22,0,0,1,0,0,0,0,0,0,-,-,34.044,-118.44388,LOS ANGELES,LOS ANGELES,-118.44393416,34.04395333
90044896,2015,2015-11-04,9575,2015-10-22,1435,017491,NA,4,2,7,1942,0,1,3,NA,2,044,SR-134 W/B (VENTURA FREEWAY),LANKERSHIM BLVD.,1500,E,N,A,-,Y,NA,NA,134,NA,NA,NA,NA,NA,W,Y,4,0,1,4,A,-,03,22350,NA,N,C,C,A,A,H,-,A,D,0,NA,NA,NA,NA,Y,NA,A,01,0,0,1,0,0,0,0,0,0,-,-,34.15343,-118.36547,LOS ANGELES,LOS ANGELES,-118.36546528,34.15333857
90044904,2015,2015-11-04,9575,2015-10-26,1600,017491,NA,1,2,6,1912,0,1,3,NA,2,044,SR-134 W/B (VENTURA FREEWAY),PASS AVENUE,1100,W,N,A,-,Y,NA,NA,134,NA,NA,NA,NA,NA,W,N,4,0,1,2,A,-,07,21658,A,N,B,C,A,A,H,-,A,D,0,NA,NA,NA,NA,Y,NA,A,07,0,0,1,0,0,0,0,0,0,-,-,34.15397,-118.34681,LOS ANGELES,BURBANK,-118.34681605,34.15405992
90044914,2015,2015-11-04,9565,2015-11-04,0745,019398,NA,3,1,5,1928,0,1,1,NA,2,060,I-405 S/B TO ROSECRANS AVENUE W/B,ROSECRANS AVE,500,N,N,A,-,Y,NA,NA,405,NA,NA,NA,R,NA,S,N,4,0,2,2,A,-,03,22350,NA,N,C,C,A,A,H,-,A,D,0,NA,NA,NA,NA,Y,NA,A,07,0,0,2,0,0,0,0,0,0,-,-,33.90418,-118.37072,LOS ANGELES,HAWTHORNE,-118.37072,33.90418
90044919,2015,2015-11-05,9525,2015-10-16,2330,020907,NA,5,3,9,1900,0,3,5,NA,2,004,TEMPLE AVE. (13400 BLOCK),VINELAND AVE,0,NA,Y,B,-,N,NA,NA,NA,NA,NA,NA,NA,NA,NA,Y,4,0,1,2,A,-,09,21801,A,N,D,C,A,A,H,-,C,A,0,NA,NA,NA,NA,Y,NA,A,01,0,0,1,0,0,0,0,0,0,-,-,34.0535,-117.98633,LOS ANGELES,UNINCORPORATED,-117.98672002,34.05389006
90044922,2015,2015-11-05,9565,2015-11-03,0650,021134,NA,2,1,5,1928,0,1,1,NA,2,060,I-405 N/B (SAN DIEGO FWY.),ROSECRANS AVE.,100,N,N,A,-,Y,NA,NA,405,NA,NA,NA,NA,NA,N,N,3,0,1,3,A,-,03,22350,NA,N,C,C,A,A,H,-,A,D,0,NA,NA,Y,NA,Y,NA,C,02,0,1,0,0,0,0,0,0,1,-,-,33.90206,-118.37033,LOS ANGELES,HAWTHORNE,-118.37030111,33.90205994
90044926,2015,2015-11-05,9565,2015-10-19,1235,018154,NA,1,1,7,1942,0,1,1,NA,2,061,I-405 N/B (SAN DIEGO FWY.),BALLONA CREEK,100,S,N,A,-,Y,NA,NA,405,NA,NA,NA,NA,NA,N,Y,2,0,1,2,A,-,07,21658,A,N,B,C,A,A,H,-,A,D,0,NA,NA,Y,NA,Y,NA,A,01,1,0,0,0,0,0,0,0,1,-,-,33.99422,-118.40414,LOS ANGELES,LOS ANGELES,-118.40411556,33.99423939
90044932,2015,2015-11-05,9550,2015-10-27,0620,021150,NA,2,1,9,1900,0,2,4,NA,1,021,LEFFINGWELL RD W/B,CARMENITA RD,250,E,N,A,-,N,NA,NA,NA,NA,NA,NA,NA,NA,NA,N,4,0,1,2,A,-,03,22350,NA,N,C,C,A,A,H,-,B,D,0,NA,NA,NA,NA,Y,NA,A,01,0,0,1,0,0,0,0,0,0,-,-,33.91911,-118.04504,LOS ANGELES,UNINCORPORATED,-118.04600901,33.91900994
9004496,2019,2020-03-02,1961,2019-12-01,0911,10475,LAJD,7,5,3,1961,0,0,0,NA,0,002,NORTH BRAND BL,GLENOAKS BL,0,NA,Y,A,-,N,NA,NA,NA,NA,NA,NA,NA,NA,NA,N,4,0,3,2,A,-,12,21453,A,N,D,C,A,A,H,-,A,A,0,NA,NA,NA,NA,Y,NA,-,-,0,0,3,0,0,0,0,0,0,-,-,NA,NA,LOS ANGELES,SAN FERNANDO,-118.42888641357422,34.2899284362793
90044963,2015,2015-11-05,9575,2015-10-13,1730,019754,NA,2,2,9,1900,0,2,4,NA,2,320,ANGELES FOREST HIGHWAY NORTHBOUND,BIG TUJUNGA CANYON ROAD,3696,S,N,A,-,N,NA,NA,NA,NA,NA,NA,NA,NA,NA,Y,2,0,1,1,A,-,03,22350,NA,N,F,A,A,A,H,-,A,D,0,NA,NA,Y,NA,Y,NA,C,02,1,0,0,0,0,0,0,0,1,-,-,34.29157,-118.17549,LOS ANGELES,UNINCORPORATED,-118.1698831,34.29253996
90044983,2015,2015-11-05,9575,2015-10-15,1120,018762,NA,4,1,6,1925,0,1,3,NA,2,042,SR-134 W/B TO BRAND BLVD.,BRAND BLVD.,150,E,N,A,-,Y,NA,NA,134,NA,NA,NA,R,NA,W,N,4,0,1,2,A,-,07,21658,A,N,B,C,A,A,H,-,A,D,0,NA,NA,Y,NA,Y,NA,A,07,0,0,1,0,0,0,0,0,1,-,-,34.15671,-118.2541,LOS ANGELES,GLENDALE,-118.2541,34.15671