CASE_ID,ACCIDENT_YEAR,PROC_DATE,JURIS,COLLISION_DATE,COLLISION_TIME,OFFICER_ID,REPORTING_DISTRICT,DAY_OF_WEEK,CHP_SHIFT,POPULATION,CNTY_CITY_LOC,SPECIAL_COND,BEAT_TYPE,CHP_BEAT_TYPE,CITY_DIVISION_LAPD,CHP_BEAT_CLASS,BEAT_NUMBER,PRIMARY_RD,SECONDARY_RD,DISTANCE,DIRECTION,INTERSECTION,WEATHER_1,WEATHER_2,STATE_HWY_IND,CALTRANS_COUNTY,CALTRANS_DISTRICT,STATE_ROUTE,ROUTE_SUFFIX,POSTMILE_PREFIX,POSTMILE,LOCATION_TYPE,RAMP_INTERSECTION,SIDE_OF_HWY,TOW_AWAY,COLLISION_SEVERITY,NUMBER_KILLED,NUMBER_INJURED,PARTY_COUNT,PRIMARY_COLL_FACTOR,PCF_CODE_OF_VIOL,PCF_VIOL_CATEGORY,PCF_VIOLATION,PCF_VIOL_SUBSECTION,HIT_AND_RUN,TYPE_OF_COLLISION,MVIW,PED_ACTION,ROAD_SURFACE,ROAD_COND_1,ROAD_COND_2,LIGHTING,CONTROL_DEVICE,CHP_ROAD_TYPE,PEDESTRIAN_ACCIDENT,BICYCLE_ACCIDENT,MOTORCYCLE_ACCIDENT,TRUCK_ACCIDENT,NOT_PRIVATE_PROPERTY,ALCOHOL_INVOLVED,STWD_VEHTYPE_AT_FAULT,CHP_VEHTYPE_AT_FAULT,COUNT_SEVERE_INJ,COUNT_VISIBLE_INJ,COUNT_COMPLAINT_PAIN,COUNT_PED_KILLED,COUNT_PED_INJURED,COUNT_BICYCLIST_KILLED,COUNT_BICYCLIST_INJURED,COUNT_MC_KILLED,COUNT_MC_INJURED,PRIMARY_RAMP,SECONDARY_RAMP,LATITUDE,LONGITUDE,COUNTY,CITY,POINT_X,POINT_Y
90059365,2015,2015-11-25,9535,2015-10-30,1420,021000,NA,5,2,9,1900,0,2,4,NA,2,024,WHITTIER BLVD,AMALIA AVE,0,NA,Y,A,-,N,NA,NA,NA,NA,NA,NA,NA,NA,NA,N,3,0,1,2,A,-,09,21804,A,N,H,G,A,A,H,-,A,A,0,NA,Y,NA,NA,Y,NA,L,04,0,1,0,0,0,0,1,0,0,-,-,34.02018,-118.15619,LOS ANGELES,UNINCORPORATED,-118.15635006,34.02021007
90059369,2015,2015-11-25,9565,2015-11-22,1350,021011,NA,7,1,7,1942,0,1,1,NA,2,082,I-10 E/B (SANTA MONICA FREEWAY),GATEWAY BLVD.,300,E,N,A,-,Y,NA,NA,10,NA,NA,NA,NA,NA,E,N,3,0,2,2,A,-,03,22350,NA,N,C,C,A,A,H,-,A,D,0,NA,NA,NA,NA,Y,NA,A,01,0,1,1,0,0,0,0,0,0,-,-,34.03031,-118.43972,LOS ANGELES,LOS ANGELES,-118.43972306,34.03033154
9005937,2019,2020-02-21,1947,2019-12-21,1800,1357,NA,6,5,5,1947,0,0,0,NA,0,00D,TELEGRAPH RD,GAGE RD,78,W,N,A,-,N,NA,NA,NA,NA,NA,NA,NA,NA,NA,N,3,0,1,2,A,-,09,21801,A,N,D,C,A,A,H,-,B,D,0,NA,NA,Y,NA,Y,NA,A,08,0,1,0,0,0,0,0,0,1,-,-,33.97610855102539,-118.12471771240234,LOS ANGELES,MONTEBELLO,-118.12485504150392,33.97622299194336
90059384,2015,2015-11-25,9580,2015-10-27,2230,018297,NA,2,3,7,1942,0,1,2,NA,2,102,US-101 N/B (VENTURA FREEWAY),HAYVENHURST AVE,900,S,N,A,-,Y,NA,NA,101,NA,NA,NA,NA,NA,N,Y,4,0,2,3,A,-,03,22350,NA,N,C,C,A,A,H,-,C,D,0,NA,NA,NA,NA,Y,NA,A,01,0,0,2,0,0,0,0,0,0,-,-,34.16542,-118.4894,LOS ANGELES,LOS ANGELES,-118.48939845,34.16530112
90059385,2015,2015-11-25,9545,2015-11-19,1350,016124,NA,4,1,9,1900,0,1,3,NA,2,031,SR-14 S/B TO SANTIAGO ROAD,SIERRA HWY,207,E,N,A,-,Y,NA,NA,14,NA,NA,NA,R,NA,S,N,4,0,1,2,A,-,09,21802,A,N,D,C,A,A,H,-,A,A,0,NA,NA,NA,NA,Y,NA,-,31,0,0,1,0,0,0,0,0,0,-,-,34.48928,-118.16235,LOS ANGELES,UNINCORPORATED,-118.16235,34.48928
9005940,2019,2020-02-11,1900,2019-12-19,0907,551435,1120,4,5,6,1992,0,0,0,NA,0,111T1,AVENUE G,60TH ST WEST,0,NA,Y,A,-,N,NA,NA,NA,NA,NA,NA,NA,NA,NA,Y,3,0,2,2,A,-,12,22450,A,N,D,C,A,A,H,-,A,A,0,NA,NA,NA,NA,Y,NA,A,07,0,1,1,0,0,0,0,0,0,-,-,NA,NA,LOS ANGELES,LANCASTER,-118.23722839355467,34.7330207824707
9005941,2019,2020-02-19,1947,2019-12-16,1255,NA,NA,1,5,5,1947,0,0,0,NA,0,00E,WASHINGTON BL,GREENWOOD AV,400,W,N,A,-,N,NA,NA,NA,NA,NA,NA,NA,NA,NA,Y,4,0,2,2,A,-,09,21801,A,N,D,C,A,A,H,-,A,A,0,NA,NA,NA,NA,Y,NA,A,01,0,0,2,0,0,0,0,0,0,-,-,33.99515151977539,-118.11930084228516,LOS ANGELES,MONTEBELLO,-118.12049102783205,33.9956169128418
90059416,2015,2015-11-25,9530,2015-11-09,0931,020141,NA,1,1,9,1900,0,3,5,NA,2,007,CRENSHAW BLVD. (26400 BLOCK),PALOS VERDES DR. N.,1320,N,N,B,-,N,NA,NA,NA,NA,NA,NA,NA,NA,NA,Y,4,0,1,2,A,-,03,22350,NA,N,C,C,A,A,H,-,A,D,0,NA,NA,NA,NA,Y,NA,A,01,0,0,1,0,0,0,0,0,0,-,-,33.78536,-118.3454,LOS ANGELES,UNINCORPORATED,-118.34912234,33.78455653
9005944,2019,2020-02-11,1900,2019-12-18,1935,610418,1131,3,5,6,1992,0,0,0,NA,0,111T1,AVENUE I,REDWOOD AV,118,W,N,A,-,N,NA,NA,NA,NA,NA,NA,NA,NA,NA,Y,4,0,1,2,A,-,01,23152,A,N,C,E,A,A,H,-,C,D,0,NA,NA,NA,NA,Y,Y,A,01,0,0,1,0,0,0,0,0,0,-,-,NA,NA,LOS ANGELES,LANCASTER,-118.13207244873048,34.7039794921875
9005945,2019,2020-02-19,1947,2019-12-15,1630,NA,NA,7,5,5,1947,0,0,0,NA,0,00B,N VAIL AV,HARDING AV,0,NA,Y,A,-,N,NA,NA,NA,NA,NA,NA,NA,NA,NA,NA,4,0,4,2,A,-,09,21802,A,N,D,C,A,A,H,-,B,A,0,NA,NA,NA,NA,Y,NA,A,01,0,0,4,0,0,0,0,0,0,-,-,34.01776885986328,-118.11759948730467,LOS ANGELES,MONTEBELLO,-118.1176300048828,34.01776885986328
9005948,2019,2020-02-11,1900,2019-12-14,1951,644565,1126,6,5,6,1992,0,0,0,NA,0,111T1,AVENUE K,17TH ST WEST,81,E,N,A,-,N,NA,NA,NA,NA,NA,NA,NA,NA,NA,N,3,0,1,2,A,-,11,21954,A,N,G,B,D,A,H,-,C,-,0,Y,NA,NA,NA,Y,NA,N,60,0,1,0,0,1,0,0,0,0,-,-,NA,NA,LOS ANGELES,LANCASTER,-118.1610107421875,34.67490005493164
9005949,2019,2020-02-19,1947,2019-12-12,1345,1423,NA,4,5,5,1947,0,0,0,NA,0,00D,E SLAUSON AV,BLUFF RD,0,NA,Y,A,-,N,NA,NA,NA,NA,NA,NA,NA,NA,NA,Y,4,0,1,3,A,-,09,21804,A,N,D,C,A,A,H,-,A,D,0,NA,NA,NA,NA,Y,NA,A,01,0,0,1,0,0,0,0,0,0,-,-,33.97563934326172,-118.12017822265624,LOS ANGELES,MONTEBELLO,-118.12026977539064,33.97563171386719
9005950,2019,2020-02-06,1941,2019-12-20,2246,11366,901T,5,5,7,1941,0,0,0,NA,0,NA,10TH ST,ALAMITOS AV,0,NA,Y,A,-,N,NA,NA,NA,NA,NA,NA,NA,NA,NA,N,4,0,1,2,A,-,10,21950,A,N,G,B,B,A,H,-,C,A,0,Y,NA,NA,NA,Y,NA,A,NA,0,0,1,0,0,0,0,0,0,-,-,NA,NA,LOS ANGELES,LONG BEACH,-118.1790771484375,33.77898025512695
90059504,2015,2015-11-25,9525,2015-10-30,1800,019491,NA,5,2,1,1934,0,1,1,NA,2,203,I-210 W/B (FOOTHILL FREEWAY),VERNON AVENUE,300,E,N,A,-,Y,NA,NA,NA,NA,NA,NA,NA,NA,NA,N,4,0,2,2,A,-,03,22350,NA,N,C,C,A,A,H,-,D,D,0,NA,NA,NA,NA,Y,NA,A,01,0,0,2,0,0,0,0,0,0,-,-,34.12659,-117.91602,LOS ANGELES,IRWINDALE,-117.91533765,34.12571766
9005952,2019,2020-02-10,1900,2019-12-14,1421,629461,1126,6,5,6,1992,0,0,0,NA,0,111T1,AVENUE L,15TH ST EAST,547,E,N,A,-,N,NA,NA,NA,NA,NA,NA,NA,NA,NA,Y,3,0,2,2,A,-,12,21453,A,N,D,C,A,A,H,-,A,A,0,NA,NA,NA,NA,Y,NA,A,01,0,2,0,0,0,0,0,0,0,-,-,NA,NA,LOS ANGELES,LANCASTER,-118.15489196777344,34.660369873046875
9005953,2019,2020-02-25,1947,2019-12-09,1740,2019-000,NA,1,5,5,1947,0,0,0,NA,0,00E,WASHINGTON BL,GREENWOOD AV,800,W,N,A,-,N,NA,NA,NA,NA,NA,NA,NA,NA,NA,Y,4,0,2,3,A,-,04,21703,NA,N,C,C,A,A,H,-,C,A,0,NA,NA,NA,NA,Y,NA,A,01,0,0,2,0,0,0,0,0,0,-,-,33.99515151977539,-118.11930084228516,LOS ANGELES,MONTEBELLO,-118.12167358398438,33.996097564697266
9005954,2019,2020-02-06,1941,2019-12-08,0520,11133,901T,7,5,7,1941,0,0,0,NA,0,013,PALO VERDE,ATHERTON ST,0,NA,Y,C,-,N,NA,NA,NA,NA,NA,NA,NA,NA,NA,Y,3,0,1,2,A,-,01,23152,A,N,C,C,A,B,H,-,C,D,0,NA,NA,NA,NA,Y,Y,A,NA,0,1,0,0,0,0,0,0,0,-,-,NA,NA,LOS ANGELES,LONG BEACH,-118.10816955566406,33.7889289855957
9005956,2019,2020-02-10,1900,2019-12-14,0855,629461,1120,6,5,6,1992,0,0,0,NA,0,111T1,30TH ST WEST,AVENUE G,0,NA,Y,A,-,N,NA,NA,NA,NA,NA,NA,NA,NA,NA,Y,3,0,2,2,A,-,12,22450,A,N,D,C,A,A,G,H,A,A,0,NA,NA,NA,NA,Y,NA,A,01,0,1,1,0,0,0,0,0,0,-,-,NA,NA,LOS ANGELES,LANCASTER,-118.18395233154295,34.73324966430664
9005957,2019,2020-05-15,1947,2019-12-08,1453,NA,NA,7,5,5,1947,0,0,0,NA,0,00D,N 5TH ST,WHITTIER BL,0,NA,Y,B,-,N,NA,NA,NA,NA,NA,NA,NA,NA,NA,Y,4,0,1,2,A,-,09,21801,A,N,D,C,A,B,H,-,A,A,0,NA,NA,NA,NA,Y,NA,A,07,0,0,1,0,0,0,0,0,0,-,-,34.00938034057617,-118.10498046875,LOS ANGELES,MONTEBELLO,-118.10497283935548,34.00938034057617
9005958,2019,2020-02-07,1941,2019-12-24,1536,11266,901T,2,5,7,1941,0,0,0,NA,0,012,LOMA AV,RANSOM ST,0,NA,Y,A,B,N,NA,NA,NA,NA,NA,NA,NA,NA,NA,Y,4,0,2,2,A,-,09,21802,A,N,D,C,A,A,H,-,A,A,0,NA,NA,NA,NA,Y,NA,A,NA,0,0,2,0,0,0,0,0,0,-,-,NA,NA,LOS ANGELES,LONG BEACH,-118.15026092529295,33.786659240722656
90059580,2015,2015-11-25,9525,2015-10-30,1840,018366,NA,5,2,5,1990,0,1,3,NA,2,613,SR-60 W/B (POMONA FREEWAY),GRAND AVE,2112,E,N,B,-,Y,NA,NA,60,NA,NA,NA,NA,NA,W,N,4,0,1,3,A,-,03,22350,NA,N,C,C,A,A,H,-,D,D,0,NA,NA,NA,NA,Y,NA,A,01,0,0,1,0,0,0,0,0,0,-,-,34.01449,-117.81934,LOS ANGELES,DIAMOND BAR,-117.81937165,34.01451371
90059586,2015,2015-11-25,9565,2015-11-04,2210,019443,NA,3,3,5,1965,0,1,1,NA,2,081,I-10 W/B (SANTA MONICA FREEWAY),STEWART ST.,100,E,N,A,-,Y,NA,NA,10,NA,NA,NA,NA,NA,W,Y,3,0,1,2,A,-,08,22107,NA,N,D,C,A,A,H,-,C,D,0,NA,NA,NA,NA,Y,NA,A,01,0,1,0,0,0,0,0,0,0,-,-,34.02637,-118.46273,LOS ANGELES,SANTA MONICA,-118.4627323,34.02637871
9005960,2019,2020-02-10,1900,2019-12-13,1450,622118,1127,5,5,6,1992,0,0,0,NA,0,111T2,50TH ST WEST,AVENUE J-8,124,S,N,A,-,N,NA,NA,NA,NA,NA,NA,NA,NA,NA,N,3,0,1,2,A,-,08,22107,NA,M,C,C,A,A,H,-,A,D,0,NA,NA,NA,NA,Y,NA,A,01,0,1,0,0,0,0,0,0,0,-,-,NA,NA,LOS ANGELES,LANCASTER,-118.21900939941406,34.68177032470703
9005961,2019,2020-02-21,1947,2019-12-16,1120,1389,NA,1,5,5,1947,0,0,0,NA,0,00B,W WHITTIER BL,S TAYLOR AV,0,NA,Y,A,-,N,NA,NA,NA,NA,NA,NA,NA,NA,NA,N,4,0,2,2,A,-,12,21453,A,N,D,C,A,A,H,-,A,A,0,NA,NA,NA,NA,Y,NA,-,-,0,0,2,0,0,0,0,0,0,-,-,34.01128005981445,-118.11393737792967,LOS ANGELES,MONTEBELLO,-118.1139907836914,34.01123046875
90059617,2015,2015-11-25,9565,2015-11-19,1125,019398,NA,4,1,6,1933,0,1,1,NA,2,060,I-405 N/B,LA CIENEGA BLVD. O/C,100,S,N,A,-,Y,NA,NA,NA,NA,NA,NA,NA,NA,NA,Y,4,0,1,2,A,-,03,22350,NA,N,C,C,A,A,H,-,A,D,0,NA,NA,NA,NA,Y,NA,A,01,0,0,1,0,0,0,0,0,0,-,-,33.96528,-118.07028,LOS ANGELES,INGLEWOOD,-118.37075123,33.9665442
9005962,2019,2020-02-06,1941,2019-12-21,1700,10937,20001,6,5,7,1941,0,0,0,NA,0,005,PACIFIC COAST HWY,CHERRY AV,50,W,N,A,-,N,NA,NA,NA,NA,NA,NA,NA,NA,NA,N,4,0,1,2,A,-,21,22106,NA,F,-,-,-,A,H,-,C,-,0,Y,NA,NA,NA,Y,NA,-,NA,0,0,1,0,1,0,0,0,0,-,-,NA,NA,LOS ANGELES,LONG BEACH,-118.16782379150392,33.789859771728516
9005964,2019,2020-02-10,1900,2019-12-12,1920,629461,1134,4,5,6,1992,0,0,0,NA,0,112T2,AVENUE K,KIRKLAND AV,0,NA,Y,A,-,N,NA,NA,NA,NA,NA,NA,NA,NA,NA,N,3,0,1,2,A,-,12,22450,A,F,D,G,A,A,H,-,C,D,0,NA,Y,NA,NA,Y,NA,A,01,0,1,0,0,0,0,1,0,0,-,-,NA,NA,LOS ANGELES,LANCASTER,-118.1245574951172,34.674991607666016
90059640,2015,2015-11-25,9535,2015-11-03,2115,018188,NA,2,2,4,1907,0,1,1,NA,2,073,I-710 (LONG BEACH FREEWAY) S/B,CLARA ST,450,S,N,A,-,Y,NA,NA,NA,NA,NA,NA,NA,NA,NA,Y,3,0,3,3,A,-,03,22350,NA,N,C,C,A,A,H,-,C,D,0,NA,NA,NA,NA,Y,NA,D,22,0,1,2,0,0,0,0,0,0,-,-,33.9609,-118.1701,LOS ANGELES,BELL,-118.16988764,33.96241298
90059646,2015,2015-11-25,9530,2015-11-11,1420,020141,NA,3,2,9,1900,0,3,5,NA,2,002,ROSECRANS (2100 BLOCK),KEENE AVE.,85,E,N,A,-,N,NA,NA,NA,NA,NA,NA,NA,NA,NA,Y,4,0,1,2,A,-,07,21658,A,N,B,C,A,A,H,-,A,D,0,NA,NA,NA,NA,Y,NA,A,08,0,0,1,0,0,0,0,0,0,-,-,33.90271,-118.25549,LOS ANGELES,UNINCORPORATED,-118.25541087,33.90272298
9005968,2019,2020-02-10,1900,2019-12-09,1924,620752,1127,1,5,6,1992,0,0,0,NA,0,111T2,25TH ST WEST,AVENUE J-8,0,NA,Y,A,-,N,NA,NA,NA,NA,NA,NA,NA,NA,NA,Y,4,0,2,2,A,-,12,21453,A,N,A,C,A,A,G,-,C,A,0,NA,NA,NA,NA,Y,NA,A,01,0,0,2,0,0,0,0,0,0,-,-,NA,NA,LOS ANGELES,LANCASTER,-118.17471313476564,34.68217849731445
9005969,2019,2020-03-02,1942,2019-12-30,1900,43366,0964,1,5,7,1942,0,0,0,I,0,9X52W4,RIVERSIDE DR,RANCHITO AV,220,E,N,A,-,N,NA,NA,NA,NA,NA,NA,NA,NA,NA,N,4,0,1,2,B,-,22,NA,NA,F,G,B,D,A,H,-,C,D,0,Y,NA,NA,NA,Y,NA,-,-,0,0,1,0,1,0,0,0,0,-,-,NA,NA,LOS ANGELES,LOS ANGELES,-118.4345245361328,34.15761184692383
9005971,2019,2020-02-11,1900,2019-12-03,0800,508705,0613,2,5,6,1985,0,0,0,NA,0,61T1,SOLEDAD CANYON RD,CROSSGLADE AV,0,NA,Y,A,-,N,NA,NA,NA,NA,NA,NA,NA,NA,NA,Y,4,0,1,2,A,-,12,21453,A,N,D,C,A,A,H,-,A,A,0,NA,NA,NA,NA,Y,NA,A,07,0,0,1,0,0,0,0,0,0,-,-,34.41569900512695,-118.46640014648438,LOS ANGELES,SANTA CLARITA,-118.46637725830078,34.415679931640625
9005972,2019,2020-02-10,1900,2019-12-08,1545,540658,1127,7,5,6,1992,0,0,0,NA,0,111T1,20TH ST WEST,LANCASTER BL,0,NA,Y,C,-,N,NA,NA,NA,NA,NA,NA,NA,NA,NA,Y,4,0,1,2,A,-,09,21801,A,N,D,C,A,B,H,-,A,A,0,NA,NA,NA,NA,Y,NA,A,01,0,0,1,0,0,0,0,0,0,-,-,NA,NA,LOS ANGELES,LANCASTER,-118.1658172607422,34.696739196777344
9005973,2019,2020-02-10,1942,2019-12-15,0100,41158,1044,7,5,7,1942,0,0,0,J,0,10A83,RESEDA BL,OXNARD ST,10,N,N,A,-,N,NA,NA,NA,NA,NA,NA,NA,NA,NA,N,4,0,1,2,A,-,10,21950,A,F,G,B,B,A,H,-,C,A,0,Y,NA,NA,NA,Y,NA,-,99,0,0,1,0,1,0,0,0,0,-,-,NA,NA,LOS ANGELES,LOS ANGELES,-118.5360107421875,34.18000793457031
9005975,2019,2020-02-11,1900,2019-12-16,2215,465550,0610,1,5,6,1985,0,0,0,NA,0,60T1,SOLEDAD CANYON RD,RUETHER AV,0,NA,Y,A,-,N,NA,NA,NA,NA,NA,NA,NA,NA,NA,Y,4,0,1,2,A,-,12,21453,A,N,D,C,A,A,H,-,C,A,0,NA,NA,NA,NA,Y,NA,A,07,0,0,1,0,0,0,0,0,0,-,-,34.42082977294922,-118.4985122680664,LOS ANGELES,SANTA CLARITA,-118.49846649169922,34.42081069946289
9005976,2019,2020-02-10,1925,2019-12-30,1443,21057,240,1,5,6,1925,0,0,0,NA,0,004,LUKENS PL,WILSON,60,S,N,A,-,N,NA,NA,NA,NA,NA,NA,NA,NA,NA,N,4,0,1,2,D,-,00,NA,NA,N,H,E,A,A,H,-,A,D,0,NA,NA,NA,NA,Y,NA,-,-,0,0,1,0,0,0,0,0,0,-,-,NA,NA,LOS ANGELES,GLENDALE,-118.2334213256836,34.147884368896484
90059766,2015,2015-11-25,9545,2015-11-25,0715,015351,NA,3,1,9,1900,0,3,5,NA,2,004,PALMDALE BLVD,LONGVIEW RD,17,E,N,A,-,N,NA,NA,NA,NA,NA,NA,NA,NA,NA,Y,4,0,1,2,A,-,03,22350,NA,N,C,C,A,A,H,-,A,D,0,NA,NA,NA,NA,Y,NA,A,07,0,0,1,0,0,0,0,0,0,-,-,34.58006,-117.88957,LOS ANGELES,UNINCORPORATED,-117.88957366,34.58001016
9005977,2019,2020-02-10,1942,2019-12-14,1900,32372,1005,6,5,7,1942,0,0,0,J,0,10A3,SATICOY ST,ZELZAH AV,0,NA,Y,B,-,N,NA,NA,NA,NA,NA,NA,NA,NA,NA,N,4,0,1,2,A,-,10,21950,A,F,G,B,B,A,H,-,C,A,0,Y,NA,NA,NA,Y,Y,-,99,0,0,1,0,1,0,0,0,0,-,-,NA,NA,LOS ANGELES,LOS ANGELES,-118.52297973632813,34.20840072631836
9005979,2019,2020-02-11,1900,2019-12-05,1710,602402,0622,4,5,6,1985,0,0,0,NA,0,62T1,MCBEAN PKWY,GRANARY SQUARE,0,NA,Y,B,-,N,NA,NA,NA,NA,NA,NA,NA,NA,NA,Y,4,0,1,2,A,-,12,21453,A,N,D,C,A,A,H,-,C,A,0,NA,NA,NA,NA,Y,NA,A,07,0,0,1,0,0,0,0,0,0,-,-,34.4026985168457,-118.55169677734376,LOS ANGELES,SANTA CLARITA,-118.551686,34.402793
90059809,2015,2015-11-25,9550,2015-11-19,0645,019947,NA,4,1,9,1900,0,3,5,NA,2,001,NORWALK BOULEVARD,FLORY ST.,0,NA,Y,A,-,N,NA,NA,NA,NA,NA,NA,NA,NA,NA,Y,4,0,1,2,A,-,09,21802,NA,N,D,C,A,A,H,-,A,D,0,NA,NA,NA,NA,Y,NA,D,22,0,0,1,0,0,0,0,0,0,-,-,33.97858,-118.07524,LOS ANGELES,UNINCORPORATED,-118.07525006,33.97865011
9005981,2019,2020-02-07,1942,2019-12-15,2215,38857,1049,7,5,7,1942,0,0,0,J,0,10A17,BURBANK BL,HAYVENHURST AV,1900,E,N,A,-,N,NA,NA,NA,NA,NA,NA,NA,NA,NA,N,4,0,1,2,A,-,04,21703,NA,F,C,E,A,A,H,-,D,D,0,NA,NA,NA,NA,Y,NA,-,99,0,0,1,0,0,0,0,0,0,-,-,NA,NA,LOS ANGELES,LOS ANGELES,-118.48632049560548,34.16842269897461
9005983,2019,2020-02-11,1900,2019-12-06,2230,527057,0648,5,5,6,1985,0,0,0,NA,0,62T1,COPPER HILL DR,DECORO DR,0,NA,Y,B,-,N,NA,NA,NA,NA,NA,NA,NA,NA,NA,N,4,0,2,2,A,-,12,21453,A,N,D,C,A,A,H,-,C,A,0,NA,NA,NA,NA,Y,NA,A,01,0,0,2,0,0,0,0,0,0,-,-,34.447410583496094,-118.5683822631836,LOS ANGELES,SANTA CLARITA,-118.56844329833984,34.44752883911133
90059830,2015,2015-11-25,9530,2015-11-09,1040,021106,NA,1,1,9,1900,0,3,5,NA,2,002,ROSECRANS AVENUE (800 BLOCK),STANFORD AVE.,2,E,N,B,-,N,NA,NA,NA,NA,NA,NA,NA,NA,NA,Y,4,0,2,2,A,-,03,22350,NA,N,C,C,A,A,H,-,A,A,0,NA,NA,NA,Y,Y,NA,F,26,0,0,2,0,0,0,0,0,0,-,-,33.90237,-118.26134,LOS ANGELES,UNINCORPORATED,-118.26208344,33.9024204
9005984,2019,2020-02-10,1975,2019-12-29,1724,375,CITRU,7,5,6,1975,0,0,0,NA,0,003,FRANCISQUITO AV,WILLOW AV,0,NA,Y,A,-,N,NA,NA,NA,NA,NA,NA,NA,NA,NA,Y,3,0,6,3,C,-,18,NA,NA,N,D,C,A,A,H,-,C,A,0,NA,NA,NA,NA,Y,NA,-,-,0,3,3,0,0,0,0,0,0,-,-,NA,NA,LOS ANGELES,WEST COVINA,-117.96354675292967,34.06079864501953
9005985,2019,2020-02-07,1942,2019-12-25,2330,42564,1025,3,5,7,1942,0,0,0,J,0,10X18,ZELZAH AV,SHERMAN WY,40,N,N,B,C,N,NA,NA,NA,NA,NA,NA,NA,NA,NA,N,4,0,1,2,A,-,17,24250,NA,F,A,C,A,B,H,-,C,D,0,NA,NA,NA,NA,Y,NA,-,99,0,0,1,0,0,0,0,0,0,-,-,NA,NA,LOS ANGELES,LOS ANGELES,-118.52294158935548,34.20132064819336
90059852,2015,2015-11-25,9580,2015-10-27,1941,018803,NA,2,2,7,1942,0,1,3,NA,2,170,SR-170 N/B (HOLLYWOOD FWY.),MAGNOLIA BLVD,1500,N,N,A,-,Y,NA,NA,NA,NA,NA,NA,NA,NA,NA,Y,4,0,1,3,A,-,03,22350,NA,N,C,C,A,A,H,-,C,D,0,NA,NA,NA,NA,Y,NA,A,01,0,0,1,0,0,0,0,0,0,-,-,34.17189,-118.3862,LOS ANGELES,LOS ANGELES,-118.38436,34.16853
9005987,2019,2020-02-11,1900,2019-12-18,2155,527057,0621,3,5,6,1985,0,0,0,NA,0,62T1,VALENCIA BL,GOLDCREST DR,0,NA,Y,A,-,N,NA,NA,NA,NA,NA,NA,NA,NA,NA,N,3,0,1,2,A,-,05,21650,1,N,D,G,A,A,H,-,C,A,0,NA,Y,NA,NA,Y,NA,L,04,0,1,0,0,0,0,1,0,0,-,-,34.410919189453125,-118.56513214111328,LOS ANGELES,SANTA CLARITA,-118.56511688232422,34.41067886352539
9005988,2019,2020-02-10,1975,2019-12-13,1826,441,WCPD,5,5,6,1975,0,0,0,NA,0,001,LARK ELLEN,ROWLAND,625,N,N,A,-,N,NA,NA,NA,NA,NA,NA,NA,NA,NA,N,4,0,1,2,A,-,03,22350,NA,N,C,C,A,A,H,-,C,D,0,NA,NA,NA,NA,Y,NA,A,07,0,0,1,0,0,0,0,0,0,-,-,NA,NA,LOS ANGELES,WEST COVINA,-117.91658020019533,34.08095169067383
9005989,2019,2020-02-07,1942,2019-12-17,2115,42251,1028,2,5,7,1942,0,0,0,J,0,10A17,SHERMAN WY,HAYVENHURST AV,0,NA,Y,A,-,N,NA,NA,NA,NA,NA,NA,NA,NA,NA,N,4,0,1,2,A,-,12,21453,A,F,G,B,B,A,H,-,C,A,0,Y,NA,NA,NA,Y,NA,-,99,0,0,1,0,1,0,0,0,0,-,-,NA,NA,LOS ANGELES,LOS ANGELES,-118.4924087524414,34.201229095458984
9005991,2019,2020-02-11,1900,2019-12-09,0830,508705,0612,1,5,6,1985,0,0,0,NA,0,61T1,SHANGRI LA DR,HIMALAYAN CT,72,S,N,A,-,N,NA,NA,NA,NA,NA,NA,NA,NA,NA,Y,4,0,1,3,A,-,08,22107,NA,N,B,E,A,A,H,-,A,D,0,NA,NA,NA,NA,Y,NA,A,01,0,0,1,0,0,0,0,0,0,-,-,34.42020034790039,-118.45850372314452,LOS ANGELES,SANTA CLARITA,-118.45854949951172,34.42010498046875
90059943,2015,2015-11-25,9580,2015-10-22,1929,019952,NA,4,2,7,1942,0,1,2,NA,2,102,US-101 N/B (VENTURA FREEWAY),KESTER AVE,300,S,N,A,-,Y,NA,NA,101,NA,NA,NA,NA,NA,N,Y,4,0,3,4,A,-,03,22350,NA,N,C,C,A,A,H,-,D,D,0,NA,NA,NA,NA,Y,NA,A,01,0,0,3,0,0,0,0,0,0,-,-,34.15853,-118.45718,LOS ANGELES,LOS ANGELES,-118.45717925,34.15853235
9005995,2019,2020-02-11,1900,2019-12-09,1350,437456,0624,1,5,6,1985,0,0,0,NA,0,62T1,WILEY CANYON RD,TOURNAMENT RD,0,NA,Y,A,-,N,NA,NA,NA,NA,NA,NA,NA,NA,NA,Y,3,0,2,2,A,-,12,21453,A,N,D,C,A,A,H,-,A,A,0,NA,NA,NA,NA,Y,NA,A,01,0,2,0,0,0,0,0,0,0,-,-,34.383018493652344,-118.5566635131836,LOS ANGELES,SANTA CLARITA,-118.55654907226564,34.38296127319336