CASE_ID,ACCIDENT_YEAR,PROC_DATE,JURIS,COLLISION_DATE,COLLISION_TIME,OFFICER_ID,REPORTING_DISTRICT,DAY_OF_WEEK,CHP_SHIFT,POPULATION,CNTY_CITY_LOC,SPECIAL_COND,BEAT_TYPE,CHP_BEAT_TYPE,CITY_DIVISION_LAPD,CHP_BEAT_CLASS,BEAT_NUMBER,PRIMARY_RD,SECONDARY_RD,DISTANCE,DIRECTION,INTERSECTION,WEATHER_1,WEATHER_2,STATE_HWY_IND,CALTRANS_COUNTY,CALTRANS_DISTRICT,STATE_ROUTE,ROUTE_SUFFIX,POSTMILE_PREFIX,POSTMILE,LOCATION_TYPE,RAMP_INTERSECTION,SIDE_OF_HWY,TOW_AWAY,COLLISION_SEVERITY,NUMBER_KILLED,NUMBER_INJURED,PARTY_COUNT,PRIMARY_COLL_FACTOR,PCF_CODE_OF_VIOL,PCF_VIOL_CATEGORY,PCF_VIOLATION,PCF_VIOL_SUBSECTION,HIT_AND_RUN,TYPE_OF_COLLISION,MVIW,PED_ACTION,ROAD_SURFACE,ROAD_COND_1,ROAD_COND_2,LIGHTING,CONTROL_DEVICE,CHP_ROAD_TYPE,PEDESTRIAN_ACCIDENT,BICYCLE_ACCIDENT,MOTORCYCLE_ACCIDENT,TRUCK_ACCIDENT,NOT_PRIVATE_PROPERTY,ALCOHOL_INVOLVED,STWD_VEHTYPE_AT_FAULT,CHP_VEHTYPE_AT_FAULT,COUNT_SEVERE_INJ,COUNT_VISIBLE_INJ,COUNT_COMPLAINT_PAIN,COUNT_PED_KILLED,COUNT_PED_INJURED,COUNT_BICYCLIST_KILLED,COUNT_BICYCLIST_INJURED,COUNT_MC_KILLED,COUNT_MC_INJURED,PRIMARY_RAMP,SECONDARY_RAMP,LATITUDE,LONGITUDE,COUNTY,CITY,POINT_X,POINT_Y
90061936,2015,2015-11-30,9550,2015-11-10,1503,021037,NA,2,2,9,1900,0,3,5,NA,2,001,HOLBROOK ST.,ROCKNE AVE,0,NA,Y,A,-,N,NA,NA,NA,NA,NA,NA,NA,NA,NA,Y,3,0,1,2,A,-,09,21802,A,N,D,C,A,A,H,-,A,A,0,NA,NA,NA,NA,Y,Y,D,22,0,1,0,0,0,0,0,0,0,-,-,33.98923,-118.06734,LOS ANGELES,UNINCORPORATED,-118.06730007,33.98930009
90061937,2015,2015-11-30,9575,2015-10-30,1835,020536,NA,5,2,7,1942,0,1,3,NA,2,043,SR-134 W/B (VENTURA FREEWAY),VICTORY BLVD,200,W,N,A,-,Y,NA,NA,134,NA,NA,NA,NA,NA,W,Y,4,0,2,5,A,-,03,22350,NA,N,C,C,A,A,H,-,D,D,0,NA,NA,NA,NA,Y,NA,A,08,0,0,2,0,0,0,0,0,0,-,-,34.15614,-118.29807,LOS ANGELES,LOS ANGELES,-118.29809701,34.15597083
90061980,2015,2015-11-30,9575,2015-11-06,1540,020530,NA,5,2,7,1942,1,4,S,NA,2,901,FOOTHILL BLVD. (7800 BLOCK),JARDINE AVE.,100,W,N,A,-,N,NA,NA,NA,NA,NA,NA,NA,NA,NA,N,4,0,1,1,C,-,18,NA,NA,N,H,A,A,A,H,-,A,D,0,NA,NA,NA,NA,Y,NA,-,-,0,0,1,0,0,0,0,0,0,-,-,34.25958,-118.30386,LOS ANGELES,LOS ANGELES,-118.30465023,34.259636
90062020,2015,2015-11-30,9565,2015-11-06,1750,021058,NA,5,2,9,1900,0,3,5,NA,2,004,NORMANDIE AVE,94TH ST,0,NA,Y,A,-,N,NA,NA,NA,NA,NA,NA,NA,NA,NA,N,3,0,1,2,A,-,10,21950,NA,N,G,B,B,A,H,-,A,D,0,Y,NA,NA,NA,Y,NA,A,08,0,1,0,0,1,0,0,0,0,-,-,33.951,-118.30028,LOS ANGELES,UNINCORPORATED,-118.30028001,33.95095004
90062049,2015,2015-11-30,9530,2015-10-29,1844,013978,NA,4,2,7,1941,0,1,1,NA,2,430,I-405 N/B (SAN DIEGO FREEWAY),LAKEWOOD BLVD,625,S,N,A,-,Y,NA,NA,405,NA,NA,NA,NA,NA,N,N,2,0,1,2,A,-,11,21956,A,N,G,B,E,A,H,-,B,D,0,Y,NA,NA,NA,Y,NA,N,60,1,0,0,0,1,0,0,0,0,-,-,33.80506,-118.14055,LOS ANGELES,LONG BEACH,-118.14056622,33.80503347
90062066,2015,2015-11-30,9575,2015-11-09,1905,016741,NA,1,2,9,1900,0,2,4,NA,2,020,ALTADENA DR,MARENGO AVE,30,W,N,A,-,N,NA,NA,NA,NA,NA,NA,NA,NA,NA,N,4,0,1,2,A,-,03,22350,NA,N,C,C,A,A,H,-,A,A,0,NA,NA,NA,NA,Y,NA,A,07,0,0,1,0,0,0,0,0,0,-,-,34.19259,-118.14113,LOS ANGELES,UNINCORPORATED,-118.14136213,34.19264011
90062098,2015,2015-11-30,9530,2015-10-30,1430,021004,NA,5,2,9,1900,0,3,5,NA,2,001,96TH ST (1400 BLOCK),SUCCESS AVE.,80,E,N,A,-,N,NA,NA,NA,NA,NA,NA,NA,NA,NA,N,4,0,1,2,A,-,10,21954,B,F,G,B,D,A,H,-,A,D,0,Y,NA,NA,NA,Y,NA,-,99,0,0,1,0,1,0,0,0,0,-,-,33.94915,-118.24873,LOS ANGELES,UNINCORPORATED,-118.24903,33.94928
90062100,2015,2016-05-10,9550,2015-09-28,1920,020983,NA,1,2,9,1900,0,2,4,NA,1,022,TELEGRAPH ROAD,INEZ STREET,30,E,N,A,-,N,NA,NA,NA,NA,NA,NA,NA,NA,NA,N,1,1,0,2,A,-,11,21954,A,F,G,B,D,A,H,-,C,D,0,Y,NA,NA,NA,Y,NA,N,60,0,0,0,1,0,0,0,0,0,-,-,33.9381,-118.0435,LOS ANGELES,UNINCORPORATED,-118.04368342,33.93830812
90062102,2015,2015-11-30,9580,2015-11-01,1715,019620,NA,7,2,7,1942,0,1,3,NA,2,116,SR-118 E/B (RONALD REAGAN FWY.),BALBOA BLVD,1056,W,N,A,-,Y,NA,NA,118,NA,NA,NA,NA,NA,E,Y,4,0,2,3,A,-,08,22107,NA,N,B,C,A,A,H,-,D,D,0,NA,NA,NA,NA,Y,NA,A,01,0,0,2,0,0,0,0,0,0,-,-,34.27785,-118.50461,LOS ANGELES,LOS ANGELES,-118.50461261,34.27794447
90062107,2015,2015-11-30,9550,2015-11-24,1635,020469,NA,2,2,5,1935,0,1,3,NA,2,091,SR-91 E/B FROM CLARK AVE,CLARK AVENUE,100,E,N,A,-,Y,NA,NA,NA,NA,NA,NA,NA,NA,NA,N,4,0,1,2,A,-,03,22350,NA,N,C,C,A,A,H,-,B,D,0,NA,NA,NA,NA,Y,NA,A,01,0,0,1,0,0,0,0,0,0,-,-,33.87632,-118.13169,LOS ANGELES,LAKEWOOD,-118.1335803,33.87694606
90062112,2015,2015-11-30,9580,2015-11-01,1310,021018,NA,7,1,7,1942,0,1,2,NA,2,103,US-101 S/B (VENTURA FREEWAY),BALBOA BLVD,1000,N,N,A,-,Y,NA,NA,101,NA,NA,NA,NA,NA,S,Y,4,0,1,3,A,-,03,22350,NA,N,C,C,A,A,H,-,A,A,0,NA,NA,NA,NA,Y,NA,A,01,0,0,1,0,0,0,0,0,0,-,-,34.17104,-118.50902,LOS ANGELES,LOS ANGELES,-118.50901999,34.17108994
90062124,2015,2015-11-30,9580,2015-11-01,1315,021092,NA,7,1,7,1942,0,1,2,NA,2,104,US-101 N/B TO DE SOTO AVE,DE SOTO AVE,15,S,N,A,-,Y,NA,NA,101,NA,NA,NA,R,NA,N,N,4,0,2,2,A,-,03,22350,NA,N,C,C,A,A,H,-,A,A,0,NA,NA,NA,NA,Y,NA,A,01,0,0,2,0,0,0,0,0,0,-,-,34.16862,-118.58799,LOS ANGELES,LOS ANGELES,-118.58799,34.16862
90062142,2015,2015-11-30,9580,2015-10-28,1033,015952,NA,3,1,7,1942,0,1,2,NA,2,105,US-101 S/B TO WHITE OAK AVE.,WHITE OAK AVE,4,N,N,B,-,Y,NA,NA,101,NA,NA,NA,R,NA,S,N,4,0,1,2,A,-,10,21950,A,N,G,B,B,A,H,-,A,A,0,Y,NA,NA,NA,Y,NA,A,01,0,0,1,0,1,0,0,0,0,-,-,34.17035,-118.51864,LOS ANGELES,LOS ANGELES,-118.51864,34.17035
90062152,2015,2015-11-30,9580,2015-11-01,1235,020003,NA,7,1,7,1942,0,1,1,NA,2,406,I-405 N/B (SAN DIEGO FWY),SHERMAN WAY,1200,N,N,A,-,Y,NA,NA,405,NA,NA,NA,NA,NA,N,Y,4,0,3,2,A,-,07,21658,A,N,D,C,A,A,H,-,A,D,0,NA,NA,NA,NA,Y,NA,A,01,0,0,3,0,0,0,0,0,0,-,-,34.20459,-118.47314,LOS ANGELES,LOS ANGELES,-118.47325268,34.2045911
90062160,2015,2015-11-30,9550,2015-11-25,1443,020597,NA,3,2,6,1920,0,1,1,NA,2,500,I-5 SOUTHBOUND,PARAMOUNT BOULEVARD,50,N,N,A,-,Y,NA,NA,5,NA,NA,NA,NA,NA,S,Y,3,0,1,2,A,-,07,21658,A,N,B,C,A,A,H,-,A,D,0,NA,NA,Y,NA,Y,NA,A,01,0,1,0,0,0,0,0,0,1,-,-,33.96406,-118.12018,LOS ANGELES,DOWNEY,-118.12008784,33.96413288
90062170,2015,2015-11-30,9580,2015-11-01,1645,020003,NA,7,2,7,1942,0,1,1,NA,2,406,I-405 N/B (SAN DIEGO FWY),NORDHOFF ST,650,N,N,A,-,Y,NA,NA,405,NA,NA,NA,NA,NA,N,Y,4,0,2,2,A,-,07,21658,A,M,C,C,A,A,H,-,B,D,0,NA,NA,NA,NA,Y,NA,-,99,0,0,2,0,0,0,0,0,0,-,-,34.24126,-118.47279,LOS ANGELES,LOS ANGELES,-118.47289303,34.24126098
90062179,2015,2015-11-30,9580,2015-11-02,0830,021013,NA,1,1,7,1942,0,1,1,NA,2,405,I-405 S/B (SAN DIEGO FWY),BURBANK BLVD,2112,S,N,A,-,Y,NA,NA,405,NA,NA,NA,NA,NA,S,N,4,0,1,2,A,-,03,22350,NA,N,C,C,A,A,H,-,A,D,0,NA,NA,NA,Y,Y,NA,G,25,0,0,1,0,0,0,0,0,0,-,-,34.16627,-118.46963,LOS ANGELES,LOS ANGELES,-118.46962643,34.16626928
90062198,2015,2015-11-30,9565,2015-11-14,1110,021021,NA,6,1,7,1942,0,1,1,NA,2,060,I-405 N/B,LA CIENEGA BLVD,20,S,N,A,-,Y,NA,NA,405,NA,NA,NA,NA,NA,N,N,3,0,1,3,A,-,03,22350,NA,N,C,C,A,A,H,-,A,D,0,NA,NA,NA,NA,Y,NA,A,01,0,1,0,0,0,0,0,0,0,-,-,33.9616,-118.3693,LOS ANGELES,LOS ANGELES,-118.36927958,33.96160454
9006220,2019,2020-01-13,1901,2019-11-20,1952,107,8,3,5,5,1901,0,0,0,NA,0,001,ALMANSOR ST,MISSION RD,0,NA,Y,B,-,N,NA,NA,NA,NA,NA,NA,NA,NA,NA,N,4,0,1,2,A,-,08,22107,NA,N,D,C,A,B,H,-,C,D,0,NA,NA,NA,NA,Y,NA,A,07,0,0,1,0,0,0,0,0,0,-,-,NA,NA,LOS ANGELES,ALHAMBRA,-118.11702728271484,34.09223937988281
90062204,2015,2015-11-30,9525,2015-11-03,1825,018402,NA,2,2,5,1906,0,1,1,NA,2,103,I-10 W/B (SAN BERNARDINO FREEWAY),FRAZIER ST.,500,E,N,B,C,Y,NA,NA,NA,NA,NA,NA,NA,NA,NA,N,4,0,1,2,A,-,03,22350,NA,N,C,C,A,B,H,-,C,D,0,NA,NA,NA,NA,Y,NA,A,01,0,0,1,0,0,0,0,0,0,-,-,34.03582,-117.59345,LOS ANGELES,BALDWIN PARK,NA,NA
90062205,2015,2015-11-30,9550,2015-11-11,1905,020014,NA,3,2,9,1900,0,2,4,NA,1,022,COLIMA ROAD,TELEGRAPH ROAD,50,N,N,A,-,N,NA,NA,NA,NA,NA,NA,NA,NA,NA,Y,4,0,1,3,A,-,03,22350,NA,N,C,C,A,A,H,-,C,D,0,NA,NA,NA,NA,Y,NA,A,01,0,0,1,0,0,0,0,0,0,-,-,33.5531,-118.0127,LOS ANGELES,UNINCORPORATED,-118.02441014,33.92513482
90062213,2015,2015-11-30,9565,2015-11-15,1250,021021,NA,7,1,9,1900,0,2,4,NA,2,022,NORMANDIE AVE,88TH ST,0,NA,Y,A,-,N,NA,NA,NA,NA,NA,NA,NA,NA,NA,Y,4,0,1,2,A,-,09,21801,A,N,A,C,A,A,H,-,A,D,0,NA,NA,NA,NA,Y,Y,A,01,0,0,1,0,0,0,0,0,0,-,-,33.9579,-118.3003,LOS ANGELES,UNINCORPORATED,-118.30026011,33.95824006
90062215,2015,2015-11-30,9565,2015-11-17,1920,020264,NA,2,2,7,1942,0,1,1,NA,2,082,I-10 W/B TO THE I-405 S/B,NATIONAL BLVD,500,N,N,A,-,Y,NA,NA,NA,NA,NA,NA,NA,NA,NA,Y,3,0,2,1,A,-,03,22350,NA,N,E,I,A,A,H,-,C,D,0,NA,NA,NA,NA,Y,NA,A,07,0,1,1,0,0,0,0,0,0,-,-,34.02753,-118.43116,LOS ANGELES,LOS ANGELES,-118.41861,34.03188
90062217,2015,2015-11-30,9565,2015-11-19,2155,020264,NA,4,2,7,1942,0,1,1,NA,2,063,I-405 S/B (SAN DIEGO FWY),SANTA MONICA BLVD,1640,S,N,A,-,Y,NA,NA,405,NA,NA,NA,NA,NA,S,N,4,0,1,2,A,-,03,22350,NA,N,C,C,A,A,H,-,C,D,0,NA,NA,NA,NA,Y,NA,A,01,0,0,1,0,0,0,0,0,0,-,-,34.04315,-118.44377,LOS ANGELES,LOS ANGELES,-118.44362995,34.04327073
90062219,2015,2015-11-30,9550,2015-11-10,0655,021123,NA,2,1,5,1908,0,1,3,NA,2,091,SR-91 E/B,LAKEWOOD BOULEVARD,360,W,N,A,-,Y,NA,NA,91,NA,NA,NA,NA,NA,E,N,4,0,1,2,A,-,03,22350,NA,N,C,C,A,A,H,-,A,D,0,NA,NA,NA,NA,Y,NA,A,01,0,0,1,0,0,0,0,0,0,-,-,33.87697,-118.14328,LOS ANGELES,BELLFLOWER,-118.14328065,33.87702507
90062222,2015,2015-11-30,9525,2015-11-02,2225,020611,NA,1,3,4,1913,0,1,1,NA,2,209,SR-210 W/B (FOOTHILL FREEWAY),TOWNE AVE,2640,E,N,A,-,Y,NA,NA,210,NA,NA,NA,NA,NA,W,Y,4,0,1,1,A,-,07,21658,A,N,E,I,A,B,H,-,C,D,0,NA,NA,NA,NA,Y,NA,A,01,0,0,1,0,0,0,0,0,0,-,-,34.12028,-117.72829,LOS ANGELES,CLAREMONT,-117.72828937,34.12034075
90062229,2015,2015-12-01,9550,2015-11-11,0005,020741,NA,3,3,9,1900,0,2,4,NA,1,031,HACIENDA BOULEVARD,COLIMA ROAD,0,NA,Y,A,-,N,NA,NA,NA,NA,NA,NA,NA,NA,NA,Y,3,0,2,3,A,-,12,21453,A,N,D,C,A,A,H,-,C,A,0,NA,NA,NA,NA,Y,NA,A,01,0,1,1,0,0,0,0,0,0,-,-,33.98081,-117.97282,LOS ANGELES,UNINCORPORATED,-117.97308005,33.9812501
90062238,2015,2015-12-01,9565,2015-11-28,1050,021163,NA,6,1,7,1942,0,1,1,NA,2,062,I-405 SOUTHBOUND (SAN DIEGO FREEWAY),OLYMPIC BLVD,430,S,N,A,-,Y,NA,NA,NA,NA,NA,NA,NA,NA,NA,Y,4,0,1,2,A,-,03,22350,NA,N,C,C,A,A,H,-,A,D,0,NA,NA,NA,NA,Y,NA,A,01,0,0,1,0,0,0,0,0,0,-,-,34.21271,-118.26206,LOS ANGELES,LOS ANGELES,-118.4392704,34.03795607
90062246,2015,2015-12-01,9525,2015-11-03,1630,016679,NA,2,2,6,1955,0,1,1,NA,2,109,I-10 W/B (SAN BERNARDINO FREEWAY),TOWNE AVE,395,E,N,B,C,Y,NA,NA,10,NA,NA,NA,NA,NA,W,Y,4,0,1,2,A,-,03,22350,NA,M,C,C,A,B,H,-,A,D,0,NA,NA,NA,NA,Y,NA,-,99,0,0,1,0,0,0,0,0,0,-,-,34.08029,-117.73685,LOS ANGELES,POMONA,-117.73684388,34.08027504
90062257,2015,2015-12-01,9525,2015-10-31,1857,021080,NA,6,2,5,1906,0,1,1,NA,2,103,I-10 W/B (SAN BERNARDINO FREEWAY),FRAZIER ST.,1320,E,N,A,-,Y,NA,NA,10,NA,NA,NA,NA,NA,W,Y,3,0,2,4,A,-,03,22350,NA,N,C,C,A,A,H,-,C,D,0,NA,NA,NA,NA,Y,NA,A,01,0,1,1,0,0,0,0,0,0,-,-,34.06696,-117.99084,LOS ANGELES,BALDWIN PARK,-117.99077555,34.06642431
90062283,2015,2015-12-01,9525,2015-11-02,1115,021138,NA,1,1,5,1990,0,1,3,NA,2,573,SR-57 S/B (ORANGE FREEWAY),SR-60 E/B (POMONA FREEWAY),1260,S,N,B,-,Y,NA,NA,57,NA,NA,NA,NA,NA,S,Y,4,0,1,1,A,-,08,22107,NA,N,F,A,A,A,H,-,A,D,0,NA,NA,NA,NA,Y,NA,A,08,0,0,1,0,0,0,0,0,0,-,-,33.99908,-117.83761,LOS ANGELES,DIAMOND BAR,-117.83762801,33.99909769
90062298,2015,2015-12-01,9530,2015-11-29,1120,019980,NA,7,1,5,1977,0,1,1,NA,2,410,I-405 S/B (SAN DIEGO FREEWAY),DOMINGUEZ CHANNEL,420,N,N,A,-,Y,NA,NA,405,NA,NA,NA,NA,NA,S,Y,3,0,1,1,A,-,08,22107,NA,N,F,A,A,A,H,-,A,D,0,NA,NA,NA,NA,Y,NA,A,01,0,1,0,0,0,0,0,0,0,-,-,33.82567,-118.24711,LOS ANGELES,CARSON,-118.24710972,33.82575946
90062308,2015,2015-12-01,9565,2015-11-17,1104,018804,NA,2,1,4,1918,0,1,1,NA,2,061,I-405 N/B,HOWARD HUGHES PKWY ON-RAMP,500,N,N,A,-,Y,NA,NA,405,NA,NA,NA,NA,NA,N,Y,4,0,1,3,A,-,17,21655,NA,N,B,C,A,A,H,-,A,D,0,NA,NA,Y,NA,Y,NA,A,01,0,0,1,0,0,0,0,0,1,-,-,33.97642,-118.38736,LOS ANGELES,CULVER CITY,-118.38722066,33.9767168
90062310,2015,2015-12-01,9525,2015-11-10,1515,017637,NA,2,2,5,1990,0,1,3,NA,2,603,SR-60 W/B (POMONA FREEWAY),GRAND AVE,2000,E,N,A,-,Y,NA,NA,60,NA,NA,NA,NA,NA,W,Y,4,0,1,2,A,-,03,22350,NA,N,C,C,A,A,H,-,A,D,0,NA,NA,NA,NA,Y,NA,A,07,0,0,1,0,0,0,0,0,0,-,-,34.0189,-117.8159,LOS ANGELES,DIAMOND BAR,-117.8159848,34.01896306
90062314,2015,2015-12-01,9565,2015-11-17,1720,018804,NA,2,2,6,1933,0,1,1,NA,2,060,I-405 S/B,HILLCREST BLVD,300,N,N,A,-,Y,NA,NA,405,NA,NA,NA,NA,NA,S,Y,4,0,1,3,A,-,03,22350,NA,N,C,C,A,A,H,-,C,D,0,NA,NA,NA,NA,Y,NA,A,01,0,0,1,0,0,0,0,0,0,-,-,33.95904,-118.36924,LOS ANGELES,INGLEWOOD,-118.36947271,33.95904642
90062319,2015,2015-12-01,9565,2015-11-24,1635,020239,NA,2,2,4,1918,0,1,1,NA,2,061,I-405 SOUTHBOUND (SAN DIEGO FREEWAY),WASHINGTON BLVD,90,S,N,B,-,Y,NA,NA,405,NA,NA,NA,NA,NA,S,Y,3,0,1,3,A,-,03,22350,NA,F,C,C,A,A,H,-,A,D,0,NA,NA,Y,NA,Y,NA,C,02,0,1,0,0,0,0,0,0,1,-,-,34.00565,-118.41338,LOS ANGELES,CULVER CITY,-118.41339267,34.00563988
90062320,2015,2015-12-01,9525,2015-10-31,1900,019495,NA,6,2,9,1900,0,3,5,NA,2,004,WORKMAN MILL RD.,ALANWOOD RD.,0,NA,Y,A,-,Y,NA,NA,NA,NA,NA,NA,NA,NA,NA,N,4,0,1,2,A,-,03,22350,NA,N,D,G,A,A,H,-,C,D,0,NA,Y,NA,NA,Y,NA,L,04,0,0,1,0,0,0,1,0,0,-,-,34.041,-117.998,LOS ANGELES,UNINCORPORATED,-117.99913013,34.04024005
90062321,2015,2015-12-01,9530,2015-11-26,2220,020364,NA,4,3,5,1977,0,1,1,NA,2,410,I-405 N/B TO CARSON STREET,CARSON ST.,410,N,N,A,-,Y,NA,NA,405,NA,NA,NA,R,NA,N,Y,4,0,2,2,A,-,01,23152,A,F,C,C,A,A,H,-,C,D,0,NA,NA,NA,NA,Y,Y,A,01,0,0,2,0,0,0,0,0,0,-,-,33.83279,-118.25647,LOS ANGELES,CARSON,-118.25647,33.83279
90062324,2015,2015-12-01,9525,2015-11-15,1315,018505,NA,7,1,4,1960,0,1,3,NA,2,572,SR-57 N/B (ORANGE FREEWAY),ARROW HIGHWAY,15,S,N,C,-,Y,NA,NA,57,NA,NA,NA,NA,NA,N,Y,4,0,3,3,A,-,03,22350,NA,N,E,I,A,B,H,-,A,D,0,NA,NA,NA,NA,Y,NA,A,07,0,0,3,0,0,0,0,0,0,-,-,34.1061,-117.82111,LOS ANGELES,SAN DIMAS,-117.82119227,34.10606235
90062326,2015,2015-12-01,9525,2015-10-31,2050,019495,NA,6,2,9,1900,0,3,5,NA,2,004,FRANCISQUITO AVE,FRANDALE RD.,40,W,N,A,-,N,NA,NA,NA,NA,NA,NA,NA,NA,NA,N,4,0,1,2,A,-,09,21801,A,N,D,C,A,A,H,-,C,D,0,NA,NA,NA,NA,Y,NA,A,01,0,0,1,0,0,0,0,0,0,-,-,34.05,-117.933,LOS ANGELES,UNINCORPORATED,-117.9329017,34.05041295
90062329,2015,2015-12-01,9525,2015-11-04,0940,014637,NA,3,1,3,1921,0,1,1,NA,2,201,I-210 W/B (FOOTHILL FREEWAY),BUENA VISTA ST.,2000,E,N,A,-,Y,NA,NA,210,NA,NA,NA,NA,NA,W,N,4,0,4,5,A,-,03,22350,NA,N,C,C,A,A,H,-,A,D,0,NA,NA,NA,NA,Y,NA,A,07,0,0,4,0,0,0,0,0,0,-,-,34.1358,-117.9759,LOS ANGELES,DUARTE,-117.97589692,34.13546515
90062330,2015,2015-12-01,9535,2015-10-18,1640,019983,NA,7,2,9,1900,0,2,4,NA,2,018,3RD ST. W/B (4300 BLOCK),EASTERN AVE.,900,E,N,A,-,N,NA,NA,NA,NA,NA,NA,NA,NA,NA,Y,4,0,1,2,A,-,03,22350,NA,N,C,C,A,A,H,-,A,D,0,NA,NA,NA,NA,Y,NA,A,01,0,0,1,0,0,0,0,0,0,-,-,34.0334,-118.17284,LOS ANGELES,UNINCORPORATED,-118.17097671,34.03322
90062332,2015,2015-12-01,9530,2015-11-28,1600,017860,NA,6,2,7,1941,0,1,3,NA,1,470,SR-47 S/B FROM HARBOR BLVD.,HARBOR BLVD.,340,N,N,A,-,Y,NA,NA,NA,NA,NA,NA,NA,NA,NA,Y,3,0,1,2,A,-,03,22350,NA,N,C,C,A,A,H,-,A,D,0,NA,NA,Y,NA,Y,NA,C,02,0,1,0,0,0,0,0,0,1,-,-,33.74916,-118.28221,LOS ANGELES,LONG BEACH,NA,NA
90062340,2015,2015-12-01,9530,2015-11-28,1715,017860,NA,6,2,7,1942,0,1,1,NA,2,400,I-405 S/B (SAN DIEGO FREEWAY),VERMONT AVE.,1050,N,N,B,-,Y,NA,NA,405,NA,NA,NA,NA,NA,S,Y,4,0,3,3,A,-,03,22350,NA,N,C,C,A,A,H,-,D,D,0,NA,NA,NA,NA,Y,NA,A,07,0,0,3,0,0,0,0,0,0,-,-,33.85973,-118.29447,LOS ANGELES,LOS ANGELES,-118.29447,33.85973002
90062347,2015,2015-12-01,9565,2015-11-24,1523,#17713,NA,2,2,6,1933,0,1,1,NA,2,060,I-405 N/B (SAN DIEGO FREEWAY),ARBOR VITAE ST.,500,N,N,A,-,Y,NA,NA,405,NA,NA,NA,NA,NA,N,N,4,0,1,2,A,-,03,22350,NA,N,C,C,A,A,H,-,A,D,0,NA,NA,NA,Y,Y,NA,F,26,0,0,1,0,0,0,0,0,0,-,-,33.95501,-118.36932,LOS ANGELES,INGLEWOOD,-118.36924788,33.95500915
90062348,2015,2015-12-01,9530,2015-11-29,1830,017860,NA,7,2,7,1941,0,1,1,NA,2,420,I-405 N/B (SAN DIEGO FREEWAY),SANTA FE AVE.,100,N,N,A,-,Y,NA,NA,405,NA,NA,NA,NA,NA,N,N,4,0,1,2,A,-,03,22350,NA,N,C,C,A,A,H,-,C,D,0,NA,NA,NA,NA,Y,NA,A,01,0,0,1,0,0,0,0,0,0,-,-,33.82516,-118.21635,LOS ANGELES,LONG BEACH,-118.2163769,33.82541826
90062351,2015,2015-12-01,9535,2015-10-04,0257,020859,NA,7,3,5,1952,0,1,1,NA,2,074,I-710 (LONG BEACH FREEWAY) N/B,COMPTON BLVD.,800,N,N,C,-,Y,NA,NA,710,NA,NA,NA,NA,NA,N,Y,2,0,4,2,A,-,01,23152,A,N,B,C,A,B,H,-,D,D,0,NA,NA,NA,NA,Y,Y,A,01,2,1,1,0,0,0,0,0,0,-,-,33.89789,-118.18712,LOS ANGELES,PARAMOUNT,-118.1871852,33.89789973
90062356,2015,2015-12-01,9535,2015-11-14,0513,020839,NA,6,3,4,1907,0,1,1,NA,2,072,I-710 (LONG BEACH FREEWAY) N/B,FLORENCE AVE,500,N,N,A,-,Y,NA,NA,710,NA,NA,NA,NA,NA,N,Y,4,0,1,2,A,-,01,23152,A,N,C,C,A,A,H,-,D,D,0,NA,NA,NA,NA,Y,Y,A,01,0,0,1,0,0,0,0,0,0,-,-,33.96951,-118.16752,LOS ANGELES,BELL,-118.16758391,33.96950949
90062357,2015,2015-12-01,9565,2015-11-24,1630,017713,NA,2,2,4,1918,0,1,1,NA,2,061,I-405 N/B (SN DIEGO FREEWAY),WASHINGTON BLVD.,300,N,N,A,-,Y,NA,NA,NA,NA,NA,NA,NA,NA,NA,N,4,0,1,2,A,-,03,22350,NA,N,C,C,A,A,H,-,A,D,0,NA,NA,NA,NA,Y,NA,A,07,0,0,1,0,0,0,0,0,0,-,-,33.95425,-118.36947,LOS ANGELES,CULVER CITY,-118.41408864,34.00681984
90062370,2015,2015-12-01,9530,2015-11-13,1635,021016,NA,5,2,7,1942,0,1,1,NA,2,200,I-105 E/B (GLENN ANDERSON FWY),FIGUEROA ST.,200,W,N,A,-,Y,NA,NA,NA,NA,NA,NA,NA,NA,NA,N,4,0,1,2,A,-,03,22350,NA,N,C,C,A,A,H,-,A,D,0,NA,NA,NA,NA,Y,NA,D,22,0,0,1,0,0,0,0,0,0,-,-,33.55425,-118.16599,LOS ANGELES,LOS ANGELES,-118.28325798,33.92848569
90062380,2015,2015-12-01,9530,2015-11-19,1720,021016,NA,4,2,5,1977,0,1,3,NA,2,310,SR-91 E/B (ARTESIA FREEWAY),AVALON BLVD.,750,E,N,A,-,Y,NA,NA,NA,NA,NA,NA,NA,NA,NA,N,4,0,1,3,A,-,03,22350,NA,N,C,C,A,A,H,-,A,D,0,NA,NA,NA,NA,Y,NA,A,08,0,0,1,0,0,0,0,0,0,-,-,33.52244,-118.15474,LOS ANGELES,CARSON,-118.2635933,33.87336341
90062381,2015,2015-12-01,9580,2015-11-02,0605,021015,NA,1,1,7,1942,0,1,2,NA,2,103,US-101 S/B (VENTURA FREEWAY),BALBOA BLVD,2085,S,N,A,-,Y,NA,NA,101,NA,NA,NA,NA,NA,S,Y,4,0,1,2,A,-,03,22350,NA,N,C,C,A,A,H,-,A,D,0,NA,NA,NA,NA,Y,NA,A,01,0,0,1,0,0,0,0,0,0,-,-,34.16645,-118.49486,LOS ANGELES,LOS ANGELES,-118.49485307,34.16646071