CASE_ID,ACCIDENT_YEAR,PROC_DATE,JURIS,COLLISION_DATE,COLLISION_TIME,OFFICER_ID,REPORTING_DISTRICT,DAY_OF_WEEK,CHP_SHIFT,POPULATION,CNTY_CITY_LOC,SPECIAL_COND,BEAT_TYPE,CHP_BEAT_TYPE,CITY_DIVISION_LAPD,CHP_BEAT_CLASS,BEAT_NUMBER,PRIMARY_RD,SECONDARY_RD,DISTANCE,DIRECTION,INTERSECTION,WEATHER_1,WEATHER_2,STATE_HWY_IND,CALTRANS_COUNTY,CALTRANS_DISTRICT,STATE_ROUTE,ROUTE_SUFFIX,POSTMILE_PREFIX,POSTMILE,LOCATION_TYPE,RAMP_INTERSECTION,SIDE_OF_HWY,TOW_AWAY,COLLISION_SEVERITY,NUMBER_KILLED,NUMBER_INJURED,PARTY_COUNT,PRIMARY_COLL_FACTOR,PCF_CODE_OF_VIOL,PCF_VIOL_CATEGORY,PCF_VIOLATION,PCF_VIOL_SUBSECTION,HIT_AND_RUN,TYPE_OF_COLLISION,MVIW,PED_ACTION,ROAD_SURFACE,ROAD_COND_1,ROAD_COND_2,LIGHTING,CONTROL_DEVICE,CHP_ROAD_TYPE,PEDESTRIAN_ACCIDENT,BICYCLE_ACCIDENT,MOTORCYCLE_ACCIDENT,TRUCK_ACCIDENT,NOT_PRIVATE_PROPERTY,ALCOHOL_INVOLVED,STWD_VEHTYPE_AT_FAULT,CHP_VEHTYPE_AT_FAULT,COUNT_SEVERE_INJ,COUNT_VISIBLE_INJ,COUNT_COMPLAINT_PAIN,COUNT_PED_KILLED,COUNT_PED_INJURED,COUNT_BICYCLIST_KILLED,COUNT_BICYCLIST_INJURED,COUNT_MC_KILLED,COUNT_MC_INJURED,PRIMARY_RAMP,SECONDARY_RAMP,LATITUDE,LONGITUDE,COUNTY,CITY,POINT_X,POINT_Y
90062975,2015,2015-12-01,9530,2015-11-06,1726,021004,NA,5,2,9,1900,0,1,1,NA,2,120,I-110 S/B (HARBOR FREEWAY),223RD ST.,560,N,N,A,-,Y,NA,NA,110,NA,NA,NA,NA,NA,S,Y,3,0,1,3,A,-,03,22350,NA,N,C,C,A,A,H,-,C,D,0,NA,NA,Y,NA,Y,NA,C,02,0,1,0,0,0,0,0,0,1,-,-,33.82804,-118.28765,LOS ANGELES,UNINCORPORATED,-118.28750504,33.82803655
90062980,2015,2015-12-01,9580,2015-11-05,1418,018185,NA,4,2,7,1942,0,1,1,NA,2,406,I-405 N/B (SAN DIEGO FWY),PARTHENIA ST,50,S,N,A,-,Y,NA,NA,405,NA,NA,NA,NA,NA,N,Y,2,0,1,2,A,-,03,22350,NA,N,C,C,A,A,H,-,A,D,0,NA,NA,Y,NA,Y,NA,C,02,1,0,0,0,0,0,0,0,1,-,-,34.22822,-118.47295,LOS ANGELES,LOS ANGELES,-118.47301884,34.22822069
90063001,2015,2015-12-01,9565,2015-11-24,0045,020480,NA,2,3,7,1942,0,1,3,NA,2,070,SR-90 E/B (MARINA FREEWAY),CULVER BLVD,300,E,N,A,-,Y,NA,NA,90,NA,NA,NA,NA,NA,E,Y,3,0,1,1,A,-,08,22107,NA,N,E,J,A,A,H,-,C,D,0,NA,NA,NA,NA,Y,NA,D,22,0,1,0,0,0,0,0,0,0,-,-,33.98151,-118.41904,LOS ANGELES,LOS ANGELES,-118.41908388,33.98160283
90063005,2015,2015-12-01,9525,2015-11-04,1915,021097,NA,3,2,6,1955,0,1,1,NA,2,110,I-10 E/B (SAN BERNARDINO FREEWAY),INDIAN HILL BLVD,1320,W,N,A,-,Y,NA,NA,10,NA,NA,NA,NA,NA,E,Y,4,0,1,2,A,-,03,22350,NA,N,C,C,A,A,H,-,C,D,0,NA,NA,NA,NA,Y,NA,A,01,0,0,1,0,0,0,0,0,0,-,-,34.08147,-117.72607000000001,LOS ANGELES,POMONA,-117.72607143,34.08155075
90063017,2015,2015-12-01,9550,2015-11-22,1850,020974,NA,7,2,9,1900,0,2,4,NA,1,012,SLAUSON AVENUE,MILLERGROVE DRIVE,50,W,N,A,-,N,NA,NA,NA,NA,NA,NA,NA,NA,NA,N,3,0,3,3,A,-,03,22350,NA,N,C,C,A,A,H,-,C,A,0,NA,NA,NA,NA,Y,NA,A,07,0,2,1,0,0,0,0,0,0,-,-,33.96637,-118.07962,LOS ANGELES,UNINCORPORATED,-118.07957888,33.96644567
90063043,2015,2015-12-01,9590,2015-11-03,1805,021122,NA,2,2,7,1942,0,1,1,NA,2,500,I-110 N/B EXPRESS LANE,W. 30TH STREET U/C,250,S,N,A,-,Y,NA,NA,110,NA,NA,NA,NA,NA,N,Y,3,0,1,2,A,-,03,22350,NA,N,C,C,A,A,H,-,C,D,0,NA,NA,Y,NA,Y,NA,C,02,0,1,0,0,0,0,0,0,1,-,-,34.02357,-118.27669,LOS ANGELES,LOS ANGELES,-118.27664459,34.02354678
90063049,2015,2016-03-31,9590,2015-11-05,0858,021124,NA,4,1,7,1942,0,1,2,NA,2,071,US-101 S/B (HOLLYWOOD FREEWAY),BENTON WAY,150,S,N,A,-,Y,NA,NA,101,NA,NA,NA,NA,NA,S,Y,3,0,1,3,A,-,07,21658,A,N,B,C,A,A,H,-,A,D,0,NA,NA,Y,NA,Y,NA,A,01,0,1,0,0,0,0,0,0,1,-,-,34.07496,-118.27378,LOS ANGELES,LOS ANGELES,-118.2737919,34.07492399
90063080,2015,2015-12-01,9565,2015-11-30,0800,020255,NA,1,1,9,1900,0,3,5,NA,2,004,FELTON AVE.,LENNOX BLVD,480,N,N,A,-,N,NA,NA,NA,NA,NA,NA,NA,NA,NA,N,4,0,4,2,A,-,03,22350,NA,N,H,C,A,A,H,-,A,D,0,NA,NA,NA,NA,Y,NA,A,01,0,0,4,0,0,0,0,0,0,-,-,33.93967,-118.36563,LOS ANGELES,UNINCORPORATED,-118.36573455,33.93948648
90063107,2015,2015-12-01,9575,2015-11-08,1456,020614,NA,7,2,9,1900,0,2,4,NA,2,320,ANGELES FOREST HIGHWAY,OLD ROAD CAMP,5544,N,N,A,-,N,NA,NA,NA,NA,NA,NA,NA,NA,NA,Y,3,0,2,2,A,-,21,22106,NA,N,D,C,A,A,H,-,A,D,0,NA,NA,Y,NA,Y,NA,A,01,0,1,1,0,0,0,0,0,1,-,-,34.31544,-118.13586,LOS ANGELES,UNINCORPORATED,NA,NA
90063119,2015,2015-12-01,9575,2015-11-11,1725,015204,NA,3,2,6,1953,0,1,1,NA,2,064,I-210 E/B (FOOTHILL FREEWAY),ALTADENA DR,800,W,N,A,-,Y,NA,NA,210,NA,NA,NA,NA,NA,E,N,4,0,1,3,A,-,03,22350,NA,N,C,C,A,A,H,-,D,D,0,NA,NA,NA,NA,Y,NA,A,01,0,0,1,0,0,0,0,0,0,-,-,34.1524,-118.1003,LOS ANGELES,PASADENA,-118.10030003,34.15235923
90063141,2015,2015-12-01,9550,2015-11-20,1420,020597,NA,5,2,9,1900,0,3,5,NA,2,002,10209 ELMORE AVENUE,BROADWAY,83,S,N,A,-,N,NA,NA,NA,NA,NA,NA,NA,NA,NA,N,4,0,1,2,A,-,21,22106,NA,N,G,B,F,A,H,-,A,D,0,Y,NA,NA,NA,Y,NA,A,01,0,0,1,0,1,0,0,0,0,-,-,33.93974,-118.02783,LOS ANGELES,UNINCORPORATED,-118.02771551,33.93978567
90063143,2015,2015-12-01,9565,2015-11-22,0136,020468,NA,7,3,7,1942,0,1,1,NA,2,064,I-405 S/B (SAN DIEGO FREEWAY),MORAGA DR,200,N,N,A,-,Y,NA,NA,405,NA,NA,NA,NA,NA,S,N,4,0,1,2,A,-,08,22107,NA,F,B,C,A,A,H,-,D,D,0,NA,NA,NA,NA,Y,NA,-,99,0,0,1,0,0,0,0,0,0,-,-,34.0776,-118.47045,LOS ANGELES,LOS ANGELES,-118.47046859,34.07758391
90063144,2015,2016-04-01,9580,2015-10-28,1914,020076,NA,3,2,7,1942,0,1,3,NA,2,115,SR-118 W/B (RONALD REAGAN FWY.),ARLETA AVE,1056,E,N,A,-,Y,NA,NA,118,NA,NA,NA,NA,NA,W,Y,4,0,1,3,A,-,03,22350,NA,N,C,C,A,A,H,-,C,D,0,NA,NA,NA,NA,Y,NA,A,07,0,0,1,0,0,0,0,0,0,-,-,34.26622,-118.44863,LOS ANGELES,LOS ANGELES,-118.44863701,34.26626636
90063165,2015,2015-12-01,9565,2015-11-22,1720,019031,NA,7,2,9,1900,0,3,5,NA,2,005,BALI WAY,ADMIRALTY WAY,0,NA,Y,A,-,N,NA,NA,NA,NA,NA,NA,NA,NA,NA,N,4,0,1,2,A,-,10,21950,A,N,G,B,B,A,H,-,B,A,0,Y,NA,NA,NA,Y,NA,A,07,0,0,1,0,1,0,0,0,0,-,-,33.98218,-118.44163,LOS ANGELES,UNINCORPORATED,-118.44166011,33.98210011
90063168,2015,2015-12-01,9530,2015-11-07,1220,021038,NA,6,1,9,1900,0,3,5,NA,2,006,CARSON ST. (700 BLOCK),I-110 S/B (HARBOR FREEWAY),90,W,N,A,-,N,NA,NA,NA,NA,NA,NA,NA,NA,NA,N,4,0,1,2,A,-,05,21650,NA,N,H,G,A,A,H,-,A,A,0,NA,Y,Y,NA,Y,NA,L,04,0,0,1,0,0,0,1,0,0,-,-,33.49539,-118.17164,LOS ANGELES,UNINCORPORATED,NA,NA
90063172,2015,2015-12-01,9580,2015-11-05,1857,018803,NA,4,2,7,1942,0,1,1,NA,2,405,I-405 S/B (SAN DIEGO FWY),BURBANK BLVD,200,N,N,A,-,Y,NA,NA,405,NA,NA,NA,NA,NA,S,Y,3,0,2,3,A,-,03,22350,NA,N,C,C,A,A,H,-,C,D,0,NA,NA,NA,NA,Y,NA,A,01,0,1,1,0,0,0,0,0,0,-,-,34.1744,-118.46803,LOS ANGELES,LOS ANGELES,-118.46784202,34.17441226
90063215,2015,2015-12-01,9525,2015-11-05,1315,020216,NA,4,1,3,1921,0,1,1,NA,2,201,I-210 W/B (FOOTHILL FREEWAY),I-605,300,W,N,A,-,Y,NA,NA,210,NA,NA,NA,NA,NA,W,Y,3,0,2,2,A,-,07,21658,A,N,C,C,A,A,H,-,A,D,0,NA,NA,NA,NA,Y,NA,A,01,0,1,1,0,0,0,0,0,0,-,-,34.13482,-117.95917,LOS ANGELES,DUARTE,-117.95916169,34.13485376
90063224,2015,2015-12-01,9525,2015-11-05,1710,020058,NA,4,2,5,1926,0,1,1,NA,2,205,I-210 W/B (FOOTHILL FREEWAY),BARRANCA AVE,100,E,N,A,-,Y,NA,NA,210,NA,NA,NA,NA,NA,W,Y,4,0,2,4,A,-,03,22350,NA,N,C,C,A,A,H,-,D,D,0,NA,NA,NA,NA,Y,NA,D,22,0,0,2,0,0,0,0,0,0,-,-,34.12115,-117.88114,LOS ANGELES,GLENDORA,-117.88113877,34.12106362
90063228,2015,2015-12-01,9580,2015-11-06,1250,019451,NA,5,1,3,1994,0,1,2,NA,2,106,US-101 N/B (VENTURA FREEWAY),LIBERTY CANYON RD,528,S,N,A,-,Y,NA,NA,NA,NA,NA,NA,NA,NA,NA,N,4,0,1,2,A,-,08,22107,NA,N,B,C,A,A,H,-,A,D,0,NA,NA,NA,Y,Y,NA,-,-,0,0,1,0,0,0,0,0,0,-,-,34.13881,-118.71863,LOS ANGELES,AGOURA HILLS,NA,NA
90063229,2015,2015-12-01,9565,2015-11-23,1809,020468,NA,1,2,7,1942,0,1,1,NA,2,063,I-405 N/B (SAN DIEGO FREEWAY),MONTANA AVE,900,S,N,A,-,Y,NA,NA,405,NA,NA,NA,NA,NA,N,Y,4,0,2,4,A,-,03,22350,NA,N,C,C,A,A,H,-,D,D,0,NA,NA,NA,NA,Y,NA,A,01,0,0,2,0,0,0,0,0,0,-,-,34.06191,-118.4571,LOS ANGELES,LOS ANGELES,-118.4570515,34.06195179
90063258,2015,2015-12-01,9580,2015-11-06,1825,021018,NA,5,2,7,1942,0,1,2,NA,2,100,US-101 N/B (VENTURA FREEWAY),TUJUNGA AVE,2000,N,N,A,-,Y,NA,NA,101,NA,NA,NA,NA,NA,N,N,4,0,1,2,A,-,03,22350,NA,M,C,C,A,A,H,-,D,D,0,NA,NA,NA,NA,Y,NA,-,99,0,0,1,0,0,0,0,0,0,-,-,34.15456,-118.38539,LOS ANGELES,LOS ANGELES,-118.38539,34.15455888
90063279,2015,2015-12-01,9565,2015-11-23,1430,018804,NA,1,2,7,1942,0,1,1,NA,2,061,I-405 S/B,I-10 FWY. O/C,400,S,N,A,-,Y,NA,NA,405,NA,NA,NA,NA,NA,S,N,3,0,1,3,A,-,08,22107,NA,N,B,C,A,A,H,-,A,D,0,NA,NA,Y,NA,Y,NA,C,02,0,1,0,0,0,0,0,0,1,-,-,34.03009,-118.43275,LOS ANGELES,LOS ANGELES,-118.43275836,34.03008333
90063289,2015,2015-12-01,9580,2015-11-07,1710,019511,NA,6,2,7,1942,0,1,2,NA,2,107,US-101 S/B (VENTURA FREEWAY),LIBERTY CANYON RD,1320,N,N,A,-,Y,NA,NA,NA,NA,NA,NA,NA,NA,NA,N,4,0,2,2,A,-,07,21658,A,N,B,C,A,A,H,-,D,D,0,NA,NA,NA,NA,Y,NA,D,22,0,0,2,0,0,0,0,0,0,-,-,34.13808,-118.72852,LOS ANGELES,LOS ANGELES,NA,NA
9006329,2019,2020-02-19,1955,2019-12-20,1715,42042,45,5,5,6,1955,0,0,0,NA,0,001,ORANGE GROVE AV,LEWIS ST,0,NA,Y,A,-,N,NA,NA,NA,NA,NA,NA,NA,NA,NA,N,3,0,1,2,D,-,00,NA,NA,F,G,-,B,A,H,-,B,D,0,Y,NA,NA,NA,Y,NA,-,-,0,1,0,0,1,0,0,0,0,-,-,NA,NA,LOS ANGELES,POMONA,-117.76972198486328,34.06644821166992
90063305,2015,2015-12-01,9580,2015-11-07,0045,020876,NA,6,3,7,1942,0,1,1,NA,2,404,I-405 N/B (SAN DIEGO FWY),SEPULVEDA BLVD,300,S,N,A,-,Y,NA,NA,405,NA,NA,NA,NA,NA,N,Y,4,0,1,2,A,-,07,21658,A,M,B,C,A,A,H,-,D,D,0,NA,NA,NA,NA,Y,NA,-,99,0,0,1,0,0,0,0,0,0,-,-,34.14441,-118.47089,LOS ANGELES,LOS ANGELES,-118.47106831,34.14445536
90063313,2015,2015-12-01,9580,2015-11-07,1505,019319,NA,6,2,7,1942,0,1,2,NA,2,105,US-101 S/B (VENTURA FREEWAY),SHOUP AVE,528,N,N,A,-,Y,NA,NA,101,NA,NA,NA,NA,NA,S,N,4,0,1,2,A,-,03,22350,NA,N,C,C,A,A,H,-,A,D,0,NA,NA,NA,NA,Y,NA,A,01,0,0,1,0,0,0,0,0,0,-,-,34.16599,-118.6183,LOS ANGELES,LOS ANGELES,-118.61831452,34.16603605
9006332,2019,2020-01-08,1942,2019-10-02,0800,43651,1269,3,5,7,1942,0,0,0,L,0,12A57,85TH ST,TOWNE AV,0,NA,N,A,-,N,NA,NA,NA,NA,NA,NA,NA,NA,NA,N,4,0,1,2,A,-,21,22106,NA,N,C,C,A,A,H,-,A,D,0,NA,NA,NA,NA,Y,NA,A,01,0,0,1,0,0,0,0,0,0,-,-,NA,NA,LOS ANGELES,LOS ANGELES,-118.26730346679688,33.961021423339844
90063321,2015,2015-12-01,9580,2015-11-07,1725,021092,NA,6,2,7,1942,0,1,2,NA,2,100,US-101 N/B (VENTURA FREEWAY),LAUREL CANYON BLVD,528,N,N,A,-,Y,NA,NA,101,NA,NA,NA,NA,NA,N,Y,4,0,1,2,A,-,03,22350,NA,N,C,C,A,A,H,-,C,D,0,NA,NA,NA,NA,Y,NA,A,07,0,0,1,0,0,0,0,0,0,-,-,34.15537,-118.40012,LOS ANGELES,LOS ANGELES,-118.40016151,34.15528768
90063324,2015,2015-12-01,9565,2015-11-24,1547,017574,NA,2,2,9,1900,0,1,1,NA,2,012,I-105 EB,VERMONT AVE,200,W,N,A,-,Y,NA,NA,NA,NA,NA,NA,NA,NA,NA,N,4,0,1,2,A,-,03,22350,NA,N,C,C,A,A,H,-,A,D,0,NA,NA,NA,NA,Y,NA,A,01,0,0,1,0,0,0,0,0,0,-,-,33.15646,-118.63545,LOS ANGELES,UNINCORPORATED,-118.29257802,33.92849
90063342,2015,2015-12-02,9565,2015-11-26,2050,020752,NA,4,2,9,1900,0,3,5,NA,2,002,EL SEGUNDO BLVD. W/B,WESTERN AVE.,500,W,N,A,-,N,NA,NA,NA,NA,NA,NA,NA,NA,NA,Y,4,0,2,2,A,-,08,22107,NA,N,B,C,A,A,H,-,C,D,0,NA,NA,NA,NA,Y,NA,A,01,0,0,2,0,0,0,0,0,0,-,-,33.91647,-118.31141,LOS ANGELES,UNINCORPORATED,-118.31072485,33.91644186
90063344,2015,2015-12-02,9590,2015-11-28,1220,020749,NA,6,1,7,1942,0,1,1,NA,2,040,I-5 N/B (SANTA ANA FREEWAY),LORENA STREET,200,N,N,A,-,Y,NA,NA,5,NA,NA,NA,NA,NA,N,N,4,0,2,2,A,-,03,22350,NA,N,C,C,A,A,H,-,A,D,0,NA,NA,NA,NA,Y,NA,A,01,0,0,2,0,0,0,0,0,0,-,-,34.02599,-118.20591,LOS ANGELES,LOS ANGELES,-118.20604041,34.02557093
9006336,2019,2020-01-08,1942,2019-10-30,1845,43675,1265,3,5,7,1942,0,0,0,L,0,12A45,NORMANDIE AV,81ST ST,0,NA,Y,A,-,N,NA,NA,NA,NA,NA,NA,NA,NA,NA,Y,4,0,2,4,A,-,01,23152,A,M,C,C,A,A,H,-,B,D,0,NA,NA,NA,NA,Y,Y,A,01,0,0,2,0,0,0,0,0,0,-,-,NA,NA,LOS ANGELES,LOS ANGELES,-118.30026245117188,33.96548843383789
90063385,2015,2015-12-02,9525,2015-11-03,1830,018402,NA,2,2,6,1975,0,1,1,NA,2,103,I-10 W/B (SAN BERNARDINO FREEWAY),VINCENT AVE,500,W,N,B,C,Y,NA,NA,NA,NA,NA,NA,NA,NA,NA,N,4,0,1,2,A,-,04,21703,NA,N,C,C,A,B,H,-,C,D,0,NA,NA,NA,NA,Y,NA,A,01,0,0,1,0,0,0,0,0,0,-,-,34.04207,-117.55422,LOS ANGELES,WEST COVINA,-117.92843711,34.07244
90063420,2015,2015-12-02,9535,2015-11-21,1620,020790,NA,6,2,9,1900,0,1,1,NA,2,070,I-710 N/B (LONG BEACH FWY),OLYMPIC BLVD.,70,S,N,A,-,Y,NA,NA,NA,NA,NA,NA,NA,NA,NA,N,4,0,1,2,A,-,07,21658,A,N,B,C,A,A,H,-,A,D,0,NA,NA,NA,Y,Y,NA,-,-,0,0,1,0,0,0,0,0,0,-,-,34.02083,-118.14308,LOS ANGELES,UNINCORPORATED,-118.17326646,34.01871905
90063421,2015,2015-12-02,9525,2015-11-05,0940,020216,NA,4,1,3,1921,0,1,1,NA,2,201,I-210 W/B (FOOTHILL FREEWAY),BUENA VISTA ST.,300,E,N,A,-,Y,NA,NA,NA,NA,NA,NA,NA,NA,NA,Y,4,0,2,2,A,-,03,22350,NA,N,B,C,A,A,H,-,A,D,0,NA,NA,NA,Y,Y,NA,A,01,0,0,2,0,0,0,0,0,0,-,-,34.13252,-117.98372,LOS ANGELES,DUARTE,-117.97656091,34.13543399
90063444,2015,2015-12-02,9575,2015-11-13,0835,019920,NA,5,1,5,1902,0,1,1,NA,2,065,I-210 W/B (FOOTHILL FREEWAY),BALDWIN AVE,500,W,N,A,-,Y,NA,NA,210,NA,NA,NA,NA,NA,W,Y,4,0,2,3,A,-,03,22350,NA,N,C,C,A,A,H,-,A,D,0,NA,NA,NA,NA,Y,NA,A,01,0,0,2,0,0,0,0,0,0,-,-,34.14859,-118.0544,LOS ANGELES,ARCADIA,-118.05440291,34.14896628
90063465,2015,2015-12-02,9530,2015-11-23,0732,016110,NA,1,1,9,1900,0,3,5,NA,2,002,119TH ST.         (18000 BLOCK),WILLOWBROOK AVE. EAST,55.5,W,N,A,-,N,NA,NA,NA,NA,NA,NA,NA,NA,NA,Y,2,0,1,2,A,-,12,22451,B,N,H,F,A,A,H,-,A,A,0,NA,NA,NA,NA,Y,NA,A,01,1,0,0,0,0,0,0,0,0,-,-,33.92462,-118.23577,LOS ANGELES,UNINCORPORATED,-118.23629258,33.92461
90063473,2015,2015-12-02,9565,2015-11-24,1825,19443,NA,2,2,7,1942,0,1,1,NA,2,082,I-10 W/B (SANTA MONICA FREEWAY),MILITARY AVE.,100,W,N,B,-,Y,NA,NA,10,NA,NA,NA,NA,NA,W,Y,4,0,1,3,A,-,03,22350,NA,N,C,C,A,A,H,-,C,D,0,NA,NA,NA,NA,Y,NA,A,01,0,0,1,0,0,0,0,0,0,-,-,34.032,-118.43,LOS ANGELES,LOS ANGELES,-118.42998211,34.03178232
90063485,2015,2015-12-02,9525,2015-11-01,0245,020544,NA,7,3,5,1926,0,1,1,NA,2,206,I-210 E/B (FOOTHILL FREEWAY),GRAND AVE,1056,W,N,A,-,Y,NA,NA,210,NA,NA,NA,NA,NA,E,Y,4,0,1,2,A,-,03,22350,NA,F,C,C,A,A,H,-,C,D,0,NA,NA,NA,NA,Y,NA,A,07,0,0,1,0,0,0,0,0,0,-,-,34.12055,-117.87479,LOS ANGELES,GLENDORA,-117.8747848,34.12066324
90063510,2015,2015-12-02,9530,2015-12-01,0013,020923,NA,2,3,7,1942,0,1,1,NA,2,110,I-110 S/B TO I-405,182ND ST.,900,S,N,A,-,Y,NA,NA,110,NA,NA,NA,R,NA,S,Y,4,0,5,2,A,-,01,23152,A,F,C,C,A,A,H,-,C,D,0,NA,NA,NA,NA,Y,Y,A,07,0,0,5,0,0,0,0,0,0,-,-,33.8676,-118.2854,LOS ANGELES,LOS ANGELES,-118.2854,33.8676
90063515,2015,2015-12-02,9535,2015-11-05,0645,021149,NA,4,1,9,1900,0,1,1,NA,2,071,I-710 (LONG BEACH FREEWAY) S/B,I-5,50,N,N,A,-,Y,NA,NA,710,NA,NA,NA,NA,NA,S,Y,4,0,2,2,A,-,03,22350,NA,N,C,C,A,A,H,-,A,D,0,NA,NA,NA,NA,Y,NA,A,01,0,0,2,0,0,0,0,0,0,-,-,34.01959,-118.17343,LOS ANGELES,UNINCORPORATED,-118.17353353,34.01959041
90063519,2015,2015-12-02,9580,2015-11-21,1915,021079,NA,6,2,7,1942,0,1,1,NA,2,404,I-405 N/B (SAN DIEGO FWY),SEPULVEDA BLVD,2000,S,N,A,-,Y,NA,NA,405,NA,NA,NA,NA,NA,N,Y,3,0,1,3,A,-,01,23152,A,N,C,C,A,A,H,-,D,D,0,NA,NA,NA,NA,Y,Y,A,01,0,1,0,0,0,0,0,0,0,-,-,34.14013,-118.47124,LOS ANGELES,LOS ANGELES,-118.47120058,34.14013442
90063568,2015,2015-12-02,9580,2015-11-25,2035,019952,NA,3,2,7,1942,0,1,3,NA,2,170,SR-170 N/B (HOLLYWOOD FWY.),VICTORY BLVD,1320,S,N,A,-,Y,NA,NA,170,NA,NA,NA,NA,NA,N,Y,3,0,1,1,A,-,01,23152,A,N,E,I,A,A,H,-,C,D,0,NA,NA,NA,NA,Y,Y,A,01,0,1,0,0,0,0,0,0,0,-,-,34.18582,-118.40072,LOS ANGELES,LOS ANGELES,-118.40085593,34.18574159
90063597,2015,2015-12-02,9530,2015-11-10,0900,021062,NA,2,1,6,1972,0,1,1,NA,2,400,I-405 N/B (SAN DIEGO FREEWAY),CRENSHAW BLVD.,528,N,N,A,-,Y,NA,NA,405,NA,NA,NA,NA,NA,N,Y,4,0,1,2,A,-,03,22350,NA,N,C,C,A,A,H,-,A,D,0,NA,NA,NA,NA,Y,NA,A,07,0,0,1,0,0,0,0,0,0,-,-,33.8648,-118.327,LOS ANGELES,TORRANCE,-118.32698109,33.86486448
90063612,2015,2015-12-02,9540,2015-11-18,0720,015093,NA,3,1,9,1900,0,1,3,NA,1,143,SR-14 S/B (ANTELOPE VALLEY FREEWAY),LOS PINETOS ROAD,1056,S,N,A,-,Y,NA,NA,14,NA,NA,NA,NA,NA,S,Y,2,0,1,3,A,-,08,22107,NA,N,B,C,A,A,H,-,A,D,0,NA,NA,Y,NA,Y,NA,A,01,1,0,0,0,0,0,0,0,1,-,-,34.34442,-118.50486,LOS ANGELES,UNINCORPORATED,-118.50489855,34.34443484
90063634,2015,2015-12-02,9530,2015-12-01,0818,014701,NA,2,1,7,1941,0,1,1,NA,2,430,I-405 S/B (SAN DIEGO FREEWAY),PALO VERDE AVE.,528,N,N,A,-,Y,NA,NA,405,NA,NA,NA,NA,NA,S,Y,4,0,1,3,A,-,03,22350,NA,N,C,C,A,A,H,-,A,D,0,NA,NA,NA,NA,Y,NA,A,07,0,0,1,0,0,0,0,0,0,-,-,33.803,-118.118,LOS ANGELES,LONG BEACH,-118.11800463,33.80257529
90063645,2015,2015-12-02,9540,2015-11-19,0800,015093,NA,4,1,6,1985,0,1,3,NA,1,143,SR-14 S/B TO I-5 S/B TRUCK BYPASS LANES,SIERRA HWY,1676,N,N,A,-,Y,NA,NA,NA,NA,NA,NA,NA,NA,NA,Y,4,0,1,2,A,-,03,22350,NA,N,C,C,A,A,H,-,A,D,0,NA,NA,NA,NA,Y,NA,A,08,0,0,1,0,0,0,0,0,0,-,-,34.33435,-118.50675,LOS ANGELES,SANTA CLARITA,-118.50540174,34.34317565
90063689,2015,2015-12-02,9535,2015-11-05,1640,014473,NA,4,2,9,1900,0,1,1,NA,2,420,I-10 (SAN BERNARDINO FREEWAY) E/B,EASTERN AVE,500,W,N,A,-,Y,NA,NA,10,NA,NA,NA,NA,NA,E,N,4,0,1,2,A,-,03,22350,NA,N,C,C,A,A,H,-,A,D,0,NA,NA,NA,NA,Y,NA,D,22,0,0,1,0,0,0,0,0,0,-,-,34.05852,-118.17763,LOS ANGELES,UNINCORPORATED,-118.17765089,34.05856813
90063693,2015,2015-12-02,9540,2015-11-17,1540,019298,NA,2,2,9,1900,0,2,4,NA,2,010,THE OLD ROAD,PICO CANYON RD,0,NA,Y,A,-,N,NA,NA,NA,NA,NA,NA,NA,NA,NA,Y,3,0,4,3,A,-,09,21453,C,N,B,C,A,A,H,-,A,A,0,NA,NA,NA,NA,Y,NA,A,07,0,2,2,0,0,0,0,0,0,-,-,34.38091,-118.57046,LOS ANGELES,UNINCORPORATED,-118.5708701,34.38107003
90063694,2015,2015-12-02,9530,2015-11-10,1355,019033,NA,2,1,7,1941,0,1,1,NA,2,071,I-710 N/B (LONG BEACH FREEWAY),CARSON ST.,280,N,N,A,-,Y,NA,NA,NA,NA,NA,NA,NA,NA,NA,Y,4,0,1,3,A,-,03,22350,NA,N,C,C,A,A,H,-,A,D,0,NA,NA,NA,Y,Y,NA,F,26,0,0,1,0,0,0,0,0,0,-,-,33.4956,-118.1231,LOS ANGELES,LONG BEACH,-118.20877778,33.83254674
90063702,2015,2015-12-02,9525,2015-11-07,1230,020216,NA,6,1,5,1990,0,1,3,NA,2,601,SR-60 W/B (POMONA FREEWAY),GRAND AVE,2640,W,N,A,-,Y,NA,NA,60,NA,NA,NA,NA,NA,W,N,4,0,1,2,A,-,03,22350,NA,N,C,C,A,A,H,-,A,D,0,NA,NA,NA,NA,Y,NA,A,01,0,0,1,0,0,0,0,0,0,-,-,34.00707,-117.82716,LOS ANGELES,DIAMOND BAR,-117.82697076,34.00684823
90063715,2015,2015-12-02,9535,2015-11-05,1640,020943,NA,4,2,9,1900,0,1,3,NA,2,601,SR-60 (POMONA FREEWAY) W/B,EASTERN AVE,500,E,N,B,-,Y,NA,NA,60,NA,NA,NA,NA,NA,W,N,4,0,2,2,A,-,07,21658,A,N,B,C,A,A,H,-,B,D,0,NA,NA,NA,NA,Y,NA,A,01,0,0,2,0,0,0,0,0,0,-,-,34.03539,-118.17195,LOS ANGELES,UNINCORPORATED,-118.17195625,34.03543432