CASE_ID,ACCIDENT_YEAR,PROC_DATE,JURIS,COLLISION_DATE,COLLISION_TIME,OFFICER_ID,REPORTING_DISTRICT,DAY_OF_WEEK,CHP_SHIFT,POPULATION,CNTY_CITY_LOC,SPECIAL_COND,BEAT_TYPE,CHP_BEAT_TYPE,CITY_DIVISION_LAPD,CHP_BEAT_CLASS,BEAT_NUMBER,PRIMARY_RD,SECONDARY_RD,DISTANCE,DIRECTION,INTERSECTION,WEATHER_1,WEATHER_2,STATE_HWY_IND,CALTRANS_COUNTY,CALTRANS_DISTRICT,STATE_ROUTE,ROUTE_SUFFIX,POSTMILE_PREFIX,POSTMILE,LOCATION_TYPE,RAMP_INTERSECTION,SIDE_OF_HWY,TOW_AWAY,COLLISION_SEVERITY,NUMBER_KILLED,NUMBER_INJURED,PARTY_COUNT,PRIMARY_COLL_FACTOR,PCF_CODE_OF_VIOL,PCF_VIOL_CATEGORY,PCF_VIOLATION,PCF_VIOL_SUBSECTION,HIT_AND_RUN,TYPE_OF_COLLISION,MVIW,PED_ACTION,ROAD_SURFACE,ROAD_COND_1,ROAD_COND_2,LIGHTING,CONTROL_DEVICE,CHP_ROAD_TYPE,PEDESTRIAN_ACCIDENT,BICYCLE_ACCIDENT,MOTORCYCLE_ACCIDENT,TRUCK_ACCIDENT,NOT_PRIVATE_PROPERTY,ALCOHOL_INVOLVED,STWD_VEHTYPE_AT_FAULT,CHP_VEHTYPE_AT_FAULT,COUNT_SEVERE_INJ,COUNT_VISIBLE_INJ,COUNT_COMPLAINT_PAIN,COUNT_PED_KILLED,COUNT_PED_INJURED,COUNT_BICYCLIST_KILLED,COUNT_BICYCLIST_INJURED,COUNT_MC_KILLED,COUNT_MC_INJURED,PRIMARY_RAMP,SECONDARY_RAMP,LATITUDE,LONGITUDE,COUNTY,CITY,POINT_X,POINT_Y
90064228,2015,2015-12-02,9525,2015-11-10,1630,019188,NA,2,2,4,1946,0,1,1,NA,2,201,I-210 W/B (FOOTHILL FREEWAY),HUNTINGTON DR.,800,E,N,A,-,Y,NA,NA,210,NA,NA,NA,NA,NA,W,Y,4,0,1,3,A,-,03,22350,NA,N,C,C,A,A,H,-,A,D,0,NA,NA,NA,NA,Y,NA,A,01,0,0,1,0,0,0,0,0,0,-,-,34.13719,-118.01164,LOS ANGELES,MONROVIA,-118.01166992,34.13709656
90064229,2015,2015-12-02,9535,2015-11-06,0700,021155,NA,5,1,5,1901,0,1,1,NA,2,421,I-10 (SAN BERNARDINO FREEWAY) W/B,NEW AVE,500,W,N,A,-,Y,NA,NA,10,NA,NA,NA,NA,NA,W,N,4,0,1,2,A,-,03,22350,NA,N,C,C,A,A,H,-,A,D,0,NA,NA,NA,NA,Y,NA,-,99,0,0,1,0,0,0,0,0,0,-,-,34.07206,-118.11013,LOS ANGELES,ALHAMBRA,-118.11012843,34.07196695
90064231,2015,2015-12-02,9550,2015-11-09,0920,021150,NA,1,1,9,1900,0,1,1,NA,2,650,I-605 S/B (SAN GABRIEL RIVER FWY),WASHINGTON BOULEVARD,300,N,N,B,-,Y,NA,NA,605,NA,NA,NA,NA,NA,S,Y,4,0,1,2,C,-,18,NA,NA,N,C,C,A,A,H,-,A,D,0,NA,NA,NA,NA,Y,NA,-,-,0,0,1,0,0,0,0,0,0,-,-,33.96983,-118.0822,LOS ANGELES,UNINCORPORATED,-118.08210582,33.96977761
90064246,2015,2015-12-02,9525,2015-11-10,1730,018651,NA,2,2,6,1955,0,1,1,NA,2,107,I-10 W/B (SAN BERNARDINO FREEWAY),DUDLEY ST.,200,W,N,A,-,Y,NA,NA,10,NA,NA,NA,NA,NA,W,Y,3,0,1,2,A,-,07,21658,A,N,B,C,A,A,H,-,C,D,0,NA,NA,NA,Y,Y,NA,G,25,0,1,0,0,0,0,0,0,0,-,-,34.07297,-117.78191,LOS ANGELES,POMONA,-117.78191,34.0729718
90064261,2015,2015-12-02,9525,2015-11-10,1805,019188,NA,2,2,1,1934,0,1,1,NA,2,651,I-605 S/B (SAN GABRIEL RIVER FREEWAY),LIVE OAK AVE.,600,S,N,A,-,Y,NA,NA,605,NA,NA,NA,NA,NA,S,Y,4,0,1,2,A,-,03,22350,NA,N,C,C,A,A,H,-,A,D,0,NA,NA,NA,NA,Y,NA,A,01,0,0,1,0,0,0,0,0,0,-,-,34.10452,-117.98363,LOS ANGELES,IRWINDALE,-117.98353604,34.10447545
90064284,2015,2015-12-02,9590,2015-11-04,1929,020663,NA,3,2,7,1942,0,1,S,NA,2,001,US-101 N/B (HOLLYWOOD FREEWAY),ODIN STREET,100,N,N,A,-,Y,NA,NA,101,NA,NA,NA,NA,NA,N,N,4,0,1,2,A,-,07,21658,A,N,C,C,A,A,H,-,D,D,0,NA,NA,Y,NA,Y,NA,C,02,0,0,1,0,0,0,0,0,1,-,-,34.11123,-118.33447,LOS ANGELES,LOS ANGELES,-118.33479552,34.11098075
90064289,2015,2015-12-02,9525,2015-11-10,1910,019188,NA,2,2,1,1934,0,1,1,NA,2,652,I-605 S/B (SAN GABRIEL RIVER FREEWAY),ARROW HIGHWAY,350,N,N,A,-,Y,NA,NA,605,NA,NA,NA,NA,NA,S,Y,3,0,1,2,A,-,07,21658,A,F,B,C,A,A,H,-,C,D,0,NA,NA,Y,NA,Y,NA,A,01,0,1,0,0,0,0,0,0,1,-,-,34.1163,-117.97645,LOS ANGELES,IRWINDALE,-117.9765058,34.11636779
9006430,2019,2020-03-04,1969,2019-12-02,1747,20279,TRAFF,1,5,5,1969,0,0,0,NA,0,002,TWEEDY BL,STATE ST,200,W,N,A,-,N,NA,NA,NA,NA,NA,NA,NA,NA,NA,N,4,0,1,2,A,-,03,22350,NA,N,C,C,A,A,H,-,C,D,0,NA,NA,NA,NA,Y,NA,D,22,0,0,1,0,0,0,0,0,0,-,-,NA,NA,LOS ANGELES,SOUTH GATE,-118.21427154541016,33.94514846801758
90064302,2015,2015-12-02,9580,2015-11-10,0910,015926,NA,2,1,7,1942,0,1,3,NA,2,117,SR-118 W/B (RONALD REAGAN FWY.),BALBOA BLVD,1584,E,N,A,-,Y,NA,NA,118,NA,NA,NA,NA,NA,W,Y,4,0,2,2,A,-,03,22350,NA,N,C,C,A,A,H,-,A,D,0,NA,NA,NA,NA,Y,NA,A,01,0,0,2,0,0,0,0,0,0,-,-,34.27674,-118.49577,LOS ANGELES,LOS ANGELES,-118.4958405,34.27660441
90064316,2015,2015-12-02,9580,2015-11-11,0730,015926,NA,3,1,7,1942,0,1,2,NA,2,104,US-101 N/B (VENTURA FREEWAY),LINDLEY AVE,250,N,N,A,-,Y,NA,NA,101,NA,NA,NA,NA,NA,N,Y,4,0,3,3,A,-,03,22350,NA,N,C,C,A,A,H,-,A,D,0,NA,NA,NA,NA,Y,NA,A,01,0,0,3,0,0,0,0,0,0,-,-,34.17138,-118.52821,LOS ANGELES,LOS ANGELES,-118.52821009,34.17127669
90064323,2015,2015-12-02,9580,2015-11-11,0945,015841,NA,3,1,7,1942,0,1,2,NA,2,104,US-101 N/B (VENTURA FREEWAY),CANOGA AVE,1056,N,N,A,-,Y,NA,NA,101,NA,NA,NA,NA,NA,N,N,4,0,1,2,A,-,04,21703,NA,N,C,C,A,A,H,-,A,D,0,NA,NA,NA,NA,Y,NA,A,01,0,0,1,0,0,0,0,0,0,-,-,34.17027,-118.60244,LOS ANGELES,LOS ANGELES,-118.60243245,34.17031902
90064329,2015,2015-12-02,9565,2015-11-04,1837,021002,NA,3,2,9,1900,0,3,5,NA,2,003,LA CIENEGA BLVD. S/B,STOCKER ST.,500,N,N,A,-,N,NA,NA,NA,NA,NA,NA,NA,NA,NA,Y,4,0,3,4,A,-,03,22350,NA,N,C,C,A,A,H,-,C,D,0,NA,NA,NA,NA,Y,NA,A,01,0,0,3,0,0,0,0,0,0,-,-,34.00021,-118.3708,LOS ANGELES,UNINCORPORATED,-118.37026091,33.99930227
90064340,2015,2015-12-03,9580,2015-11-12,0831,018448,NA,4,1,7,1942,0,1,2,NA,2,103,US-101 S/B (VENTURA FREEWAY),BALBOA BLVD,500,N,N,A,-,Y,NA,NA,NA,NA,NA,NA,NA,NA,NA,N,4,0,1,2,A,-,03,22350,NA,N,C,C,A,A,H,-,A,D,0,NA,NA,NA,NA,Y,NA,A,07,0,0,1,0,0,0,0,0,0,-,-,34.16671,-118.50098,LOS ANGELES,LOS ANGELES,-118.50262246,34.17085166
90064342,2015,2015-12-03,9580,2015-11-12,1735,016523,NA,4,2,3,1994,0,1,2,NA,2,111,US-101S/B FROM LINDERO CYN RD. N/B,LINDERO CANYON RD,100,N,N,A,-,Y,NA,NA,NA,NA,NA,NA,NA,NA,NA,Y,3,0,1,2,A,-,03,22350,NA,N,C,C,A,A,H,-,C,D,0,NA,NA,NA,NA,Y,NA,A,01,0,1,0,0,0,0,0,0,0,-,-,34.14762,-118.80437,LOS ANGELES,AGOURA HILLS,NA,NA
90064360,2015,2015-12-03,9565,2015-11-28,1440,021118,NA,6,2,9,1900,0,3,5,NA,2,003,STOCKER STREET,VALLEY RIDGE AVENUE,0,NA,Y,A,-,Y,NA,NA,NA,NA,NA,NA,NA,NA,NA,N,4,0,1,2,A,-,09,21801,A,N,D,C,A,A,H,-,A,A,0,NA,NA,NA,NA,Y,NA,A,01,0,0,1,0,0,0,0,0,0,-,-,34.00466,-118.3473,LOS ANGELES,UNINCORPORATED,-118.34739013,34.00462006
90064366,2015,2015-12-03,9535,2015-10-22,1505,019135,NA,4,2,4,1907,0,1,1,NA,2,072,I-710 (LONG BEACH FREEWAY) N/B,SOUTH GATE RR U.P.,600,N,N,A,-,Y,NA,NA,NA,NA,NA,NA,NA,NA,NA,Y,3,0,1,3,A,-,03,22350,NA,N,C,C,A,A,H,-,A,D,0,NA,NA,NA,NA,Y,NA,D,22,0,1,0,0,0,0,0,0,0,-,-,33.95694,-118.17026,LOS ANGELES,BELL,NA,NA
90064368,2015,2015-12-03,9525,2015-11-04,0110,018926,NA,3,3,4,1960,0,1,3,NA,2,571,S/B SR-57 TO S/B SR-71,I-10 W/B (SAN BERNARDINO FREEWAY),1320,N,N,A,-,Y,NA,NA,57,NA,NA,NA,R,NA,NA,Y,4,0,2,1,A,-,08,22107,NA,N,F,A,A,A,H,-,D,D,0,NA,NA,NA,NA,Y,NA,A,01,0,0,2,0,0,0,0,0,0,-,-,34.07184,-117.80898,LOS ANGELES,SAN DIMAS,-117.80898,34.07184
90064370,2015,2015-12-03,9535,2015-11-17,1750,019857,NA,2,2,5,1901,0,1,1,NA,2,420,I-10 (SAN BERNARDINO FREEWAY) E/B,NEW AVE,100,W,N,A,-,Y,NA,NA,10,NA,NA,NA,NA,NA,E,N,4,0,1,2,A,-,04,21703,NA,N,C,C,A,A,H,-,A,D,0,NA,NA,NA,NA,Y,NA,A,01,0,0,1,0,0,0,0,0,0,-,-,34.07158,-118.1089,LOS ANGELES,ALHAMBRA,-118.10890055,34.07165422
90064382,2015,2015-12-03,9525,2015-11-11,1703,016677,NA,3,2,5,1990,0,1,3,NA,2,613,SR-60 W/B (POMONA FREEWAY),PROSPECTORS RD,50,E,N,A,-,Y,NA,NA,60,NA,NA,NA,NA,NA,W,Y,4,0,1,2,A,-,06,21750,NA,N,B,C,A,A,H,-,B,D,0,NA,NA,Y,NA,Y,NA,A,01,0,0,1,0,0,0,0,0,1,-,-,34.0212,-117.814,LOS ANGELES,DIAMOND BAR,-117.81413043,34.02131424
90064383,2015,2015-12-03,9525,2015-11-05,0743,021138,NA,4,1,6,1975,0,1,1,NA,2,105,I-10 W/B (SAN BERNARDINO FREEWAY),AZUSA AVE,1545,E,N,A,-,Y,NA,NA,10,NA,NA,NA,NA,NA,W,N,4,0,1,2,A,-,07,21658,A,N,B,C,A,A,H,-,A,D,0,NA,NA,Y,NA,Y,NA,A,01,0,0,1,0,0,0,0,0,1,-,-,34.07229,-117.90737,LOS ANGELES,WEST COVINA,-117.90737037,34.07222002
90064384,2015,2015-12-03,9565,2015-11-25,2030,020785,NA,3,2,7,1942,0,1,1,NA,2,061,I-405 S/B (SAN DIEGO FREEWAY),VENICE BLVD.,500,S,N,A,-,Y,NA,NA,405,NA,NA,NA,NA,NA,S,Y,4,0,1,2,A,-,03,22350,NA,N,C,C,A,A,H,-,D,D,0,NA,NA,NA,NA,Y,NA,A,07,0,0,1,0,0,0,0,0,0,-,-,34.00995,-118.41663,LOS ANGELES,LOS ANGELES,-118.41672975,34.00987124
90064387,2015,2015-12-03,9535,2015-11-05,1110,021149,NA,4,1,5,1948,0,1,1,NA,2,071,I-710 S/B TO I-10 E/B,I-710 (LONG BEACH FREEWAY) S/B,75,W,N,A,-,Y,NA,NA,710,NA,NA,NA,R,NA,S,Y,3,0,1,1,A,-,03,22350,NA,N,E,I,A,A,H,-,A,D,0,NA,NA,Y,NA,Y,NA,C,02,0,1,0,0,0,0,0,0,1,-,-,34.0623,-118.16509,LOS ANGELES,MONTEREY PARK,-118.16509,34.0623
90064399,2015,2015-12-03,9525,2015-11-11,1505,016679,NA,3,2,5,1906,0,1,1,NA,2,104,I-10 E/B (SAN BERNARDINO FREEWAY),FRANCISQUITO AVE,220,W,N,A,-,Y,NA,NA,10,NA,NA,NA,NA,NA,E,Y,4,0,1,2,A,-,07,21658,A,N,C,C,A,A,H,-,A,D,0,NA,NA,Y,NA,Y,NA,A,01,0,0,1,0,0,0,0,0,1,-,-,34.0682,-117.97634,LOS ANGELES,BALDWIN PARK,-117.976335,34.06816288
90064406,2015,2015-12-03,9580,2015-10-19,1055,013577,NA,1,1,3,1994,0,1,2,NA,2,108,US-101 N/B (VENTURA FREEWAY),PALO COMADO CYN RD.,1200,N,N,B,-,Y,NA,NA,101,NA,NA,NA,NA,NA,N,Y,4,0,1,1,A,-,08,22107,NA,N,E,I,A,A,C,-,A,D,0,NA,NA,NA,NA,Y,NA,A,01,0,0,1,0,0,0,0,0,0,-,-,34.14314,-118.74316,LOS ANGELES,AGOURA HILLS,-118.74315341,34.14329336
90064412,2015,2015-12-03,9550,2015-11-14,1730,020777,NA,6,2,5,1908,0,1,3,NA,2,091,STATE ROUTE-91 WESTBOUND,CLARK AVENUE,500,E,N,A,-,Y,NA,NA,91,NA,NA,NA,NA,NA,W,N,4,0,1,2,A,-,07,21658,A,F,B,C,A,A,H,-,D,D,0,NA,NA,Y,NA,Y,NA,A,01,0,0,1,0,0,0,0,0,1,-,-,33.8762,-118.1288,LOS ANGELES,BELLFLOWER,-118.12879992,33.87627558
90064417,2015,2015-12-03,9525,2015-11-11,1505,018366,NA,3,2,4,1946,0,1,1,NA,2,202,I-210 E/B (FOOTHILL FREEWAY),MAYFLOWER AVE,100,W,N,A,-,Y,NA,NA,210,NA,NA,NA,NA,NA,E,Y,4,0,1,3,A,-,07,21658,A,N,B,C,A,A,H,-,A,D,0,NA,NA,NA,NA,Y,NA,A,01,0,0,1,0,0,0,0,0,0,-,-,34.13656,-118.01046,LOS ANGELES,MONROVIA,-118.0104694,34.13652979
90064421,2015,2015-12-03,9575,2015-11-13,0810,021047,NA,5,1,7,1942,0,1,3,NA,2,043,SR-134 W/B (VENTURA FREEWAY),RIVERSIDE DR.,1800,E,N,A,-,Y,NA,NA,134,NA,NA,NA,NA,NA,W,Y,4,0,2,2,A,-,03,22350,NA,N,C,C,A,A,H,-,A,D,0,NA,NA,NA,NA,Y,NA,A,01,0,0,2,0,0,0,0,0,0,-,-,34.1548,-118.32139,LOS ANGELES,LOS ANGELES,-118.32138,34.15475045
90064430,2015,2015-12-03,9525,2015-11-11,1405,021097,NA,3,2,1,1932,0,1,3,NA,2,601,SR-60 W/B (POMONA FREEWAY),FAIRWAY DR.,1320,E,N,A,-,Y,NA,NA,60,NA,NA,NA,NA,NA,W,Y,4,0,2,5,A,-,03,22350,NA,N,C,C,A,A,H,-,A,D,0,NA,NA,NA,NA,Y,NA,A,07,0,0,2,0,0,0,0,0,0,-,-,33.99775,-117.86147,LOS ANGELES,INDUSTRY,-117.86148652,33.99785136
90064451,2015,2015-12-03,9535,2015-11-06,1215,021155,NA,5,1,5,1948,0,1,1,NA,2,070,I-710 N/B TRANS TO I-10 W/B,RAMONA BLVD.,404,S,N,A,-,Y,NA,NA,710,NA,NA,NA,R,NA,N,Y,4,0,2,3,A,-,03,22350,NA,N,C,C,A,A,H,-,A,D,0,NA,NA,NA,NA,Y,NA,A,01,0,0,2,0,0,0,0,0,0,-,-,34.05904,-118.16517,LOS ANGELES,MONTEREY PARK,-118.16517,34.05904
90064452,2015,2015-12-03,9525,2015-11-02,1119,18364,NA,1,1,6,1955,0,1,3,NA,2,572,SR-57 N/B (ORANGE FREEWAY),I-10 (SAN BERNARDINO FREEWAY) U/C,45,N,N,A,-,Y,NA,NA,57,NA,NA,NA,NA,NA,N,Y,3,0,1,2,A,-,03,22350,NA,N,C,C,A,A,H,-,A,D,0,NA,NA,NA,Y,Y,NA,A,07,0,1,0,0,0,0,0,0,0,-,-,34.06511,-117.80632,LOS ANGELES,POMONA,-117.80640462,34.06508342
90064453,2015,2015-12-03,9525,2015-11-12,1333,016677,NA,4,1,5,1990,0,2,S,NA,2,701,PATHFINDER ROAD PARK AND RIDE,PATHFINDER RD.,73,N,N,A,-,N,NA,NA,NA,NA,NA,NA,NA,NA,NA,Y,3,0,1,1,A,-,03,22350,NA,N,E,I,A,A,H,-,A,D,0,NA,NA,NA,NA,Y,NA,A,01,0,1,0,0,0,0,0,0,0,-,-,33.9846,-117.84206,LOS ANGELES,DIAMOND BAR,-117.842203,33.984505
90064463,2015,2015-12-03,9580,2015-11-09,1720,018185,NA,1,2,7,1942,0,1,1,NA,2,406,I-405 N/B (SAN DIEGO FWY),LASSEN AVE,1056,S,N,B,-,Y,NA,NA,405,NA,NA,NA,NA,NA,N,Y,4,0,3,2,A,-,03,22350,NA,N,C,C,A,A,H,-,D,D,0,NA,NA,NA,NA,Y,NA,A,01,0,0,3,0,0,0,0,0,0,-,-,34.24508,-118.47266,LOS ANGELES,LOS ANGELES,-118.47286275,34.24508125
90064471,2015,2015-12-03,9540,2015-11-23,2200,017414,NA,1,3,6,1985,0,1,3,NA,1,143,SR-14 S/B (ANTELOPE VALLEY FREEWAY),NEWHALL AVE,2112,S,N,A,-,Y,NA,NA,14,NA,NA,NA,NA,NA,S,Y,3,0,2,2,A,-,03,22350,NA,N,C,C,A,A,H,-,D,D,0,NA,NA,NA,NA,Y,NA,A,01,0,1,1,0,0,0,0,0,0,-,-,34.35916,-118.50668,LOS ANGELES,SANTA CLARITA,-118.5065695,34.35914694
90064475,2015,2015-12-03,9525,2015-11-12,1620,019491,NA,4,2,9,1900,0,3,5,NA,2,004,SUNSET AVENUE (1100 B. BLOCK),FAIRGROVE AVENUE (14600 BLOCK),0,NA,Y,A,-,N,NA,NA,NA,NA,NA,NA,NA,NA,NA,Y,4,0,1,3,A,-,12,21453,A,N,D,C,A,A,H,-,A,A,0,NA,NA,NA,NA,Y,NA,D,22,0,0,1,0,0,0,0,0,0,-,-,34.04915,-117.95919,LOS ANGELES,UNINCORPORATED,-117.95909005,34.04916006
90064489,2015,2015-12-03,9525,2015-11-11,1125,015445,NA,3,1,1,1932,0,1,3,NA,2,601,SR-60 W/B (POMONA FREEWAY),FAIRWAY DRIVE,420,E,N,A,-,Y,NA,NA,60,NA,NA,NA,NA,NA,W,Y,4,0,1,3,A,-,03,22350,NA,N,C,C,A,A,H,-,A,D,0,NA,NA,NA,NA,Y,NA,D,22,0,0,1,0,0,0,0,0,0,-,-,33.99668,-117.86881,LOS ANGELES,INDUSTRY,-117.86880544,33.99664998
9006450,2019,2020-01-09,1969,2019-11-24,2013,10073,PATRO,7,5,5,1969,0,0,0,NA,0,0A5,GARFIELD AV,ROOSEVELT AV,42,S,N,A,-,N,NA,NA,NA,NA,NA,NA,NA,NA,NA,Y,3,0,1,3,A,-,05,21752,NA,N,B,C,A,A,H,-,C,D,0,NA,NA,NA,NA,Y,NA,A,01,0,1,0,0,0,0,0,0,0,-,-,NA,NA,LOS ANGELES,SOUTH GATE,-118.16895294189452,33.91778564453125
90064500,2015,2015-12-03,9525,2015-11-13,1820,020346,NA,5,2,6,1955,0,1,3,NA,2,604,SR-60 E/B (POMONA FREEWAY),PHILLIPS RANCH RD.,2640,W,N,A,-,Y,NA,NA,NA,NA,NA,NA,NA,NA,NA,N,4,0,1,2,A,-,03,22350,NA,N,C,C,A,A,H,-,D,D,0,NA,NA,NA,NA,Y,NA,A,07,0,0,1,0,0,0,0,0,0,-,-,34.02221,-117.7711,LOS ANGELES,POMONA,-117.77911751,34.0259732
90064514,2015,2015-12-03,9550,2015-11-16,0925,021141,NA,1,1,5,1919,0,1,3,NA,2,092,STATE ROUTE 91 (ARTESIA FREEWAY),183RD STREET,500,W,N,A,-,Y,NA,NA,91,NA,NA,NA,NA,NA,NA,Y,4,0,1,3,A,-,03,22350,NA,N,C,C,A,A,H,-,A,D,0,NA,NA,NA,NA,Y,NA,D,22,0,0,1,0,0,0,0,0,0,-,-,33.8675,-118.05168,LOS ANGELES,CERRITOS,-118.05170944,33.86745629
90064525,2015,2015-12-03,9540,2015-11-17,1125,013644,NA,2,1,9,1900,0,2,4,NA,2,081,THE OLD ROAD (N/B),VALENCIA BL. (W/B),0,NA,Y,A,-,N,NA,NA,NA,NA,NA,NA,NA,NA,NA,Y,2,0,2,2,A,-,12,21453,A,N,D,C,A,A,H,-,A,A,0,NA,NA,NA,NA,Y,NA,-,-,1,1,0,0,0,0,0,0,0,-,-,34.40759,-118.57961,LOS ANGELES,UNINCORPORATED,-118.57985009,34.40755009
90064529,2015,2015-12-03,9565,2015-11-28,0015,020752,NA,6,3,6,1933,0,1,1,NA,2,060,S/B I-405 FROM OLIVE STREET,ARBOR VITAE ST.,650,S,N,A,-,Y,NA,NA,405,NA,NA,NA,R,NA,NA,Y,4,0,1,1,A,-,08,22107,NA,N,E,I,A,A,H,-,D,D,0,NA,NA,NA,NA,Y,NA,A,01,0,0,1,0,0,0,0,0,0,-,-,33.95037,-118.3695,LOS ANGELES,INGLEWOOD,-118.3695,33.95037
90064549,2015,2015-12-03,9535,2015-11-17,0655,019457,NA,2,1,3,1914,0,1,1,NA,2,501,I-5 (SANTA ANA FREEWAY) SB TO TRIGGS ST,TRIGGS STREET,0,NA,N,A,-,Y,NA,NA,NA,NA,NA,NA,NA,NA,NA,Y,4,0,1,1,A,-,03,22350,NA,N,E,I,A,A,H,-,A,D,0,NA,NA,NA,NA,Y,NA,A,07,0,0,1,0,0,0,0,0,0,-,-,34.08462,-118.00879,LOS ANGELES,COMMERCE,-118.16004001,34.0102301
90064573,2015,2015-12-03,9580,2015-11-09,1900,018185,NA,1,2,7,1942,0,1,1,NA,2,407,I-405 S/B (SAN DIEGO FWY),PLUMMER ST,528,N,N,B,-,Y,NA,NA,405,NA,NA,NA,NA,NA,S,Y,4,0,1,2,A,-,03,22350,NA,M,C,C,A,A,H,-,D,D,0,NA,NA,NA,NA,Y,NA,-,99,0,0,1,0,0,0,0,0,0,-,-,34.24401,-118.47345,LOS ANGELES,LOS ANGELES,-118.47309752,34.24400621
90064585,2015,2015-12-03,9535,2015-11-10,1545,020851,NA,2,2,6,1922,0,1,1,NA,2,400,I-10 (SAN BERNARDINO FREEWAY) E/B,I-605,100,W,N,A,-,Y,NA,NA,NA,NA,NA,NA,NA,NA,NA,N,3,0,1,3,A,-,07,21658,A,N,B,C,A,A,H,-,A,D,0,NA,NA,Y,NA,Y,NA,A,01,0,1,0,0,0,0,0,0,1,-,-,34.06493,-118.00186,LOS ANGELES,EL MONTE,NA,NA
90064591,2015,2015-12-03,9580,2015-11-10,1345,018185,NA,2,1,7,1942,0,1,1,NA,2,404,I-405 N/B (SAN DIEGO FWY),VANOWEN ST,528,N,N,A,-,Y,NA,NA,405,NA,NA,NA,NA,NA,N,Y,4,0,1,2,A,-,03,22350,NA,N,C,C,A,A,H,-,A,D,0,NA,NA,NA,NA,Y,NA,A,01,0,0,1,0,0,0,0,0,0,-,-,34.19939,-118.47359,LOS ANGELES,LOS ANGELES,-118.47371535,34.19941634
90064600,2015,2015-12-03,9575,2015-11-14,1100,020887,NA,6,1,7,1942,0,1,1,NA,2,052,I-5 S/B (GOLDEN STATE FREEWAY),HOLLYWOOD WAY,20,S,N,A,-,Y,NA,NA,5,NA,NA,NA,NA,NA,S,Y,4,0,2,2,A,-,03,22350,NA,N,C,C,A,A,H,-,A,D,0,NA,NA,NA,NA,Y,NA,A,01,0,0,2,0,0,0,0,0,0,-,-,34.21189,-118.34825,LOS ANGELES,LOS ANGELES,-118.34827513,34.21186058
90064637,2015,2015-12-03,9575,2015-11-04,1949,020182,NA,3,2,7,1942,0,1,3,NA,2,044,SR-134 W/B (VENTURA FREEWAY),LANKERSHIM BLVD.,700,E,N,B,-,Y,NA,NA,134,NA,NA,NA,NA,NA,W,Y,4,0,3,3,A,-,03,22350,NA,N,C,C,A,A,H,-,D,D,0,NA,NA,NA,NA,Y,NA,A,01,0,0,3,0,0,0,0,0,0,-,-,34.15336,-118.36429,LOS ANGELES,LOS ANGELES,-118.36429022,34.1533719
90064642,2015,2015-12-03,9525,2015-11-12,1000,014444,NA,4,1,1,1934,0,1,1,NA,2,203,I-210 W/B (FOOTHILL FREEWAY),I- 605,1056,E,N,A,-,Y,NA,NA,NA,NA,NA,NA,NA,NA,NA,Y,4,0,1,3,A,-,03,22350,NA,N,C,C,A,A,H,-,A,D,0,NA,NA,NA,NA,Y,NA,D,22,0,0,1,0,0,0,0,0,0,-,-,34.07568,-117.51025,LOS ANGELES,IRWINDALE,-117.95724636,34.1354691
90064657,2015,2015-12-03,9580,2015-11-11,1830,018185,NA,3,2,7,1942,0,1,1,NA,2,407,I-405 S/B (SAN DIEGO FWY),DEVONSHIRE ST,528,S,N,A,-,Y,NA,NA,405,NA,NA,NA,NA,NA,S,Y,4,0,3,4,A,-,03,22350,NA,N,C,C,A,A,H,-,D,D,0,NA,NA,NA,NA,Y,NA,A,01,0,0,3,0,0,0,0,0,0,-,-,34.25584,-118.47248,LOS ANGELES,LOS ANGELES,-118.47237879,34.25583915
90064664,2015,2015-12-03,9530,2015-11-11,0700,021062,NA,3,1,4,1939,0,1,1,NA,2,400,I-405 S/B (SAN DIEGO FREEWAY),166TH ST.,200,S,N,A,-,Y,NA,NA,405,NA,NA,NA,NA,NA,S,Y,4,0,1,3,A,-,07,21658,A,M,B,C,A,A,H,-,A,D,0,NA,NA,NA,NA,Y,NA,-,99,0,0,1,0,0,0,0,0,0,-,-,33.8801,-118.3475,LOS ANGELES,LAWNDALE,-118.34751564,33.88008795
90064692,2015,2015-12-03,9580,2015-11-13,1135,019483,NA,5,1,7,1942,0,1,2,NA,2,104,US-101 N/B (VENTURA FREEWAY),WINNETKA AVE,1100,S,N,A,-,Y,NA,NA,101,NA,NA,NA,NA,NA,N,Y,3,0,1,2,A,-,08,22107,NA,N,E,I,A,A,H,-,A,D,0,NA,NA,NA,NA,Y,NA,A,01,0,1,0,0,0,0,0,0,0,-,-,34.17337,-118.56455,LOS ANGELES,LOS ANGELES,-118.56454581,34.17332154
90064693,2015,2015-12-03,9535,2015-11-11,1300,021167,NA,3,1,3,1914,0,1,1,NA,2,500,I-5 (SANTA ANA FREEWAY) N/B,GARFIELD AVE,1584,S,N,A,-,Y,NA,NA,5,NA,NA,NA,NA,NA,N,N,4,0,1,2,A,-,03,22350,NA,N,C,C,A,A,H,-,A,D,0,NA,NA,NA,NA,Y,NA,A,01,0,0,1,0,0,0,0,0,0,-,-,33.98409,-118.13311,LOS ANGELES,COMMERCE,-118.13303374,33.98416406