CASE_ID,ACCIDENT_YEAR,PROC_DATE,JURIS,COLLISION_DATE,COLLISION_TIME,OFFICER_ID,REPORTING_DISTRICT,DAY_OF_WEEK,CHP_SHIFT,POPULATION,CNTY_CITY_LOC,SPECIAL_COND,BEAT_TYPE,CHP_BEAT_TYPE,CITY_DIVISION_LAPD,CHP_BEAT_CLASS,BEAT_NUMBER,PRIMARY_RD,SECONDARY_RD,DISTANCE,DIRECTION,INTERSECTION,WEATHER_1,WEATHER_2,STATE_HWY_IND,CALTRANS_COUNTY,CALTRANS_DISTRICT,STATE_ROUTE,ROUTE_SUFFIX,POSTMILE_PREFIX,POSTMILE,LOCATION_TYPE,RAMP_INTERSECTION,SIDE_OF_HWY,TOW_AWAY,COLLISION_SEVERITY,NUMBER_KILLED,NUMBER_INJURED,PARTY_COUNT,PRIMARY_COLL_FACTOR,PCF_CODE_OF_VIOL,PCF_VIOL_CATEGORY,PCF_VIOLATION,PCF_VIOL_SUBSECTION,HIT_AND_RUN,TYPE_OF_COLLISION,MVIW,PED_ACTION,ROAD_SURFACE,ROAD_COND_1,ROAD_COND_2,LIGHTING,CONTROL_DEVICE,CHP_ROAD_TYPE,PEDESTRIAN_ACCIDENT,BICYCLE_ACCIDENT,MOTORCYCLE_ACCIDENT,TRUCK_ACCIDENT,NOT_PRIVATE_PROPERTY,ALCOHOL_INVOLVED,STWD_VEHTYPE_AT_FAULT,CHP_VEHTYPE_AT_FAULT,COUNT_SEVERE_INJ,COUNT_VISIBLE_INJ,COUNT_COMPLAINT_PAIN,COUNT_PED_KILLED,COUNT_PED_INJURED,COUNT_BICYCLIST_KILLED,COUNT_BICYCLIST_INJURED,COUNT_MC_KILLED,COUNT_MC_INJURED,PRIMARY_RAMP,SECONDARY_RAMP,LATITUDE,LONGITUDE,COUNTY,CITY,POINT_X,POINT_Y
90072418,2015,2015-12-14,9590,2015-11-04,1530,016243,NA,3,2,7,1942,0,1,1,NA,2,060,I-10 E/B (SANTA MONICA FREEWAY),FAIRFAX AVE,300,W,N,A,-,Y,NA,NA,10,NA,NA,NA,NA,NA,E,N,4,0,1,2,A,-,03,22350,NA,N,C,C,A,A,H,-,A,D,0,NA,NA,NA,NA,Y,NA,A,01,0,0,1,0,0,0,0,0,0,-,-,34.03548,-118.37089,LOS ANGELES,LOS ANGELES,-118.37089505,34.03545656
90072463,2015,2015-12-14,9550,2015-11-29,1730,020741,NA,7,2,9,1900,0,2,4,NA,1,051,FULLERTON RD,GALATINA ST.,30,S,N,A,-,N,NA,NA,NA,NA,NA,NA,NA,NA,NA,N,4,0,6,2,A,-,03,22350,NA,N,C,C,A,A,H,-,C,A,0,NA,NA,NA,NA,Y,NA,A,07,0,0,6,0,0,0,0,0,0,-,-,33.98149,-117.90802,LOS ANGELES,UNINCORPORATED,-117.90867978,33.9795982
90072470,2015,2015-12-14,9550,2015-11-19,1410,021129,NA,4,2,9,1900,0,1,1,NA,2,650,INTERSTATE 605 S/B,ROSE HILLS ROAD,500,N,N,A,-,Y,NA,NA,NA,NA,NA,NA,NA,NA,NA,Y,3,0,1,5,A,-,08,22107,NA,N,B,C,A,A,H,-,A,D,0,NA,NA,NA,NA,Y,NA,I,10,0,1,0,0,0,0,0,0,0,-,-,34.01861,-118.05178,LOS ANGELES,UNINCORPORATED,-118.05159437,34.01882496
90072482,2015,2015-12-14,9550,2015-11-19,0005,020777,NA,4,3,5,1919,0,1,3,NA,2,092,STATE ROUTE-91 WESTBOUND,SHOEMAKER AVENUE,500,E,N,A,-,Y,NA,NA,91,NA,NA,NA,NA,NA,W,N,4,0,1,2,A,-,08,22107,NA,N,C,C,A,A,H,-,D,D,0,NA,NA,NA,Y,Y,NA,A,01,0,0,1,0,0,0,0,0,0,-,-,33.87257,-118.05895,LOS ANGELES,CERRITOS,-118.05906197,33.87240336
90072531,2015,2015-12-14,9580,2015-11-26,0630,021077,NA,4,1,7,1942,0,1,1,NA,2,405,I-405 S/B (SAN DIEGO FWY),US-101 N/B (VENTURA FREEWAY),900,N,N,A,-,Y,NA,NA,405,NA,NA,NA,NA,NA,S,Y,4,0,2,2,A,-,08,22107,NA,N,E,I,A,A,H,-,A,D,0,NA,NA,NA,NA,Y,NA,A,01,0,0,2,0,0,0,0,0,0,-,-,34.16427,-118.46976,LOS ANGELES,LOS ANGELES,-118.46969584,34.16427155
90072534,2015,2015-12-14,9580,2015-11-26,1300,021077,NA,4,1,7,1942,0,1,2,NA,2,103,US-101 S/B (VENTURA FREEWAY),WHITE OAK AVE,528,S,N,A,-,Y,NA,NA,101,NA,NA,NA,NA,NA,S,Y,4,0,1,1,C,-,18,NA,NA,N,E,J,A,A,H,-,A,D,0,NA,NA,NA,NA,Y,NA,-,-,0,0,1,0,0,0,0,0,0,-,-,34.17101,-118.51256,LOS ANGELES,LOS ANGELES,-118.51255998,34.17109068
90072540,2015,2015-12-14,9545,2015-12-02,2130,015021,NA,3,2,9,1900,0,3,5,NA,2,003,SOLEDAD CANYON ROAD,BOOTLEGGER CANYON RD,138,W,N,A,-,N,NA,NA,NA,NA,NA,NA,NA,NA,NA,Y,3,0,1,1,C,-,18,NA,NA,N,E,J,A,A,H,-,D,D,0,NA,NA,NA,NA,Y,NA,-,-,0,1,0,0,0,0,0,0,0,-,-,34.43902,-118.22355,LOS ANGELES,UNINCORPORATED,-118.22330865,34.43900518
90072568,2015,2015-12-14,9545,2015-12-03,1145,019295,NA,4,1,9,1900,0,1,3,NA,2,031,SR-14 S/B,CROWN VALLEY RD,5280,S,N,A,-,Y,NA,NA,14,NA,NA,NA,NA,NA,S,Y,4,0,2,2,A,-,03,22350,NA,N,C,C,A,A,H,-,A,D,0,NA,NA,NA,NA,Y,NA,A,01,0,0,2,0,0,0,0,0,0,-,-,34.49248,-118.20757,LOS ANGELES,UNINCORPORATED,-118.20753976,34.49256386
9007257,2019,2020-01-28,1942,2019-11-09,2200,42520,0289,6,5,7,1942,0,0,0,B,0,2A91,11TH PL,ALBANY ST,0,NA,Y,A,-,N,NA,NA,NA,NA,NA,NA,NA,NA,NA,N,2,0,1,2,A,-,17,21451,A,N,G,B,B,A,H,-,C,A,0,Y,NA,NA,NA,Y,NA,A,01,1,0,0,0,1,0,0,0,0,-,-,NA,NA,LOS ANGELES,LOS ANGELES,-118.27261352539064,34.04566955566406
90072573,2015,2015-12-14,9525,2015-11-20,1534,019632,NA,5,2,5,1990,0,1,3,NA,2,602,SR-60 E/B (POMONA FREEWAY),GRAND AVE,2000,W,N,A,-,Y,NA,NA,60,NA,NA,NA,NA,NA,E,N,3,0,1,2,A,-,03,22350,NA,N,F,A,A,A,H,-,A,D,0,NA,NA,Y,NA,Y,NA,C,02,0,1,0,0,0,0,0,0,1,-,-,34.00332,-117.83132,LOS ANGELES,DIAMOND BAR,-117.83126956,34.00323892
90072584,2015,2015-12-14,9575,2015-12-03,1335,019538,NA,4,1,6,1925,0,1,1,NA,2,050,I-5 N/B (GOLDEN STATE FREEWAY),SONORA AVE.,100,S,N,A,-,Y,NA,NA,5,NA,NA,NA,NA,NA,N,Y,4,0,2,2,A,-,03,22350,NA,N,C,C,A,A,H,-,A,D,0,NA,NA,NA,NA,Y,NA,A,07,0,0,2,0,0,0,0,0,0,-,-,34.16072,-118.29299,LOS ANGELES,GLENDALE,-118.29286145,34.160793580000004
90072593,2015,2015-12-14,9590,2015-11-06,1420,019146,NA,5,2,7,1942,0,1,2,NA,2,071,US-101 S/B,ALAMEDA STREET,1300,S,N,A,-,Y,NA,NA,101,NA,NA,NA,NA,NA,S,Y,4,0,2,4,A,-,03,22350,NA,N,C,C,A,A,H,-,A,D,0,NA,NA,NA,Y,Y,NA,F,26,0,0,2,0,0,0,0,0,0,-,-,34.05358,-118.23381,LOS ANGELES,LOS ANGELES,-118.23380654,34.05362938
9007261,2019,2020-01-28,1942,2019-11-09,0400,42722,0216,6,5,7,1942,0,0,0,B,0,2AM5,ALVARADO,SANTA YNEZ ST,0,NA,Y,A,-,N,NA,NA,NA,NA,NA,NA,NA,NA,NA,Y,4,0,1,2,A,-,03,22350,NA,N,C,C,A,A,H,-,C,D,0,NA,NA,NA,NA,Y,NA,A,01,0,0,1,0,0,0,0,0,0,-,-,NA,NA,LOS ANGELES,LOS ANGELES,-118.26495361328124,34.075191497802734
90072610,2015,2015-12-14,9590,2015-11-06,1700,021086,NA,5,2,7,1942,0,1,1,NA,2,051,I-110 SOUTHBOUND (HARBOR FREEWAY),54TH STREET,600,S,N,A,-,Y,NA,NA,110,NA,NA,NA,NA,NA,S,Y,4,0,1,2,A,-,03,22350,NA,N,C,C,A,A,H,-,D,D,0,NA,NA,NA,NA,Y,NA,A,07,0,0,1,0,0,0,0,0,0,-,-,33.99038,-118.28069,LOS ANGELES,LOS ANGELES,-118.28061255,33.99038004
90072645,2015,2015-12-14,9580,2015-12-06,0135,020334,NA,7,3,7,1942,0,1,1,NA,2,406,I-405 N/B (SAN DIEGO FWY),SHERMAN WAY,500,N,N,A,-,Y,NA,NA,405,NA,NA,NA,NA,NA,N,Y,3,0,1,1,A,-,01,23152,A,N,E,I,A,A,H,-,C,D,0,NA,NA,NA,NA,Y,Y,A,01,0,1,0,0,0,0,0,0,0,-,-,34.20428,-118.4733,LOS ANGELES,LOS ANGELES,-118.47325574,34.20427957
9007265,2019,2020-03-03,1942,2019-11-11,1725,42411,0211,1,5,7,1942,0,0,0,B,0,2A68,NORMANDIE AV,MAPLEWOOD AV,15,S,N,A,-,N,NA,NA,NA,NA,NA,NA,NA,NA,NA,N,4,0,1,3,A,-,03,22350,NA,N,C,C,A,A,C,-,C,D,0,NA,NA,NA,NA,Y,NA,A,01,0,0,1,0,0,0,0,0,0,-,-,NA,NA,LOS ANGELES,LOS ANGELES,-118.30045318603516,34.07984924316406
90072662,2015,2015-12-14,9590,2015-12-10,1545,021124,NA,4,2,7,1942,0,1,1,NA,2,013,SR-110 S/B (ARROYO SECO PARKWAY),CYPRESS AVENUE PEDESTRIAN OVERCROSSING,75,S,N,B,-,Y,NA,NA,110,NA,NA,NA,NA,NA,S,N,4,0,1,2,A,-,03,22350,NA,N,E,J,A,A,H,-,A,D,0,NA,NA,NA,NA,Y,NA,A,01,0,0,1,0,0,0,0,0,0,-,-,34.0854,-118.21796,LOS ANGELES,LOS ANGELES,-118.21795975,34.08539915
90072679,2015,2015-12-14,9545,2015-12-11,1605,017305,NA,5,2,9,1900,0,3,5,NA,2,001,30TH STREET EAST,AVENUE H,305,N,N,B,-,N,NA,NA,NA,NA,NA,NA,NA,NA,NA,Y,3,0,2,2,A,-,03,22350,NA,N,C,C,A,A,H,-,B,D,0,NA,NA,NA,NA,Y,NA,A,01,0,1,1,0,0,0,0,0,0,-,-,34.71982,-118.07711,LOS ANGELES,UNINCORPORATED,-118.07716163,34.7198361
9007268,2019,2019-12-17,1942,2019-10-17,1600,43908,1994,4,5,7,1942,0,0,0,NA,0,19A79,ROSCOE BL,WILLIS AV,0,NA,-,A,-,N,NA,NA,NA,NA,NA,NA,NA,NA,NA,N,3,0,1,2,D,-,00,NA,NA,N,G,B,B,A,H,-,A,A,0,Y,NA,NA,NA,Y,NA,-,-,0,1,0,0,1,0,0,0,0,-,-,NA,NA,LOS ANGELES,LOS ANGELES,-118.45532989501952,34.22148895263672
9007269,2019,2020-03-02,1942,2019-11-29,0545,43406,0237,5,5,7,1942,0,0,0,B,0,2A39,3RD ST,WITMER ST,0,NA,Y,A,-,N,NA,NA,NA,NA,NA,NA,NA,NA,NA,N,4,0,1,2,A,-,09,21801,A,N,G,B,B,A,H,-,C,A,0,Y,NA,NA,NA,Y,NA,A,01,0,0,1,0,1,0,0,0,0,-,-,NA,NA,LOS ANGELES,LOS ANGELES,-118.26348114013672,34.0590705871582
90072695,2015,2015-12-23,9580,2015-11-27,1335,021092,NA,5,1,7,1942,0,1,1,NA,2,405,I-405 S/B (SAN DIEGO FWY),BURBANK BLVD,1584,S,N,A,-,Y,NA,NA,405,NA,NA,NA,NA,NA,S,N,4,0,2,2,A,-,03,22350,NA,N,C,C,A,A,H,-,A,D,0,NA,NA,NA,NA,Y,NA,A,01,0,0,2,0,0,0,0,0,0,-,-,34.16524,-118.46986,LOS ANGELES,LOS ANGELES,-118.46971426,34.16523916
90072699,2015,2015-12-14,9545,2015-12-09,2000,017495,NA,3,2,9,1900,0,3,5,NA,2,001,AVENUE N,40TH STREET WEST,1056,E,N,A,-,N,NA,NA,NA,NA,NA,NA,NA,NA,NA,Y,4,0,1,1,A,-,08,22107,NA,N,E,I,A,A,H,-,D,D,0,NA,NA,NA,NA,Y,NA,A,01,0,0,1,0,0,0,0,0,0,-,-,34.63096,-118.19816,LOS ANGELES,UNINCORPORATED,-118.19772702,34.63100774
9007272,2019,2019-12-17,1942,2019-10-20,1820,42297,NA,7,5,7,1942,0,0,0,NA,0,19X84,WOODMAN AV,WOODMAN AV 8720,0,NA,-,A,-,N,NA,NA,NA,NA,NA,NA,NA,NA,NA,N,4,0,1,2,A,-,09,21804,A,N,A,B,D,A,H,-,A,D,0,Y,NA,NA,NA,Y,NA,-,NA,0,0,1,0,1,0,0,0,0,-,-,NA,NA,LOS ANGELES,LOS ANGELES,-118.434878,34.228416
90072723,2015,2015-12-14,9525,2015-11-08,1740,021080,NA,7,2,6,1975,0,1,1,NA,2,105,I-10 W/B (SAN BERNARDINO FREEWAY),BARRANCA ST.,300,W,N,A,-,Y,NA,NA,10,NA,NA,NA,NA,NA,W,N,4,0,1,3,A,-,03,22350,NA,N,C,C,A,A,H,-,C,D,0,NA,NA,NA,NA,Y,NA,A,07,0,0,1,0,0,0,0,0,0,-,-,34.07272,-117.87917,LOS ANGELES,WEST COVINA,-117.87917255,34.07196565
9007273,2019,2020-06-15,1942,2019-11-30,1445,43147,0235,6,5,7,1942,0,0,0,B,0,2A5,ALVARADO ST,3RD ST,0,NA,Y,B,-,N,NA,NA,NA,NA,NA,NA,NA,NA,NA,Y,4,0,2,2,A,-,08,22107,NA,N,A,C,A,B,H,-,A,A,0,NA,NA,NA,NA,Y,NA,A,01,0,0,2,0,0,0,0,0,0,-,-,NA,NA,LOS ANGELES,LOS ANGELES,-118.27271270751952,34.06296157836914
9007276,2019,2019-12-17,1942,2019-10-31,2030,42556,LA,4,5,7,1942,0,0,0,NA,0,1959,VAN NUYS BL,LEV AV,0,NA,Y,A,-,N,NA,NA,NA,NA,NA,NA,NA,NA,NA,Y,4,0,2,2,A,-,09,21804,A,N,D,C,A,A,H,-,C,A,0,NA,NA,NA,NA,Y,NA,A,01,0,0,2,0,0,0,0,0,0,-,-,NA,NA,LOS ANGELES,LOS ANGELES,-118.43787384033205,34.254581451416016
9007277,2019,2020-01-28,1942,2019-11-27,1435,43781,0237,3,5,7,1942,0,0,0,B,0,2A47W2,BEAUDRY AV,2ND ST,10,S,N,B,-,N,NA,NA,NA,NA,NA,NA,NA,NA,NA,N,4,0,1,2,A,-,04,21703,NA,N,C,C,A,B,H,-,A,A,0,NA,NA,NA,NA,Y,NA,A,01,0,0,1,0,0,0,0,0,0,-,-,NA,NA,LOS ANGELES,LOS ANGELES,-118.25533294677734,34.057918548583984
90072793,2015,2015-12-14,9530,2015-11-13,0731,020331,NA,5,1,9,1900,0,3,5,NA,2,002,EL SEGUNDO BLVD.,MONA BLVD.,0,NA,Y,A,-,N,NA,NA,NA,NA,NA,NA,NA,NA,NA,N,4,0,1,2,A,-,12,21453,NA,N,D,C,A,A,H,-,A,A,0,NA,NA,NA,NA,Y,NA,A,01,0,0,1,0,0,0,0,0,0,-,-,33.9166,-118.2266,LOS ANGELES,UNINCORPORATED,-118.22699002,33.91619005
90072795,2015,2015-12-14,9580,2015-11-18,0820,017228,NA,3,1,7,1942,0,1,3,NA,2,171,SR-170 S/B (HOLLYWOOD FWY.),WHITSETT AVENUE,200,S,N,A,-,Y,NA,NA,170,NA,NA,NA,NA,NA,S,Y,4,0,2,3,A,-,03,22350,NA,N,C,C,A,A,H,-,B,D,0,NA,NA,NA,NA,Y,NA,A,01,0,0,2,0,0,0,0,0,0,-,-,34.20225,-118.40434,LOS ANGELES,LOS ANGELES,-118.4042623,34.20228866
9007280,2019,2020-01-13,1942,2019-10-25,1810,47910,LA,5,5,7,1942,0,0,0,NA,0,1986,VAN NUYS BL,PARTHENIA ST,200,N,N,A,-,N,NA,NA,NA,NA,NA,NA,NA,NA,NA,N,3,0,1,2,A,-,09,21801,A,N,H,G,A,A,H,-,A,-,0,NA,Y,NA,NA,Y,NA,-,NA,0,1,0,0,0,0,1,0,0,-,-,NA,NA,LOS ANGELES,LOS ANGELES,-118.4502410888672,34.2293701171875
90072807,2015,2015-12-14,9530,2015-11-14,1500,021089,NA,6,2,7,1942,0,1,1,NA,2,110,I-110 N/B TO I-105 W/B,117TH ST.,243,S,N,A,-,Y,NA,NA,110,NA,NA,NA,R,NA,N,Y,4,0,1,3,A,-,03,22350,NA,N,C,C,A,A,H,-,A,D,0,NA,NA,NA,NA,Y,NA,A,01,0,0,1,0,0,0,0,0,0,-,-,33.92441,-118.28104,LOS ANGELES,LOS ANGELES,-118.28104,33.92441
90072811,2015,2015-12-14,9580,2015-11-24,1223,017228,NA,2,1,7,1942,0,1,2,NA,2,103,US-101 S/B (VENTURA FREEWAY),HASKELL AVENUE,500,N,N,A,-,Y,NA,NA,101,NA,NA,NA,NA,NA,S,N,4,0,2,2,A,-,03,22350,NA,N,C,C,A,A,H,-,A,D,0,NA,NA,NA,NA,Y,NA,A,01,0,0,2,0,0,0,0,0,0,-,-,34.16546,-118.47735,LOS ANGELES,LOS ANGELES,-118.47734746,34.16527081
90072825,2015,2015-12-14,9545,2015-12-10,1552,016124,NA,4,2,6,1950,0,1,3,NA,2,021,SR-14 S/B (ANTELOPE VALLEY FREEWAY),AVENUE Q,55,N,N,B,-,Y,NA,NA,14,NA,NA,NA,NA,NA,S,Y,4,0,1,2,A,-,03,22350,NA,N,C,C,A,A,H,-,A,D,0,NA,NA,NA,NA,Y,NA,A,01,0,0,1,0,0,0,0,0,0,-,-,34.58744,-118.13405,LOS ANGELES,PALMDALE,-118.13404276,34.58744019
90072848,2015,2015-12-14,9580,2015-11-29,1320,014592,NA,7,1,7,1942,0,1,1,NA,2,405,I-405 S/B (SAN DIEGO FWY),SEPULVEDA BLVD,50,S,N,A,-,Y,NA,NA,405,NA,NA,NA,NA,NA,S,Y,4,0,1,3,A,-,03,22350,NA,N,C,C,A,A,H,-,A,D,0,NA,NA,NA,NA,Y,NA,A,01,0,0,1,0,0,0,0,0,0,-,-,34.14838,-118.46951,LOS ANGELES,LOS ANGELES,-118.4695505,34.1484012
90072857,2015,2015-12-14,9530,2015-11-14,0500,020776,NA,6,3,5,1977,0,1,1,NA,2,410,I-405 N/B (SAN DIEGO FREEWAY),ALAMEDA ST.,500,N,N,A,-,Y,NA,NA,NA,NA,NA,NA,NA,NA,NA,Y,4,0,1,2,A,-,03,22350,NA,N,C,C,A,A,H,-,C,D,0,NA,NA,NA,Y,Y,NA,D,22,0,0,1,0,0,0,0,0,0,-,-,33.49327,-118.13481,LOS ANGELES,CARSON,-118.22833,33.82562
90072906,2015,2015-12-15,9590,2015-11-06,2015,021086,NA,5,2,7,1942,0,1,1,NA,2,085,I-5 SOUTHBOUND (GOLDEN STATE FREEWAY),FLETCHER DRIVE,400,S,N,A,-,Y,NA,NA,5,NA,NA,NA,NA,NA,S,Y,4,0,1,2,A,-,03,22350,NA,N,C,C,A,A,H,-,E,D,0,NA,NA,NA,NA,Y,NA,A,01,0,0,1,0,0,0,0,0,0,-,-,34.10558,-118.25437,LOS ANGELES,LOS ANGELES,-118.25435675,34.10559944
90072935,2015,2015-12-15,9565,2015-12-06,0820,020086,NA,7,1,9,1900,0,1,1,NA,2,063,I-405 S/B(SAN DIEGO FWY),WILSHIRE BLVD,800,S,N,A,-,Y,NA,NA,405,NA,NA,NA,NA,NA,S,Y,3,0,1,1,A,-,08,22107,NA,N,E,I,A,A,H,-,A,D,0,NA,NA,NA,NA,Y,NA,A,07,0,1,0,0,0,0,0,0,0,-,-,34.05374,-118.45026,LOS ANGELES,UNINCORPORATED,-118.45046755,34.05359479
90072941,2015,2015-12-15,9575,2015-11-10,1658,020182,NA,2,2,6,1912,0,1,1,NA,2,051,I-5 S/B (GOLDEN STATE FREEWAY),BUENA VISTA ST.,800,S,N,B,-,Y,NA,NA,NA,NA,NA,NA,NA,NA,NA,Y,3,0,1,2,A,-,03,22350,NA,N,C,C,A,A,H,-,B,D,0,NA,NA,NA,NA,Y,NA,D,22,0,1,0,0,0,0,0,0,0,-,-,34.19902,-118.33046,LOS ANGELES,BURBANK,-118.33600201,34.19722826
90072947,2015,2015-12-15,9565,2015-12-04,2045,021002,NA,5,2,9,1900,0,3,5,NA,2,002,HARVARD BLVD.,125TH ST,0,NA,Y,A,-,N,NA,NA,NA,NA,NA,NA,NA,NA,NA,N,3,0,1,2,A,-,09,21801,A,N,D,C,A,A,H,-,C,A,0,NA,NA,Y,NA,Y,NA,A,07,0,1,0,0,0,0,0,0,1,-,-,33.91946,-118.30673,LOS ANGELES,UNINCORPORATED,-118.30677003,33.91927004
9007295,2019,2020-01-29,1941,2019-11-21,2243,11104,NA,4,5,7,1941,0,0,0,NA,0,NA,LONG BEACH BL,27TH ST,0,NA,Y,A,-,N,NA,NA,NA,NA,NA,NA,NA,NA,NA,Y,3,0,1,2,A,-,12,21453,A,N,C,C,A,-,H,-,C,A,0,NA,NA,NA,NA,Y,NA,-,NA,0,1,0,0,0,0,0,0,0,-,-,NA,NA,LOS ANGELES,LONG BEACH,-118.18923950195313,33.806148529052734
90072960,2015,2015-12-15,9565,2015-11-30,1720,020255,NA,1,2,5,1928,0,1,1,NA,2,012,I-105 W/B (CENTURY FREEWAY),VAN NESS AVE.,600,E,N,A,-,Y,NA,NA,105,NA,NA,NA,NA,NA,W,N,4,0,2,2,A,-,03,22350,NA,N,C,C,A,A,H,-,D,D,0,NA,NA,NA,NA,Y,NA,A,01,0,0,2,0,0,0,0,0,0,-,-,33.92549,-118.31586,LOS ANGELES,HAWTHORNE,-118.31585878,33.92562076
90072986,2015,2015-12-15,9580,2015-11-06,1700,016550,NA,5,2,9,1900,0,3,5,NA,1,040,CORRAL CANYON RD.,SEABREEZE DR,25,N,N,A,-,N,NA,NA,NA,NA,NA,NA,NA,NA,NA,Y,3,0,1,1,A,-,08,22107,NA,N,E,I,A,A,H,-,D,D,0,NA,NA,NA,NA,Y,NA,A,01,0,1,0,0,0,0,0,0,0,-,-,34.04366,-118.73941,LOS ANGELES,UNINCORPORATED,-118.73944532,34.0436174
90072991,2015,2015-12-15,9590,2015-11-06,1935,020985,NA,5,2,7,1942,0,1,2,NA,2,073,US-101 S/B (HOLLYWOOD FREEWAY),VERMONT AVE.,150,N,N,A,-,Y,NA,NA,101,NA,NA,NA,NA,NA,S,N,4,0,1,2,A,-,03,22350,NA,N,C,C,A,A,H,-,C,D,0,NA,NA,NA,NA,Y,NA,A,07,0,0,1,0,0,0,0,0,0,-,-,34.07939,-118.29225,LOS ANGELES,LOS ANGELES,-118.29212869,34.07960159
90072997,2015,2015-12-15,9540,2015-11-28,1140,018513,NA,6,1,6,1985,0,1,3,NA,1,145,SR-14 S/B (ANTELOPE VALLEY FREEWAY),GOLDEN VALLEY RD,3168,S,N,A,-,Y,NA,NA,14,NA,NA,NA,NA,NA,S,Y,3,0,1,1,A,-,08,22107,NA,N,E,I,A,A,H,-,A,D,0,NA,NA,NA,NA,Y,NA,E,22,0,1,0,0,0,0,0,0,0,-,-,34.38634,-118.48233,LOS ANGELES,SANTA CLARITA,-118.48226291,34.3862401
90073000,2015,2015-12-15,9565,2015-10-27,0800,017520,NA,2,1,7,1942,0,1,1,NA,2,062,I-405 N/B,I-10,200,S,N,A,-,Y,NA,NA,NA,NA,NA,NA,NA,NA,NA,N,4,0,1,2,A,-,03,22350,NA,N,C,C,A,A,H,-,A,D,0,NA,NA,NA,NA,Y,NA,A,08,0,0,1,0,0,0,0,0,0,-,-,33.65221,-118.95852,LOS ANGELES,LOS ANGELES,-118.43329,34.03122
90073052,2015,2015-12-15,9525,2015-11-10,0140,019379,NA,2,3,5,1906,0,1,1,NA,2,103,I-10 W/B (SAN BERNARDINO FREEWAY),I-605 N/B (SAN GABRIEL RIVER FREEWAY),400,E,N,A,-,Y,NA,NA,10,NA,NA,NA,NA,NA,W,Y,3,0,1,1,A,-,08,22107,NA,N,E,I,A,A,H,-,D,D,0,NA,NA,NA,NA,Y,NA,A,01,0,1,0,0,0,0,0,0,0,-,-,34.06544,-117.99901,LOS ANGELES,BALDWIN PARK,-117.9989959,34.06530396
90073055,2015,2015-12-15,9580,2015-11-25,1520,016550,NA,3,2,9,1900,0,3,5,NA,1,020,CAMINO COLIBRI,VISTA VERDE DR,300,S,N,A,-,N,NA,NA,NA,NA,NA,NA,NA,NA,NA,Y,4,0,2,2,A,-,09,21804,A,N,D,C,A,A,H,-,A,D,0,NA,NA,NA,NA,Y,NA,D,22,0,0,2,0,0,0,0,0,0,-,-,34.083,-118.68757,LOS ANGELES,UNINCORPORATED,-118.68777662,34.08343114
90073063,2015,2015-12-15,9550,2015-12-08,0945,015746,NA,2,1,9,1900,0,1,3,NA,2,602,SR-60 W/B,FULLERTON ROAD,1000,E,N,A,-,Y,NA,NA,60,NA,NA,NA,NA,NA,W,Y,4,0,1,2,A,-,03,22350,NA,N,C,C,A,A,H,-,A,D,0,NA,NA,NA,Y,Y,NA,G,25,0,0,1,0,0,0,0,0,0,-,-,33.99429,-117.9028,LOS ANGELES,UNINCORPORATED,-117.9028,33.99428845
90073091,2015,2015-12-15,9530,2015-12-02,1926,020140,NA,3,2,7,1941,0,1,1,NA,2,072,I-710 S/B (LONG BEACH FREEWAY),WARDLOW AVE.,1320,S,N,A,-,Y,NA,NA,NA,NA,NA,NA,NA,NA,NA,N,4,0,1,2,A,-,03,22350,NA,N,C,C,A,A,H,-,C,D,0,NA,NA,NA,NA,Y,NA,D,22,0,0,1,0,0,0,0,0,0,-,-,33.49106,-118.12257,LOS ANGELES,LONG BEACH,-118.20704103,33.81801005
90073102,2015,2015-12-15,9550,2015-11-18,0605,020070,NA,3,1,9,1900,0,1,1,NA,2,650,I-605 S/B (SAN GABRIEL RIVER FREEWAY),SARAGOSA ST.,1500,N,N,A,-,Y,NA,NA,605,NA,NA,NA,NA,NA,S,Y,4,0,1,3,A,-,03,22350,NA,N,C,C,A,A,H,-,A,D,0,NA,NA,NA,NA,Y,NA,D,22,0,0,1,0,0,0,0,0,0,-,-,33.98257,-118.0742,LOS ANGELES,UNINCORPORATED,-118.0741999,33.98256991
90073116,2015,2015-12-15,9540,2015-12-04,1735,020837,NA,5,2,7,1942,0,1,1,NA,1,405,I-405 S/B (SAN DIEGO FWY),RINALDI ST,150,N,N,A,-,Y,NA,NA,405,NA,NA,NA,NA,NA,S,Y,2,0,3,6,A,-,03,22350,NA,N,C,C,A,A,H,-,C,D,0,NA,NA,NA,NA,Y,NA,A,01,2,1,0,0,0,0,0,0,0,-,-,34.27986,-118.46961,LOS ANGELES,LOS ANGELES,-118.46962018,34.27986291
90073131,2015,2015-12-15,9525,2015-11-15,0310,020823,NA,7,3,5,1906,0,1,1,NA,2,103,I-10 W/B TO FRANCISQUITO AVE,FRANCISQUITO AVE,1000,E,N,A,-,Y,NA,NA,10,NA,NA,NA,R,NA,W,Y,3,0,1,1,A,-,01,23152,A,N,E,I,A,A,H,-,C,D,0,NA,NA,NA,NA,Y,Y,A,01,0,1,0,0,0,0,0,0,0,-,-,34.06964,-117.97126,LOS ANGELES,BALDWIN PARK,-117.97126,34.06964