CASE_ID,ACCIDENT_YEAR,PROC_DATE,JURIS,COLLISION_DATE,COLLISION_TIME,OFFICER_ID,REPORTING_DISTRICT,DAY_OF_WEEK,CHP_SHIFT,POPULATION,CNTY_CITY_LOC,SPECIAL_COND,BEAT_TYPE,CHP_BEAT_TYPE,CITY_DIVISION_LAPD,CHP_BEAT_CLASS,BEAT_NUMBER,PRIMARY_RD,SECONDARY_RD,DISTANCE,DIRECTION,INTERSECTION,WEATHER_1,WEATHER_2,STATE_HWY_IND,CALTRANS_COUNTY,CALTRANS_DISTRICT,STATE_ROUTE,ROUTE_SUFFIX,POSTMILE_PREFIX,POSTMILE,LOCATION_TYPE,RAMP_INTERSECTION,SIDE_OF_HWY,TOW_AWAY,COLLISION_SEVERITY,NUMBER_KILLED,NUMBER_INJURED,PARTY_COUNT,PRIMARY_COLL_FACTOR,PCF_CODE_OF_VIOL,PCF_VIOL_CATEGORY,PCF_VIOLATION,PCF_VIOL_SUBSECTION,HIT_AND_RUN,TYPE_OF_COLLISION,MVIW,PED_ACTION,ROAD_SURFACE,ROAD_COND_1,ROAD_COND_2,LIGHTING,CONTROL_DEVICE,CHP_ROAD_TYPE,PEDESTRIAN_ACCIDENT,BICYCLE_ACCIDENT,MOTORCYCLE_ACCIDENT,TRUCK_ACCIDENT,NOT_PRIVATE_PROPERTY,ALCOHOL_INVOLVED,STWD_VEHTYPE_AT_FAULT,CHP_VEHTYPE_AT_FAULT,COUNT_SEVERE_INJ,COUNT_VISIBLE_INJ,COUNT_COMPLAINT_PAIN,COUNT_PED_KILLED,COUNT_PED_INJURED,COUNT_BICYCLIST_KILLED,COUNT_BICYCLIST_INJURED,COUNT_MC_KILLED,COUNT_MC_INJURED,PRIMARY_RAMP,SECONDARY_RAMP,LATITUDE,LONGITUDE,COUNTY,CITY,POINT_X,POINT_Y
9007918,2019,2020-09-28,1900,2019-12-07,1325,461784,2927,6,5,5,1990,0,0,0,NA,0,292T1,PATHFINDER RD,RT 57,25,W,N,A,-,Y,LA,7,57,-,R,2.997,I,5,N,N,4,0,1,2,A,-,03,22350,NA,N,C,C,A,A,H,-,A,D,0,NA,NA,NA,NA,Y,NA,A,01,0,0,1,0,0,0,0,0,0,-,NF,NA,NA,LOS ANGELES,DIAMOND BAR,-117.84181213378906,33.98182678222656
9007919,2019,2020-02-19,1942,2019-12-05,0715,39509,1454,4,5,7,1942,0,0,0,N,0,PATROL,MARINA FWY,CULVER BL,0,NA,Y,A,-,N,NA,NA,NA,NA,NA,NA,NA,NA,NA,N,4,0,1,2,A,-,09,21801,NA,N,D,C,A,A,H,-,A,A,0,NA,NA,NA,NA,Y,NA,A,01,0,0,1,0,0,0,0,0,0,-,-,NA,NA,LOS ANGELES,LOS ANGELES,-118.4281,33.98204
9007921,2019,2020-01-03,1942,2019-11-15,0820,41629,0161,5,5,7,1942,0,0,0,A,0,1A61,W 7TH ST,S FIGUEROA ST,214,E,N,A,-,N,NA,NA,NA,NA,NA,NA,NA,NA,NA,N,4,0,2,4,A,-,08,22107,NA,N,B,G,E,A,H,-,A,D,0,Y,Y,NA,NA,Y,Y,A,01,0,0,2,0,1,0,1,0,0,-,-,NA,NA,LOS ANGELES,LOS ANGELES,-118.25934600830078,34.049068450927734
9007922,2019,2019-12-23,1942,2019-10-11,1900,42481,2183,5,5,7,1942,0,0,0,NA,0,21X56,AVE SAN LOUISE,VALLEY CIRCLE BL,0,NA,Y,F,G,N,NA,NA,NA,NA,NA,NA,NA,NA,NA,Y,3,0,2,2,A,-,09,21801,A,N,A,D,A,A,H,-,C,A,0,NA,NA,NA,NA,Y,NA,A,01,0,1,1,0,0,0,0,0,0,-,-,NA,NA,LOS ANGELES,LOS ANGELES,-118.6364288330078,34.15869903564453
9007923,2019,2019-12-23,1942,2019-10-31,1225,42029,2133,4,5,7,1942,0,0,0,NA,0,21A1,SHERMAN WY,FALLBROOK AV,0,NA,Y,A,-,N,NA,NA,NA,NA,NA,NA,NA,NA,NA,Y,3,0,3,2,A,-,09,21801,A,N,D,C,A,A,H,-,A,A,0,NA,NA,NA,NA,Y,NA,A,07,0,1,2,0,0,0,0,0,0,-,-,NA,NA,LOS ANGELES,LOS ANGELES,-118.62342071533205,34.20098876953125
9007925,2019,2020-03-16,1942,2019-11-16,0725,38502,0112,6,5,7,1942,0,0,0,A,0,1A1,ALISO ST,NORTH SPRING ST,0,NA,Y,A,-,N,NA,NA,NA,NA,NA,NA,NA,NA,NA,Y,4,0,2,2,A,-,12,21453,A,N,D,C,A,A,H,-,A,D,0,NA,NA,NA,NA,Y,NA,-,-,0,0,2,0,0,0,0,0,0,-,-,NA,NA,LOS ANGELES,LOS ANGELES,-118.2415008544922,34.05609130859375
90079254,2015,2015-12-21,9540,2015-12-14,1610,019772,NA,1,2,9,1900,0,1,3,NA,2,146,SR-14 N/B (ANTELOPE VALLEY FREEWAY),OAK SPRING CANYON RD,528,N,N,A,-,Y,NA,NA,NA,NA,NA,NA,NA,NA,NA,Y,4,0,1,3,A,-,03,22350,NA,N,C,C,A,A,H,-,B,D,0,NA,NA,NA,NA,Y,NA,A,08,0,0,1,0,0,0,0,0,0,-,-,34.42749,-118.41187,LOS ANGELES,UNINCORPORATED,-118.41523,34.42763
9007927,2019,2019-12-23,1942,2019-10-23,1405,38996,2158,3,5,7,1942,0,0,0,NA,0,26TL18,DE SOTO AV,VICTORY BL,0,NA,Y,A,-,N,NA,NA,NA,NA,NA,NA,NA,NA,NA,Y,4,0,2,2,A,-,09,21801,A,N,A,C,A,A,H,-,A,B,0,NA,NA,NA,NA,Y,NA,A,07,0,0,2,0,0,0,0,0,0,-,-,NA,NA,LOS ANGELES,LOS ANGELES,-118.5884017944336,34.188358306884766
9007929,2019,2020-01-03,1942,2019-11-17,1535,34426,0111,7,5,7,1942,0,0,0,A,0,1A1,N GRAND AV,W CESAR E CHAVEZ AV,265,S,N,A,-,N,NA,NA,NA,NA,NA,NA,NA,NA,NA,N,4,0,1,2,A,-,08,22107,NA,N,A,C,A,A,H,-,A,A,0,NA,NA,Y,NA,Y,NA,A,01,0,0,1,0,0,0,0,0,1,-,-,NA,NA,LOS ANGELES,LOS ANGELES,-118.24446105957033,34.06009292602539
9007930,2019,2019-12-23,1942,2019-09-24,0615,27792,1097,2,5,7,1942,0,0,0,J,0,10A90,WESTFALL DR,CARIBETH DR,150,N,N,A,-,N,NA,NA,NA,NA,NA,NA,NA,NA,NA,N,4,0,1,2,A,-,11,21954,A,N,G,B,D,A,D,-,A,D,0,Y,NA,NA,NA,Y,NA,N,60,0,0,1,0,1,0,0,0,0,-,-,NA,NA,LOS ANGELES,LOS ANGELES,-118.49229431152344,34.13504409790039
9007931,2019,2019-12-24,1942,2019-10-21,1720,43272,2177,1,5,7,1942,0,0,0,NA,0,21X62,CANOGA AV,BURBANK BL,0,NA,Y,A,-,N,NA,NA,NA,NA,NA,NA,NA,NA,NA,Y,4,0,1,2,A,-,09,21801,A,N,A,C,A,A,H,-,A,A,0,NA,NA,NA,NA,Y,NA,-,NA,0,0,1,0,0,0,0,0,0,-,-,NA,NA,LOS ANGELES,LOS ANGELES,-118.5974578857422,34.17327880859375
90079329,2015,2015-12-21,9530,2015-11-22,2156,020699,NA,7,2,5,1977,0,1,1,NA,2,410,I-405 S/B (SAN DIEGO FREEWAY),WILMINGTON AVE.,1360,W,N,A,-,Y,NA,NA,NA,NA,NA,NA,NA,NA,NA,Y,4,0,1,2,A,-,07,21658,A,N,B,C,A,A,H,-,C,D,0,NA,NA,NA,NA,Y,NA,A,01,0,0,1,0,0,0,0,0,0,-,-,38.8256,-118.24503,LOS ANGELES,CARSON,-118.24622893,33.82575
9007933,2019,2020-01-03,1942,2019-11-12,0530,42876,0138,2,5,7,1942,0,0,0,A,0,1A29,WALL ST,3RD ST,36,S,N,A,-,N,NA,NA,NA,NA,NA,NA,NA,NA,NA,N,4,0,1,2,A,-,11,21954,A,N,G,B,C,-,H,-,C,D,0,Y,NA,NA,NA,Y,NA,N,60,0,0,1,0,1,0,0,0,0,-,-,NA,NA,LOS ANGELES,LOS ANGELES,-118.24385833740234,34.047882080078125
90079337,2015,2015-12-21,9590,2015-10-15,1215,021084,NA,4,1,7,1942,1,4,S,NA,2,901,SILVER LAKE BLVD (300 NORTH BLOCK),TEMPLE STREET,120,N,N,A,-,N,NA,NA,NA,NA,NA,NA,NA,NA,NA,N,4,0,1,1,C,-,18,NA,NA,N,H,A,A,A,H,-,A,D,0,NA,NA,NA,NA,Y,NA,-,-,0,0,1,0,0,0,0,0,0,-,-,34.07688,-118.28224,LOS ANGELES,LOS ANGELES,-118.28682,34.07635
90079349,2015,2015-12-21,9530,2015-12-13,1930,020868,NA,7,2,7,1941,0,1,1,NA,2,071,I-710 N/B FROM DEL AMO BLVD,DEL AMO BLVD.,690,N,N,C,-,Y,NA,NA,710,NA,NA,NA,R,NA,N,Y,4,0,2,1,A,-,03,22350,NA,N,H,A,A,B,H,-,C,D,0,NA,NA,NA,NA,Y,NA,D,22,0,0,2,0,0,0,0,0,0,-,-,33.8487,-118.2046,LOS ANGELES,LONG BEACH,-118.2046,33.8487
9007935,2019,2019-12-24,1942,2019-10-11,1000,39964,2158,5,5,7,1942,0,0,0,NA,0,21XL62,WINNETKA,VICTORY,5,N,N,A,-,N,NA,NA,NA,NA,NA,NA,NA,NA,NA,N,2,0,1,2,A,-,10,21950,A,N,G,B,B,A,H,-,A,A,0,Y,NA,NA,NA,Y,NA,-,NA,1,0,0,0,1,0,0,0,0,-,-,NA,NA,LOS ANGELES,LOS ANGELES,-118.57096862792967,34.18574523925781
90079357,2015,2015-12-21,9565,2015-12-11,1340,017574,NA,5,1,7,1942,0,1,1,NA,2,083,I-10 EASTBOUND,OVERLAND AVE,300,E,N,A,-,Y,NA,NA,10,NA,NA,NA,NA,NA,E,N,4,0,1,2,A,-,03,22350,NA,N,C,C,A,A,H,-,A,D,0,NA,NA,NA,NA,Y,NA,D,22,0,0,1,0,0,0,0,0,0,-,-,34.0315,-118.415,LOS ANGELES,LOS ANGELES,-118.4149708,34.03167726
9007937,2019,2020-03-16,1942,2019-11-11,2040,35291,0142,1,5,7,1942,0,0,0,A,0,1A41,W 4TH ST,S HOPE ST,0,NA,Y,A,-,N,NA,NA,NA,NA,NA,NA,NA,NA,NA,N,4,0,1,2,A,-,00,20015,A,N,B,C,A,A,H,-,C,D,0,NA,NA,NA,NA,Y,NA,-,-,0,0,1,0,0,0,0,0,0,-,-,NA,NA,LOS ANGELES,LOS ANGELES,-118.25377655029295,34.052188873291016
90079375,2015,2015-12-21,9545,2015-12-04,1835,018420,NA,5,2,9,1900,0,3,5,NA,2,004,LONGVIEW RD,PALLET CREEK RD,150,S,N,A,-,N,NA,NA,NA,NA,NA,NA,NA,NA,NA,Y,3,0,1,1,A,-,01,23152,A,N,E,I,A,A,H,-,D,D,0,NA,NA,NA,NA,Y,Y,D,22,0,1,0,0,0,0,0,0,0,-,-,34.45658,-117.90197,LOS ANGELES,UNINCORPORATED,-117.90184166,34.4568368
9007939,2019,2020-02-11,1942,2019-10-04,1735,43421,2103,5,5,7,1942,0,0,0,NA,0,21X62,SHOUP AV,ROSCOE BL,10,E,N,A,-,N,NA,NA,NA,NA,NA,NA,NA,NA,NA,Y,4,0,2,2,A,-,12,21453,A,N,-,C,A,A,H,-,B,A,0,NA,NA,NA,NA,Y,NA,A,01,0,0,2,0,0,0,0,0,0,-,-,NA,NA,LOS ANGELES,LOS ANGELES,-118.61470794677734,34.21950912475586
9007940,2019,2019-12-20,1942,2019-10-29,1720,43924,2137,2,5,7,1942,0,0,0,NA,0,21A42,SHERMAN WY,COZYCROFT ST,0,NA,Y,A,-,N,NA,NA,NA,NA,NA,NA,NA,NA,NA,Y,4,0,2,2,A,-,09,21801,A,N,D,C,A,A,H,-,A,D,0,NA,NA,NA,NA,Y,NA,A,07,0,0,2,0,0,0,0,0,0,-,-,NA,NA,LOS ANGELES,LOS ANGELES,-118.5819091796875,34.20111846923828
9007941,2019,2020-02-03,1942,2019-11-09,0550,38502,0185,6,5,7,1942,0,0,0,A,0,1A85,S HILL ST,W OLYMPIC BL,30,S,N,A,-,N,NA,NA,NA,NA,NA,NA,NA,NA,NA,N,2,0,1,2,A,-,11,21954,A,N,G,B,C,A,H,-,B,A,0,Y,NA,NA,NA,Y,NA,-,-,1,0,0,0,1,0,0,0,0,-,-,NA,NA,LOS ANGELES,LOS ANGELES,-118.25850677490234,34.04158401489258
90079411,2015,2015-12-21,9550,2015-12-06,1255,020360,NA,7,1,9,1900,0,3,5,NA,2,005,FRANCES LANE,BALAN ROAD,0,NA,Y,A,-,N,NA,NA,NA,NA,NA,NA,NA,NA,NA,Y,4,0,1,2,A,-,09,21800,B,N,A,C,A,A,H,-,A,D,0,NA,NA,NA,NA,Y,NA,A,08,0,0,1,0,0,0,0,0,0,-,-,33.98073,-117.86929,LOS ANGELES,UNINCORPORATED,-117.86963013,33.98053008
90079421,2015,2015-12-21,9565,2015-12-07,0340,020604,NA,1,3,9,1900,0,1,1,NA,2,012,I-105 W/B,WILTON PLACE,400,W,N,A,-,Y,NA,NA,105,NA,NA,NA,NA,NA,W,Y,4,0,1,2,A,-,08,22107,NA,N,C,C,A,A,H,-,D,D,0,NA,NA,NA,Y,Y,NA,D,22,0,0,1,0,0,0,0,0,0,-,-,33.92561,-118.31456,LOS ANGELES,UNINCORPORATED,-118.31456001,33.92560869
9007943,2019,2020-01-14,1942,2019-10-04,1600,39145,2146,5,5,7,1942,0,0,0,NA,0,21X62,100TH AV,SHERMAN WY,235,N,N,A,-,N,NA,NA,NA,NA,NA,NA,NA,NA,NA,N,4,0,2,2,A,-,09,21804,A,N,D,C,A,A,H,-,A,D,0,NA,NA,NA,NA,Y,NA,-,NA,0,0,2,0,0,0,0,0,0,-,-,NA,NA,LOS ANGELES,LOS ANGELES,NA,NA
9007944,2019,2019-12-20,1942,2019-10-22,1715,43735,2156,2,5,7,1942,0,0,0,NA,0,21X62,CANOGA AV,VICTORY BL,385,N,N,A,-,N,NA,NA,NA,NA,NA,NA,NA,NA,NA,N,3,0,1,2,A,-,17,21968,NA,N,G,B,D,A,H,-,A,D,0,Y,NA,NA,NA,Y,NA,N,60,0,1,0,0,1,0,0,0,0,-,-,NA,NA,LOS ANGELES,LOS ANGELES,-118.59748077392578,34.18942642211914
9007945,2019,2020-01-03,1942,2019-11-08,1900,40325,0151,5,5,7,1942,0,0,0,A,0,1A41,7TH ST,FIGUEROA,145,W,N,A,-,N,NA,NA,NA,NA,NA,NA,NA,NA,NA,N,3,0,1,2,A,-,17,22517,NA,N,B,G,A,A,H,-,C,A,0,NA,Y,NA,NA,Y,NA,A,01,0,1,0,0,0,0,1,0,0,-,-,NA,NA,LOS ANGELES,LOS ANGELES,-118.26035308837892,34.049564361572266
90079451,2015,2015-12-21,9580,2015-12-06,1800,020153,NA,7,2,9,1900,0,2,4,NA,1,128,KANAN ROAD N/B,TUNNEL #2,215,S,N,A,-,N,NA,NA,NA,NA,NA,NA,NA,NA,NA,Y,3,0,1,1,A,-,01,23152,A,N,E,I,A,A,H,-,C,D,0,NA,NA,NA,NA,Y,Y,A,08,0,1,0,0,0,0,0,0,0,-,-,34.10492,-118.8121,LOS ANGELES,UNINCORPORATED,NA,NA
90079452,2015,2015-12-21,9550,2015-12-06,1015,020037,NA,7,1,6,1949,0,1,1,NA,2,500,INTERSTATE 5 (SANTA ANA FREEWAY) S/B,FLORENCE AVENUE,2400,S,N,A,-,Y,NA,NA,5,NA,NA,NA,NA,NA,S,Y,4,0,1,2,A,-,07,21658,A,F,B,C,A,A,H,-,A,D,0,NA,NA,NA,NA,Y,NA,A,01,0,0,1,0,0,0,0,0,0,-,-,33.92946,-118.08865,LOS ANGELES,NORWALK,-118.08865668,33.92945519
90079464,2015,2015-12-21,9550,2015-12-06,1445,020037,NA,7,2,9,1900,0,3,5,NA,2,002,KIBBEE AVENUE,WOODCREST DRIVE,26,N,N,A,-,N,NA,NA,NA,NA,NA,NA,NA,NA,NA,Y,3,0,1,3,A,-,21,22106,NA,N,C,C,A,A,H,-,A,D,0,NA,NA,NA,NA,Y,NA,A,01,0,1,0,0,0,0,0,0,0,-,-,33.92957,-117.99683,LOS ANGELES,UNINCORPORATED,-117.99680481,33.92952822
9007947,2019,2020-01-17,1942,2019-10-04,2040,43831,2107,5,5,7,1942,0,0,0,NA,0,21A97,ROSCOE BL,DE SOTO AV,0,NA,Y,A,-,N,NA,NA,NA,NA,NA,NA,NA,NA,NA,Y,2,0,2,3,A,-,03,22350,NA,N,B,C,A,A,H,-,C,A,0,NA,NA,NA,NA,Y,NA,A,01,1,1,0,0,0,0,0,0,0,-,-,NA,NA,LOS ANGELES,LOS ANGELES,-118.58849334716795,34.219940185546875
9007949,2019,2020-01-03,1942,2019-11-04,1320,42932,0162,1,5,7,1942,0,0,0,A,0,1A61,S OLIVE ST,W 9TH ST,50,N,N,A,-,N,NA,NA,NA,NA,NA,NA,NA,NA,NA,N,4,0,1,2,A,-,07,21658,A,N,B,C,A,A,H,-,A,D,0,NA,NA,NA,NA,Y,NA,A,01,0,0,1,0,0,0,0,0,0,-,-,NA,NA,LOS ANGELES,LOS ANGELES,-118.25811004638672,34.043819427490234
90079498,2015,2015-12-21,9565,2015-12-11,1512,016074,NA,5,2,7,1942,0,1,1,NA,2,063,I-405 S/B (SAN DIEGO FWY),SANTA MONICA BLVD,100,N,N,A,-,Y,NA,NA,405,NA,NA,NA,NA,NA,S,Y,4,0,1,2,A,-,08,22107,NA,F,B,C,A,A,H,-,A,D,0,NA,NA,Y,NA,Y,NA,-,99,0,0,1,0,0,0,0,0,1,-,-,34.04826,-118.44781,LOS ANGELES,LOS ANGELES,-118.44787803,34.04820807
9007951,2019,2019-12-24,1942,2019-10-04,0730,43739,2105,5,5,7,1942,0,0,0,NA,0,21A29,ECCLES ST,HILLVIEW AV,200,W,N,A,-,N,NA,NA,NA,NA,NA,NA,NA,NA,NA,Y,4,0,1,2,A,-,21,22106,NA,N,B,C,A,A,H,-,A,D,0,NA,NA,NA,NA,Y,NA,A,01,0,0,1,0,0,0,0,0,0,-,-,NA,NA,LOS ANGELES,LOS ANGELES,-118.60334777832033,34.22275924682617
90079514,2015,2015-12-21,9530,2015-11-09,1245,021094,NA,1,1,9,1900,0,3,5,NA,2,002,AVALON BLVD.,135TH ST.,0,NA,Y,A,-,N,NA,NA,NA,NA,NA,NA,NA,NA,NA,N,3,0,1,2,D,-,00,NA,NA,N,D,C,A,A,H,-,A,A,0,NA,NA,NA,NA,Y,NA,-,-,0,1,0,0,0,0,0,0,0,-,-,33.5432,-118.1555,LOS ANGELES,UNINCORPORATED,-118.26531005,33.90918001
9007952,2019,2019-12-20,1942,2019-10-09,2007,43831,2146,3,5,7,1942,0,0,0,NA,0,21A97,TOPANGA CANYON BL,GAULT ST,30,S,N,A,-,N,NA,NA,NA,NA,NA,NA,NA,NA,NA,N,3,0,1,2,A,-,11,21955,NA,N,G,B,D,A,H,-,C,D,0,Y,NA,NA,NA,Y,NA,N,60,0,1,0,0,1,0,0,0,0,-,-,NA,NA,LOS ANGELES,LOS ANGELES,-118.60594177246094,34.19916915893555
90079528,2015,2015-12-21,9565,2015-12-11,0010,020173,NA,5,3,9,1900,0,1,1,NA,2,012,I-105 E/B (CENTURY FWY),BUDLONG AVE,150,W,N,A,-,Y,NA,NA,105,NA,NA,NA,NA,NA,E,Y,4,0,1,3,A,-,03,22350,NA,N,D,C,A,A,H,-,C,A,0,NA,NA,Y,NA,Y,NA,A,01,0,0,1,0,0,0,0,0,0,-,-,33.92818,-118.29617,LOS ANGELES,UNINCORPORATED,-118.29616751,33.92816711
9007953,2019,2020-01-03,1942,2019-11-04,0705,38357,0159,1,5,7,1942,0,0,0,A,0,24TL26,EAST 4TH ST,MOLINO ST,0,NA,Y,A,-,N,NA,NA,NA,NA,NA,NA,NA,NA,NA,Y,4,0,2,2,A,-,07,21658,A,N,D,C,A,A,H,-,A,D,0,NA,NA,NA,NA,Y,NA,A,01,0,0,2,0,0,0,0,0,0,-,-,NA,NA,LOS ANGELES,LOS ANGELES,-118.23410034179688,34.0429801940918
9007955,2019,2019-12-24,1942,2019-10-15,1915,38833,2189,2,5,7,1942,0,0,0,NA,0,21X89,VENTURA BL,CHALK HILL DR,40,W,N,A,-,N,NA,NA,NA,NA,NA,NA,NA,NA,NA,Y,4,0,1,2,A,-,03,22350,NA,N,C,C,A,A,H,-,C,A,0,NA,NA,NA,NA,Y,NA,A,01,0,0,1,0,0,0,0,0,0,-,-,NA,NA,LOS ANGELES,LOS ANGELES,-118.58036041259766,34.16781997680664
9007956,2019,2019-12-20,1942,2019-10-15,0930,40131,NA,2,5,7,1942,0,0,0,NA,0,2134,FARRALONE AV,SHERMAN WY,0,NA,Y,A,-,N,NA,NA,NA,NA,NA,NA,NA,NA,NA,N,4,0,1,2,A,-,10,21950,A,N,G,B,B,A,H,-,A,A,0,Y,NA,NA,NA,Y,NA,-,NA,0,0,1,0,1,0,0,0,0,-,-,NA,NA,LOS ANGELES,LOS ANGELES,-118.61029815673828,34.201019287109375
9007957,2019,2020-01-03,1942,2019-11-05,1430,38171,0129,2,5,7,1942,0,0,0,A,0,1A29,CENTER ST,E COMMERCIAL ST,0,NA,Y,A,-,N,NA,NA,NA,NA,NA,NA,NA,NA,NA,Y,4,0,1,2,A,-,09,21802,A,N,D,G,A,A,H,-,A,D,0,NA,Y,NA,NA,Y,NA,A,01,0,0,1,0,0,0,1,0,0,-,-,NA,NA,LOS ANGELES,LOS ANGELES,-118.23137664794922,34.052669525146484
90079581,2015,2015-12-21,9545,2015-12-06,0035,019345,NA,7,3,9,1900,0,3,5,NA,2,004,AVENUE P,20TH ST  E,0,NA,Y,A,-,N,NA,NA,NA,NA,NA,NA,NA,NA,NA,Y,3,0,1,2,A,-,01,23152,A,N,C,C,A,A,H,-,C,A,0,NA,NA,NA,NA,Y,Y,A,01,0,1,0,0,0,0,0,0,0,-,-,34.60247,-118.09397,LOS ANGELES,UNINCORPORATED,-118.0943701,34.60244008
9007959,2019,2019-12-24,1942,2019-10-14,0925,38105,2115,1,5,7,1942,0,0,0,NA,0,21A29,JORDAN AV,SATICOY ST,0,NA,Y,A,-,NA,NA,NA,NA,NA,NA,NA,NA,NA,NA,N,4,0,1,2,A,-,08,22107,NA,N,B,G,A,A,H,-,A,D,0,NA,Y,NA,NA,Y,NA,-,NA,0,0,1,0,0,0,1,0,0,-,-,NA,NA,LOS ANGELES,LOS ANGELES,-118.60288238525392,34.208309173583984
90079594,2015,2015-12-21,9565,2015-12-14,1600,016943,NA,1,2,7,1942,0,1,1,NA,2,061,I-405 S/B(SAN DIEGO FWY),SEPULVEDA BLVD,75,S,N,A,-,Y,NA,NA,405,NA,NA,NA,NA,NA,S,N,4,0,1,2,A,-,03,22350,NA,N,C,C,A,A,H,-,B,D,0,NA,NA,NA,NA,Y,NA,A,07,0,0,1,0,0,0,0,0,0,-,-,33.98162,-118.39432,LOS ANGELES,LOS ANGELES,-118.39439285,33.98156149
90079598,2015,2015-12-21,9565,2015-12-14,1145,017060,NA,1,1,5,1928,0,3,5,NA,2,004,CRENSHAW BLVD. S/B,132ND ST.,250,S,N,A,-,N,NA,NA,NA,NA,NA,NA,NA,NA,NA,Y,3,0,2,4,A,-,08,22107,NA,N,C,E,A,A,H,-,A,D,0,NA,NA,NA,Y,Y,NA,A,01,0,2,0,0,0,0,0,0,0,-,-,33.91208,-118.32662,LOS ANGELES,HAWTHORNE,-118.3266,33.91165433
9007960,2019,2019-12-20,1942,2019-10-09,1415,43591,2138,3,5,7,1942,0,0,0,NA,0,21X28,WYANDOTTE ST,OSO AV,0,NA,-,A,-,N,NA,NA,NA,NA,NA,NA,NA,NA,NA,N,4,0,1,2,A,-,09,21804,A,N,H,G,A,A,H,-,A,D,0,NA,Y,NA,NA,Y,NA,L,04,0,0,1,0,0,0,1,0,0,-,-,NA,NA,LOS ANGELES,LOS ANGELES,-118.57537078857422,34.202701568603516
9007961,2019,2020-01-03,1942,2019-11-07,1930,30083,0185,4,5,7,1942,0,0,0,A,0,1A85,W OLYMPIC BL,S BROADWAY,0,NA,Y,A,-,N,NA,NA,NA,NA,NA,NA,NA,NA,NA,N,3,0,1,2,A,-,10,21950,A,N,G,B,B,A,H,-,C,A,0,Y,NA,NA,NA,Y,Y,A,07,0,1,0,0,1,0,0,0,0,-,-,NA,NA,LOS ANGELES,LOS ANGELES,-118.25740051269533,34.040931701660156
90079616,2015,2015-12-22,9430,2015-12-16,2300,018567,NA,3,3,9,1900,0,3,5,NA,2,001,PEACE VALLEY RD. SOUTHBOUND,FRAZIER MOUNTAIN PARK RD,1050,S,N,A,-,N,NA,NA,NA,NA,NA,NA,NA,NA,NA,Y,4,0,1,1,A,-,08,22107,NA,N,F,A,A,A,H,-,D,D,0,NA,NA,NA,NA,Y,Y,A,01,0,0,1,0,0,0,0,0,0,-,-,34.81441,-118.88528,LOS ANGELES,UNINCORPORATED,-118.88486188,34.81484578
9007963,2019,2019-12-24,1942,2019-10-11,1040,42365,2133,5,5,7,1942,0,0,0,NA,0,21A43,SHERMAN AV,FALLBROOK AV,0,NA,Y,A,-,N,NA,NA,NA,NA,NA,NA,NA,NA,NA,Y,4,0,1,2,A,-,09,21801,A,N,A,C,A,A,H,-,A,A,0,NA,NA,NA,NA,Y,NA,-,NA,0,0,1,0,0,0,0,0,0,-,-,NA,NA,LOS ANGELES,LOS ANGELES,-118.62342071533205,34.20098876953125
9007964,2019,2019-12-20,1942,2019-10-09,0840,43987,2187,3,5,7,1942,0,0,0,NA,0,21A73,VENTURA BL,DE SOTO AV,10,W,N,A,-,N,NA,NA,NA,NA,NA,NA,NA,NA,NA,N,4,0,1,2,A,-,04,21703,NA,N,C,C,A,A,H,-,A,D,0,NA,NA,NA,NA,Y,NA,A,07,0,0,1,0,0,0,0,0,0,-,-,NA,NA,LOS ANGELES,LOS ANGELES,-118.58827972412108,34.166404724121094
90079640,2015,2015-12-22,9590,2015-11-02,1018,013435,NA,1,1,7,1942,0,1,1,NA,2,081,I-5 S/B (GOLDEN STATE FREEWAY),4TH STREET,200,N,N,B,-,Y,NA,NA,5,NA,NA,NA,NA,NA,S,Y,3,0,1,2,A,-,03,22350,NA,N,C,C,A,A,H,-,A,D,0,NA,NA,NA,NA,Y,NA,A,01,0,1,0,0,0,0,0,0,0,-,-,34.04402,-118.21656,LOS ANGELES,LOS ANGELES,-118.21658441,34.04403595
90079648,2015,2015-12-22,9590,2015-11-09,1440,021111,NA,1,2,7,1942,0,1,1,NA,2,041,I-5 S/B (SAF) FROM CALZONA STREET,LORENA STREET,2000,S,N,A,-,Y,NA,NA,5,NA,NA,NA,R,NA,S,Y,4,0,1,3,A,-,08,22107,NA,N,B,C,A,A,H,-,A,D,0,NA,NA,NA,Y,Y,NA,A,07,0,0,1,0,0,0,0,0,0,-,-,34.01999,-118.19176,LOS ANGELES,LOS ANGELES,-118.19176,34.01999
9007965,2019,2020-01-03,1942,2019-11-13,1800,43177,1317,3,5,7,1942,0,0,0,M,0,13X14,HOOPER,NEWTON,0,NA,Y,A,-,N,NA,NA,NA,NA,NA,NA,NA,NA,NA,Y,4,0,3,3,A,-,09,21801,NA,N,D,C,A,A,H,-,C,A,0,NA,NA,NA,NA,Y,NA,A,01,0,0,3,0,0,0,0,0,0,-,-,NA,NA,LOS ANGELES,LOS ANGELES,-118.2436065673828,34.02565002441406
90079650,2015,2015-12-22,9535,2015-11-24,0820,016815,NA,2,1,9,1900,0,1,1,NA,2,071,I-710 (LONG BEACH FREEWAY) S/B,HUMPHREYS AVE,400,N,N,A,-,Y,NA,NA,710,NA,NA,NA,NA,NA,S,Y,4,0,1,1,A,-,08,22107,NA,N,E,I,A,A,H,-,A,D,0,NA,NA,NA,NA,Y,NA,A,01,0,0,1,0,0,0,0,0,0,-,-,34.0311,-118.171,LOS ANGELES,UNINCORPORATED,-118.17108522,34.03113922