CASE_ID,ACCIDENT_YEAR,PROC_DATE,JURIS,COLLISION_DATE,COLLISION_TIME,OFFICER_ID,REPORTING_DISTRICT,DAY_OF_WEEK,CHP_SHIFT,POPULATION,CNTY_CITY_LOC,SPECIAL_COND,BEAT_TYPE,CHP_BEAT_TYPE,CITY_DIVISION_LAPD,CHP_BEAT_CLASS,BEAT_NUMBER,PRIMARY_RD,SECONDARY_RD,DISTANCE,DIRECTION,INTERSECTION,WEATHER_1,WEATHER_2,STATE_HWY_IND,CALTRANS_COUNTY,CALTRANS_DISTRICT,STATE_ROUTE,ROUTE_SUFFIX,POSTMILE_PREFIX,POSTMILE,LOCATION_TYPE,RAMP_INTERSECTION,SIDE_OF_HWY,TOW_AWAY,COLLISION_SEVERITY,NUMBER_KILLED,NUMBER_INJURED,PARTY_COUNT,PRIMARY_COLL_FACTOR,PCF_CODE_OF_VIOL,PCF_VIOL_CATEGORY,PCF_VIOLATION,PCF_VIOL_SUBSECTION,HIT_AND_RUN,TYPE_OF_COLLISION,MVIW,PED_ACTION,ROAD_SURFACE,ROAD_COND_1,ROAD_COND_2,LIGHTING,CONTROL_DEVICE,CHP_ROAD_TYPE,PEDESTRIAN_ACCIDENT,BICYCLE_ACCIDENT,MOTORCYCLE_ACCIDENT,TRUCK_ACCIDENT,NOT_PRIVATE_PROPERTY,ALCOHOL_INVOLVED,STWD_VEHTYPE_AT_FAULT,CHP_VEHTYPE_AT_FAULT,COUNT_SEVERE_INJ,COUNT_VISIBLE_INJ,COUNT_COMPLAINT_PAIN,COUNT_PED_KILLED,COUNT_PED_INJURED,COUNT_BICYCLIST_KILLED,COUNT_BICYCLIST_INJURED,COUNT_MC_KILLED,COUNT_MC_INJURED,PRIMARY_RAMP,SECONDARY_RAMP,LATITUDE,LONGITUDE,COUNTY,CITY,POINT_X,POINT_Y
90085450,2015,2015-12-30,9550,2015-12-28,1300,020070,NA,1,1,5,1919,0,1,1,NA,2,652,I-605 S/B (SAN GABRIEL RIVER FWY.),183RD STREET,500,S,N,B,C,Y,NA,NA,605,NA,NA,NA,NA,NA,S,Y,3,0,3,4,A,-,03,22350,NA,N,C,C,A,B,H,-,A,D,0,NA,NA,NA,NA,Y,NA,A,01,0,1,2,0,0,0,0,0,0,-,-,33.86269,-118.09763,LOS ANGELES,CERRITOS,-118.09768621,33.86266935
90085458,2015,2015-12-30,9550,2015-12-29,1250,020070,NA,2,1,5,1919,0,1,1,NA,2,652,I-605 S/B (SAN GABRIEL RIVER FWY.),183RD STREET,20,S,N,A,-,Y,NA,NA,605,NA,NA,NA,NA,NA,S,N,4,0,2,2,A,-,03,22350,NA,N,C,C,A,A,H,-,A,D,0,NA,NA,NA,NA,Y,NA,A,01,0,0,2,0,0,0,0,0,0,-,-,33.86526,-118.09872,LOS ANGELES,CERRITOS,-118.09864554,33.86528596
9008546,2019,2020-02-08,1942,2019-11-02,0620,43854,1708,6,5,7,1942,0,0,0,Q,0,17A35,RINALDI ST,BALBOA BL,0,NA,Y,A,-,N,NA,NA,NA,NA,NA,NA,NA,NA,NA,Y,4,0,2,2,A,-,08,22107,NA,N,A,C,A,A,H,-,B,A,0,NA,NA,NA,NA,Y,NA,-,-,0,0,2,0,0,0,0,0,0,-,-,NA,NA,LOS ANGELES,LOS ANGELES,-118.50212097167967,34.279300689697266
90085468,2015,2015-12-30,9575,2015-11-24,0825,017589,NA,2,1,6,1912,0,1,1,NA,2,051,I-5 S/B (GOLDEN STATE FREEWAY),BUENA VISTA STREET,300,N,N,B,-,Y,NA,NA,NA,NA,NA,NA,NA,NA,NA,Y,4,0,1,2,A,-,03,22350,NA,N,C,C,A,A,H,-,A,D,0,NA,NA,NA,NA,Y,NA,A,01,0,0,1,0,0,0,0,0,0,-,-,34.21061,-118.34717,LOS ANGELES,BURBANK,-118.33841866,34.19945926
9008547,2019,2019-12-26,1942,2019-11-08,1140,34599,2187,5,5,7,1942,0,0,0,NA,0,21A97,CANOGA AV,VENTURA BL,127,N,N,A,-,N,NA,NA,NA,NA,NA,NA,NA,NA,NA,N,4,0,1,2,A,-,09,21801,A,N,D,C,A,A,H,-,A,A,0,NA,NA,NA,NA,Y,NA,A,01,0,0,1,0,0,0,0,0,0,-,-,NA,NA,LOS ANGELES,LOS ANGELES,-118.59744262695313,34.168209075927734
90085478,2015,2015-12-30,9540,2015-12-23,1015,013644,NA,3,1,9,1900,0,1,1,NA,2,507,I-5 S/B (GOLDEN STATE FWY.),SR-126,2000,N,N,A,-,Y,NA,NA,5,NA,NA,NA,NA,NA,S,N,4,0,1,2,A,-,07,21658,A,N,B,C,A,A,H,-,A,D,0,NA,NA,NA,NA,Y,NA,A,01,0,0,1,0,0,0,0,0,0,-,-,34.44651,-118.61116,LOS ANGELES,UNINCORPORATED,-118.61106777,34.44659456
90085480,2015,2015-12-30,9525,2015-12-03,1230,021097,NA,4,1,9,1900,0,1,3,NA,1,024,SR-39 (SAN GABRIEL CANYON RD.),VAN ORNUM CANYON,4752,N,N,A,-,Y,NA,NA,39,NA,NA,NA,NA,NA,NA,N,4,0,1,2,A,-,21,22106,NA,F,A,C,A,A,H,-,A,D,0,NA,NA,NA,NA,Y,NA,A,01,0,0,1,0,0,0,0,0,0,-,-,34.18351,-117.87643,LOS ANGELES,UNINCORPORATED,-117.87650268,34.18363738
90085484,2015,2015-12-30,9530,2015-12-20,0235,21062,NA,7,3,7,1941,0,1,3,NA,2,320,SR-91 E/B TO ATLANTIC AVENUE,ATLANTIC AVE.,1584,W,N,A,-,Y,NA,NA,91,NA,NA,NA,R,NA,E,Y,4,0,1,1,A,-,01,23152,A,N,E,I,A,A,H,-,C,D,0,NA,NA,NA,NA,Y,Y,A,01,0,0,1,0,0,0,0,0,0,-,-,33.87513,-118.19134,LOS ANGELES,LONG BEACH,-118.19134,33.87513
90085490,2015,2015-12-30,9565,2015-12-26,2230,020972,NA,6,3,4,1918,0,1,1,NA,2,061,I-405 N/B (SAN DIEGO FWY),SEPULVEDA BLVD,200,S,N,A,-,Y,NA,NA,405,NA,NA,NA,NA,NA,N,Y,4,0,1,1,A,-,08,22107,NA,N,E,I,A,A,H,-,C,D,0,NA,NA,NA,NA,Y,Y,A,01,0,0,1,0,0,0,0,0,0,-,-,33.98033,-118.39311,LOS ANGELES,CULVER CITY,-118.39311367,33.98032709
90085491,2015,2015-12-30,9525,2015-12-03,1820,018651,NA,4,2,5,1906,0,1,1,NA,2,103,I-10 W/B (SAN BERNARDINO FREEWAY),ATHOL ST.,85,E,N,A,-,Y,NA,NA,10,NA,NA,NA,NA,NA,W,Y,3,0,1,4,A,-,07,21658,A,N,C,C,A,A,H,-,C,D,0,NA,NA,Y,NA,Y,NA,A,01,0,1,0,0,0,0,0,0,1,-,-,34.06593,-117.99348,LOS ANGELES,BALDWIN PARK,-117.99349879,34.06605279
9008550,2019,2020-01-15,1942,2019-11-21,1000,38947,1749,4,5,7,1942,0,0,0,Q,0,17A49,CHATSWORTH ST,WOODLEY AV,0,NA,Y,A,-,N,NA,NA,NA,NA,NA,NA,NA,NA,NA,Y,4,0,4,4,A,-,12,21453,A,N,D,C,A,A,H,-,A,A,0,NA,NA,NA,NA,Y,NA,A,01,0,0,4,0,0,0,0,0,0,-,-,NA,NA,LOS ANGELES,LOS ANGELES,-118.48477935791016,34.264671325683594
90085504,2015,2015-12-30,9575,2015-11-24,1550,015204,NA,2,2,9,1900,0,2,4,NA,2,024,WOODBURY RD,LINCOLN AVE,0,NA,Y,A,-,N,NA,NA,NA,NA,NA,NA,NA,NA,NA,Y,3,0,2,2,D,-,00,NA,NA,N,D,C,A,A,H,-,A,A,0,NA,NA,NA,NA,Y,NA,-,-,0,2,0,0,0,0,0,0,0,-,-,34.18298,-118.15968,LOS ANGELES,UNINCORPORATED,-118.15970013,34.18299007
9008551,2019,2019-12-26,1942,2019-11-01,1850,41764,2177,5,5,7,1942,0,0,0,NA,0,21X98,DE SOTO,BURBANK,0,NA,Y,A,-,N,NA,NA,NA,NA,NA,NA,NA,NA,NA,Y,4,0,1,2,A,-,09,21801,A,N,A,C,A,A,H,-,C,A,0,NA,NA,NA,NA,Y,NA,-,NA,0,0,1,0,0,0,0,0,0,-,-,NA,NA,LOS ANGELES,LOS ANGELES,-118.5881576538086,34.1733283996582
90085523,2015,2015-12-30,9525,2015-12-09,1740,021153,NA,3,2,4,1913,0,1,1,NA,2,110,I-10 E/B (SAN BERNARDINO FREEWAY),INDIAN HILL BLVD,400,E,N,A,-,Y,NA,NA,10,NA,NA,NA,NA,NA,E,Y,4,0,1,3,A,-,03,22350,NA,N,C,C,A,A,H,-,C,D,0,NA,NA,NA,NA,Y,NA,A,01,0,0,1,0,0,0,0,0,0,-,-,34.0818,-117.71563,LOS ANGELES,CLAREMONT,-117.71562901,34.0817152
90085528,2015,2015-12-30,9575,2015-11-25,1930,021144,NA,3,2,6,1925,0,1,1,NA,2,050,I-5 S/B (GOLDEN STATE FREEWAY),WESTERN AVENUE,1000,N,N,B,-,Y,NA,NA,5,NA,NA,NA,NA,NA,S,N,3,0,1,2,A,-,03,22350,NA,N,C,C,A,A,H,-,D,D,0,NA,NA,NA,NA,Y,NA,A,01,0,1,0,0,0,0,0,0,0,-,-,34.16652,-118.29939,LOS ANGELES,GLENDALE,-118.2993709,34.16654605
9008554,2019,2020-02-14,1942,2019-12-03,0925,27792,1796,2,5,7,1942,0,0,0,Q,0,10A39,BALBOA PL,ROSCOE BL,6,N,N,B,-,N,NA,NA,NA,NA,NA,NA,NA,NA,NA,Y,4,0,1,2,A,-,09,21802,A,N,D,D,A,A,H,-,A,A,0,NA,NA,NA,Y,Y,NA,F,26,0,0,1,0,0,0,0,0,0,-,-,NA,NA,LOS ANGELES,LOS ANGELES,-118.50112915039064,34.2211799621582
90085541,2015,2015-12-30,9530,2015-10-03,2220,020956,NA,6,3,9,1900,0,3,5,NA,2,002,130TH STREET (1300 BLOCK),WILLOWBROOK AVE.,22,W,N,A,-,N,NA,NA,NA,NA,NA,NA,NA,NA,NA,Y,4,0,4,2,C,-,18,NA,NA,N,D,F,A,A,H,-,C,B,0,NA,NA,NA,NA,Y,NA,-,-,0,0,4,0,0,0,0,0,0,-,-,33.54519,-118.135,LOS ANGELES,UNINCORPORATED,-118.23081237,33.91438
90085548,2015,2015-12-30,9535,2015-12-01,0840,013259,NA,2,1,6,1922,0,3,5,NA,2,001,I-10 W/B (SAN BERNARDINO FWRY) HOT LN.,COGSWELL ROAD,239,E,N,A,-,Y,NA,NA,10,NA,NA,NA,NA,NA,W,N,4,0,2,2,A,-,03,22350,NA,N,C,C,A,A,H,-,A,D,0,NA,NA,NA,NA,Y,NA,A,01,0,0,2,0,0,0,0,0,0,-,-,34.06551,-118.01565,LOS ANGELES,EL MONTE,-118.01564982,34.06551066
9008555,2019,2019-12-26,1942,2019-11-01,1840,43735,2148,5,5,7,1942,0,0,0,NA,0,21A42,SHERMAN WY,COZYCROFT AV,0,NA,Y,A,-,N,NA,NA,NA,NA,NA,NA,NA,NA,NA,N,2,0,1,2,A,-,11,21950,B,N,G,B,D,A,-,-,C,A,0,Y,NA,NA,NA,Y,NA,N,60,1,0,0,0,1,0,0,0,0,-,-,NA,NA,LOS ANGELES,LOS ANGELES,-118.5819091796875,34.20111846923828
90085553,2015,2015-12-30,9530,2015-12-22,1440,020137,NA,2,2,9,1900,0,3,5,NA,2,001,95TH ST.,KALMIA ST.,0,NA,Y,A,-,N,NA,NA,NA,NA,NA,NA,NA,NA,NA,Y,4,0,2,2,A,-,09,21802,A,N,D,C,A,A,H,-,A,A,0,NA,NA,NA,NA,Y,NA,A,01,0,0,2,0,0,0,0,0,0,-,-,33.95053,-118.23178,LOS ANGELES,UNINCORPORATED,-118.23175007,33.95053003
90085566,2015,2015-12-30,9525,2015-12-07,1655,021080,NA,1,2,9,1900,0,3,5,NA,2,003,HAMBLEDON AVE. (500 BLOCK),SALIAS ST,400,S,N,A,-,N,NA,NA,NA,NA,NA,NA,NA,NA,NA,N,4,0,1,2,A,-,06,21750,NA,N,D,C,A,A,H,-,C,D,0,NA,NA,NA,NA,Y,NA,D,22,0,0,1,0,0,0,0,0,0,-,-,34.01095,-117.91673,LOS ANGELES,UNINCORPORATED,-117.91675292,34.01040819
9008557,2019,2020-01-31,1942,2019-11-04,1435,36061,0314,1,5,7,1942,0,0,0,C,0,3A63,ADAMS BL,8TH AV,0,NA,Y,A,-,N,NA,NA,NA,NA,NA,NA,NA,NA,NA,Y,4,0,4,2,A,-,08,22107,NA,N,D,C,A,A,H,-,A,D,0,NA,NA,NA,NA,Y,NA,D,22,0,0,4,0,0,0,0,0,0,-,-,NA,NA,LOS ANGELES,LOS ANGELES,-118.32598876953124,34.03261184692383
90085575,2015,2015-12-30,9535,2015-12-01,1220,017802,NA,2,1,9,1900,0,2,4,NA,2,021,EASTERN AVE (1100 BLOCK),SHERIFF RD.,580,S,N,A,-,N,NA,NA,NA,NA,NA,NA,NA,NA,NA,Y,4,0,1,1,A,-,08,22107,NA,N,E,I,A,A,H,-,A,D,0,NA,NA,NA,NA,Y,NA,A,01,0,0,1,0,0,0,0,0,0,-,-,34.04972,-118.17583,LOS ANGELES,UNINCORPORATED,-118.17549233,34.050456
90085579,2015,2015-12-30,9525,2015-12-08,1445,021097,NA,2,2,5,1990,0,1,3,NA,2,603,SR-60 W/B (POMONA FREEWAY),GRAND AVE,1320,E,N,A,-,Y,NA,NA,60,NA,NA,NA,NA,NA,W,Y,3,0,1,5,A,-,03,22350,NA,N,C,C,A,A,H,-,A,D,0,NA,NA,NA,NA,Y,NA,A,01,0,1,0,0,0,0,0,0,0,-,-,34.01589,-117.81815,LOS ANGELES,DIAMOND BAR,-117.81825251,34.01596502
90085580,2015,2015-12-30,9530,2015-12-23,1615,020137,NA,3,2,9,1900,0,3,5,NA,2,001,CONVERSE AVE.,FLORENCE AVE.,0,NA,Y,A,-,N,NA,NA,NA,NA,NA,NA,NA,NA,NA,N,4,0,1,2,A,-,09,21802,A,N,D,G,A,A,H,-,A,D,0,NA,Y,NA,NA,Y,NA,L,04,0,0,1,0,0,0,1,0,0,-,-,33.97481,-118.25598,LOS ANGELES,UNINCORPORATED,-118.24408002,33.97474003
9008559,2019,2019-12-26,1942,2019-11-30,1700,40398,0909,6,5,7,1942,0,0,0,I,0,9A5,VALERIO ST,WOODMAN AV,0,NA,Y,C,-,N,NA,NA,NA,NA,NA,NA,NA,NA,NA,N,3,0,1,2,A,-,10,21950,A,N,G,B,B,B,H,-,C,A,0,Y,NA,NA,NA,Y,NA,A,01,0,1,0,0,1,0,0,0,0,-,-,NA,NA,LOS ANGELES,LOS ANGELES,-118.43125152587892,34.20481872558594
90085602,2015,2015-12-30,9565,2015-12-26,1110,020495,NA,6,1,7,1942,0,1,1,NA,2,063,I-405 S/B TO WILSHIRE BOULEVARD W/B,WILSHIRE BOULEVARD,10,N,N,A,-,Y,NA,NA,NA,NA,NA,NA,NA,NA,NA,N,4,0,1,2,A,-,21,22106,NA,N,C,C,A,A,H,-,A,A,0,NA,NA,NA,NA,Y,NA,A,01,0,0,1,0,0,0,0,0,0,-,-,34.05524,-118.45344,LOS ANGELES,LOS ANGELES,-118.45228108,34.05576108
90085605,2015,2015-12-30,9575,2015-11-25,1615,020182,NA,3,2,7,1942,0,1,1,NA,2,053,I-5 N/B (GOLDEN STATE FREEWAY),TERRA BELLA ST.,500,N,N,A,-,Y,NA,NA,NA,NA,NA,NA,NA,NA,NA,Y,4,0,1,2,A,-,07,21658,NA,N,C,C,A,A,H,-,A,D,0,NA,NA,Y,NA,Y,NA,A,01,0,0,1,0,0,0,0,0,1,-,-,34.15158,-118.25438,LOS ANGELES,LOS ANGELES,-118.42965489,34.25181404
90085621,2015,2015-12-30,9575,2015-11-25,1838,020182,NA,3,2,6,1912,0,1,1,NA,2,051,I-5 N/B (GOLDEN STATE FREEWAY),SAN FERNANDO BLVD.,200,N,N,A,-,Y,NA,NA,5,NA,NA,NA,NA,NA,N,N,4,0,1,2,A,-,03,22350,NA,N,C,C,A,A,H,-,D,D,0,NA,NA,NA,NA,Y,NA,A,01,0,0,1,0,0,0,0,0,0,-,-,34.19551,-118.33274,LOS ANGELES,BURBANK,-118.33275634,34.1954791
90085623,2015,2015-12-30,9565,2015-12-29,1050,020086,NA,2,1,6,1933,0,1,1,NA,2,060,I-405 N/B (SAN DIEGO FWY),MANCHESTER BLVD,100,S,N,A,-,Y,NA,NA,405,NA,NA,NA,NA,NA,N,N,4,0,2,2,A,-,03,22350,NA,N,C,C,A,A,H,-,A,D,0,NA,NA,NA,NA,Y,NA,A,01,0,0,2,0,0,0,0,0,0,-,-,33.96063,-118.36921,LOS ANGELES,INGLEWOOD,-118.36923883,33.96062908
90085637,2015,2015-12-30,9575,2015-11-25,1612,019538,NA,3,2,6,1953,0,1,1,NA,2,065,I-210 W/B (FOOTHILL FREEWAY),SIERRA MADRE BLVD.,200,E,N,A,B,Y,NA,NA,210,NA,NA,NA,NA,NA,W,Y,4,0,3,3,A,-,03,22350,NA,N,C,C,A,A,H,-,A,D,0,NA,NA,NA,NA,Y,NA,A,01,0,0,3,0,0,0,0,0,0,-,-,34.15266,-118.0935,LOS ANGELES,PASADENA,-118.09351324,34.15257805
90085647,2015,2016-09-01,9545,2015-11-19,1310,018862,NA,4,1,9,1900,0,3,5,NA,2,001,AVENUE A,LAUREL ST,1056,W,N,A,-,N,NA,NA,NA,NA,NA,NA,NA,NA,NA,Y,1,1,0,1,A,-,01,23152,A,N,E,I,A,A,H,-,A,D,0,NA,NA,NA,NA,Y,Y,A,01,0,0,0,0,0,0,0,0,0,-,-,34.82041,-118.17975,LOS ANGELES,UNINCORPORATED,-118.1766,34.820453
90085656,2015,2015-12-30,9530,2015-12-15,0545,020137,NA,2,3,9,1900,0,3,5,NA,2,001,SLAUSON AVE.,HOOPER AVE.,0,NA,Y,A,-,N,NA,NA,NA,NA,NA,NA,NA,NA,NA,Y,4,0,1,3,A,-,12,21453,A,N,D,C,A,A,H,-,C,A,0,NA,NA,NA,NA,Y,NA,-,-,0,0,1,0,0,0,0,0,0,-,-,33.9889,-118.25207,LOS ANGELES,UNINCORPORATED,-118.25212004,33.98932007
90085657,2015,2015-12-30,9550,2015-12-17,1315,020070,NA,4,1,5,1919,0,1,1,NA,2,652,I-605 S/B (SAN GABRIEL RIVER FWY.),SOUTH STREET,1500,N,N,A,-,Y,NA,NA,605,NA,NA,NA,NA,NA,S,N,4,0,1,2,D,-,00,NA,NA,N,C,C,A,A,H,-,A,D,0,NA,NA,NA,NA,Y,NA,-,-,0,0,1,0,0,0,0,0,0,-,-,33.86249,-118.09767,LOS ANGELES,CERRITOS,-118.09762622,33.86250609
9008568,2019,2020-02-18,1942,2019-12-14,1710,41579,0363,6,5,7,1942,0,0,0,C,0,3A63,LOCKLAND DR,MARLTON AV,180,E,N,A,-,N,NA,NA,NA,NA,NA,NA,NA,NA,NA,N,4,0,1,2,A,-,21,22106,NA,N,H,E,A,A,H,-,C,D,0,NA,NA,NA,NA,Y,NA,D,22,0,0,1,0,0,0,0,0,0,-,-,NA,NA,LOS ANGELES,LOS ANGELES,-118.34075164794922,34.009639739990234
90085710,2015,2015-12-30,9530,2015-12-10,0820,020137,NA,4,1,7,1941,0,1,3,NA,2,320,SR-91 W/B (ARTESIA FREEWAY),LONG BEACH BLVD.,52,E,N,B,-,Y,NA,NA,91,NA,NA,NA,NA,NA,W,Y,4,0,1,3,A,-,03,22350,NA,N,C,C,A,A,H,-,A,D,0,NA,NA,NA,NA,Y,NA,A,01,0,0,1,0,0,0,0,0,0,-,-,33.87275,-118.20251,LOS ANGELES,LONG BEACH,-118.20250635,33.87280442
9008572,2019,2020-02-14,1942,2019-12-16,2230,42011,0396,1,5,7,1942,0,0,0,C,0,3A99,S VERMONT AV,MARTIN LUTHER KING BL,0,NA,Y,A,-,N,NA,NA,NA,NA,NA,NA,NA,NA,NA,Y,4,0,1,2,A,-,12,21453,A,N,D,C,A,A,H,-,C,A,0,NA,NA,NA,NA,Y,NA,A,01,0,0,1,0,0,0,0,0,0,-,-,NA,NA,LOS ANGELES,LOS ANGELES,-118.2915267944336,34.01087188720703
90085744,2015,2015-12-30,9580,2015-12-10,1750,019369,NA,4,2,7,1942,0,1,3,NA,2,115,SR-118 W/B TO I-405 S/B,CHATSWORTH STREET,500,S,N,B,C,Y,NA,NA,NA,NA,NA,NA,NA,NA,NA,Y,4,0,1,5,A,-,08,22107,NA,F,D,C,A,B,H,-,C,D,0,NA,NA,NA,NA,Y,NA,-,99,0,0,1,0,0,0,0,0,0,-,-,34.26309,-118.47275,LOS ANGELES,LOS ANGELES,-118.4594,34.26603
9008576,2019,2020-01-15,1942,2019-11-25,0910,39203,0397,1,5,7,1942,0,0,0,C,0,3A73,VERMONT AV,VERNON AV,100,N,N,A,-,N,NA,NA,NA,NA,NA,NA,NA,NA,NA,N,4,0,1,2,A,-,03,22350,NA,F,C,C,A,A,H,-,A,A,0,NA,NA,NA,NA,Y,NA,A,01,0,0,1,0,0,0,0,0,0,-,-,NA,NA,LOS ANGELES,LOS ANGELES,-118.29156494140624,34.00395584106445
90085774,2015,2016-04-07,9525,2015-12-10,1052,017637,NA,4,1,4,1905,0,1,1,NA,2,203,I-210 W/B (FOOTHILL FREEWAY),CERRITOS AVENUE,300,E,N,A,-,Y,NA,NA,210,NA,NA,NA,NA,NA,W,Y,4,0,2,4,A,-,03,22350,NA,N,C,C,A,A,H,-,A,D,0,NA,NA,NA,NA,Y,NA,A,01,0,0,2,0,0,0,0,0,0,-,-,34.121,-117.89769,LOS ANGELES,AZUSA,-117.89768731,34.1211305
9008580,2019,2020-01-17,1942,2019-11-25,1350,43480,0331,1,5,7,1942,0,0,0,C,0,3H28,W JEFFERSON BL,VINEYARD,50,E,N,A,-,N,NA,NA,NA,NA,NA,NA,NA,NA,NA,N,4,0,1,2,C,-,18,NA,NA,N,B,E,A,A,H,-,A,A,0,NA,NA,NA,Y,Y,NA,-,-,0,0,1,0,0,0,0,0,0,-,-,NA,NA,LOS ANGELES,LOS ANGELES,-118.34822845458984,34.02553176879883
90085800,2015,2015-12-30,9550,2015-12-28,2205,021107,NA,1,3,9,1900,0,2,4,NA,1,015,PIONEER BOULEVARD,WASHINGTON BOULEVARD,715,S,N,A,-,N,NA,NA,NA,NA,NA,NA,NA,NA,NA,Y,3,0,2,2,A,-,01,23152,A,N,D,C,A,A,H,-,C,D,0,NA,NA,NA,NA,Y,Y,A,08,0,1,1,0,0,0,0,0,0,-,-,33.97175,-118.08001,LOS ANGELES,UNINCORPORATED,-118.07990167,33.97183587
90085819,2015,2015-12-31,9525,2015-10-12,1050,013390,NA,1,1,4,1913,0,1,1,NA,2,119,I-10 W/B (SAN BERNARDINO FREEWAY),INDIAN HILL BLVD,500,E,N,A,-,Y,NA,NA,10,NA,NA,NA,NA,NA,W,N,4,0,1,2,A,-,07,21658,A,N,B,C,A,A,H,-,A,D,0,NA,NA,Y,NA,Y,NA,A,01,0,0,1,0,0,0,0,0,1,-,-,34.08204,-117.71655,LOS ANGELES,CLAREMONT,-117.71654719,34.08190198
9008583,2019,2020-01-15,1969,2019-11-22,0547,10165,PATRO,5,5,5,1969,0,0,0,NA,0,003,FIRESTONE BL,OTIS ST,40,W,N,A,-,N,NA,NA,NA,NA,NA,NA,NA,NA,NA,Y,4,0,1,2,A,-,09,21801,A,N,-,C,A,A,H,-,C,A,0,NA,NA,NA,NA,Y,NA,D,22,0,0,1,0,0,0,0,0,0,-,-,NA,NA,LOS ANGELES,SOUTH GATE,-118.19664764404295,33.95327377319336
90085875,2015,2015-12-31,9525,2015-11-30,1445,021097,NA,1,2,6,1955,0,1,3,NA,2,604,SR-60 E/B (POMONA FREEWAY),DIAMOND BAR BLVD.,2640,E,N,A,-,Y,NA,NA,NA,NA,NA,NA,NA,NA,NA,Y,4,0,2,3,A,-,07,21658,A,F,B,C,A,A,H,-,A,D,0,NA,NA,NA,Y,Y,NA,G,25,0,0,2,0,0,0,0,0,0,-,-,34.02659,-117.79122,LOS ANGELES,POMONA,-117.80383438,34.02615582
90085879,2015,2015-12-31,9525,2015-12-09,1430,021153,NA,3,2,6,1975,0,1,1,NA,2,106,I-10 E/B (SAN BERNARDINO FREEWAY),AZUSA AVE,800,W,N,A,-,Y,NA,NA,10,NA,NA,NA,NA,NA,E,Y,4,0,1,3,A,-,03,22350,NA,N,C,C,A,A,H,-,A,D,0,NA,NA,NA,NA,Y,NA,A,01,0,0,1,0,0,0,0,0,0,-,-,34.07211,-117.91426,LOS ANGELES,WEST COVINA,-117.91425996,34.07212009
9008588,2019,2020-02-13,1942,2019-12-11,0935,41729,0334,3,5,7,1942,0,0,0,C,0,3A31,W JEFFERSON BL,EDGEHILL DR,200,W,N,A,-,N,NA,NA,NA,NA,NA,NA,NA,NA,NA,N,4,0,1,2,A,-,08,22102,NA,N,D,C,A,A,H,-,A,A,0,NA,NA,NA,NA,Y,NA,A,01,0,0,1,0,0,0,0,0,0,-,-,NA,NA,LOS ANGELES,LOS ANGELES,-118.33116912841795,34.02559280395508
90085889,2015,2015-12-31,9540,2015-12-23,0050,018454,NA,3,3,9,1900,0,2,4,NA,1,104,SAN FRANCISQUITO CANYON RD,SPUNKY CANYON RD,10560,S,N,A,-,N,NA,NA,NA,NA,NA,NA,NA,NA,NA,Y,4,0,1,1,A,-,03,22350,NA,N,E,I,A,A,H,-,D,B,0,NA,NA,NA,NA,Y,NA,A,01,0,0,1,0,0,0,0,0,0,-,-,34.59676,-118.44875,LOS ANGELES,UNINCORPORATED,-118.44404225,34.60880648
90085896,2015,2015-12-31,9540,2015-10-09,0356,017414,NA,5,3,9,1900,0,1,1,NA,2,513,I-5 S/B (GOLDEN STATE FREEWAY),QUAIL LAKE ROAD,150,N,N,A,-,Y,NA,NA,5,NA,NA,NA,NA,NA,S,Y,1,1,0,2,A,-,03,22350,NA,N,C,C,A,A,H,-,D,D,0,NA,NA,NA,Y,Y,NA,A,01,0,0,0,0,0,0,0,0,0,-,-,34.76281,-118.79774,LOS ANGELES,UNINCORPORATED,-118.79782148,34.7627638
90085913,2015,2015-12-31,9540,2015-11-04,0825,017076,NA,3,1,7,1942,0,1,1,NA,2,504,I-5 N/B (GSF) TRUCK ROUTE,BALBOA BLVD.,2728,N,N,A,-,Y,NA,NA,NA,NA,NA,NA,NA,NA,NA,Y,1,1,0,2,A,-,08,22107,NA,N,C,E,A,A,H,-,A,D,0,NA,NA,NA,Y,Y,NA,A,01,0,0,0,0,0,0,0,0,0,-,-,34.32699,-118.50218,LOS ANGELES,LOS ANGELES,-118.50218976,34.32631044
90085914,2015,2015-12-31,9525,2015-12-10,1405,019491,NA,4,2,9,1900,0,2,4,NA,2,022,ARROW HIGHWAY,GLENDORA AVENUE,0,NA,Y,B,-,N,NA,NA,NA,NA,NA,NA,NA,NA,NA,Y,3,0,1,1,A,-,03,22350,NA,N,F,A,A,A,H,-,A,A,0,NA,NA,Y,NA,Y,NA,C,02,0,1,0,0,0,0,0,0,1,-,-,34.10688,-117.86414,LOS ANGELES,UNINCORPORATED,-117.8638001,34.10668005
90085917,2015,2015-12-31,9535,2015-12-01,2331,019121,NA,2,3,6,1922,0,1,1,NA,2,400,I-10 (SAN BERNARDINO FWY) EB,BALDWIN AVE,1030,W,N,A,-,Y,NA,NA,10,NA,NA,NA,NA,NA,E,Y,4,0,1,2,A,-,03,22350,NA,N,C,C,A,A,H,-,C,D,0,NA,NA,NA,NA,Y,NA,A,07,0,0,1,0,0,0,0,0,0,-,-,34.07224,-118.06015,LOS ANGELES,EL MONTE,-118.06014996,34.07223319