CASE_ID,ACCIDENT_YEAR,PROC_DATE,JURIS,COLLISION_DATE,COLLISION_TIME,OFFICER_ID,REPORTING_DISTRICT,DAY_OF_WEEK,CHP_SHIFT,POPULATION,CNTY_CITY_LOC,SPECIAL_COND,BEAT_TYPE,CHP_BEAT_TYPE,CITY_DIVISION_LAPD,CHP_BEAT_CLASS,BEAT_NUMBER,PRIMARY_RD,SECONDARY_RD,DISTANCE,DIRECTION,INTERSECTION,WEATHER_1,WEATHER_2,STATE_HWY_IND,CALTRANS_COUNTY,CALTRANS_DISTRICT,STATE_ROUTE,ROUTE_SUFFIX,POSTMILE_PREFIX,POSTMILE,LOCATION_TYPE,RAMP_INTERSECTION,SIDE_OF_HWY,TOW_AWAY,COLLISION_SEVERITY,NUMBER_KILLED,NUMBER_INJURED,PARTY_COUNT,PRIMARY_COLL_FACTOR,PCF_CODE_OF_VIOL,PCF_VIOL_CATEGORY,PCF_VIOLATION,PCF_VIOL_SUBSECTION,HIT_AND_RUN,TYPE_OF_COLLISION,MVIW,PED_ACTION,ROAD_SURFACE,ROAD_COND_1,ROAD_COND_2,LIGHTING,CONTROL_DEVICE,CHP_ROAD_TYPE,PEDESTRIAN_ACCIDENT,BICYCLE_ACCIDENT,MOTORCYCLE_ACCIDENT,TRUCK_ACCIDENT,NOT_PRIVATE_PROPERTY,ALCOHOL_INVOLVED,STWD_VEHTYPE_AT_FAULT,CHP_VEHTYPE_AT_FAULT,COUNT_SEVERE_INJ,COUNT_VISIBLE_INJ,COUNT_COMPLAINT_PAIN,COUNT_PED_KILLED,COUNT_PED_INJURED,COUNT_BICYCLIST_KILLED,COUNT_BICYCLIST_INJURED,COUNT_MC_KILLED,COUNT_MC_INJURED,PRIMARY_RAMP,SECONDARY_RAMP,LATITUDE,LONGITUDE,COUNTY,CITY,POINT_X,POINT_Y
9008993,2019,2020-01-22,1969,2019-11-08,1800,10224,TRAFF,5,5,5,1969,0,0,0,NA,0,001,SOUTHERN AV,SANTA FE AV,75,E,N,A,-,N,NA,NA,NA,NA,NA,NA,NA,NA,NA,N,4,0,1,3,A,-,03,22350,NA,N,C,C,A,A,H,-,C,A,0,NA,NA,NA,NA,Y,NA,-,NA,0,0,1,0,0,0,0,0,0,-,-,NA,NA,LOS ANGELES,SOUTH GATE,-118.2240753173828,33.95295333862305
90089940,2015,2016-01-07,9575,2015-11-28,2250,020711,NA,6,3,6,1925,0,1,3,NA,2,090,SR-2 W/B (GLENDALE FREEWAY),MOUNTAIN STREET,1200,E,N,A,-,Y,NA,NA,2,NA,NA,NA,NA,NA,W,Y,3,0,1,2,A,-,07,21658,A,N,B,C,A,A,H,-,D,D,0,NA,NA,NA,NA,Y,NA,A,01,0,1,0,0,0,0,0,0,0,-,-,34.17068,-118.2231,LOS ANGELES,GLENDALE,-118.22305552,34.17066559
90089955,2015,2016-01-07,9545,2015-12-31,1410,018090,NA,4,2,9,1900,0,3,5,NA,2,001,AVENUE I,70TH ST  W,0,NA,Y,A,-,N,NA,NA,NA,NA,NA,NA,NA,NA,NA,Y,3,0,2,2,A,-,09,21802,A,N,D,C,A,A,H,-,A,A,0,NA,NA,NA,NA,Y,NA,D,22,0,1,1,0,0,0,0,0,0,-,-,34.70395,-118.25438,LOS ANGELES,UNINCORPORATED,-118.25440009,34.70403007
9008997,2019,2020-05-18,1969,2019-11-05,1228,20226,51,2,5,5,1969,0,0,0,NA,0,NA,FIRESTONE BL,LA RIVER,1329,N,N,A,-,N,NA,NA,NA,NA,NA,NA,NA,NA,NA,NA,2,0,1,2,A,-,17,23253,NA,N,G,B,F,A,H,-,A,D,0,Y,NA,NA,NA,Y,Y,A,07,1,0,0,0,1,0,0,0,0,-,-,NA,NA,LOS ANGELES,SOUTH GATE,NA,NA
90089978,2015,2016-01-07,9590,2015-12-05,1620,019146,NA,6,2,7,1942,0,1,3,NA,2,031,SR-60 W/B,BOYLE AVENUE,100,W,N,A,-,Y,NA,NA,60,NA,NA,NA,NA,NA,W,N,4,0,1,2,A,-,03,22350,NA,F,C,C,A,A,H,-,A,D,0,NA,NA,NA,NA,Y,NA,D,22,0,0,1,0,0,0,0,0,0,-,-,34.02947,-118.22198,LOS ANGELES,LOS ANGELES,-118.22197969,34.02947866
90089979,2015,2016-01-07,9575,2015-11-28,1600,020614,NA,6,2,9,1900,0,2,4,NA,2,320,ANGELES FOREST HIGHWAY,BIG TUJUNGA CANYON RD.,528,N,N,A,-,N,NA,NA,NA,NA,NA,NA,NA,NA,NA,Y,4,0,1,1,A,-,03,22350,NA,N,E,J,A,A,H,-,B,D,0,NA,NA,Y,NA,Y,NA,C,02,0,0,1,0,0,0,0,0,1,-,-,34.29825,-118.16074,LOS ANGELES,UNINCORPORATED,-118.1604313,34.29793671
90089985,2015,2016-01-07,9580,2015-11-22,1515,019952,NA,7,2,7,1942,0,1,2,NA,2,101,US-101 S/B (VENTURA FREEWAY),COLFAX AVE,100,N,N,A,-,Y,NA,NA,101,NA,NA,NA,NA,NA,S,N,4,0,3,3,A,-,03,22350,NA,N,C,C,A,A,H,-,A,D,0,NA,NA,NA,NA,Y,NA,A,01,0,0,3,0,0,0,0,0,0,-,-,34.15448,-118.3882,LOS ANGELES,LOS ANGELES,-118.3881997,34.15436199
90089998,2015,2016-01-07,9580,2015-11-22,1731,019952,NA,7,2,7,1942,0,1,2,NA,2,101,US-101 S/B (VENTURA FREEWAY),LAUREL CANYON BLVD,900,N,N,A,-,Y,NA,NA,101,NA,NA,NA,NA,NA,S,N,4,0,1,3,A,-,03,22350,NA,N,C,C,A,A,H,-,D,D,0,NA,NA,NA,NA,Y,NA,A,01,0,0,1,0,0,0,0,0,0,-,-,34.15451,-118.39737,LOS ANGELES,LOS ANGELES,-118.3973831,34.15435714
9009001,2019,2019-12-31,1969,2019-11-22,2209,10216,PATRO,5,5,5,1969,0,0,0,NA,0,002,FIRESTONE BL,CHESNUT  AV,4,S,N,A,-,N,NA,NA,NA,NA,NA,NA,NA,NA,NA,N,4,0,1,2,A,-,17,21200,A,N,H,G,A,A,H,-,C,A,0,NA,Y,NA,NA,Y,NA,L,04,0,0,1,0,0,0,1,0,0,-,-,NA,NA,LOS ANGELES,SOUTH GATE,-118.21914672851564,33.955501556396484
9009005,2019,2020-02-06,1969,2019-11-21,0106,10216,PATRO,4,5,5,1969,0,0,0,NA,0,005,FIRESTONE BL,RT 710,10,W,N,C,-,Y,LA,7,710,-,-,18.663,R,4,S,N,4,0,1,2,A,-,08,22107,NA,N,D,C,A,B,H,-,C,A,0,NA,NA,NA,NA,Y,NA,A,01,0,0,1,0,0,0,0,0,0,-,-,NA,NA,LOS ANGELES,SOUTH GATE,-118.1707000732422,33.953006744384766
90090060,2015,2016-01-07,9575,2015-12-28,1730,017852,NA,1,2,6,1925,0,1,3,NA,2,042,SR-134 W/B (VENTURA FREEWAY),BRAND BLVD.,900,E,N,B,-,Y,NA,NA,134,NA,NA,NA,NA,NA,W,Y,4,0,2,3,A,-,03,22350,NA,N,C,C,A,A,H,-,B,D,0,NA,NA,NA,NA,Y,NA,A,07,0,0,2,0,0,0,0,0,0,-,-,34.15648,-118.25007,LOS ANGELES,GLENDALE,-118.25006986,34.15645714
90090069,2015,2016-01-07,9575,2015-11-30,0910,017354,NA,1,1,7,1942,0,1,3,NA,2,043,SR-134 E/B (VENTURA FREEWAY),RIVERSIDE DR. O/C (VICTORY BLVD),1500,W,N,A,-,Y,NA,NA,134,NA,NA,NA,NA,NA,E,Y,4,0,1,4,A,-,03,22350,NA,N,C,C,A,A,H,-,A,D,0,NA,NA,NA,NA,Y,NA,A,01,0,0,1,0,0,0,0,0,0,-,-,34.15585,-118.29885,LOS ANGELES,LOS ANGELES,-118.29884322,34.15589177
90090088,2015,2016-01-07,9575,2015-11-30,0910,018353,NA,1,1,7,1942,0,1,1,NA,2,061,I-210 E/B (FOOTHILL FREEWAY),LOWELL AVE,800,W,N,A,-,Y,NA,NA,210,NA,NA,NA,NA,NA,E,Y,4,0,2,2,A,-,03,22350,NA,N,C,C,A,A,H,-,A,D,0,NA,NA,NA,NA,Y,NA,A,01,0,0,2,0,0,0,0,0,0,-,-,34.23177,-118.26902,LOS ANGELES,LOS ANGELES,-118.26902628,34.23174212
9009009,2019,2020-01-22,1969,2019-11-23,1055,10231,PATRO,6,5,5,1969,0,0,0,NA,0,0A4,FIRESTONE BL,HILDRETH AV,70,W,N,A,-,N,NA,NA,NA,NA,NA,NA,NA,NA,NA,NA,4,0,1,2,A,-,03,22350,NA,N,C,C,A,A,H,-,A,A,0,NA,NA,NA,NA,Y,NA,-,NA,0,0,1,0,0,0,0,0,0,-,-,NA,NA,LOS ANGELES,SOUTH GATE,-118.1872100830078,33.952274322509766
90090098,2016,2016-01-07,9545,2016-01-05,1220,012653,NA,2,1,9,1900,0,3,5,NA,2,002,GODDE HILL RD,ELIZABETH LAKE RD.,6864,N,N,B,C,N,NA,NA,NA,NA,NA,NA,NA,NA,NA,Y,4,0,1,1,A,-,03,22350,NA,N,E,I,A,B,H,-,A,D,0,NA,NA,NA,NA,Y,NA,A,07,0,0,1,0,0,0,0,0,0,-,-,34.61007,-118.24317,LOS ANGELES,UNINCORPORATED,-118.24211163,34.61019
90090100,2015,2016-01-07,9530,2015-12-06,0910,020096,NA,7,1,9,1900,0,3,5,NA,2,005,MANHATTAN BEACH BLVD.,CRANBROOK AVE.,51,E,N,B,-,N,NA,NA,NA,NA,NA,NA,NA,NA,NA,Y,4,0,1,2,A,-,03,22350,NA,N,C,C,A,A,H,-,A,D,0,NA,NA,NA,NA,Y,NA,D,22,0,0,1,0,0,0,0,0,0,-,-,33.88747,-118.33646,LOS ANGELES,UNINCORPORATED,-118.33650228,33.88759
90090111,2015,2016-01-07,9530,2015-12-28,0845,019357,NA,1,1,5,1977,0,1,1,NA,2,120,I-110 S/B TO CARSON ST.,CARSON ST.,10,S,N,A,-,Y,NA,NA,110,NA,NA,NA,R,NA,S,Y,4,0,1,2,A,-,03,22350,NA,F,C,C,A,A,H,-,A,D,0,NA,NA,NA,NA,Y,NA,-,99,0,0,1,0,0,0,0,0,0,-,-,33.83229,-118.28796,LOS ANGELES,CARSON,-118.28796,33.83229
90090112,2016,2016-01-07,9545,2016-01-05,0730,013963,NA,2,1,9,1900,0,1,3,NA,2,021,SR-14 N/B FROM PALMDALE BLVD E/B,PALMDALE BLVD,50,S,N,B,C,Y,NA,NA,NA,NA,NA,NA,NA,NA,NA,Y,4,0,1,1,A,-,03,22350,NA,N,E,I,A,B,H,-,A,D,0,NA,NA,NA,NA,Y,NA,D,22,0,0,1,0,0,0,0,0,0,-,-,34.57991,-118.1329,LOS ANGELES,UNINCORPORATED,-118.13364,34.5811929
90090113,2015,2016-01-07,9575,2015-12-28,1730,019538,NA,1,2,7,1942,0,1,3,NA,2,044,SR-134 W/B (VENTURA FREEWAY),LANKERSHIM BLVD.,400,E,N,A,-,Y,NA,NA,134,NA,NA,NA,NA,NA,W,Y,4,0,1,3,A,-,03,22350,NA,N,C,C,A,A,H,-,C,D,0,NA,NA,NA,NA,Y,NA,A,01,0,0,1,0,0,0,0,0,0,-,-,34.15348,-118.3658,LOS ANGELES,LOS ANGELES,-118.36579184,34.15332172
90090117,2015,2016-01-07,9540,2015-12-30,2220,019909,NA,3,3,9,1900,0,2,4,NA,1,104,SAN FRANCISQUITO CANYON RD,STATOR LANE,1584,S,N,A,-,N,NA,NA,NA,NA,NA,NA,NA,NA,NA,Y,4,0,2,2,A,-,03,22350,NA,N,A,C,A,A,H,-,D,D,0,NA,NA,NA,NA,Y,NA,A,07,0,0,2,0,0,0,0,0,0,-,-,34.53278,-118.52875,LOS ANGELES,UNINCORPORATED,-118.52690874,34.53339445
9009013,2019,2019-12-31,1969,2019-11-19,1806,20226,TRAFF,2,5,5,1969,0,0,0,NA,0,NA,IMPERIAL HWY,RUCHTI RD,75,W,N,B,-,N,NA,NA,NA,NA,NA,NA,NA,NA,NA,Y,4,0,1,1,A,-,08,22107,NA,N,E,I,A,A,H,-,C,A,0,NA,NA,NA,NA,Y,NA,A,01,0,0,1,0,0,0,0,0,0,-,-,NA,NA,LOS ANGELES,SOUTH GATE,-118.17011260986328,33.9300422668457
90090134,2015,2016-01-07,9575,2015-11-30,1520,019754,NA,1,2,7,1942,0,1,3,NA,2,044,SR-134 EASTBOUND (VENTURA FWY),LANKERSHIM BLVD.,300,E,N,A,-,Y,NA,NA,134,NA,NA,NA,NA,NA,E,Y,4,0,1,2,A,-,07,21658,A,N,B,C,A,A,H,-,A,D,0,NA,NA,NA,Y,Y,NA,-,-,0,0,1,0,0,0,0,0,0,-,-,34.15306,-118.36715,LOS ANGELES,LOS ANGELES,-118.36714965,34.15305386
90090142,2016,2016-01-07,9545,2016-01-05,1040,015351,NA,2,1,9,1900,0,1,3,NA,2,031,SR-14 N/B,SANTIAGO RD,635,S,N,C,-,Y,NA,NA,14,NA,NA,NA,NA,NA,N,Y,4,0,2,1,A,-,08,22107,NA,N,E,I,A,B,H,-,A,D,0,NA,NA,NA,NA,Y,NA,A,01,0,0,2,0,0,0,0,0,0,-,-,34.48881,-118.16411,LOS ANGELES,UNINCORPORATED,-118.1639825,34.48906403
90090154,2016,2016-01-07,9545,2016-01-05,1400,015589,NA,2,2,9,1900,0,1,3,NA,2,031,SR-14 N/B,MOUNTAIN SPRINGS RD,0,NA,N,B,C,Y,NA,NA,14,NA,NA,NA,NA,NA,N,Y,4,0,1,1,A,-,03,22350,NA,N,E,I,A,B,H,-,A,D,0,NA,NA,NA,NA,Y,NA,A,01,0,0,1,0,0,0,0,0,0,-,-,34.49646,-118.12371,LOS ANGELES,UNINCORPORATED,-118.12377733,34.49651914
90090169,2015,2016-01-07,9530,2015-12-06,2035,020349,NA,7,2,7,1941,0,1,1,NA,2,430,I-405 N/B (SAN DIEGO FREEWAY),LOS CERRITOS CHANNEL,100,S,N,A,-,Y,NA,NA,405,NA,NA,NA,NA,NA,N,Y,3,0,1,2,A,-,03,22350,NA,N,B,C,A,A,H,-,C,D,0,NA,NA,Y,NA,Y,NA,C,02,0,1,0,0,0,0,0,0,1,-,-,33.79341,-118.103,LOS ANGELES,LONG BEACH,-118.10301413,33.79339237
9009017,2019,2019-12-31,1969,2019-11-18,1757,10200,PATRO,1,5,5,1969,0,0,0,NA,0,003,BRYSON AV,TWEEDY BL,140,N,N,A,-,N,NA,NA,NA,NA,NA,NA,NA,NA,NA,Y,4,0,1,2,A,-,01,23153,A,F,D,C,A,A,H,-,C,D,0,NA,NA,NA,NA,Y,Y,A,01,0,0,1,0,0,0,0,0,0,-,-,NA,NA,LOS ANGELES,SOUTH GATE,-118.19342803955078,33.94325256347656
90090184,2015,2016-01-07,9575,2015-11-30,1530,020182,NA,1,2,7,1942,0,1,3,NA,2,070,SR-118 E/B (RONALD REAGAN FWY.),GLENOAKS BLVD.,500,W,N,A,-,Y,NA,NA,118,NA,NA,NA,NA,NA,E,Y,4,0,1,2,A,-,03,22350,NA,N,C,C,A,A,H,-,B,D,0,NA,NA,NA,NA,Y,NA,A,07,0,0,1,0,0,0,0,0,0,-,-,34.27677,-118.42307,LOS ANGELES,LOS ANGELES,-118.42311318,34.27682196
90090187,2015,2016-01-07,9535,2015-11-29,2110,021148,NA,7,2,9,1900,0,2,4,NA,2,016,1ST ST,GAGE AVE,0,NA,Y,A,-,N,NA,NA,NA,NA,NA,NA,NA,NA,NA,Y,4,0,1,2,A,-,12,21453,A,N,D,C,A,A,H,-,C,A,0,NA,NA,NA,NA,Y,NA,A,08,0,0,1,0,0,0,0,0,0,-,-,34.03611,-118.18447,LOS ANGELES,UNINCORPORATED,-118.18464012,34.03603005
90090201,2015,2016-01-07,9530,2015-12-06,1600,020546,NA,7,2,9,1900,0,3,5,NA,2,001,FLORENCE AVE. (1800 BLOCK),WILMINGTON AVE.,25,E,N,A,-,N,NA,NA,NA,NA,NA,NA,NA,NA,NA,Y,4,0,2,2,A,-,03,22350,NA,N,C,C,A,A,H,-,A,A,0,NA,NA,NA,NA,Y,NA,A,01,0,0,2,0,0,0,0,0,0,-,-,33.97464,-118.23921,LOS ANGELES,UNINCORPORATED,-118.23893771,33.97472
90090208,2015,2016-01-07,9535,2015-12-10,0735,016021,NA,4,1,5,1952,0,1,1,NA,2,105,I-105 (CENTURY FREEWAY) W/B,I-710 N/B,528,E,N,B,-,Y,NA,NA,105,NA,NA,NA,NA,NA,W,Y,4,0,1,2,A,-,08,22107,NA,N,C,C,A,B,H,-,A,D,0,NA,NA,Y,NA,Y,NA,A,01,0,0,1,0,0,0,0,0,1,-,-,33.91209,-118.17755,LOS ANGELES,PARAMOUNT,-118.17751786,33.91218142
9009021,2019,2020-03-18,1942,2019-11-25,1220,35267,2014,1,5,7,1942,0,0,0,NA,0,20A25,N NORMANDIE AV,W 1ST ST,30,N,N,A,-,N,NA,NA,NA,NA,NA,NA,NA,NA,NA,N,4,0,1,2,A,-,03,22350,NA,F,G,B,E,A,H,-,A,D,0,Y,NA,NA,NA,Y,NA,-,99,0,0,1,0,1,0,0,0,0,-,-,NA,NA,LOS ANGELES,LOS ANGELES,-118.30039978027344,34.073822021484375
90090212,2015,2016-01-07,9580,2015-12-06,0315,20100,NA,7,3,7,1942,0,1,3,NA,2,170,SR-170 N/B (HOLLYWOOD FWY),BURBANK BLVD,500,S,N,A,-,Y,NA,NA,170,NA,NA,NA,NA,NA,N,N,4,0,1,2,A,-,08,22107,NA,N,B,C,A,A,H,-,C,D,0,NA,NA,NA,NA,Y,Y,-,-,0,0,1,0,0,0,0,0,0,-,-,34.16811,-118.38415,LOS ANGELES,LOS ANGELES,-118.38406894,34.16815957
90090223,2015,2016-01-07,9575,2015-11-30,1559,020182,NA,1,2,7,1942,0,1,3,NA,2,070,SR-118 E/B (RONALD REAGAN FWY.),SAN FERNANDO RD.,400,W,N,A,-,Y,NA,NA,118,NA,NA,NA,NA,NA,E,Y,4,0,1,2,A,-,03,22350,NA,N,C,C,A,A,H,-,B,D,0,NA,NA,NA,NA,Y,NA,A,07,0,0,1,0,0,0,0,0,0,-,-,34.27101,-118.43049,LOS ANGELES,LOS ANGELES,-118.43054132,34.27108047
90090228,2015,2016-01-07,9525,2015-12-15,0630,015445,NA,2,1,4,1960,0,1,3,NA,2,571,SR-57 S/B (ORANGE FREEWAY),ARROW HIGHWAY,700,N,N,A,-,Y,NA,NA,57,NA,NA,NA,NA,NA,S,Y,4,0,2,3,A,-,07,21658,A,N,B,C,A,A,H,-,B,D,0,NA,NA,NA,NA,Y,NA,-,-,0,0,2,0,0,0,0,0,0,-,-,34.1079,-117.82226,LOS ANGELES,SAN DIMAS,-117.82239753,34.10783054
90090239,2016,2016-01-07,9540,2016-01-05,0625,015093,NA,2,1,9,1900,0,2,4,NA,1,204,BOUQUET CANYON ROAD,BIG OAKS LODGE,300,S,N,B,C,N,NA,NA,NA,NA,NA,NA,NA,NA,NA,Y,4,0,2,1,A,-,03,22350,NA,N,E,I,A,B,H,-,D,D,0,NA,NA,NA,NA,Y,NA,A,08,0,0,2,0,0,0,0,0,0,-,-,34.54728,-118.43381,LOS ANGELES,UNINCORPORATED,-118.43402875,34.54687419
90090240,2015,2016-01-07,9530,2015-12-06,0505,020583,NA,7,3,7,1941,0,1,1,NA,2,071,I-710 N/B (LONG BEACH FREEWAY),ARTESIA BLVD.,1160,S,N,A,-,Y,NA,NA,710,NA,NA,NA,NA,NA,N,Y,3,0,1,1,A,-,08,22107,NA,N,E,I,A,A,H,-,C,D,0,NA,NA,NA,NA,Y,NA,A,01,0,1,0,0,0,0,0,0,0,-,-,33.8711,-118.194,LOS ANGELES,LONG BEACH,-118.19417587,33.87117484
90090241,2016,2016-01-07,9550,2016-01-04,1200,020131,NA,1,1,5,1908,0,1,1,NA,2,652,I-605 N/B TO ALONDRA BLVD.,ALONDRA BOULEVARD,200,S,N,B,-,Y,NA,NA,NA,NA,NA,NA,NA,NA,NA,Y,4,0,1,2,C,-,18,NA,NA,N,C,C,A,A,H,-,A,D,0,NA,NA,NA,NA,Y,NA,-,-,0,0,1,0,0,0,0,0,0,-,-,33.88619,-118.10351,LOS ANGELES,BELLFLOWER,-118.1043,33.88746
90090243,2015,2016-01-07,9575,2015-12-01,0835,017354,NA,2,1,7,1942,0,1,1,NA,2,053,I-5 N/B (GOLDEN STATE FREEWAY),VAN NUYS BLVD. U/C,400,S,N,A,-,Y,NA,NA,5,NA,NA,NA,NA,NA,N,N,4,0,1,2,A,-,03,22350,NA,N,C,C,A,A,H,-,A,D,0,NA,NA,NA,NA,Y,NA,A,08,0,0,1,0,0,0,0,0,0,-,-,34.25595,-118.43368,LOS ANGELES,LOS ANGELES,-118.43389841,34.25571839
9009025,2019,2019-12-31,1969,2019-11-23,1732,10226,PATRO,6,5,5,1969,0,0,0,NA,0,005,GARFIELD AV,FIRESTONE BL,310,S,N,A,-,N,NA,NA,NA,NA,NA,NA,NA,NA,NA,N,3,0,1,2,A,-,05,21650,1,F,B,G,A,A,H,-,A,A,0,NA,Y,NA,NA,Y,NA,L,04,0,1,0,0,0,0,1,0,0,-,-,NA,NA,LOS ANGELES,SOUTH GATE,-118.16546630859376,33.948265075683594
9009029,2019,2019-12-31,1942,2019-11-25,1530,38262,2055,1,5,7,1942,0,0,0,NA,0,20A69,PICO BL,DEWEY AV,0,NA,Y,A,-,N,NA,NA,NA,NA,NA,NA,NA,NA,NA,N,4,0,1,2,A,-,03,22350,NA,F,C,C,A,A,H,-,A,D,0,NA,NA,NA,NA,Y,NA,-,99,0,0,1,0,0,0,0,0,0,-,-,NA,NA,LOS ANGELES,LOS ANGELES,-118.29580688476564,34.047271728515625
90090318,2015,2016-01-07,9530,2015-12-17,1755,017860,NA,4,2,7,1942,0,1,1,NA,2,200,I-105 W/B (GLENN ANDERSON FWY),VERMONT AVE.,1584,E,N,A,-,Y,NA,NA,105,NA,NA,NA,NA,NA,W,N,3,0,1,1,A,-,08,22107,NA,N,E,I,A,A,H,-,C,D,0,NA,NA,NA,NA,Y,NA,A,01,0,1,0,0,0,0,0,0,0,-,-,33.92904,-118.28354,LOS ANGELES,LOS ANGELES,-118.28353837,33.92888061
90090329,2015,2016-01-07,9575,2015-12-01,1840,018381,NA,2,2,7,1942,0,1,1,NA,2,052,I-5 S/B (GOLDEN STATE FREEWAY),HOLLYWOOD WAY,1320,N,N,A,-,Y,NA,NA,5,NA,NA,NA,NA,NA,S,Y,4,0,1,2,A,-,03,22350,NA,N,C,C,A,A,H,-,D,D,0,NA,NA,NA,NA,Y,NA,A,01,0,0,1,0,0,0,0,0,0,-,-,34.21702,-118.35461,LOS ANGELES,LOS ANGELES,-118.35450557,34.21711859
9009033,2019,2019-12-31,1942,2019-11-10,2300,44032,2041,7,5,7,1942,0,0,0,NA,0,20A34,W OLYMPIC BL,WESTCHESTER PL,80,E,N,A,-,N,NA,NA,NA,NA,NA,NA,NA,NA,NA,Y,4,0,1,3,A,-,03,22350,NA,N,B,E,A,A,H,-,C,D,0,NA,NA,NA,NA,Y,NA,-,NA,0,0,1,0,0,0,0,0,0,-,-,NA,NA,LOS ANGELES,LOS ANGELES,-118.31629943847656,34.0525016784668
90090339,2015,2016-01-07,9525,2015-12-17,0625,015445,NA,4,1,6,1955,0,1,3,NA,2,072,SR-71 N/B (CHINO VALLEY FREEWAY),RIDGEWAY ST. U/C,525,S,N,A,-,Y,NA,NA,71,NA,NA,NA,NA,NA,N,Y,3,0,2,3,A,-,03,22350,NA,N,C,C,A,A,H,-,B,D,0,NA,NA,NA,NA,Y,NA,A,01,0,1,1,0,0,0,0,0,0,-,-,34.06482,-117.79667,LOS ANGELES,POMONA,-117.79672172,34.0646691
90090342,2015,2016-01-07,9530,2015-12-18,1745,017860,NA,5,2,7,1941,0,1,1,NA,2,420,I-405 S/B (SAN DIEGO FREEWAY),SANTA FE AVE.,150,S,N,A,-,Y,NA,NA,405,NA,NA,NA,NA,NA,S,Y,4,0,1,2,A,-,03,22350,NA,N,C,C,A,A,H,-,A,D,0,NA,NA,NA,NA,Y,NA,A,01,0,0,1,0,0,0,0,0,0,-,-,33.82623,-118.21238,LOS ANGELES,LONG BEACH,-118.21233258,33.82603653
90090347,2015,2016-01-07,9525,2015-12-17,1057,015445,NA,4,1,6,1955,0,1,1,NA,2,109,I-10 W/B (SAN BERNARDINO FREEWAY),CLEVELAND ST. PED U/C,150,E,N,A,-,Y,NA,NA,10,NA,NA,NA,NA,NA,W,Y,4,0,1,3,A,-,03,22350,NA,N,C,C,A,A,H,-,A,D,0,NA,NA,Y,Y,Y,NA,C,02,0,0,1,0,0,0,0,0,1,-,-,34.07237,-117.77132,LOS ANGELES,POMONA,-117.77135034,34.07217596
90090353,2015,2016-01-07,9530,2015-12-19,1755,017860,NA,6,2,7,1942,0,1,1,NA,2,400,I-405 S/B (SAN DIEGO FREEWAY),NORMANDIE AVE.,200,S,N,B,C,Y,NA,NA,405,NA,NA,NA,NA,NA,S,Y,4,0,2,2,A,-,03,22350,NA,N,C,C,A,B,H,-,D,D,0,NA,NA,NA,NA,Y,NA,A,01,0,0,2,0,0,0,0,0,0,-,-,33.85972,-118.29784,LOS ANGELES,LOS ANGELES,-118.29784001,33.85972624
9009037,2019,2019-12-31,1942,2019-11-18,1310,40719,0841,1,5,7,1942,0,0,0,H,0,8A53,BUNDY DR,ROCHESTER AV,0,NA,Y,A,-,N,NA,NA,NA,NA,NA,NA,NA,NA,NA,Y,3,0,2,2,A,-,03,22350,NA,N,C,C,A,A,H,-,A,A,0,NA,NA,NA,NA,Y,NA,A,01,0,1,1,0,0,0,0,0,0,-,-,NA,NA,LOS ANGELES,LOS ANGELES,-118.46498870849608,34.0419807434082
90090389,2015,2016-01-07,9530,2015-12-06,1520,020624,NA,7,2,9,1900,0,3,5,NA,2,001,MIRAMONTE BLVD.,77TH PL.,0,NA,Y,A,-,N,NA,NA,NA,NA,NA,NA,NA,NA,NA,N,3,0,1,2,A,-,06,21750,NA,N,B,C,A,A,H,-,A,D,0,NA,NA,Y,NA,Y,NA,C,03,0,1,0,0,0,0,0,0,1,-,-,33.97009,-118.24552,LOS ANGELES,UNINCORPORATED,-118.24552007,33.96914008
90090394,2015,2016-01-07,9565,2015-11-05,1320,016074,NA,4,1,7,1942,0,1,1,NA,2,064,I-405 N/B (SAN DIEGO FWY),MORAGA DR,100,S,N,A,-,Y,NA,NA,405,NA,NA,NA,NA,NA,N,Y,4,0,1,2,A,-,08,22107,NA,N,B,C,A,A,H,-,A,D,0,NA,NA,NA,NA,Y,NA,A,01,0,0,1,0,0,0,0,0,0,-,-,34.07667,-118.46953,LOS ANGELES,LOS ANGELES,-118.46948796,34.07670257
9009041,2019,2020-02-26,1942,2019-11-22,1555,42501,0639,5,5,7,1942,0,0,0,F,0,6A45,FRANKLIN AV,HARVARD,0,NA,Y,A,-,N,NA,NA,NA,NA,NA,NA,NA,NA,NA,N,4,0,1,2,A,-,08,22107,NA,N,D,C,A,A,H,-,A,D,0,NA,NA,NA,NA,Y,NA,-,NA,0,0,1,0,0,0,0,0,0,-,-,NA,NA,LOS ANGELES,LOS ANGELES,-118.30500793457033,34.10538864135742
9009042,2019,2020-01-02,1942,2019-11-16,1030,42514,1788,6,5,7,1942,0,0,0,Q,0,17A95,PARTHENIA ST,LOUISE AV,0,NA,Y,A,-,N,NA,NA,NA,NA,NA,NA,NA,NA,NA,Y,4,0,1,2,A,-,08,22107,NA,N,A,C,A,A,H,-,A,A,0,NA,NA,NA,NA,Y,NA,-,NA,0,0,1,0,0,0,0,0,0,-,-,NA,NA,LOS ANGELES,LOS ANGELES,-118.50982666015624,34.22854995727539