CASE_ID,ACCIDENT_YEAR,PROC_DATE,JURIS,COLLISION_DATE,COLLISION_TIME,OFFICER_ID,REPORTING_DISTRICT,DAY_OF_WEEK,CHP_SHIFT,POPULATION,CNTY_CITY_LOC,SPECIAL_COND,BEAT_TYPE,CHP_BEAT_TYPE,CITY_DIVISION_LAPD,CHP_BEAT_CLASS,BEAT_NUMBER,PRIMARY_RD,SECONDARY_RD,DISTANCE,DIRECTION,INTERSECTION,WEATHER_1,WEATHER_2,STATE_HWY_IND,CALTRANS_COUNTY,CALTRANS_DISTRICT,STATE_ROUTE,ROUTE_SUFFIX,POSTMILE_PREFIX,POSTMILE,LOCATION_TYPE,RAMP_INTERSECTION,SIDE_OF_HWY,TOW_AWAY,COLLISION_SEVERITY,NUMBER_KILLED,NUMBER_INJURED,PARTY_COUNT,PRIMARY_COLL_FACTOR,PCF_CODE_OF_VIOL,PCF_VIOL_CATEGORY,PCF_VIOLATION,PCF_VIOL_SUBSECTION,HIT_AND_RUN,TYPE_OF_COLLISION,MVIW,PED_ACTION,ROAD_SURFACE,ROAD_COND_1,ROAD_COND_2,LIGHTING,CONTROL_DEVICE,CHP_ROAD_TYPE,PEDESTRIAN_ACCIDENT,BICYCLE_ACCIDENT,MOTORCYCLE_ACCIDENT,TRUCK_ACCIDENT,NOT_PRIVATE_PROPERTY,ALCOHOL_INVOLVED,STWD_VEHTYPE_AT_FAULT,CHP_VEHTYPE_AT_FAULT,COUNT_SEVERE_INJ,COUNT_VISIBLE_INJ,COUNT_COMPLAINT_PAIN,COUNT_PED_KILLED,COUNT_PED_INJURED,COUNT_BICYCLIST_KILLED,COUNT_BICYCLIST_INJURED,COUNT_MC_KILLED,COUNT_MC_INJURED,PRIMARY_RAMP,SECONDARY_RAMP,LATITUDE,LONGITUDE,COUNTY,CITY,POINT_X,POINT_Y
90092831,2015,2016-01-11,9530,2015-12-12,1140,020546,NA,6,1,9,1900,0,3,5,NA,2,001,COMPTON AVE.,SLAUSON AVE.,0,NA,Y,A,-,N,NA,NA,NA,NA,NA,NA,NA,NA,NA,N,3,0,1,2,A,-,09,21801,A,N,D,G,A,A,H,-,A,A,0,NA,Y,NA,NA,Y,NA,A,01,0,1,0,0,0,0,1,0,0,-,-,33.98907,-118.24751,LOS ANGELES,UNINCORPORATED,-118.24776008,33.98934007
90092832,2015,2016-01-11,9565,2015-12-30,1540,016020,NA,3,2,5,1928,0,1,1,NA,2,060,I-405 S/B (SAN DIEGO FWY),135TH ST,175,S,N,A,-,Y,NA,NA,NA,NA,NA,NA,NA,NA,NA,Y,4,0,1,3,A,-,03,22350,NA,N,C,C,A,A,H,-,A,D,0,NA,NA,NA,NA,Y,NA,A,01,0,0,1,0,0,0,0,0,0,-,-,34.54512,-118.16516,LOS ANGELES,HAWTHORNE,-118.37057,33.90900001
90092850,2016,2016-01-27,9565,2016-01-01,1535,019556,NA,5,2,4,1918,0,1,1,NA,2,061,I-405 S/B (SAN DIEGO FREEWAY),CULVER BLVD,150,S,N,A,-,Y,NA,NA,405,NA,NA,NA,NA,NA,S,Y,4,0,1,2,A,-,08,22107,NA,N,B,C,A,A,H,-,A,D,0,NA,NA,Y,NA,Y,NA,D,22,0,0,1,0,0,0,0,0,0,-,-,33.9989,-118.40816,LOS ANGELES,CULVER CITY,-118.40811218,33.99893787
90092855,2015,2016-01-11,9530,2015-12-12,1545,020546,NA,6,2,9,1900,0,3,5,NA,2,001,ALAMEDA ST (7900 BLOCK),NADEAU ST.,300,S,N,A,-,N,NA,NA,NA,NA,NA,NA,NA,NA,NA,N,4,0,2,2,A,-,09,21804,A,N,D,C,A,A,H,-,A,D,0,NA,NA,NA,NA,Y,NA,A,07,0,0,2,0,0,0,0,0,0,-,-,33.96639,-118.23307,LOS ANGELES,UNINCORPORATED,-118.23303952,33.96664114
90092862,2016,2016-01-11,9565,2016-01-05,0925,020173,NA,2,1,6,1933,0,1,1,NA,2,060,I-405 N/B (SAN DIEGO FWY),MANCHESTER BLVD,400,S,N,C,-,Y,NA,NA,405,NA,NA,NA,NA,NA,N,Y,4,0,1,2,A,-,03,22350,NA,N,C,C,A,B,H,-,A,D,0,NA,NA,NA,NA,Y,NA,A,01,0,0,1,0,0,0,0,0,0,-,-,33.96119,-118.36962,LOS ANGELES,INGLEWOOD,-118.3692492,33.96119
90092866,2016,2016-01-11,9565,2016-01-08,1635,015275,NA,5,2,7,1942,0,1,1,NA,2,062,I-405 S/B (PHILIP DENNIS ORTIZ MEM HWY),PALMS BOULEVARD,528,N,N,B,-,Y,NA,NA,405,NA,NA,NA,NA,NA,S,Y,4,0,1,2,A,-,07,21658,A,N,B,C,A,A,H,-,A,D,0,NA,NA,Y,NA,Y,NA,A,07,0,0,1,0,0,0,0,0,1,-,-,34.02028,-118.42492,LOS ANGELES,LOS ANGELES,-118.42496602,34.02024358
90092870,2016,2016-01-11,9550,2016-01-11,0820,021087,NA,1,1,9,1900,0,3,5,NA,2,002,IMPERIAL HIGHWAY,TIGRINA AVE.,0,NA,Y,B,-,N,NA,NA,NA,NA,NA,NA,NA,NA,NA,Y,4,0,1,2,A,-,09,21802,A,N,A,C,A,A,H,-,A,D,0,NA,NA,NA,NA,Y,NA,A,01,0,0,1,0,0,0,0,0,0,-,-,33.91737,-117.9807,LOS ANGELES,UNINCORPORATED,-117.98080012,33.91735012
90092871,2015,2016-01-11,9535,2015-11-30,1720,019540,NA,1,2,3,1914,0,1,1,NA,2,500,I-5 N/B (SANTA ANA FREEWAY),TRIGGS ST,600,N,N,A,-,Y,NA,NA,5,NA,NA,NA,NA,NA,N,Y,4,0,1,3,A,-,03,22350,NA,N,C,C,A,A,H,-,C,D,0,NA,NA,NA,NA,Y,NA,A,01,0,0,1,0,0,0,0,0,0,-,-,34.01254,-118.1639,LOS ANGELES,COMMERCE,-118.16384908,34.01265308
90092874,2016,2016-01-11,9565,2016-01-08,1730,015275,NA,5,2,4,1918,0,1,1,NA,2,061,I-405 N/B (SAN DIEGO FREEWAY),CULVER BOULEVARD,528,S,N,B,-,Y,NA,NA,405,NA,NA,NA,NA,NA,N,Y,4,0,1,2,A,-,03,22350,NA,N,C,C,A,A,H,-,D,D,0,NA,NA,NA,NA,Y,NA,A,01,0,0,1,0,0,0,0,0,0,-,-,34.00153,-118.40989,LOS ANGELES,CULVER CITY,-118.40987908,34.00153838
90092876,2016,2016-01-11,9565,2016-01-05,1135,020173,NA,2,1,9,1900,0,3,5,NA,2,002,CRENSHAW BLVD,132ND ST,0,NA,Y,C,-,N,NA,NA,NA,NA,NA,NA,NA,NA,NA,Y,4,0,2,2,A,-,03,22350,NA,N,C,C,A,B,H,-,A,D,0,NA,NA,NA,NA,Y,NA,A,01,0,0,2,0,0,0,0,0,0,-,-,33.912350000000004,-118.32658,LOS ANGELES,UNINCORPORATED,-118.32660003,33.91234003
90092889,2016,2016-01-11,9565,2016-01-08,1435,020173,NA,5,2,6,1933,0,1,1,NA,2,060,I-405 N/B (SAN DIEGO FWY),CENTURY BLVD,140,N,N,A,-,Y,NA,NA,405,NA,NA,NA,NA,NA,N,Y,2,0,1,1,A,-,08,22107,NA,N,E,I,A,A,H,-,A,D,0,NA,NA,NA,NA,Y,NA,A,01,1,0,0,0,0,0,0,0,0,-,-,33.94576,-118.36818,LOS ANGELES,INGLEWOOD,-118.36821945,33.94575918
90092891,2015,2016-01-11,9525,2015-12-19,1205,018505,NA,6,1,6,1975,0,1,1,NA,2,103,I-10 W/B (SAN BERNARDINO FREEWAY),SUNSET AVE,50,E,N,A,-,Y,NA,NA,10,NA,NA,NA,NA,NA,W,N,4,0,4,3,A,-,03,22350,NA,N,C,C,A,A,H,-,A,D,0,NA,NA,NA,NA,Y,NA,A,01,0,0,4,0,0,0,0,0,0,-,-,34.07245,-117.93494,LOS ANGELES,WEST COVINA,-117.93493976,34.07250271
90092893,2015,2016-01-11,9525,2015-12-19,1305,018505,NA,6,1,6,1975,0,1,1,NA,2,103,I-10 WB TO PUENTE AVE.,PUENTE AVE,200,E,N,B,-,Y,NA,NA,NA,NA,NA,NA,NA,NA,NA,Y,3,0,1,1,A,-,03,22350,NA,N,E,I,A,A,H,-,A,D,0,NA,NA,NA,NA,Y,NA,A,01,0,1,0,0,0,0,0,0,0,-,-,34.06563,-117.96952,LOS ANGELES,WEST COVINA,-117.96137905,34.07030446
90092895,2015,2016-01-11,9550,2015-12-28,1845,020954,NA,1,2,7,1941,0,1,1,NA,2,653,"INTERSTATE 605, N/B",SPRING STREET,250,S,N,B,-,Y,NA,NA,605,NA,NA,NA,NA,NA,N,Y,3,0,3,2,A,-,03,22350,NA,N,C,C,A,A,H,-,D,D,0,NA,NA,NA,NA,Y,NA,A,01,0,1,2,0,0,0,0,0,0,-,-,33.80954,-118.08133,LOS ANGELES,LONG BEACH,-118.08133831,33.80954
90092930,2015,2016-01-12,9550,2015-12-28,1340,020070,NA,1,1,5,1919,0,1,1,NA,2,652,I-605 S/B (SAN GABRIEL RIVER FWY.),STUDEBAKER RD.,100,N,N,B,C,Y,NA,NA,605,NA,NA,NA,NA,NA,S,N,4,0,2,2,A,-,03,22350,NA,F,C,C,A,B,H,-,A,D,0,NA,NA,NA,NA,Y,NA,A,08,0,0,2,0,0,0,0,0,0,-,-,33.86836,-118.09976,LOS ANGELES,CERRITOS,-118.0997494,33.86836382
90092932,2015,2016-01-12,9550,2015-12-28,1620,021033,NA,1,2,9,1900,0,2,4,NA,1,042,COLIMA ROAD,YBARRA DRIVE,0,NA,Y,A,-,N,NA,NA,NA,NA,NA,NA,NA,NA,NA,Y,4,0,1,3,A,-,09,21801,A,N,D,C,A,A,H,-,A,A,0,NA,NA,NA,NA,Y,NA,A,07,0,0,1,0,0,0,0,0,0,-,-,33.98704,-117.87502,LOS ANGELES,UNINCORPORATED,-117.87506002,33.9866101
90092933,2015,2016-01-12,9550,2015-12-28,1450,013935,NA,1,2,9,1900,0,2,4,NA,1,012,WASHINGTON BOULEVARD,BROADWAY AVE.,200,E,N,A,-,N,NA,NA,NA,NA,NA,NA,NA,NA,NA,N,3,0,4,3,A,-,03,22350,NA,N,C,C,A,A,H,-,A,A,0,NA,NA,NA,NA,Y,NA,A,01,0,1,3,0,0,0,0,0,0,-,-,33.97135,-118.06796,LOS ANGELES,UNINCORPORATED,-118.06826246,33.97121391
90092935,2015,2016-01-12,9550,2015-12-28,1220,021121,NA,1,1,9,1900,0,1,1,NA,2,650,I-605 S/B,SLAUSON AVENUE,250,N,N,A,-,Y,NA,NA,605,NA,NA,NA,NA,NA,S,N,4,0,1,3,A,-,03,22350,NA,N,C,C,A,A,H,-,A,D,0,NA,NA,NA,NA,Y,NA,A,08,0,0,1,0,0,0,0,0,0,-,-,33.968,-118.08305,LOS ANGELES,UNINCORPORATED,-118.08306678,33.96800895
90092940,2015,2016-01-12,9550,2015-12-29,1000,015329,NA,2,1,5,1919,0,1,3,NA,2,092,SR-91 (W/B),BLOOMFIELD AVENUE,200,W,N,A,-,Y,NA,NA,91,NA,NA,NA,NA,NA,NA,N,4,0,1,2,A,-,03,22350,NA,N,C,C,A,A,H,-,A,D,0,NA,NA,NA,NA,Y,NA,A,01,0,0,1,0,0,0,0,0,0,-,-,33.87568,-118.06447,LOS ANGELES,CERRITOS,-118.06448706,33.87563864
90092962,2015,2016-01-12,9530,2015-12-29,1355,019033,NA,2,1,7,1941,0,1,1,NA,2,071,I-710 S/B (LONG BEACH FREEWAY),DEL AMO BLVD.,87,N,N,A,-,Y,NA,NA,710,NA,NA,NA,NA,NA,S,N,4,0,1,2,A,-,03,22350,NA,N,C,C,A,A,H,-,A,D,0,NA,NA,NA,Y,Y,NA,G,25,0,0,1,0,0,0,0,0,0,-,-,33.847,-118.206,LOS ANGELES,LONG BEACH,-118.20559305,33.84697151
90092982,2015,2016-01-12,9530,2015-12-29,1800,020935,NA,2,2,7,1942,0,1,1,NA,2,200,I-105 E/B (GLENN ANDERSON FWY),HOOVER ST.,550,E,N,A,-,Y,NA,NA,105,NA,NA,NA,NA,NA,E,Y,3,0,1,2,A,-,07,21658,A,N,C,C,A,A,H,-,C,D,0,NA,NA,Y,NA,Y,NA,A,01,0,1,0,0,0,0,0,0,1,-,-,33.9284,-118.2852,LOS ANGELES,LOS ANGELES,-118.28520083,33.92854433
90092986,2016,2016-01-12,9545,2016-01-04,1010,019006,NA,1,1,9,1900,0,3,5,NA,2,004,AVENUE J,150TH ST  E,3168,E,N,A,-,N,NA,NA,NA,NA,NA,NA,NA,NA,NA,Y,4,0,1,1,A,-,08,22107,NA,N,E,I,A,A,H,-,A,D,0,NA,NA,NA,NA,Y,NA,A,01,0,0,1,0,0,0,0,0,0,-,-,34.69003,-117.85165,LOS ANGELES,UNINCORPORATED,-117.85243715,34.69002416
90092996,2015,2016-01-12,9550,2015-12-29,1505,018271,NA,2,2,7,1941,0,1,3,NA,2,090,STATE ROUTE 91 (ARTESIA FREEWAY),CHERRY AVENUE,700,W,N,A,-,Y,NA,NA,NA,NA,NA,NA,NA,NA,NA,Y,4,0,1,5,A,-,07,21658,A,N,B,C,A,A,H,-,A,D,0,NA,NA,NA,NA,Y,NA,A,07,0,0,1,0,0,0,0,0,0,-,-,33.8776,-118.1713,LOS ANGELES,LONG BEACH,-118.17094541,33.87658769
90092999,2015,2016-01-12,9565,2015-12-29,0505,020747,NA,2,3,9,1900,0,3,5,NA,2,003,OVERHILL DR,SLAUSON AVE,0,NA,Y,A,-,N,NA,NA,NA,NA,NA,NA,NA,NA,NA,Y,4,0,1,2,A,-,09,21801,A,F,A,C,A,A,H,-,C,A,0,NA,NA,NA,NA,Y,NA,A,01,0,0,1,0,0,0,0,0,0,-,-,33.98891,-118.35407,LOS ANGELES,UNINCORPORATED,-118.35409003,33.98889001
90093005,2016,2016-03-14,9545,2016-01-04,1045,019816,NA,1,1,6,1950,0,1,3,NA,2,031,SR-14 N/B (ANTELOPE VALLEY FREEWAY),AVENUE O,855,S,N,A,-,Y,NA,NA,NA,NA,NA,NA,NA,NA,NA,Y,3,0,2,1,A,-,08,22107,NA,N,E,I,A,A,H,-,A,D,0,NA,NA,NA,NA,Y,NA,A,01,0,1,1,0,0,0,0,0,0,-,-,34.6145,-118.15329,LOS ANGELES,PALMDALE,NA,NA
90093013,2016,2016-01-12,9545,2016-01-04,1955,020244,NA,1,2,9,1900,0,1,3,NA,2,031,SR-14 N/B,SANTIAGO RD,2893,N,N,A,-,Y,NA,NA,14,NA,NA,NA,NA,NA,N,Y,4,0,1,1,A,-,08,22107,NA,N,E,J,A,A,H,-,D,D,0,NA,NA,NA,NA,Y,NA,A,07,0,0,1,0,0,0,0,0,0,-,-,34.48523,-118.15026,LOS ANGELES,UNINCORPORATED,-118.1502618,34.48527486
90093024,2015,2016-01-12,9550,2015-12-29,1300,016882,NA,2,1,6,1920,0,1,1,NA,2,651,INTERSTATE 605 NORTHBOUND,FIRESTONE BOULEVARD,500,N,N,A,-,Y,NA,NA,NA,NA,NA,NA,NA,NA,NA,N,4,0,2,3,A,-,07,21658,A,N,B,C,A,A,H,-,A,D,0,NA,NA,NA,NA,Y,NA,D,22,0,0,2,0,0,0,0,0,0,-,-,33.92621,-118.10363,LOS ANGELES,DOWNEY,-118.10370647,33.9259369
90093036,2015,2016-01-12,9565,2015-12-21,1205,021058,NA,1,1,5,1928,0,1,1,NA,2,060,I-405 S/B (SAN DIEGO FREEWAY),ROSCRANS AVE,100,N,N,A,-,Y,NA,NA,405,NA,NA,NA,NA,NA,S,N,3,0,1,1,C,-,18,NA,NA,N,E,I,A,A,H,-,A,D,0,NA,NA,NA,NA,Y,NA,-,-,0,1,0,0,0,0,0,0,0,-,-,33.90134,-118.37061,LOS ANGELES,HAWTHORNE,-118.37054163,33.90133988
90093050,2015,2016-01-12,9565,2015-12-19,1550,021058,NA,6,2,9,1900,0,2,4,NA,1,041,HAWTHONRE BLVD S/B,LENNOX BLVD,230,S,N,C,-,N,NA,NA,NA,NA,NA,NA,NA,NA,NA,N,4,0,1,4,C,-,18,NA,NA,N,B,C,A,B,H,-,A,D,0,NA,NA,NA,NA,Y,NA,-,-,0,0,1,0,0,0,0,0,0,-,-,33.93748,-118.35275,LOS ANGELES,UNINCORPORATED,-118.352717,33.937541
90093052,2015,2016-01-12,9550,2015-12-21,1215,020392,NA,1,1,6,1920,0,1,1,NA,2,500,INTERSTATE 5 SOUTHBOUND,LAKEWOOD BOULEVARD,1800,S,N,A,-,Y,NA,NA,5,NA,NA,NA,NA,NA,S,N,4,0,1,2,A,-,03,22350,NA,N,C,C,A,A,H,-,A,D,0,NA,NA,NA,Y,Y,NA,F,26,0,0,1,0,0,0,0,0,0,-,-,33.95427,-118.10696,LOS ANGELES,DOWNEY,-118.1069341,33.95430587
90093059,2015,2016-01-12,9550,2015-12-23,1250,014862,NA,3,1,5,1919,0,1,3,NA,2,091,SR-91 EASTBOUND,STUDEBAKER RD.,400,E,N,B,-,Y,NA,NA,91,NA,NA,NA,NA,NA,E,Y,4,0,1,3,A,-,03,22350,NA,N,C,C,A,A,H,-,A,D,0,NA,NA,NA,NA,Y,NA,A,07,0,0,1,0,0,0,0,0,0,-,-,33.87613,-118.09491,LOS ANGELES,CERRITOS,-118.09491113,33.87640476
90093072,2015,2016-01-12,9550,2015-12-23,1525,020131,NA,3,2,9,1900,0,1,1,NA,2,650,I-605 SOUTHBOUND,BEVERLY BOULEVARD,100,S,N,A,-,Y,NA,NA,605,NA,NA,NA,NA,NA,S,N,4,0,1,2,A,-,03,22350,NA,N,C,C,A,A,H,-,A,D,0,NA,NA,NA,NA,Y,NA,A,01,0,0,1,0,0,0,0,0,0,-,-,34.00423,-118.06408,LOS ANGELES,UNINCORPORATED,-118.06411637,34.00427225
90093106,2016,2016-01-12,9540,2016-01-05,0445,020837,NA,2,3,9,1900,0,2,4,NA,1,104,SAN FRANCISQUITO CANYON RD,ROTOR RD,3168,S,N,B,-,N,NA,NA,NA,NA,NA,NA,NA,NA,NA,Y,4,0,1,1,A,-,03,22350,NA,N,E,I,A,B,H,-,D,D,0,NA,NA,NA,NA,Y,NA,A,07,0,0,1,0,0,0,0,0,0,-,-,34.52746,-118.52923,LOS ANGELES,UNINCORPORATED,-118.528386,34.53037356
90093123,2015,2016-01-12,9530,2015-12-30,1355,018594,NA,3,1,5,1943,0,1,1,NA,2,200,I-105 E/B (GLENN ANDERSON FWY),WILMINGTON AVE.,300,E,N,A,-,Y,NA,NA,NA,NA,NA,NA,NA,NA,NA,N,4,0,1,2,A,-,03,22350,NA,N,C,C,A,A,H,-,A,D,0,NA,NA,NA,NA,Y,NA,A,01,0,0,1,0,0,0,0,0,0,-,-,33.92781,-118.2345,LOS ANGELES,LYNWOOD,-118.23897,33.92814
90093129,2015,2016-01-12,9550,2015-12-21,1530,020765,NA,1,2,9,1900,0,3,5,NA,2,005,AGUIRO ST.,BATSON AVE.,0,NA,Y,A,-,N,NA,NA,NA,NA,NA,NA,NA,NA,NA,Y,4,0,1,3,A,-,09,21802,A,N,B,C,A,A,H,-,A,A,0,NA,NA,NA,NA,Y,NA,A,01,0,0,1,0,0,0,0,0,0,-,-,33.97255,-117.90564,LOS ANGELES,UNINCORPORATED,-117.90566004,33.97254011
90093130,2015,2016-01-12,9530,2015-12-06,1300,019980,NA,7,1,9,1900,0,3,5,NA,2,003,ROSECRANS AVE. (4400 BLOCK),ATLANTIC AVE.,4,W,N,A,-,N,NA,NA,NA,NA,NA,NA,NA,NA,NA,N,3,0,1,2,A,-,10,21950,A,N,G,B,B,A,H,-,A,D,0,Y,NA,NA,NA,Y,NA,J,48,0,1,0,0,1,0,0,0,0,-,-,33.90347,-118.19404,LOS ANGELES,UNINCORPORATED,-118.19395315,33.90356979
90093137,2015,2016-01-12,9550,2015-12-27,1440,020765,NA,7,2,9,1900,0,3,5,NA,2,001,WASHINGTON BOULEVARD,I-605,300,W,N,A,-,Y,NA,NA,NA,NA,NA,NA,NA,NA,NA,Y,4,0,1,2,A,-,09,21801,A,N,B,C,A,A,H,-,A,D,0,NA,NA,NA,NA,Y,NA,A,01,0,0,1,0,0,0,0,0,0,-,-,33.9735,-118.0808,LOS ANGELES,UNINCORPORATED,-118.08098675,33.97437241
90093139,2016,2016-01-12,9580,2016-01-03,1545,021018,NA,7,2,7,1942,0,1,2,NA,2,101,US-101 S/B (VENTURA FREEWAY),LANKERSHIM BLVD,800,N,N,A,-,Y,NA,NA,101,NA,NA,NA,NA,NA,S,Y,3,0,1,3,A,-,08,22107,NA,F,B,C,A,A,H,-,A,D,0,NA,NA,NA,NA,Y,NA,D,22,0,1,0,0,0,0,0,0,0,-,-,34.13957,-118.36538,LOS ANGELES,LOS ANGELES,-118.36538894,34.13956178
90093151,2015,2016-01-12,9575,2015-11-25,1500,017354,NA,3,2,7,1942,0,1,3,NA,2,043,SR-134 E/B (VENTURA FREEWAY),LOS ANGELES RIVER U/C,2640,W,N,A,-,Y,NA,NA,134,NA,NA,NA,NA,NA,E,N,4,0,2,4,A,-,03,22350,NA,N,C,C,A,A,H,-,A,D,0,NA,NA,NA,NA,Y,NA,A,01,0,0,2,0,0,0,0,0,0,-,-,34.15444,-118.28906,LOS ANGELES,LOS ANGELES,-118.28905051,34.15445639
90093171,2015,2016-01-12,9575,2015-12-02,1500,017491,NA,3,2,9,1900,0,2,4,NA,2,082,HUNTINGTON DRIVE,LA PRESA DRIVE,0,NA,Y,A,-,N,NA,NA,NA,NA,NA,NA,NA,NA,NA,Y,4,0,2,2,A,-,09,21801,A,N,D,C,A,A,H,-,A,D,0,NA,NA,NA,NA,Y,NA,A,01,0,0,2,0,0,0,0,0,0,-,-,34.12891,-118.08465,LOS ANGELES,UNINCORPORATED,-118.08466005,34.12895002
90093187,2015,2016-01-12,9530,2015-12-30,0820,020141,NA,3,1,9,1900,0,1,1,NA,2,120,I-110 S/B TO CARSON ST.,CARSON ST.,120,N,N,A,-,Y,NA,NA,110,NA,NA,NA,R,NA,S,N,4,0,1,2,A,-,03,22350,NA,N,C,C,A,A,H,-,A,D,0,NA,NA,NA,NA,Y,NA,D,22,0,0,1,0,0,0,0,0,0,-,-,33.83183,-118.28812,LOS ANGELES,UNINCORPORATED,-118.28812,33.83183
90093189,2015,2016-01-12,9565,2015-12-25,0430,020264,NA,5,3,4,1918,0,1,1,NA,2,061,I-405 S/B (SAN DIEGO FWY),WASHINGTON PL,50,N,N,A,-,Y,NA,NA,405,NA,NA,NA,NA,NA,S,Y,3,0,3,1,A,-,03,22350,NA,N,E,J,A,A,H,-,C,D,0,NA,NA,NA,NA,Y,NA,A,01,0,2,1,0,0,0,0,0,0,-,-,34.00813,-118.41555,LOS ANGELES,CULVER CITY,-118.4154297,34.00822499
90093194,2015,2016-01-12,9575,2015-12-02,1700,017491,NA,3,2,6,1953,0,1,1,NA,2,065,I-210 E/B (FOOTHILL FREEWAY),SUNNYSLOPE AVE.,600,W,N,A,-,Y,NA,NA,210,NA,NA,NA,NA,NA,E,N,4,0,5,2,A,-,03,22350,NA,N,C,C,A,A,H,-,C,D,0,NA,NA,NA,NA,Y,NA,D,22,0,0,5,0,0,0,0,0,0,-,-,34.15143,-118.09098,LOS ANGELES,PASADENA,-118.09097748,34.15143513
90093196,2015,2016-01-12,9550,2015-12-26,1445,020765,NA,6,2,5,1919,0,1,1,NA,2,652,I-605 SOUTHBOUND,SR-91,500,S,N,A,-,Y,NA,NA,605,NA,NA,NA,NA,NA,S,Y,4,0,1,3,A,-,03,22350,NA,N,C,C,A,A,H,-,A,D,0,NA,NA,NA,NA,Y,NA,A,01,0,0,1,0,0,0,0,0,0,-,-,33.8722,-118.1011,LOS ANGELES,CERRITOS,-118.10113971,33.87218661
90093199,2016,2016-01-12,9545,2016-01-08,1255,019006,NA,5,1,9,1900,0,3,5,NA,2,004,PALMDALE BLVD,90TH ST  E,0,NA,Y,A,-,N,NA,NA,NA,NA,NA,NA,NA,NA,NA,Y,4,0,1,2,A,-,12,21453,A,N,D,C,A,A,H,-,A,A,0,NA,NA,NA,NA,Y,NA,A,01,0,0,1,0,0,0,0,0,0,-,-,34.57969,-117.96951,LOS ANGELES,UNINCORPORATED,-117.96946999,34.57972012
90093201,2015,2016-01-12,9550,2015-12-22,1720,018271,NA,2,2,9,1900,0,2,4,NA,1,042,COLIMA ROAD,ALLENTON AVE.,0,NA,Y,A,-,N,NA,NA,NA,NA,NA,NA,NA,NA,NA,Y,4,0,1,2,A,-,09,21801,A,N,D,C,A,A,H,-,C,A,0,NA,NA,NA,NA,Y,NA,A,01,0,0,1,0,0,0,0,0,0,-,-,33.98125,-117.96635,LOS ANGELES,UNINCORPORATED,-117.96633012,33.98109001
90093202,2015,2016-01-12,9530,2015-12-30,1320,020141,NA,3,1,7,1942,0,1,1,NA,2,110,I-110 N/B (HARBOR FREEWAY),120TH ST.,100,S,N,A,-,Y,NA,NA,NA,NA,NA,NA,NA,NA,NA,N,4,0,1,2,A,-,03,22350,NA,N,C,C,A,A,H,-,A,D,0,NA,NA,NA,NA,Y,NA,A,01,0,0,1,0,0,0,0,0,0,-,-,33.93026,-118.28231,LOS ANGELES,LOS ANGELES,NA,NA
90093207,2015,2016-01-12,9550,2015-12-21,2125,020727,NA,1,2,3,1964,0,1,1,NA,2,501,INTERSTATE 5 NORTHBOUND,CARMENITA ROAD,1000,S,N,C,-,Y,NA,NA,5,NA,NA,NA,NA,NA,N,Y,4,0,1,2,A,-,07,21658,A,N,B,C,A,B,H,-,D,D,0,NA,NA,NA,Y,Y,NA,A,01,0,0,1,0,0,0,0,0,0,-,-,33.89136,-118.04245,LOS ANGELES,SANTA FE SPRINGS,-118.04239578,33.89146029
90093216,2016,2016-01-12,9550,2016-01-02,0120,021054,NA,6,3,9,1900,0,1,1,NA,2,501,I-5 S/B,ROSCRANS AVE.,1720,N,N,A,-,Y,NA,NA,NA,NA,NA,NA,NA,NA,NA,Y,4,0,2,2,A,-,03,22350,NA,N,C,C,A,A,H,-,C,D,0,NA,NA,NA,NA,Y,NA,A,07,0,0,2,0,0,0,0,0,0,-,-,33.90607,-118.06623,LOS ANGELES,UNINCORPORATED,-118.066323,33.90578451
90093222,2016,2016-01-21,9545,2016-01-09,1120,019006,NA,6,1,9,1900,0,3,5,NA,2,004,165TH ST  E,AVENUE O,0,NA,Y,A,-,N,NA,NA,NA,NA,NA,NA,NA,NA,NA,Y,4,0,2,2,A,-,09,21802,A,N,D,C,A,A,H,-,A,D,0,NA,NA,NA,NA,Y,NA,A,01,0,0,2,0,0,0,0,0,0,-,-,34.61647,-117.83576,LOS ANGELES,UNINCORPORATED,-117.83577004,34.61649004
90093226,2015,2016-01-12,9530,2015-12-30,1530,020141,NA,3,2,7,1942,0,1,1,NA,2,110,I-110 N/B (HARBOR FREEWAY),ROSECRANS AVE.,700,S,N,B,-,Y,NA,NA,NA,NA,NA,NA,NA,NA,NA,N,4,0,1,2,A,-,07,21658,A,N,B,C,A,A,H,-,A,D,0,NA,NA,NA,Y,Y,NA,G,25,0,0,1,0,0,0,0,0,0,-,-,33.54457,-118.17106,LOS ANGELES,LOS ANGELES,-118.2865,33.89997019
90093233,2015,2016-01-12,9575,2015-12-02,0510,020620,NA,3,3,9,1900,0,3,5,NA,2,002,SINALOA AVE. (1500 BLOCK),ELIZABETH ST.,0,NA,Y,A,-,N,NA,NA,NA,NA,NA,NA,NA,NA,NA,N,4,0,1,2,A,-,09,21802,A,N,D,C,A,A,H,-,C,A,0,NA,NA,NA,NA,Y,NA,A,01,0,0,1,0,0,0,0,0,0,-,-,34.17334,-118.1152,LOS ANGELES,UNINCORPORATED,-118.11523003,34.17330009