CASE_ID,ACCIDENT_YEAR,PROC_DATE,JURIS,COLLISION_DATE,COLLISION_TIME,OFFICER_ID,REPORTING_DISTRICT,DAY_OF_WEEK,CHP_SHIFT,POPULATION,CNTY_CITY_LOC,SPECIAL_COND,BEAT_TYPE,CHP_BEAT_TYPE,CITY_DIVISION_LAPD,CHP_BEAT_CLASS,BEAT_NUMBER,PRIMARY_RD,SECONDARY_RD,DISTANCE,DIRECTION,INTERSECTION,WEATHER_1,WEATHER_2,STATE_HWY_IND,CALTRANS_COUNTY,CALTRANS_DISTRICT,STATE_ROUTE,ROUTE_SUFFIX,POSTMILE_PREFIX,POSTMILE,LOCATION_TYPE,RAMP_INTERSECTION,SIDE_OF_HWY,TOW_AWAY,COLLISION_SEVERITY,NUMBER_KILLED,NUMBER_INJURED,PARTY_COUNT,PRIMARY_COLL_FACTOR,PCF_CODE_OF_VIOL,PCF_VIOL_CATEGORY,PCF_VIOLATION,PCF_VIOL_SUBSECTION,HIT_AND_RUN,TYPE_OF_COLLISION,MVIW,PED_ACTION,ROAD_SURFACE,ROAD_COND_1,ROAD_COND_2,LIGHTING,CONTROL_DEVICE,CHP_ROAD_TYPE,PEDESTRIAN_ACCIDENT,BICYCLE_ACCIDENT,MOTORCYCLE_ACCIDENT,TRUCK_ACCIDENT,NOT_PRIVATE_PROPERTY,ALCOHOL_INVOLVED,STWD_VEHTYPE_AT_FAULT,CHP_VEHTYPE_AT_FAULT,COUNT_SEVERE_INJ,COUNT_VISIBLE_INJ,COUNT_COMPLAINT_PAIN,COUNT_PED_KILLED,COUNT_PED_INJURED,COUNT_BICYCLIST_KILLED,COUNT_BICYCLIST_INJURED,COUNT_MC_KILLED,COUNT_MC_INJURED,PRIMARY_RAMP,SECONDARY_RAMP,LATITUDE,LONGITUDE,COUNTY,CITY,POINT_X,POINT_Y
90093252,2015,2016-01-12,9575,2015-12-02,1835,019754,NA,3,2,7,1942,0,1,3,NA,2,044,SR-134 EASTBOUND TO CAHUENGA BLVD.,CAHUENGA BLVD.,580,W,N,A,-,Y,NA,NA,134,NA,NA,NA,R,NA,E,Y,4,0,1,2,A,-,03,22350,NA,N,C,C,A,A,H,-,D,D,0,NA,NA,NA,NA,Y,NA,A,01,0,0,1,0,0,0,0,0,0,-,-,34.15307,-118.36348,LOS ANGELES,LOS ANGELES,-118.36348,34.15307
90093256,2015,2016-01-12,9550,2015-12-21,1155,021107,NA,1,1,9,1900,0,3,5,NA,2,002,LAMBERT ROAD,FIRESIDE DRIVE,0,NA,Y,A,-,N,NA,NA,NA,NA,NA,NA,NA,NA,NA,Y,4,0,1,2,A,-,12,21453,A,N,D,C,A,A,H,-,A,A,0,NA,NA,NA,NA,Y,NA,D,22,0,0,1,0,0,0,0,0,0,-,-,33.92592,-117.98149,LOS ANGELES,UNINCORPORATED,-117.98139006,33.92584004
90093289,2015,2016-01-12,9575,2015-12-03,1335,015204,NA,4,1,6,1953,0,3,5,NA,2,002,BOSTON ST,HOLLISTON AVE,0,NA,Y,A,-,N,NA,NA,NA,NA,NA,NA,NA,NA,NA,Y,3,0,1,2,A,-,12,22450,A,F,F,A,A,A,H,-,A,A,0,NA,NA,Y,NA,Y,NA,A,01,0,1,0,0,0,0,0,0,1,-,-,34.18188,-118.1232,LOS ANGELES,PASADENA,-118.12319012,34.18212008
90093305,2016,2016-01-12,9545,2016-01-04,2230,012653,NA,1,3,9,1900,0,3,5,NA,2,002,38800 SAN FRANSISQUITO CANYON RD.,SPUNKY CANYON RD,5280,S,N,B,C,N,NA,NA,NA,NA,NA,NA,NA,NA,NA,Y,4,0,1,1,A,-,03,22350,NA,N,E,I,A,B,H,-,D,D,0,NA,NA,NA,NA,Y,NA,A,01,0,0,1,0,0,0,0,0,0,-,-,34.61375,-118.42831,LOS ANGELES,UNINCORPORATED,-118.42822817,34.61382149
90093321,2015,2016-01-12,9565,2015-12-29,1315,018154,NA,2,1,9,1900,0,1,1,NA,2,063,I-405 N/B (SAN DIEGO FWY.),WILSHIRE BLVD.,200,S,N,A,-,Y,NA,NA,405,NA,NA,NA,NA,NA,N,Y,4,0,2,2,A,-,03,22350,NA,N,C,C,A,A,H,-,A,D,0,NA,NA,NA,Y,Y,NA,F,26,0,0,2,0,0,0,0,0,0,-,-,34.05427,-118.45077,LOS ANGELES,UNINCORPORATED,-118.45073823,34.05429755
90093335,2016,2016-01-12,9545,2016-01-05,2100,016124,NA,2,2,9,1900,0,3,5,NA,2,004,AVENUE J,255TH ST EAST,598,E,N,B,-,N,NA,NA,NA,NA,NA,NA,NA,NA,NA,Y,4,0,4,1,A,-,03,22350,NA,N,E,I,A,A,H,-,D,D,0,NA,NA,NA,NA,Y,NA,A,07,0,0,4,0,0,0,0,0,0,-,-,34.69034,-117.67334,LOS ANGELES,UNINCORPORATED,-117.67384626,34.69018291
90093351,2015,2016-01-12,9580,2015-12-19,1505,021018,NA,6,2,7,1942,0,1,2,NA,2,105,US-101 S/B (VENTURA FREEWAY),TOPANGA CANYON BLVD,50,N,N,B,C,Y,NA,NA,101,NA,NA,NA,NA,NA,S,Y,3,0,2,2,A,-,07,21658,A,N,B,C,A,B,H,-,A,D,0,NA,NA,NA,NA,Y,NA,A,07,0,1,1,0,0,0,0,0,0,-,-,34.17068,-118.60589,LOS ANGELES,LOS ANGELES,-118.60589225,34.17066221
90093359,2015,2016-01-12,9530,2015-12-13,0100,020956,NA,7,3,9,1900,0,3,5,NA,2,002,MAIN ST.,COMPTON BLVD.,0,NA,Y,A,-,N,NA,NA,NA,NA,NA,NA,NA,NA,NA,Y,4,0,3,2,A,-,12,21453,A,N,D,C,A,A,H,-,C,A,0,NA,NA,NA,NA,Y,NA,D,22,0,0,3,0,0,0,0,0,0,-,-,33.53415,-118.1635,LOS ANGELES,UNINCORPORATED,-118.27631006,33.89488005
90093382,2015,2016-01-12,9550,2015-12-23,0850,016109,NA,3,1,9,1900,0,1,3,NA,2,600,SR-60 E/B,7TH AVENUE,1000,E,N,B,-,Y,NA,NA,60,NA,NA,NA,NA,NA,E,Y,4,0,1,3,A,-,03,22350,NA,N,C,C,A,A,H,-,A,D,0,NA,NA,NA,NA,Y,NA,A,01,0,0,1,0,0,0,0,0,0,-,-,34.01547,-117.98465,LOS ANGELES,UNINCORPORATED,-117.98453078,34.01558394
90093408,2015,2016-01-12,9580,2015-12-01,0825,017386,NA,2,1,7,1942,0,1,2,NA,2,102,US-101 N/B (VENTURA FREEWAY),HASKELL AVE,1056,S,N,A,-,Y,NA,NA,101,NA,NA,NA,NA,NA,N,N,4,0,1,3,A,-,03,22350,NA,N,C,C,A,A,C,-,A,D,0,NA,NA,NA,Y,Y,NA,G,27,0,0,1,0,0,0,0,0,0,-,-,34.16312,-118.47166,LOS ANGELES,LOS ANGELES,-118.47167887,34.16310401
90093423,2015,2016-01-12,9550,2015-12-29,1240,021033,NA,2,1,9,1900,0,3,5,NA,2,005,PATHFINDER ROAD,BLANDFORD DRIVE,0,NA,Y,A,-,N,NA,NA,NA,NA,NA,NA,NA,NA,NA,Y,4,0,2,2,A,-,09,21801,NA,N,D,C,A,A,H,-,A,A,0,NA,NA,NA,NA,Y,NA,A,01,0,0,2,0,0,0,0,0,0,-,-,33.97066,-117.89578,LOS ANGELES,UNINCORPORATED,-117.89620002,33.97095004
90093428,2015,2016-01-12,9580,2015-12-15,0830,015841,NA,2,1,7,1942,0,1,3,NA,2,117,SR-118 W/B (RONALD REAGAN FWY.),TAMPA AVE,1320,E,N,A,-,Y,NA,NA,118,NA,NA,NA,NA,NA,W,Y,4,0,2,3,A,-,03,22350,NA,N,B,C,A,A,H,-,A,D,0,NA,NA,NA,NA,Y,NA,A,01,0,0,2,0,0,0,0,0,0,-,-,34.27464,-118.54511,LOS ANGELES,LOS ANGELES,-118.54509624,34.27443919
90093433,2015,2016-01-12,9590,2015-12-23,2012,020663,NA,3,2,7,1942,0,1,3,NA,2,095,SR-2 W/B (GLF) TO I-5 S/B (GSF),NEWELL ST.,80,E,N,A,-,Y,NA,NA,NA,NA,NA,NA,NA,NA,NA,Y,4,0,3,2,A,-,01,23152,A,N,D,C,A,A,H,-,D,D,0,NA,NA,NA,NA,Y,Y,A,01,0,0,3,0,0,0,0,0,0,-,-,34.09902,-118.2478,LOS ANGELES,LOS ANGELES,NA,NA
90093434,2015,2016-01-12,9550,2015-12-22,0930,020025,NA,2,1,5,1919,0,1,3,NA,2,091,SR-91 WB TO I-605 SB,SR-91,50,N,N,C,-,Y,NA,NA,91,NA,NA,NA,R,NA,W,Y,4,0,1,1,A,-,03,22350,NA,N,E,I,A,B,H,-,A,D,0,NA,NA,NA,NA,Y,NA,A,01,0,0,1,0,0,0,0,0,0,-,-,33.87668,-118.10308,LOS ANGELES,CERRITOS,-118.10308,33.87668
90093435,2015,2016-01-12,9580,2015-12-12,1258,020345,NA,6,1,7,1942,0,1,1,NA,2,407,I-405 S/B (SAN DIEGO FWY),DEVONSHIRE ST,745,S,N,A,-,Y,NA,NA,NA,NA,NA,NA,NA,NA,NA,Y,4,0,1,3,C,-,18,NA,NA,N,C,C,A,A,H,-,A,D,0,NA,NA,NA,NA,Y,NA,-,-,0,0,1,0,0,0,0,0,0,-,-,34.26521,-118.47359,LOS ANGELES,LOS ANGELES,-118.47236807,34.25528656
90093449,2015,2016-01-12,9590,2015-12-26,0235,021040,NA,6,3,7,1942,0,1,1,NA,2,053,I-110 S/B (HARBOR FREEWAY),ADAMS BLVD.  (COLLECTOR ROAD),100,N,N,A,-,Y,NA,NA,110,NA,NA,NA,NA,NA,S,Y,4,0,1,1,A,-,01,23152,A,N,E,I,A,A,H,-,D,D,0,NA,NA,NA,NA,Y,Y,A,01,0,0,1,0,0,0,0,0,0,-,-,34.03054,-118.27462,LOS ANGELES,LOS ANGELES,-118.27458171,34.03054266
90093451,2015,2016-02-01,9530,2015-12-30,1810,020935,NA,3,2,6,1972,0,1,1,NA,2,400,I-405 N/B (SAN DIEGO FREEWAY),ARTESIA BLVD.,350,N,N,A,-,Y,NA,NA,405,NA,NA,NA,NA,NA,N,Y,3,0,1,4,A,-,07,21658,A,M,F,C,A,A,H,-,C,D,0,NA,NA,NA,NA,Y,NA,A,01,0,1,0,0,0,0,0,0,0,-,-,33.8737,-118.3427,LOS ANGELES,TORRANCE,-118.34266824,33.87372208
90093456,2015,2016-01-12,9580,2015-12-13,1150,021077,NA,7,1,7,1942,0,1,3,NA,2,171,SR-170 S/B (HOLLYWOOD FWY.),RIVERSIDE DR,500,N,N,A,-,Y,NA,NA,170,NA,NA,NA,NA,NA,S,Y,4,0,4,2,A,-,08,22107,NA,N,B,C,A,A,H,-,A,D,0,NA,NA,NA,NA,Y,NA,D,22,0,0,4,0,0,0,0,0,0,-,-,34.16158,-118.38149,LOS ANGELES,LOS ANGELES,-118.3814023,34.16161828
90093463,2015,2016-01-12,9580,2015-12-16,1420,016523,NA,3,2,3,1989,0,1,2,NA,2,107,US-101 S/B (VENTURA FREEWAY),MUREAU RD,1584,S,N,A,-,Y,NA,NA,101,NA,NA,NA,NA,NA,S,Y,3,0,1,1,A,-,08,22107,NA,N,E,I,A,A,H,-,A,D,0,NA,NA,NA,NA,Y,NA,A,01,0,1,0,0,0,0,0,0,0,-,-,34.15117,-118.65844,LOS ANGELES,CALABASAS,-118.65846487,34.15125369
90093472,2015,2016-01-12,9580,2015-12-16,1752,016523,NA,3,2,7,1942,0,1,2,NA,2,105,US-101 S/B (VENTURA FREEWAY),CANOGA AVE,250,N,N,A,-,Y,NA,NA,101,NA,NA,NA,NA,NA,S,N,4,0,2,2,A,-,03,22350,NA,N,C,C,A,A,H,-,D,D,0,NA,NA,NA,NA,Y,NA,A,01,0,0,2,0,0,0,0,0,0,-,-,34.16939,-118.59868,LOS ANGELES,LOS ANGELES,-118.5986564,34.16954328
90093511,2015,2016-01-12,9550,2015-12-22,1050,018408,NA,2,1,9,1900,0,1,1,NA,2,650,I-605 S/B,SARAGOSA ST.,700,N,N,B,-,Y,NA,NA,605,NA,NA,NA,NA,NA,S,N,4,0,2,3,A,-,03,22350,NA,N,C,C,A,A,H,-,A,D,0,NA,NA,NA,NA,Y,NA,A,01,0,0,2,0,0,0,0,0,0,-,-,33.98101,-118.07583,LOS ANGELES,UNINCORPORATED,-118.07576363,33.98094324
90093539,2016,2016-01-12,9580,2016-01-09,0055,020400,NA,6,3,7,1942,0,1,3,NA,2,117,SR-118 W/B (RONALD REAGAN FWY.),CHIMINEAS AVE,325,W,N,A,-,Y,NA,NA,118,NA,NA,NA,NA,NA,W,Y,2,0,2,3,A,-,11,21954,A,N,G,B,E,A,H,-,C,D,0,Y,NA,NA,NA,Y,Y,N,60,1,1,0,0,2,0,0,0,0,-,-,34.2772,-118.53073,LOS ANGELES,LOS ANGELES,-118.53073546,34.27721364
90093546,2015,2016-01-12,9590,2015-11-03,0850,016127,9590,2,1,7,1942,0,1,1,NA,2,053,I-110 S/B (HARBOR FREEWAY),1ST STREET,50,S,N,A,-,Y,NA,NA,110,NA,NA,NA,NA,NA,S,N,4,0,1,1,A,-,03,22350,NA,N,F,A,A,A,H,-,A,D,0,NA,NA,Y,NA,Y,NA,C,02,0,0,1,0,0,0,0,0,1,-,-,34.05669,-118.25469,LOS ANGELES,LOS ANGELES,-118.25511456,34.05712766
90093551,2015,2016-01-12,9525,2015-12-19,1710,020114,NA,6,2,9,1900,0,2,4,NA,2,045,VALLEY BLVD E/B (14500 BLOCK),7TH AVE,20,W,N,C,-,Y,NA,NA,NA,NA,NA,NA,NA,NA,NA,N,4,0,1,2,A,-,03,22350,NA,N,C,C,A,B,H,-,C,A,0,NA,NA,NA,NA,Y,NA,A,01,0,0,1,0,0,0,0,0,0,-,-,34.03486,-117.97485,LOS ANGELES,UNINCORPORATED,-117.97462064,34.03479506
90093552,2015,2016-01-21,9550,2015-10-29,0035,020551,NA,4,3,5,1919,0,1,1,NA,2,652,INTERSTATE 605 NORTHBOUND,STUDEBAKER ROAD U/C,401,N,N,A,-,Y,NA,NA,605,NA,NA,NA,NA,NA,N,Y,1,2,0,1,A,-,08,22107,NA,N,E,I,A,A,H,-,D,D,0,NA,NA,NA,NA,Y,NA,A,01,0,0,0,0,0,0,0,0,0,-,-,33.87055,-118.1,LOS ANGELES,CERRITOS,-118.10018546,33.87048632
90093553,2015,2016-01-12,9530,2015-12-30,1705,021004,NA,3,2,5,1977,0,1,1,NA,2,410,I-405 S/B (SAN DIEGO FREEWAY),MAIN ST.,52,S,N,A,-,Y,NA,NA,405,NA,NA,NA,NA,NA,S,N,3,0,1,3,A,-,07,21658,A,N,B,C,A,A,H,-,B,D,0,NA,NA,Y,NA,Y,NA,C,02,0,1,0,0,0,0,0,0,1,-,-,33.85287,-118.27977,LOS ANGELES,CARSON,-118.27987208,33.85272421
90093587,2016,2016-01-12,9550,2016-01-11,1745,020741,NA,1,2,9,1900,0,2,4,NA,1,051,FULLERTON RD.,SUNRISE DR.,0,NA,Y,A,-,N,NA,NA,NA,NA,NA,NA,NA,NA,NA,Y,4,0,1,2,A,-,09,21801,A,N,D,C,A,A,H,-,C,A,0,NA,NA,NA,NA,Y,NA,A,01,0,0,1,0,0,0,0,0,0,-,-,33.97175,-117.91161,LOS ANGELES,UNINCORPORATED,-117.91161002,33.97149001
90093605,2015,2016-01-12,9550,2015-12-29,1330,018531,NA,2,1,9,1900,0,3,5,NA,2,003,TURNBULL CANYON ROAD,PALM AVENUE,0,NA,Y,A,-,N,NA,NA,NA,NA,NA,NA,NA,NA,NA,Y,4,0,2,2,A,-,09,21801,A,N,A,C,A,A,H,-,A,A,0,NA,NA,NA,NA,Y,NA,A,07,0,0,2,0,0,0,0,0,0,-,-,34.01168,-117.97781,LOS ANGELES,UNINCORPORATED,-117.97781005,34.0115401
90093629,2015,2016-01-12,9580,2015-12-16,0758,015348,NA,3,1,9,1900,0,1,3,NA,1,270,SR-27 (TOPANGA CANYON BOULEVARD),WOODLAND CREST DRIVE,125,S,N,A,-,Y,NA,NA,27,NA,NA,NA,NA,NA,NA,Y,4,0,1,2,A,-,08,22107,NA,F,B,C,A,A,H,-,A,D,0,NA,NA,NA,NA,Y,NA,A,01,0,0,1,0,0,0,0,0,0,-,-,34.14243,-118.60538,LOS ANGELES,UNINCORPORATED,-118.60539692,34.14242359
90093632,2015,2016-01-12,9575,2015-12-04,0830,020530,NA,5,1,6,1953,0,1,1,NA,2,063,I-210 E/B (FOOTHILL FREEWAY),LINCOLN AVE.,2640,W,N,A,-,Y,NA,NA,NA,NA,NA,NA,NA,NA,NA,N,4,0,1,2,A,-,07,21658,A,N,B,C,A,A,H,-,A,D,0,NA,NA,NA,NA,Y,NA,D,22,0,0,1,0,0,0,0,0,0,-,-,34.20475,-118.21396,LOS ANGELES,PASADENA,-118.16435,34.17771
90093634,2015,2016-01-12,9580,2015-12-16,0600,015841,NA,3,1,7,1942,0,1,1,NA,2,407,I-405 S/B (SAN DIEGO FWY),NORDHOFF ST,1320,S,N,A,-,Y,NA,NA,405,NA,NA,NA,NA,NA,S,N,4,0,1,2,A,-,03,22350,NA,N,C,C,A,A,H,-,C,D,0,NA,NA,NA,NA,Y,NA,J,49,0,0,1,0,0,0,0,0,0,-,-,34.2305,-118.47324,LOS ANGELES,LOS ANGELES,-118.47322744,34.230499880000004
90093636,2015,2016-01-12,9530,2015-12-12,0227,021076,NA,6,3,7,1942,0,1,1,NA,2,120,I-110 S/B (HARBOR FREEWAY),PACIFIC COAST HWY.,450,S,N,A,-,Y,NA,NA,110,NA,NA,NA,NA,NA,S,Y,4,0,1,2,A,-,03,22350,NA,N,C,C,A,A,H,-,D,D,0,NA,NA,NA,NA,Y,NA,A,01,0,0,1,0,0,0,0,0,0,-,-,33.78787,-118.28147,LOS ANGELES,LOS ANGELES,-118.28157539,33.78785409
90093692,2015,2016-01-12,9530,2015-12-13,1710,020331,NA,7,2,7,1941,0,1,1,NA,2,072,I-710 N/B (LONG BEACH FREEWAY),W. WILLOW ST.,1320,N,N,B,-,Y,NA,NA,710,NA,NA,NA,NA,NA,N,Y,2,0,1,3,A,-,07,21658,A,F,B,C,A,A,H,-,C,D,0,NA,NA,Y,NA,Y,NA,C,02,1,0,0,0,0,0,0,0,1,-,-,33.8081,-118.2069,LOS ANGELES,LONG BEACH,-118.20692529,33.80810239
90093709,2016,2016-01-12,9550,2016-01-05,1520,018271,NA,2,2,9,1900,0,3,5,NA,2,003,COLIMA ROAD,ALLENTON AVE.,200,W,N,C,-,N,NA,NA,NA,NA,NA,NA,NA,NA,NA,N,4,0,1,2,A,-,03,22350,NA,N,C,C,A,B,H,-,C,B,0,NA,NA,NA,NA,Y,NA,A,07,0,0,1,0,0,0,0,0,0,-,-,33.98141,-117.96718,LOS ANGELES,UNINCORPORATED,-117.96697208,33.98121059
90093783,2015,2016-01-12,9525,2015-12-15,1820,017637,NA,2,2,5,1990,0,1,3,NA,2,601,SR-60 W/B (POMONA FREEWAY),GRAND AVE,2000,W,N,A,-,Y,NA,NA,60,NA,NA,NA,NA,NA,W,Y,4,0,2,3,A,-,03,22350,NA,N,C,C,A,A,H,-,C,D,0,NA,NA,NA,NA,Y,NA,A,01,0,0,2,0,0,0,0,0,0,-,-,34.00698,-117.82714,LOS ANGELES,DIAMOND BAR,-117.82700362,34.00682019
90093800,2015,2016-01-12,9580,2015-12-16,1045,015952,NA,3,1,7,1942,0,1,2,NA,2,102,US-101 W/B (VENTURA FREEWAY),KESTER AVE,325,W,N,A,-,Y,NA,NA,NA,NA,NA,NA,NA,NA,NA,Y,4,0,1,2,A,-,07,21658,A,N,B,C,A,A,H,-,A,D,0,NA,NA,Y,NA,Y,NA,A,01,0,0,1,0,0,0,0,0,1,-,-,34.15936,-118.45944,LOS ANGELES,LOS ANGELES,-118.45845317,34.15898505
90093805,2015,2016-01-12,9550,2015-12-29,1544,018531,NA,2,2,5,1954,0,1,1,NA,2,650,CRAVELL AVE.,CLAYMORE ST.,0,NA,Y,A,-,N,NA,NA,NA,NA,NA,NA,NA,NA,NA,Y,3,0,2,1,A,-,03,22350,NA,F,E,I,A,A,H,-,A,D,0,NA,NA,NA,NA,Y,NA,A,07,0,1,1,0,0,0,0,0,0,-,-,33.96048,-118.10743,LOS ANGELES,PICO RIVERA,-118.10726003,33.96043001
90093844,2015,2016-01-12,9580,2015-12-16,1845,016003,NA,3,2,9,1900,0,1,2,NA,2,109,US-101 S/B (VENTURA FREEWAY),LIBERTY CANYON RD,1056,N,N,A,-,Y,NA,NA,101,NA,NA,NA,NA,NA,S,Y,4,0,2,2,A,-,03,22350,NA,N,C,C,A,A,H,-,C,D,0,NA,NA,NA,NA,Y,NA,A,01,0,0,2,0,0,0,0,0,0,-,-,34.13773,-118.72627,LOS ANGELES,UNINCORPORATED,-118.72626919,34.13783563
90093860,2016,2016-01-12,9550,2016-01-04,1520,020948,NA,1,2,5,1919,0,1,1,NA,2,652,I-605 N/B,SR-91,500,S,N,A,-,Y,NA,NA,605,NA,NA,NA,NA,NA,N,Y,4,0,2,6,A,-,03,22350,NA,N,C,C,A,A,H,-,A,D,0,NA,NA,NA,NA,Y,NA,A,07,0,0,2,0,0,0,0,0,0,-,-,33.8706,-118.10013,LOS ANGELES,CERRITOS,-118.10021545,33.87056893
90093866,2015,2016-01-12,9530,2015-12-14,1730,018200,NA,1,2,9,1900,0,3,5,NA,2,001,FIRESTONE BLVD (1900 BLOCK),ELM ST.,100,E,N,A,-,N,NA,NA,NA,NA,NA,NA,NA,NA,NA,N,4,0,1,4,A,-,03,22350,NA,N,C,C,A,A,H,-,C,D,0,NA,NA,NA,NA,Y,NA,A,01,0,0,1,0,0,0,0,0,0,-,-,33.57368,-118.14183,LOS ANGELES,UNINCORPORATED,-118.23821088,33.96014
90093870,2015,2016-01-12,9545,2015-12-28,2110,014790,NA,1,2,9,1900,0,3,5,NA,2,004,FORT TEJON RD,BUTTERFIELD STAGE RD,35,E,N,A,-,N,NA,NA,NA,NA,NA,NA,NA,NA,NA,Y,3,0,2,2,A,-,01,23152,A,N,D,C,A,A,H,-,D,D,0,NA,NA,NA,NA,Y,Y,A,08,0,1,1,0,0,0,0,0,0,-,-,34.4845,-117.92466,LOS ANGELES,UNINCORPORATED,-117.92439104,34.48462852
90093873,2015,2016-01-13,9530,2015-12-14,0840,018594,NA,1,1,7,1942,0,1,1,NA,2,120,I-110 S/B (HARBOR FREEWAY),ANAHEIM ST.,528,N,N,A,-,Y,NA,NA,110,NA,NA,NA,NA,NA,S,Y,3,0,2,2,A,-,07,21658,A,N,B,C,A,A,H,-,A,D,0,NA,NA,NA,NA,Y,NA,A,01,0,1,1,0,0,0,0,0,0,-,-,33.78396,-118.28112,LOS ANGELES,LOS ANGELES,-118.28099006,33.78397965
90093874,2015,2016-01-12,9530,2015-12-14,2030,020774,NA,1,2,7,1942,0,1,1,NA,2,400,I-405 S/B (SAN DIEGO FREEWAY),VERMONT AVE.,500,N,N,A,-,Y,NA,NA,NA,NA,NA,NA,NA,NA,NA,Y,4,0,1,2,A,-,03,22350,NA,N,C,C,A,A,H,-,A,D,0,NA,NA,NA,NA,Y,NA,A,01,0,0,1,0,0,0,0,0,0,-,-,33.85844,-118.29219,LOS ANGELES,LOS ANGELES,-118.29212905,33.85965323
90093880,2015,2016-01-12,9550,2015-12-30,0939,014862,NA,3,1,3,1903,0,1,3,NA,2,092,SR-91 WESTBOUND,NORWALK BLVD,90,W,N,A,-,Y,NA,NA,91,NA,NA,NA,NA,NA,W,Y,4,0,2,2,A,-,03,22350,NA,N,C,C,A,A,H,-,A,D,0,NA,NA,NA,NA,Y,NA,A,07,0,0,2,0,0,0,0,0,0,-,-,33.87671,-118.07601,LOS ANGELES,ARTESIA,-118.07600916,33.87648093
90093885,2016,2016-01-12,9545,2016-01-05,1405,020960,NA,2,2,9,1900,0,1,3,NA,1,012,SR-138 E/B,70TH STREET WEST,0,NA,Y,C,-,Y,NA,NA,138,NA,NA,NA,NA,NA,E,Y,4,0,1,2,A,-,03,22350,NA,N,C,C,A,B,H,-,A,D,0,NA,NA,NA,NA,Y,NA,A,01,0,0,1,0,0,0,0,0,0,-,-,34.77647,-118.25502,LOS ANGELES,UNINCORPORATED,-118.2550201,34.77651578
90093890,2016,2016-01-12,9550,2016-01-04,1550,020966,NA,1,2,9,1900,0,1,1,NA,2,650,I-605 SOUTBOUND,ROSE HILLS ROAD,1250,N,N,A,-,Y,NA,NA,NA,NA,NA,NA,NA,NA,NA,Y,4,0,1,3,A,-,03,22350,NA,N,C,C,A,A,H,-,A,D,0,NA,NA,NA,NA,Y,NA,A,01,0,0,1,0,0,0,0,0,0,-,-,34.02158,-118.04685,LOS ANGELES,UNINCORPORATED,NA,NA
90093893,2015,2016-01-12,9550,2015-12-30,2330,020777,NA,3,3,5,1919,0,1,1,NA,2,652,INTERSTATE-605 NORTHBOUND,STATE ROUTE-91,200,N,N,A,-,Y,NA,NA,605,NA,NA,NA,NA,NA,N,Y,4,0,1,1,A,-,03,22350,NA,N,E,I,A,A,H,-,D,D,0,NA,NA,NA,NA,Y,NA,A,01,0,0,1,0,0,0,0,0,0,-,-,33.8775,-118.1022,LOS ANGELES,CERRITOS,-118.10270239,33.87733042
90093898,2015,2016-01-12,9550,2015-12-30,1055,020037,NA,3,1,6,1949,0,1,1,NA,2,651,INTERSTATE 605 (SAN GABRIEL RIVER FREEW,FIRESTONE BOULEVARD,475,N,N,A,-,Y,NA,NA,605,NA,NA,NA,NA,NA,NA,Y,4,0,3,3,A,-,03,22350,NA,N,C,C,A,A,H,-,A,D,0,NA,NA,NA,NA,Y,NA,A,01,0,0,3,0,0,0,0,0,0,-,-,33.92608,-118.10367,LOS ANGELES,NORWALK,-118.10361001,33.92606319
90093917,2015,2016-01-12,9550,2015-12-30,1345,020037,NA,3,1,9,1900,0,1,1,NA,2,650,INTERSTATE 605 SOUTHBOUND,PECK ROAD,100,N,N,A,-,Y,NA,NA,NA,NA,NA,NA,NA,NA,NA,N,4,0,1,3,A,-,03,22350,NA,N,C,C,A,A,H,-,A,D,0,NA,NA,NA,NA,Y,NA,A,07,0,0,1,0,0,0,0,0,0,-,-,33.02754,-118.0373,LOS ANGELES,UNINCORPORATED,-118.03732424,34.02753987
90093924,2016,2016-01-13,9550,2016-01-06,1630,020948,NA,3,2,9,1900,0,2,4,NA,1,022,TELEGRAPH ROAD,LEFFINGWELL ROAD,60,W,N,C,-,N,NA,NA,NA,NA,NA,NA,NA,NA,NA,N,4,0,1,3,A,-,03,22350,NA,N,C,C,A,B,H,-,C,A,0,NA,NA,NA,NA,Y,NA,A,01,0,0,1,0,0,0,0,0,0,-,-,33.92435,-118.02353,LOS ANGELES,UNINCORPORATED,-118.02343575,33.92433103
90093928,2015,2016-01-13,9550,2015-12-31,1523,014862,NA,4,2,5,1919,0,1,3,NA,2,091,SR-91 WESTBOUND,GRIDLEY ROAD,60,W,N,A,-,Y,NA,NA,91,NA,NA,NA,NA,NA,W,Y,4,0,1,2,A,-,03,22350,NA,N,C,C,A,A,H,-,A,D,0,NA,NA,NA,NA,Y,NA,A,01,0,0,1,0,0,0,0,0,0,-,-,33.8766,-118.09138,LOS ANGELES,CERRITOS,-118.09137926,33.87641918
90093937,2015,2016-01-13,9550,2015-12-22,1610,020131,NA,2,2,5,1919,0,1,1,NA,2,652,I-605 N/B,SOUTH STREET,2000,S,N,B,-,Y,NA,NA,605,NA,NA,NA,NA,NA,N,Y,4,0,1,3,A,-,03,22350,NA,N,C,C,A,B,H,-,A,D,0,NA,NA,NA,NA,Y,NA,A,08,0,0,1,0,0,0,0,0,0,-,-,33.85388,-118.09447,LOS ANGELES,CERRITOS,-118.09491091,33.85377047