CASE_ID,ACCIDENT_YEAR,PROC_DATE,JURIS,COLLISION_DATE,COLLISION_TIME,OFFICER_ID,REPORTING_DISTRICT,DAY_OF_WEEK,CHP_SHIFT,POPULATION,CNTY_CITY_LOC,SPECIAL_COND,BEAT_TYPE,CHP_BEAT_TYPE,CITY_DIVISION_LAPD,CHP_BEAT_CLASS,BEAT_NUMBER,PRIMARY_RD,SECONDARY_RD,DISTANCE,DIRECTION,INTERSECTION,WEATHER_1,WEATHER_2,STATE_HWY_IND,CALTRANS_COUNTY,CALTRANS_DISTRICT,STATE_ROUTE,ROUTE_SUFFIX,POSTMILE_PREFIX,POSTMILE,LOCATION_TYPE,RAMP_INTERSECTION,SIDE_OF_HWY,TOW_AWAY,COLLISION_SEVERITY,NUMBER_KILLED,NUMBER_INJURED,PARTY_COUNT,PRIMARY_COLL_FACTOR,PCF_CODE_OF_VIOL,PCF_VIOL_CATEGORY,PCF_VIOLATION,PCF_VIOL_SUBSECTION,HIT_AND_RUN,TYPE_OF_COLLISION,MVIW,PED_ACTION,ROAD_SURFACE,ROAD_COND_1,ROAD_COND_2,LIGHTING,CONTROL_DEVICE,CHP_ROAD_TYPE,PEDESTRIAN_ACCIDENT,BICYCLE_ACCIDENT,MOTORCYCLE_ACCIDENT,TRUCK_ACCIDENT,NOT_PRIVATE_PROPERTY,ALCOHOL_INVOLVED,STWD_VEHTYPE_AT_FAULT,CHP_VEHTYPE_AT_FAULT,COUNT_SEVERE_INJ,COUNT_VISIBLE_INJ,COUNT_COMPLAINT_PAIN,COUNT_PED_KILLED,COUNT_PED_INJURED,COUNT_BICYCLIST_KILLED,COUNT_BICYCLIST_INJURED,COUNT_MC_KILLED,COUNT_MC_INJURED,PRIMARY_RAMP,SECONDARY_RAMP,LATITUDE,LONGITUDE,COUNTY,CITY,POINT_X,POINT_Y
90095731,2016,2016-01-14,9550,2016-01-03,0320,020969,NA,7,3,6,1949,0,1,1,NA,2,500,INTERSTATE 5 (SANTA ANA FREEWAY) N/B,NORWALK BOULEVARD,524,N,N,A,-,Y,NA,NA,5,NA,NA,NA,NA,NA,N,Y,4,0,1,2,A,-,03,22350,NA,N,C,E,A,A,H,-,C,D,0,NA,NA,NA,NA,Y,NA,A,07,0,0,1,0,0,0,0,0,0,-,-,33.91316,-118.07504,LOS ANGELES,NORWALK,-118.07506379,33.91311578
90095736,2015,2016-01-14,9525,2015-12-18,1522,020058,NA,5,2,6,1975,0,1,1,NA,2,105,I-10 W/B (SAN BERNARDINO FREEWAY),HOLT AVE,500,E,N,A,-,Y,NA,NA,10,NA,NA,NA,NA,NA,W,N,4,0,2,1,C,-,18,NA,NA,N,E,I,A,A,H,-,A,D,0,NA,NA,NA,NA,Y,NA,-,-,0,0,2,0,0,0,0,0,0,-,-,34.06828,-117.85888,LOS ANGELES,WEST COVINA,-117.85889332,34.06817912
90095738,2015,2016-01-14,9535,2015-12-05,1755,020818,NA,6,2,9,1900,0,1,1,NA,2,071,I-710 (LONG BEACH FREEWAY) S/B,WHITTIER BLVD.,615,S,N,A,-,Y,NA,NA,710,NA,NA,NA,NA,NA,S,N,4,0,1,2,A,-,03,22350,NA,N,C,C,A,A,H,-,C,D,0,NA,NA,NA,NA,Y,NA,A,01,0,0,1,0,0,0,0,0,0,-,-,34.02189,-118.17322,LOS ANGELES,UNINCORPORATED,-118.17325874,34.02190044
90095750,2015,2016-01-14,9580,2015-12-17,1604,018803,NA,4,2,9,1900,0,1,3,NA,2,119,SR-118 W/B (RONALD REAGAN FWY.),ROCKY PEAK ROAD,1000,E,N,A,-,Y,NA,NA,118,NA,NA,NA,NA,NA,W,Y,4,0,2,3,A,-,03,22350,NA,N,C,C,A,A,H,-,A,D,0,NA,NA,NA,NA,Y,NA,A,01,0,0,2,0,0,0,0,0,0,-,-,34.27133,-118.63167,LOS ANGELES,UNINCORPORATED,-118.63165642,34.27131378
90095775,2015,2016-01-14,9550,2015-12-19,0740,021042,NA,6,1,5,1908,0,1,3,NA,2,091,SR-91 EB,CLARK AVENUE,1000,E,N,B,-,Y,NA,NA,91,NA,NA,NA,NA,NA,E,Y,3,0,1,1,A,-,08,22107,NA,N,E,I,A,A,H,-,A,D,0,NA,NA,NA,NA,Y,Y,A,01,0,1,0,0,0,0,0,0,0,-,-,33.87619,-118.13062,LOS ANGELES,BELLFLOWER,-118.13061938,33.87619423
90095776,2016,2016-01-14,9550,2016-01-05,1555,015746,NA,2,2,5,1990,0,2,4,NA,1,063,BREA CANYON ROAD,LOS ANGELES COUNTY LINE,100,N,N,B,-,N,NA,NA,NA,NA,NA,NA,NA,NA,NA,Y,2,0,1,4,A,-,03,22350,NA,N,E,I,E,B,H,-,A,D,0,Y,NA,NA,NA,Y,NA,D,22,1,0,0,0,1,0,0,0,0,-,-,33.9474,-117.86929,LOS ANGELES,DIAMOND BAR,-117.869895,33.946104
9009579,2019,2020-02-13,1900,2019-12-15,1640,552036,1014,7,5,3,1995,0,0,0,NA,0,101T2,WINTER MESA RD,RT 1,528,S,N,A,-,N,NA,NA,NA,NA,NA,NA,NA,NA,NA,N,4,0,1,2,D,-,00,NA,NA,N,G,B,E,A,H,-,B,D,0,Y,NA,NA,NA,Y,NA,-,-,0,0,1,0,1,0,0,0,0,-,-,34.03364181518555,-118.70169067382813,LOS ANGELES,MALIBU,-118.70231628417967,34.034019470214844
90095792,2015,2016-01-14,9535,2015-12-12,0836,019626,NA,6,1,9,1900,0,2,4,NA,2,024,WHITTIER BLVD,ATLANTIC BLVD,0,NA,Y,A,-,N,NA,NA,NA,NA,NA,NA,NA,NA,NA,N,4,0,2,2,A,-,08,22107,NA,N,D,C,A,A,H,-,A,A,0,NA,NA,NA,NA,Y,NA,A,01,0,0,2,0,0,0,0,0,0,-,-,34.0201,-118.1572,LOS ANGELES,UNINCORPORATED,-118.15729011,34.02041005
90095800,2016,2016-01-14,9565,2016-01-12,1515,016020,NA,2,2,5,1928,0,1,1,NA,2,010,I-105 E/B TRANSITION TO I-405 S/B,123RD ST.,15,N,N,A,-,Y,NA,NA,NA,NA,NA,NA,NA,NA,NA,Y,3,0,1,2,A,-,08,22107,NA,N,D,C,A,A,H,-,A,D,0,NA,NA,Y,NA,Y,NA,A,01,0,1,0,0,0,0,0,0,1,-,-,33.654560000000004,-118.56161,LOS ANGELES,HAWTHORNE,NA,NA
90095807,2015,2016-01-14,9535,2015-12-22,1645,016423,NA,2,2,3,1914,0,1,1,NA,2,501,I-5 (SANTA ANA FREEWAY) S/B,I-710,800,S,N,B,-,Y,NA,NA,5,NA,NA,NA,NA,NA,S,N,4,0,1,2,A,-,04,21703,NA,N,C,C,A,B,H,-,A,D,0,NA,NA,NA,NA,Y,NA,A,07,0,0,1,0,0,0,0,0,0,-,-,34.01457,-118.16957,LOS ANGELES,COMMERCE,-118.16949848,34.01481269
9009583,2019,2020-02-13,1900,2019-12-12,0530,550495,1015,4,5,3,1995,0,0,0,NA,0,101A,MALIBU CANYON,CIVIC CENTER WY,40,S,N,A,-,N,NA,NA,NA,NA,NA,NA,NA,NA,NA,Y,4,0,1,2,A,-,08,22101,NA,N,D,C,A,A,H,-,B,A,0,NA,NA,NA,NA,Y,NA,-,NA,0,0,1,0,0,0,0,0,0,-,-,NA,NA,LOS ANGELES,MALIBU,-118.7019271850586,34.039024353027344
90095830,2016,2016-01-14,9565,2016-01-01,0545,020752,NA,5,3,9,1900,0,2,4,NA,2,023,WESTERN AVE N/B,105TH ST.,124,N,N,A,-,N,NA,NA,NA,NA,NA,NA,NA,NA,NA,Y,3,0,1,2,A,-,01,23152,A,N,C,E,A,A,H,-,C,D,0,NA,NA,NA,NA,Y,Y,A,01,0,1,0,0,0,0,0,0,0,-,-,33.94192,-118.3089,LOS ANGELES,UNINCORPORATED,-118.30903,33.94124009
90095831,2015,2016-01-14,9530,2015-12-17,1530,019412,NA,4,2,9,1900,0,3,5,NA,2,004,SANTA FE AVE. (20400 BLOCK),DEL AMO BLVD.,400,N,N,A,-,Y,NA,NA,NA,NA,NA,NA,NA,NA,NA,Y,4,0,1,4,A,-,09,21804,A,F,D,A,A,A,H,-,A,D,0,NA,Y,NA,NA,Y,NA,L,04,0,0,1,0,0,0,0,0,0,-,-,33.84781,-118.21242,LOS ANGELES,UNINCORPORATED,-118.21161877,33.84766351
90095850,2015,2016-01-14,9580,2015-12-29,1530,016523,NA,2,2,7,1942,0,1,2,NA,2,107,US-101 S/B (VENTURA FREEWAY),LAS VIRGENES RD,5280,S,N,A,-,Y,NA,NA,NA,NA,NA,NA,NA,NA,NA,Y,3,0,1,2,A,-,03,22350,NA,N,C,C,A,A,H,-,A,D,0,NA,NA,NA,NA,Y,NA,A,07,0,1,0,0,0,0,0,0,0,-,-,34.15054,-118.67781,LOS ANGELES,LOS ANGELES,-118.71185062,34.1400323
90095863,2015,2016-01-14,9525,2015-12-30,1345,015980,NA,3,1,9,1900,0,1,3,NA,2,574,SR-57 N/B (ORANGE FREEWAY),BREA CYN RD,1584,S,N,A,-,Y,NA,NA,57,NA,NA,NA,NA,NA,N,Y,4,0,3,2,A,-,03,22350,NA,N,C,C,A,A,H,-,A,D,0,NA,NA,NA,NA,Y,NA,A,07,0,0,3,0,0,0,0,0,0,-,-,33.95621,-117.86123,LOS ANGELES,UNINCORPORATED,-117.86116932,33.95617307
90095894,2015,2016-01-14,9525,2015-12-25,1705,016342,NA,5,2,4,1938,0,1,1,NA,2,218,SR-210 E/B (FOOTHILL FREEWAY),EMERALD AVE,200,E,N,A,-,Y,NA,NA,210,NA,NA,NA,NA,NA,E,Y,4,0,8,3,A,-,03,22350,NA,N,C,C,A,A,H,-,C,D,0,NA,NA,NA,NA,Y,NA,A,01,0,0,8,0,0,0,0,0,0,-,-,34.11952,-117.77619,LOS ANGELES,LA VERNE,-117.77619585,34.11938953
90095907,2015,2016-01-14,9535,2015-12-12,1005,017086,NA,6,1,4,1962,0,1,1,NA,2,401,I-10 (SAN BERNARDINO FREEWAY) W/B,DEL MAR AVE,0,NA,N,A,-,Y,NA,NA,10,NA,NA,NA,NA,NA,W,Y,4,0,2,2,A,-,03,22350,NA,N,C,C,A,A,H,-,A,D,0,NA,NA,NA,NA,Y,NA,A,01,0,0,2,0,0,0,0,0,0,-,-,34.07227,-118.09429,LOS ANGELES,SAN GABRIEL,-118.09428796,34.07215576
90095908,2015,2016-01-14,9525,2015-12-25,2345,012772,NA,5,3,9,1900,0,3,5,NA,2,004,TEMPLE AVE (13400 BLK),VINELAND AVE,30,W,N,A,-,N,NA,NA,NA,NA,NA,NA,NA,NA,NA,N,4,0,1,2,A,-,03,22350,NA,M,C,C,A,A,H,-,C,D,0,NA,NA,NA,NA,Y,NA,D,22,0,0,1,0,0,0,0,0,0,-,-,34.054,-118.98686,LOS ANGELES,UNINCORPORATED,-117.98679675,34.05394181
90095911,2015,2016-01-14,9550,2015-12-21,1855,019775,NA,1,2,9,1900,0,1,3,NA,2,600,STATE ROUTE-60 EASTBOUND,HACIENDA BOULEVARD,1200,W,N,B,-,Y,NA,NA,NA,NA,NA,NA,NA,NA,NA,Y,4,0,1,2,A,-,03,22350,NA,N,C,C,A,A,H,-,D,D,0,NA,NA,NA,NA,Y,NA,A,01,0,0,1,0,0,0,0,0,0,-,-,33.99523,-117.93001,LOS ANGELES,UNINCORPORATED,-117.96816449,34.00798483
90095913,2015,2016-01-14,9525,2015-12-25,2024,016677,NA,5,2,5,1990,0,1,3,NA,2,604,SR-60 E/B (POMONA FREEWAY),GOLDEN SPRINGS DRIVE,1500,E,N,A,-,Y,NA,NA,60,NA,NA,NA,NA,NA,E,Y,3,0,2,2,C,-,18,NA,NA,N,E,I,A,A,H,-,D,D,0,NA,NA,NA,NA,Y,NA,-,-,0,2,0,0,0,0,0,0,0,-,-,34.027,-117.7921,LOS ANGELES,DIAMOND BAR,-117.79216001,34.0268217
90095923,2015,2016-01-15,9525,2015-12-18,0910,021097,NA,5,1,4,1905,0,1,1,NA,2,203,I-210 W/B (FOOTHILL FREEWAY),IRWINDALE AVE,425,E,N,A,-,Y,NA,NA,210,NA,NA,NA,NA,NA,W,N,3,0,1,2,A,-,07,21658,A,N,B,C,A,A,H,-,A,D,0,NA,NA,Y,NA,Y,NA,C,02,0,1,0,0,0,0,0,0,1,-,-,34.13063,-117.93047,LOS ANGELES,AZUSA,-117.93048455,34.13069664
90095925,2016,2016-01-15,9550,2016-01-04,1830,020741,NA,1,2,9,1900,0,3,5,NA,2,004,HACIENDA BLVD.,THREE PALMS ST.,0,NA,Y,B,-,N,NA,NA,NA,NA,NA,NA,NA,NA,NA,Y,4,0,1,2,A,-,09,21801,A,N,D,C,A,A,H,-,C,A,0,NA,NA,NA,NA,Y,NA,A,07,0,0,1,0,0,0,0,0,0,-,-,34.00515,-117.96485,LOS ANGELES,UNINCORPORATED,-117.96498011,34.00529006
9009593,2019,2020-02-14,1976,2019-12-09,1327,423,1976,1,5,3,1964,0,0,0,NA,0,002,TELEGRAPH RD,LAUREL AV,289,E,N,A,-,N,NA,NA,NA,NA,NA,NA,NA,NA,NA,Y,4,0,1,2,A,-,09,21804,A,N,D,C,A,A,H,-,A,A,0,NA,NA,NA,NA,Y,NA,A,01,0,0,1,0,0,0,0,0,0,-,-,NA,NA,LOS ANGELES,SANTA FE SPRINGS,-118.04798126220705,33.941219329833984
90095937,2015,2016-01-15,9535,2015-12-16,1620,019125,NA,3,2,5,1959,0,1,1,NA,2,400,I-10 (SAN BERNARDINO FREEWAY) E/B,WALNUT GROVE AVE,65,E,N,A,-,Y,NA,NA,10,NA,NA,NA,NA,NA,E,Y,4,0,1,2,A,-,03,22350,NA,N,C,C,A,A,H,-,A,D,0,NA,NA,NA,NA,Y,NA,A,01,0,0,1,0,0,0,0,0,0,-,-,34.07185,-118.08135,LOS ANGELES,ROSEMEAD,-118.08135213,34.07194946
90095965,2016,2016-01-15,9530,2016-01-07,0753,014451,NA,4,1,9,1900,0,3,5,NA,2,002,ROSECRANS AVE (650 BLOCK),AVALON BLVD.,45,E,N,B,-,N,NA,NA,NA,NA,NA,NA,NA,NA,NA,N,4,0,2,2,A,-,09,21804,A,F,D,C,A,A,H,-,A,D,0,NA,NA,NA,NA,Y,NA,D,22,0,0,2,0,0,0,0,0,0,-,-,33.90227,-118.26346,LOS ANGELES,UNINCORPORATED,-118.26513451,33.90216263
9009597,2019,2020-02-14,1976,2019-12-13,1716,379,NA,5,5,3,1964,0,0,0,NA,0,003,ALONDRA BL,FREEWAY DR,0,NA,Y,A,-,N,NA,NA,NA,NA,NA,NA,NA,NA,NA,N,4,0,1,2,A,-,09,21801,A,N,A,C,A,A,H,-,C,A,0,NA,NA,NA,NA,Y,NA,D,22,0,0,1,0,0,0,0,0,0,-,-,NA,NA,LOS ANGELES,SANTA FE SPRINGS,-118.03376007080078,33.8879508972168
90095982,2015,2016-01-15,9535,2015-12-15,0700,015336,NA,2,1,5,1901,0,1,3,NA,2,621,SR-60 (POMONA FREEWAY) W/B,PARAMOUNT BLVD,850,W,N,A,-,Y,NA,NA,NA,NA,NA,NA,NA,NA,NA,Y,4,0,1,2,A,-,03,22350,NA,N,C,C,A,A,H,-,A,D,0,NA,NA,NA,NA,Y,NA,A,07,0,0,1,0,0,0,0,0,0,-,-,34.03611,-118.09285,LOS ANGELES,ALHAMBRA,-118.09581193,34.03579325
90095986,2016,2016-01-15,9550,2016-01-05,1730,021110,NA,2,2,7,1941,0,1,3,NA,2,090,STATE ROUTE 91 (ARTESIA FREEWAY) EB,CHERRY AVENUE,1000,W,N,A,-,Y,NA,NA,91,NA,NA,NA,NA,NA,E,N,4,0,1,2,A,-,03,22350,NA,N,C,C,A,B,H,-,C,D,0,NA,NA,NA,NA,Y,NA,A,01,0,0,1,0,0,0,0,0,0,-,-,33.87609,-118.17011,LOS ANGELES,LONG BEACH,-118.17006616,33.87629025
90096003,2016,2016-01-15,9550,2016-01-05,0535,016109,NA,2,3,9,1900,0,1,3,NA,2,600,STATE ROUTE 60 (POMONA FREEWAY),CROSSROADS PARKWAY,1500,E,N,B,-,Y,NA,NA,60,NA,NA,NA,NA,NA,NA,Y,4,0,1,3,A,-,03,22350,NA,N,C,C,A,A,H,-,C,D,0,NA,NA,NA,NA,Y,NA,A,07,0,0,1,0,0,0,0,0,0,-,-,34.02919,-118.00411,LOS ANGELES,UNINCORPORATED,-118.00412183,34.02906824
90096021,2015,2016-01-15,9550,2015-12-27,1725,020531,NA,7,2,9,1900,0,2,4,NA,1,042,COLIMA ROAD,ALBATROSS ROAD,250,W,N,A,-,N,NA,NA,NA,NA,NA,NA,NA,NA,NA,Y,4,0,1,2,A,-,07,21658,A,N,B,C,A,A,H,-,A,D,0,NA,NA,Y,NA,Y,NA,A,08,0,0,1,0,0,0,0,0,1,-,-,33.95065,-117.92666,LOS ANGELES,UNINCORPORATED,-117.92514407,33.99051934
90096023,2015,2016-01-15,9525,2015-12-19,1933,020058,NA,6,2,4,1938,0,1,1,NA,2,209,SR-210 W/B (FOOTHILL FREEWAY),FRUIT ST.,2500,E,N,C,-,Y,NA,NA,210,NA,NA,NA,NA,NA,W,Y,4,0,2,3,A,-,07,21658,A,N,B,C,A,B,H,-,C,D,0,NA,NA,NA,NA,Y,NA,A,07,0,0,2,0,0,0,0,0,0,-,-,34.12033,-117.76142,LOS ANGELES,LA VERNE,-117.76142768,34.11974996
90096054,2015,2016-01-15,9535,2015-12-15,0825,019306,NA,2,1,3,1968,0,1,3,NA,2,621,SR-60 (POMONA FREEWAY) W/B,PECK RD,100,W,N,A,-,Y,NA,NA,NA,NA,NA,NA,NA,NA,NA,Y,3,0,1,2,A,-,03,22350,NA,N,C,C,A,A,H,-,A,D,0,NA,NA,Y,NA,Y,NA,C,02,0,1,0,0,0,0,0,0,1,-,-,34.03514,-118.02968,LOS ANGELES,SOUTH EL MONTE,-118.03873196,34.03758773
90096058,2015,2016-01-15,9530,2015-11-29,0935,020331,NA,7,1,7,1941,0,1,1,NA,2,071,I-710 S/B TO SR-91 E/B,SR-91,1426,N,N,A,-,Y,NA,NA,710,NA,NA,NA,R,NA,S,Y,4,0,3,2,A,-,03,22350,NA,N,C,C,A,A,H,-,A,D,0,NA,NA,NA,NA,Y,NA,A,01,0,0,3,0,0,0,0,0,0,-,-,33.8797,-118.1925,LOS ANGELES,LONG BEACH,-118.1925,33.8797
90096072,2015,2016-01-15,9525,2015-12-23,1410,021097,NA,3,2,3,1921,0,1,1,NA,2,211,I-210 W/B (FOOTHILL FREEWAY),BUENA VISTA ST.,450,E,N,A,-,Y,NA,NA,210,NA,NA,NA,NA,NA,W,Y,4,0,2,3,A,-,07,21658,A,N,C,C,A,A,H,-,A,D,0,NA,NA,NA,NA,Y,NA,A,01,0,0,2,0,0,0,0,0,0,-,-,34.13545,-117.97909,LOS ANGELES,DUARTE,-117.97908941,34.13547613
90096096,2016,2016-01-15,9525,2016-01-01,0435,015988,NA,5,3,6,1955,0,1,1,NA,2,107,I-10 W/B (SAN BERNARDINO FREEWAY),KELLOGG DR.,528,E,N,A,-,Y,NA,NA,10,NA,NA,NA,NA,NA,W,Y,3,0,1,1,A,-,08,22107,NA,N,E,I,A,A,H,-,D,D,0,NA,NA,NA,NA,Y,NA,A,01,0,1,0,0,0,0,0,0,0,-,-,34.06428,-117.81067,LOS ANGELES,POMONA,-117.81066386,34.06424039
90096144,2016,2016-01-15,9550,2016-01-05,0720,020824,NA,2,1,5,1976,0,1,1,NA,2,650,INTERSTATE 605 N/B,BEVERLEY BOULEVARD,2200,S,N,C,-,Y,NA,NA,605,NA,NA,NA,NA,NA,N,Y,3,0,1,3,A,-,03,22350,NA,F,C,C,A,B,H,-,A,D,0,NA,NA,NA,NA,Y,NA,A,01,0,1,0,0,0,0,0,0,0,-,-,34.0032,-118.06508,LOS ANGELES,WHITTIER,-118.06509131,34.00321326
90096168,2015,2016-01-15,9550,2015-12-30,0540,021141,NA,3,3,9,1900,0,3,5,NA,2,005,COLIMA RD.,JELLICK AVE.,0,NA,Y,A,-,N,NA,NA,NA,NA,NA,NA,NA,NA,NA,N,4,0,1,2,A,-,10,21950,A,N,G,B,B,A,H,-,C,D,0,Y,NA,NA,NA,Y,NA,D,22,0,0,1,0,1,0,0,0,0,-,-,33.98845,-117.90125,LOS ANGELES,UNINCORPORATED,-117.90120007,33.98810011
90096190,2016,2016-01-15,9550,2016-01-05,1245,020824,NA,2,1,5,1976,0,1,1,NA,2,650,INTERSTATE 605 S/B,WHITTIER BOULEVARD,50,N,N,C,-,Y,NA,NA,605,NA,NA,NA,NA,NA,S,Y,3,0,2,2,A,-,03,22350,NA,N,C,C,A,B,H,-,A,D,0,NA,NA,NA,Y,Y,NA,A,07,0,1,1,0,0,0,0,0,0,-,-,33.99381,-118.06927,LOS ANGELES,WHITTIER,-118.06925671,33.99380675
90096198,2015,2016-01-15,9525,2015-12-31,1810,019491,NA,4,2,9,1900,0,3,5,NA,2,003,GALLEANO STREET (18600 E. BLOCK),ABERY AVENUE (400 S BLOCK),0,NA,Y,A,-,N,NA,NA,NA,NA,NA,NA,NA,NA,NA,Y,4,0,1,2,A,-,09,21802,A,N,D,C,A,A,H,-,C,D,0,NA,NA,Y,NA,Y,NA,A,01,0,0,1,0,0,0,0,0,1,-,-,34.0103,-117.89532,LOS ANGELES,UNINCORPORATED,-117.89514,34.01024002
90096224,2015,2016-01-15,9525,2015-12-22,1110,015445,NA,2,1,6,1975,0,1,1,NA,2,105,I-10 W/B (SAN BERNARDINO FREEWAY),AZUSA AVE. U/C,850,W,N,B,C,Y,NA,NA,10,NA,NA,NA,NA,NA,W,Y,3,0,1,2,A,-,03,22350,NA,N,C,C,A,A,H,-,A,D,0,NA,NA,NA,NA,Y,NA,J,49,0,1,0,0,0,0,0,0,0,-,-,34.07237,-117.91035,LOS ANGELES,WEST COVINA,-117.91035164,34.07225707
90096255,2015,2016-01-15,9525,2015-12-31,1935,018164,NA,4,2,3,1921,0,1,1,NA,2,202,I-210 E/B (FOOTHILL FREEWAY),BUENA VISTA ST.,3000,E,N,A,-,Y,NA,NA,NA,NA,NA,NA,NA,NA,NA,N,4,0,2,4,A,-,03,22350,NA,N,C,C,A,A,H,-,D,D,0,NA,NA,NA,NA,Y,NA,A,07,0,0,2,0,0,0,0,0,0,-,-,34.87436,-117.58409,LOS ANGELES,DUARTE,-117.9727,34.13541
90096256,2016,2016-01-15,9540,2016-01-11,1430,017983,NA,1,2,9,1900,0,1,3,NA,2,147,SR-14 S/B (ANTELOPE VALLEY FRWY.),ESCONDIDO CANYON RD,2640,N,N,A,-,Y,NA,NA,14,NA,NA,NA,NA,NA,S,Y,3,0,1,1,A,-,08,22107,NA,N,E,I,A,A,H,-,A,D,0,NA,NA,NA,NA,Y,NA,A,01,0,1,0,0,0,0,0,0,0,-,-,34.49274,-118.28386,LOS ANGELES,UNINCORPORATED,-118.28357927,34.49220487
90096270,2015,2016-01-15,9550,2015-12-29,1505,021120,NA,2,2,9,1900,0,3,5,NA,2,002,VICTORIA AVENUE,TELEGRAPH ROAD,0,NA,Y,A,-,N,NA,NA,NA,NA,NA,NA,NA,NA,NA,N,4,0,1,2,D,-,00,NA,NA,N,G,B,B,A,H,-,A,A,0,Y,NA,NA,NA,Y,NA,-,-,0,0,1,0,1,0,0,0,0,-,-,33.93313,-118.03594,LOS ANGELES,UNINCORPORATED,-118.03604004,33.93295004
90096277,2016,2016-01-15,9565,2016-01-07,1057,020110,NA,4,1,4,1918,0,1,1,NA,2,061,I-405 N/B,WASHINGTON BLVD,30,N,N,A,-,Y,NA,NA,405,NA,NA,NA,NA,NA,N,N,4,0,1,3,A,-,03,22350,NA,N,C,C,A,A,H,-,A,D,0,NA,NA,NA,NA,Y,NA,A,01,0,0,1,0,0,0,0,0,0,-,-,34.0055,-118.413,LOS ANGELES,CULVER CITY,-118.41300349,34.00549727
90096290,2015,2016-01-15,9525,2015-12-29,1310,019188,NA,2,1,1,1934,0,1,1,NA,2,652,I-605 N/B  TO LIVE OAK AVE.,LIVE OAK AVE.,25,S,N,A,-,Y,NA,NA,605,NA,NA,NA,R,NA,N,N,4,0,1,2,A,-,21,22106,NA,N,C,C,A,A,H,-,A,D,0,NA,NA,NA,NA,Y,NA,A,01,0,0,1,0,0,0,0,0,0,-,-,34.1098,-117.98257,LOS ANGELES,IRWINDALE,-117.98257,34.1098
90096307,2016,2016-01-15,9550,2016-01-13,1630,018271,NA,3,2,9,1900,0,2,4,NA,1,051,FULLERTON ROAD,SENTENO ST.,200,N,N,A,-,N,NA,NA,NA,NA,NA,NA,NA,NA,NA,Y,3,0,1,1,A,-,03,22350,NA,N,F,A,A,A,H,-,B,D,0,NA,NA,Y,NA,Y,NA,C,02,0,1,0,0,0,0,0,0,1,-,-,33.97457,-117.91035,LOS ANGELES,UNINCORPORATED,-117.91029927,33.97468654
90096308,2016,2016-01-15,9550,2016-01-08,1230,021141,NA,5,1,9,1900,0,1,3,NA,2,602,SR-60 E/B,NOGALES STREET,1700,W,N,A,-,Y,NA,NA,60,NA,NA,NA,NA,NA,E,N,4,0,1,3,A,-,03,22350,NA,N,C,C,A,A,H,-,A,D,0,NA,NA,NA,NA,Y,NA,D,22,0,0,1,0,0,0,0,0,0,-,-,33.9941,-117.89447,LOS ANGELES,UNINCORPORATED,-117.89446995,33.99406943
90096339,2016,2016-01-15,9550,2016-01-07,1815,020688,NA,4,2,9,1900,0,2,4,NA,1,041,STIMSON AVENUE,HALLIBURTON ROAD,350,S,N,B,-,N,NA,NA,NA,NA,NA,NA,NA,NA,NA,N,4,0,1,2,A,-,03,22350,NA,N,C,C,A,A,H,-,C,D,0,NA,NA,NA,NA,Y,NA,A,01,0,0,1,0,0,0,0,0,0,-,-,33.99526,-117.96392,LOS ANGELES,UNINCORPORATED,-117.96392351,33.99548217
90096376,2016,2016-01-15,9550,2016-01-07,0800,015040,NA,4,1,6,1949,0,1,1,NA,2,651,I-605 S/B (SGR) FROM ALONDRA BLVD W/B,I-605 (SGR),150,W,N,A,-,Y,NA,NA,605,NA,NA,NA,R,NA,S,Y,4,0,1,3,A,-,03,22350,NA,N,C,C,A,B,H,-,A,A,0,NA,NA,NA,NA,Y,NA,A,08,0,0,1,0,0,0,0,0,0,-,-,33.88818,-118.10556,LOS ANGELES,NORWALK,-118.10556,33.88818
90096379,2015,2016-01-15,9525,2015-12-26,1940,020058,NA,6,2,5,1926,0,3,5,NA,2,005,MT. BALDY RD.,SHINN RD.,10560,N,N,A,-,Y,NA,NA,NA,NA,NA,NA,NA,NA,NA,N,3,0,5,1,A,-,03,22350,NA,N,E,I,A,A,H,-,C,D,0,NA,NA,NA,NA,Y,NA,A,01,0,4,1,0,0,0,0,0,0,-,-,34.20288,-117.67674,LOS ANGELES,GLENDORA,-117.67661125,34.20266813
9009641,2019,2020-01-08,1922,2019-09-06,1214,677,NA,5,5,6,1922,0,0,0,NA,0,001,PECK RD,CHERRYLEE DR,0,NA,Y,A,-,N,NA,NA,NA,NA,NA,NA,NA,NA,NA,N,3,0,1,2,A,-,08,22107,NA,N,D,C,A,A,H,-,A,D,0,NA,NA,NA,NA,Y,NA,A,01,0,1,0,0,0,0,0,0,0,-,-,34.0954704284668,-118.01241302490234,LOS ANGELES,EL MONTE,-118.01245880126952,34.09524154663086