CASE_ID,ACCIDENT_YEAR,PROC_DATE,JURIS,COLLISION_DATE,COLLISION_TIME,OFFICER_ID,REPORTING_DISTRICT,DAY_OF_WEEK,CHP_SHIFT,POPULATION,CNTY_CITY_LOC,SPECIAL_COND,BEAT_TYPE,CHP_BEAT_TYPE,CITY_DIVISION_LAPD,CHP_BEAT_CLASS,BEAT_NUMBER,PRIMARY_RD,SECONDARY_RD,DISTANCE,DIRECTION,INTERSECTION,WEATHER_1,WEATHER_2,STATE_HWY_IND,CALTRANS_COUNTY,CALTRANS_DISTRICT,STATE_ROUTE,ROUTE_SUFFIX,POSTMILE_PREFIX,POSTMILE,LOCATION_TYPE,RAMP_INTERSECTION,SIDE_OF_HWY,TOW_AWAY,COLLISION_SEVERITY,NUMBER_KILLED,NUMBER_INJURED,PARTY_COUNT,PRIMARY_COLL_FACTOR,PCF_CODE_OF_VIOL,PCF_VIOL_CATEGORY,PCF_VIOLATION,PCF_VIOL_SUBSECTION,HIT_AND_RUN,TYPE_OF_COLLISION,MVIW,PED_ACTION,ROAD_SURFACE,ROAD_COND_1,ROAD_COND_2,LIGHTING,CONTROL_DEVICE,CHP_ROAD_TYPE,PEDESTRIAN_ACCIDENT,BICYCLE_ACCIDENT,MOTORCYCLE_ACCIDENT,TRUCK_ACCIDENT,NOT_PRIVATE_PROPERTY,ALCOHOL_INVOLVED,STWD_VEHTYPE_AT_FAULT,CHP_VEHTYPE_AT_FAULT,COUNT_SEVERE_INJ,COUNT_VISIBLE_INJ,COUNT_COMPLAINT_PAIN,COUNT_PED_KILLED,COUNT_PED_INJURED,COUNT_BICYCLIST_KILLED,COUNT_BICYCLIST_INJURED,COUNT_MC_KILLED,COUNT_MC_INJURED,PRIMARY_RAMP,SECONDARY_RAMP,LATITUDE,LONGITUDE,COUNTY,CITY,POINT_X,POINT_Y
90097530,2015,2016-01-19,9580,2015-12-13,1558,020003,NA,7,2,7,1942,0,1,1,NA,2,405,I-405 S/B (SAN DIEGO FWY),SHERMAN WAY,1000,S,N,B,-,Y,NA,NA,405,NA,NA,NA,NA,NA,S,Y,3,0,1,1,A,-,08,22107,NA,N,E,I,A,A,H,-,A,D,0,NA,NA,NA,NA,Y,NA,A,07,0,1,0,0,0,0,0,0,0,-,-,34.19784,-118.47427,LOS ANGELES,LOS ANGELES,-118.47427834,34.19784159
9009754,2019,2020-02-13,1925,2019-12-21,1348,22043,NA,6,5,6,1925,0,0,0,NA,0,NA,CENTRAL AV,MAGNOLIA AV,0,NA,Y,B,-,N,NA,NA,NA,NA,NA,NA,NA,NA,NA,Y,3,0,2,2,A,-,09,21802,A,N,D,C,A,A,H,-,A,D,0,NA,NA,NA,NA,Y,NA,A,07,0,1,1,0,0,0,0,0,0,-,-,NA,NA,LOS ANGELES,GLENDALE,-118.25782012939452,34.13119888305664
90097548,2015,2016-01-19,9580,2015-12-16,0735,021077,NA,3,1,7,1942,0,1,3,NA,2,170,SR-170 N/B TO OXNARD ST.,OXNARD ST,300,S,N,A,-,Y,NA,NA,170,NA,NA,NA,R,NA,N,Y,4,0,2,1,A,-,03,22350,NA,N,E,I,A,A,H,-,A,D,0,NA,NA,NA,NA,Y,NA,A,01,0,0,2,0,0,0,0,0,0,-,-,34.17879,-118.39354,LOS ANGELES,LOS ANGELES,-118.39354,34.17879
90097575,2016,2016-01-19,9550,2016-01-08,0820,015040,NA,5,1,9,1900,0,2,4,NA,1,022,TELEGRAPH RD. W/B,VICTORIA AVE.,35,E,N,A,-,N,NA,NA,NA,NA,NA,NA,NA,NA,NA,Y,4,0,2,2,A,-,03,22350,NA,N,B,C,A,A,H,-,A,D,0,NA,NA,NA,NA,Y,NA,A,01,0,0,2,0,0,0,0,0,0,-,-,33.93294,-118.03589,LOS ANGELES,UNINCORPORATED,-118.03595143,33.93288869
9009758,2019,2020-02-13,1925,2019-12-17,1103,23811,220,2,5,6,1925,0,0,0,NA,0,001,BRAND BL,SANCHEZ DR,0,NA,Y,A,-,N,NA,NA,NA,NA,NA,NA,NA,NA,NA,Y,4,0,1,2,A,-,12,21453,A,N,D,C,A,A,H,-,A,A,0,NA,NA,NA,NA,Y,NA,A,01,0,0,1,0,0,0,0,0,0,-,-,NA,NA,LOS ANGELES,GLENDALE,-118.25514221191406,34.155941009521484
90097588,2016,2016-01-19,9550,2016-01-10,1120,020755,NA,7,1,9,1900,0,2,4,NA,1,031,HACIENDA BOULEVARD,NEWTON ST.,70,N,N,A,-,N,NA,NA,NA,NA,NA,NA,NA,NA,NA,N,4,0,1,2,A,-,03,22350,NA,N,C,A,A,A,H,-,A,A,0,NA,NA,NA,NA,Y,NA,A,01,0,0,1,0,0,0,0,0,0,-,-,33.99633,-117.96819,LOS ANGELES,UNINCORPORATED,-117.96815836,33.99623492
90097631,2015,2016-01-19,9580,2015-12-26,0402,20095,NA,6,3,7,1942,0,1,3,NA,2,170,SR-170 N/B (HOLLYWOOD FWY.),VICTORY BLVD,350,N,N,A,-,Y,NA,NA,170,NA,NA,NA,NA,NA,N,Y,4,0,1,1,A,-,01,23152,A,N,F,A,A,A,H,-,C,D,0,NA,NA,NA,NA,Y,Y,A,01,0,0,1,0,0,0,0,0,0,-,-,34.18673,-118.40128,LOS ANGELES,LOS ANGELES,-118.40126215,34.18673608
90097635,2016,2016-01-21,9540,2016-01-18,1625,020429,NA,1,2,7,1942,0,1,1,NA,1,502,I-5 N/B (GOLDEN STATE FWY),SR-14,1000,S,N,B,-,Y,NA,NA,5,NA,NA,NA,NA,NA,N,N,4,0,1,2,A,-,03,22350,NA,N,C,C,A,A,H,-,A,D,0,NA,NA,NA,NA,Y,NA,A,01,0,0,1,0,0,0,0,0,0,-,-,34.3282,-118.50466,LOS ANGELES,LOS ANGELES,-118.50497652,34.3280309
90097662,2016,2016-01-19,9525,2016-01-04,1715,018164,NA,1,2,1,1934,0,1,1,NA,2,204,I-210 E/B (FOOTHILL FREEWAY),IRWINDALE AVE,1800,W,N,A,-,Y,NA,NA,210,NA,NA,NA,NA,NA,E,N,4,0,3,2,A,-,03,22350,NA,N,C,C,A,A,H,-,C,D,0,NA,NA,NA,NA,Y,NA,A,01,0,0,3,0,0,0,0,0,0,-,-,34.12986,-117.9442,LOS ANGELES,IRWINDALE,-117.94418845,34.12989152
90097664,2015,2016-01-19,9535,2015-11-30,0525,018527,NA,1,3,3,1914,0,1,1,NA,2,500,I-5 (SANTA ANA FREEWAY) N/B,WASHINGTON BLVD,2640,N,N,A,-,Y,NA,NA,5,NA,NA,NA,NA,NA,N,N,4,0,1,2,A,-,04,21703,NA,N,C,C,A,A,H,-,A,D,0,NA,NA,NA,NA,Y,NA,A,01,0,0,1,0,0,0,0,0,0,-,-,34.00316,-118.15129,LOS ANGELES,COMMERCE,-118.15143329,34.0030142
90097666,2016,2016-01-19,9550,2016-01-10,1515,020861,NA,7,2,6,1949,0,1,1,NA,2,501,I-5 N/B,ROSECRANS AVENUE,1500,N,N,A,-,Y,NA,NA,5,NA,NA,NA,NA,NA,N,N,4,0,1,5,A,-,03,22350,NA,N,C,C,A,A,D,-,A,D,0,NA,NA,NA,NA,Y,NA,A,01,0,0,1,0,0,0,0,0,0,-,-,33.90457,-118.06435,LOS ANGELES,NORWALK,-118.06434526,33.90457609
90097689,2016,2016-01-19,9550,2016-01-10,1310,020861,NA,7,1,6,1949,0,1,1,NA,2,501,INTERSTATE 5 (SANTA ANA FREEWAY),ROSECRANS AVE,1050,S,N,B,-,Y,NA,NA,5,NA,NA,NA,NA,NA,NA,Y,4,0,2,2,A,-,03,22350,NA,N,C,C,A,A,D,-,A,D,0,NA,NA,NA,NA,Y,NA,A,01,0,0,2,0,0,0,0,0,0,-,-,33.89962,-118.05795,LOS ANGELES,NORWALK,-118.05791015,33.89969336
90097703,2016,2016-01-19,9550,2016-01-11,1525,020861,NA,1,2,3,1964,0,1,1,NA,2,501,I-5 N/B (SANTA ANA FREEWAY),CARMENITA ROAD,1630,N,N,A,-,Y,NA,NA,5,NA,NA,NA,NA,NA,N,Y,4,0,1,4,A,-,08,22107,NA,N,B,C,A,A,D,-,A,D,0,NA,NA,NA,NA,Y,NA,A,01,0,0,1,0,0,0,0,0,0,-,-,33.89618,-118.05114,LOS ANGELES,SANTA FE SPRINGS,-118.05113747,33.8961847
90097716,2016,2016-01-19,9540,2016-01-13,1230,013644,NA,3,1,9,1900,0,2,4,NA,2,010,THE OLD ROAD S/B,CALGROVE BL.,518,S,N,A,-,N,NA,NA,NA,NA,NA,NA,NA,NA,NA,Y,4,0,1,2,A,-,08,22107,NA,N,C,E,A,A,H,-,A,D,0,NA,NA,NA,Y,Y,NA,A,01,0,0,1,0,0,0,0,0,0,-,-,34.35914,-118.55515,LOS ANGELES,UNINCORPORATED,-118.55614,34.36056783
90097719,2016,2016-01-19,9525,2016-01-04,1715,015980,NA,1,2,5,1990,0,1,3,NA,2,574,SR-57 N/B (ORANGE FREEWAY),SR-6O,2112,S,N,B,-,Y,NA,NA,57,NA,NA,NA,NA,NA,N,Y,4,0,1,3,A,-,03,22350,NA,N,C,C,A,A,A,-,C,D,0,NA,NA,NA,Y,Y,NA,G,25,0,0,1,0,0,0,0,0,0,-,-,33.99686,-117.83945,LOS ANGELES,DIAMOND BAR,-117.83950367,33.99691378
90097722,2015,2016-01-19,9575,2015-12-06,0030,020729,NA,7,3,9,1900,0,3,5,NA,2,003,GOLD CREEK ROAD,LITTLE TUJUNGA CANYON ROAD,350,E,N,A,-,N,NA,NA,NA,NA,NA,NA,NA,NA,NA,Y,2,0,1,1,A,-,01,23152,A,N,E,I,A,A,H,-,D,D,0,NA,NA,NA,NA,Y,Y,A,01,1,0,0,0,0,0,0,0,0,-,-,34.31881,-118.33787,LOS ANGELES,UNINCORPORATED,-118.34041402,34.31728048
90097742,2016,2016-01-19,9540,2016-01-13,1325,013644,NA,3,1,9,1900,0,3,5,NA,2,008,HERITAGE VIEW LANE,VIA VENTANA,88,S,N,A,-,N,NA,NA,NA,NA,NA,NA,NA,NA,NA,Y,4,0,1,2,A,-,03,22350,NA,N,C,C,A,A,H,-,A,D,0,NA,NA,NA,NA,Y,NA,A,01,0,0,1,0,0,0,0,0,0,-,-,34.40413,-118.50527,LOS ANGELES,UNINCORPORATED,-118.58515027,34.40404875
90097789,2015,2016-01-19,9590,2015-11-20,2230,020697,NA,5,3,7,1942,0,1,1,NA,2,062,I-10 E/B (SMF) FROM VERMONT AVENUE,VERMONT AVENUE,40,E,N,A,-,Y,NA,NA,10,NA,NA,NA,R,NA,E,N,4,0,1,2,A,-,03,22350,NA,N,C,C,A,A,H,-,C,D,0,NA,NA,NA,NA,Y,NA,A,01,0,0,1,0,0,0,0,0,0,-,-,34.03646,-118.29129,LOS ANGELES,LOS ANGELES,-118.29129,34.03646
90097812,2016,2016-01-19,9525,2016-01-04,1430,020058,NA,1,2,5,1906,0,1,1,NA,2,104,I-10 E/B (SAN BERNARDINO FREEWAY),BALDWIN PARK BLVD,500,W,N,B,-,Y,NA,NA,NA,NA,NA,NA,NA,NA,NA,N,4,0,2,2,A,-,03,22350,NA,F,C,C,A,A,H,-,A,D,0,NA,NA,NA,NA,Y,NA,D,22,0,0,2,0,0,0,0,0,0,-,-,34.06651,-117.98145,LOS ANGELES,BALDWIN PARK,-117.98352716,34.06720676
90097843,2015,2016-01-19,9530,2015-12-12,0209,020349,NA,6,3,5,1977,0,1,1,NA,2,410,I-405 S/B TO I-110 S/B,I-110,450,N,N,A,-,Y,NA,NA,405,NA,NA,NA,R,NA,S,Y,4,0,1,3,A,-,03,22350,NA,N,B,C,E,A,H,-,C,D,0,Y,NA,NA,NA,Y,Y,A,01,0,0,1,0,1,0,0,0,0,-,-,33.85461,-118.28508,LOS ANGELES,CARSON,-118.28508,33.85461
90097850,2015,2016-01-19,9530,2015-12-26,1055,018745,NA,6,1,5,1977,0,1,1,NA,2,410,I-405 N/B (SAN DIEGO FREEWAY),AVALON BLVD.,500,N,N,A,-,Y,NA,NA,405,NA,NA,NA,NA,NA,N,Y,4,0,1,2,A,-,03,22350,NA,N,C,C,A,A,H,-,A,D,0,NA,NA,NA,NA,Y,NA,A,07,0,0,1,0,0,0,0,0,0,-,-,33.84064,-118.26468,LOS ANGELES,CARSON,-118.26457609,33.84074357
90097853,2016,2016-01-19,9565,2016-01-16,2354,020747,NA,6,3,9,1900,0,3,5,NA,2,003,LA CIENEGA BLVD S/B,SLAUSON AVE,1000,S,N,A,-,N,NA,NA,NA,NA,NA,NA,NA,NA,NA,Y,3,0,1,3,A,-,01,23152,A,N,C,C,A,A,H,-,C,D,0,NA,NA,NA,NA,Y,Y,A,01,0,1,0,0,0,0,0,0,0,-,-,33.98385,-118.37063,LOS ANGELES,UNINCORPORATED,-118.37121,33.98803
90097854,2016,2016-01-19,9550,2016-01-12,1352,018412,NA,2,1,5,1919,0,1,1,NA,2,652,I-605 S/B,SOUTH STREET,100,S,N,A,-,Y,NA,NA,NA,NA,NA,NA,NA,NA,NA,Y,4,0,1,2,A,-,03,22350,NA,F,C,C,A,A,H,-,A,D,0,NA,NA,NA,NA,Y,NA,A,01,0,0,1,0,0,0,0,0,0,-,-,NA,NA,LOS ANGELES,CERRITOS,-118.09628,33.85832
90097857,2015,2016-01-19,9575,2015-12-07,2145,021144,NA,1,2,6,1912,0,1,1,NA,2,051,I-5 N/B (GOLDEN STATE FREEWAY),COHASSET ST.,50,N,N,A,-,Y,NA,NA,NA,NA,NA,NA,NA,NA,NA,Y,4,0,1,2,A,-,03,22350,NA,M,C,C,A,A,H,-,D,D,0,NA,NA,NA,NA,Y,NA,A,01,0,0,1,0,0,0,0,0,0,-,-,34.20599,-118.34878,LOS ANGELES,BURBANK,-118.34304901,34.2066904
90097884,2016,2016-01-19,9550,2016-01-12,1011,015746,NA,2,1,9,1900,0,1,3,NA,2,602,STATE ROUTE 60 (POMONA FREEWAY),FULLERTON ROAD,2000,E,N,A,-,Y,NA,NA,60,NA,NA,NA,NA,NA,NA,N,4,0,1,2,A,-,03,22350,NA,N,C,C,A,A,H,-,A,D,0,NA,NA,NA,NA,Y,NA,A,01,0,0,1,0,0,0,0,0,0,-,-,33.9947,-117.90136,LOS ANGELES,UNINCORPORATED,-117.9013612,33.99428641
90097900,2015,2016-01-19,9525,2015-12-29,0945,018505,NA,2,1,5,1990,0,1,3,NA,2,574,SR-57 N/B TO SR-60 E/B,PATHFINDER RD.,4224,N,N,B,-,Y,NA,NA,57,NA,NA,NA,R,NA,N,N,4,0,1,3,A,-,03,22350,NA,N,C,C,A,B,H,-,A,D,0,NA,NA,NA,NA,Y,NA,A,01,0,0,1,0,0,0,0,0,0,-,-,33.99927,-117.83694,LOS ANGELES,DIAMOND BAR,-117.83694,33.99927
90097901,2016,2016-08-18,9565,2016-01-14,0802,020796,NA,4,1,9,1900,0,3,5,NA,2,002,120TH STREET,NORMANDIE AVE,0,NA,Y,A,-,N,NA,NA,NA,NA,NA,NA,NA,NA,NA,Y,4,0,1,3,A,-,09,21801,A,N,D,C,A,A,H,-,A,A,0,NA,NA,NA,NA,Y,NA,A,07,0,0,1,0,0,0,0,0,0,-,-,33.924080000000004,-118.3001,LOS ANGELES,UNINCORPORATED,-118.30036002,33.92396011
90097924,2016,2016-01-19,9525,2016-01-04,1225,013390,NA,1,1,6,1975,0,1,1,NA,2,105,I-10 W/B (SAN BERNARDINO FREEWAY),CITRUS ST.,200,E,N,B,-,Y,NA,NA,10,NA,NA,NA,NA,NA,W,N,4,0,9,2,A,-,03,22350,NA,N,C,C,A,A,D,-,A,D,0,NA,NA,NA,NA,Y,NA,J,48,0,0,9,0,0,0,0,0,0,-,-,34.07176,-117.88754,LOS ANGELES,WEST COVINA,-117.88753682,34.07203912
90097951,2016,2016-01-19,9525,2016-01-02,1405,018761,NA,6,2,4,1905,0,1,1,NA,2,203,I-210 W/B (FOOTHILL FREEWAY),VERNON AVE,100,E,N,A,-,Y,NA,NA,NA,NA,NA,NA,NA,NA,NA,Y,4,0,1,2,A,-,07,21658,A,N,B,C,A,A,H,-,A,D,0,NA,NA,NA,Y,Y,NA,A,01,0,0,1,0,0,0,0,0,0,-,-,34.73555,-117.5457,LOS ANGELES,AZUSA,-117.91575922,34.12613922
90097984,2016,2016-01-19,9565,2016-01-07,0745,019349,NA,4,1,9,1900,0,2,4,NA,2,042,LENNOX BLVD,FIRMONA AVE,0,NA,Y,A,-,N,NA,NA,NA,NA,NA,NA,NA,NA,NA,N,4,0,1,2,A,-,10,21950,A,N,G,B,B,A,H,-,A,A,0,Y,NA,NA,NA,Y,NA,A,07,0,0,1,0,1,0,0,0,0,-,-,33.93819,-118.35697,LOS ANGELES,UNINCORPORATED,-118.35700009,33.93817005
9009799,2019,2020-02-06,1942,2019-12-10,1625,38176,1112,2,5,7,1942,0,0,0,K,0,11X58,VERDUGO RD,YORK BL,0,NA,Y,A,-,N,NA,NA,NA,NA,NA,NA,NA,NA,NA,N,4,0,1,2,A,-,00,22007,NA,N,B,C,A,A,H,-,C,D,0,NA,NA,NA,NA,Y,NA,A,01,0,0,1,0,0,0,0,0,0,-,-,NA,NA,LOS ANGELES,LOS ANGELES,-118.23171997070313,34.125
90098003,2015,2016-01-19,9550,2015-12-19,1210,021037,NA,6,1,9,1900,0,3,5,NA,2,005,NOGALES ST.,DIASETTA ST.,15,W,N,A,-,N,NA,NA,NA,NA,NA,NA,NA,NA,NA,N,4,0,2,3,A,-,10,21950,A,N,G,B,B,A,H,-,A,A,0,Y,NA,NA,NA,Y,NA,A,07,0,0,2,0,2,0,0,0,0,-,-,33.99002,-117.8892,LOS ANGELES,UNINCORPORATED,-117.88918,33.99001
90098018,2016,2016-01-19,9550,2016-01-05,1125,015382,NA,2,1,5,1908,1,1,3,NA,2,091,RAMONA AVE.,VIRGINIA AVE.,0,NA,Y,C,-,N,NA,NA,NA,NA,NA,NA,NA,NA,NA,Y,4,0,1,2,A,-,12,22450,A,N,D,C,A,B,H,-,A,A,0,NA,NA,NA,NA,Y,NA,D,22,0,0,1,0,0,0,0,0,0,-,-,33.87313,-118.13962,LOS ANGELES,BELLFLOWER,-118.13961012,33.87294009
90098022,2016,2016-01-19,9550,2016-01-10,2105,020959,NA,7,2,9,1900,0,3,5,NA,2,002,GREENLEAF AVENUE,REIS ST,17,S,N,A,-,N,NA,NA,NA,NA,NA,NA,NA,NA,NA,Y,4,0,2,2,A,-,08,22103,NA,N,D,C,A,A,H,-,C,A,0,NA,NA,NA,NA,Y,NA,D,22,0,0,2,0,0,0,0,0,0,-,-,33.95142,-118.05149,LOS ANGELES,UNINCORPORATED,-118.05148581,33.95149419
90098028,2015,2016-02-02,9575,2015-12-29,1820,019538,NA,2,2,7,1942,0,1,1,NA,2,053,I-5 N/B (GOLDEN STATE FREEWAY),VAN NUYS BLVD.,700,N,N,A,-,Y,NA,NA,5,NA,NA,NA,NA,NA,N,Y,4,0,2,6,A,-,03,22350,NA,M,C,C,A,A,H,-,C,D,0,NA,NA,NA,NA,Y,NA,-,99,0,0,2,0,0,0,0,0,0,-,-,34.2593,-118.4377,LOS ANGELES,LOS ANGELES,-118.43769381,34.25930665
90098029,2015,2016-01-19,9525,2015-12-30,1525,017408,NA,3,2,9,1900,0,3,5,NA,2,002,CYPRESS ST.,CONEY AVE,20,W,N,A,-,N,NA,NA,NA,NA,NA,NA,NA,NA,NA,Y,4,0,1,2,A,-,03,22350,NA,N,C,C,A,A,H,-,A,D,0,NA,NA,NA,NA,Y,NA,A,01,0,0,1,0,0,0,0,0,0,-,-,34.09584,-117.92281,LOS ANGELES,UNINCORPORATED,-117.9228159,34.09600065
90098043,2016,2016-01-19,9550,2016-01-13,1838,021107,NA,3,2,3,1964,0,1,1,NA,2,651,I-605 N/B,IMPERIAL HIGHWAY,675,N,N,A,-,Y,NA,NA,NA,NA,NA,NA,NA,NA,NA,N,4,0,1,2,A,-,03,22350,NA,N,C,C,A,A,H,-,C,A,0,NA,NA,NA,NA,Y,NA,A,01,0,0,1,0,0,0,0,0,0,-,-,33.91895,-118.10427,LOS ANGELES,SANTA FE SPRINGS,-118.10458,33.91717
90098086,2015,2016-01-19,9590,2015-11-17,0630,013179,NA,2,1,7,1942,0,1,1,NA,2,061,I-10 W/B (SANTA MONICA FREEWAY),ARLINGTON AVENUE O/C,100,W,N,A,-,Y,NA,NA,10,NA,NA,NA,NA,NA,W,N,4,0,1,1,A,-,08,22107,NA,N,F,A,A,A,H,-,A,D,0,NA,NA,Y,NA,Y,NA,C,02,0,0,1,0,0,0,0,0,1,-,-,34.03513,-118.33357,LOS ANGELES,LOS ANGELES,-118.33357193,34.03516747
90098089,2016,2016-03-28,9550,2016-01-05,0905,013935,NA,2,1,9,1900,0,2,4,NA,1,022,TELEGRAPH ROAD,VICTORIA AVENUE,0,NA,Y,C,-,N,NA,NA,NA,NA,NA,NA,NA,NA,NA,Y,4,0,1,3,A,-,12,21453,A,N,D,C,A,A,H,-,A,A,0,NA,NA,NA,NA,Y,NA,A,01,0,0,1,0,0,0,0,0,0,-,-,33.93319,-118.03643,LOS ANGELES,UNINCORPORATED,-118.03604004,33.93295004
90098091,2016,2016-01-19,9565,2016-01-13,1950,19355,NA,3,2,7,1942,0,1,1,NA,2,010,I-105 W/B (CENTURY FREEWAY),NASH ST,630,E,N,A,-,Y,NA,NA,105,NA,NA,NA,NA,NA,W,N,4,0,1,2,A,-,03,22350,NA,N,C,C,A,A,H,-,C,D,0,NA,NA,NA,NA,Y,NA,A,01,0,0,1,0,0,0,0,0,0,-,-,33.93126,-118.38535,LOS ANGELES,LOS ANGELES,-118.38534969,33.931249
90098104,2016,2016-01-19,9550,2016-01-14,1640,018854,NA,4,2,9,1900,0,1,1,NA,2,650,I-605 N/B TO BEVERLY BLVD.,BEVERLY BOULEVARD,200,N,N,A,-,Y,NA,NA,605,NA,NA,NA,R,NA,N,Y,4,0,1,1,A,-,03,22350,NA,N,E,I,A,A,H,-,C,D,0,NA,NA,NA,NA,Y,NA,A,01,0,0,1,0,0,0,0,0,0,-,-,34.00493,-118.06211,LOS ANGELES,UNINCORPORATED,-118.06211,34.00493
90098120,2015,2016-01-19,9550,2015-12-28,1310,021121,NA,1,1,3,1964,0,1,1,NA,2,650,INTERSTATE 605 SOUTHBOUND,TELEGRAPH ROAD,2700,N,N,B,-,Y,NA,NA,605,NA,NA,NA,NA,NA,S,N,4,0,1,4,A,-,03,22350,NA,N,C,C,A,A,H,-,A,D,0,NA,NA,NA,NA,Y,NA,J,48,0,0,1,0,0,0,0,0,0,-,-,33.95673,-118.08791,LOS ANGELES,SANTA FE SPRINGS,-118.0879627,33.95676023
90098122,2015,2016-01-19,9535,2015-12-07,0610,017802,NA,1,1,9,1900,0,1,3,NA,2,066,SR-164 (ROSEMEAD BLVD) S/B,SAN GABRIEL BLVD.,340,N,N,A,-,N,NA,NA,164,NA,NA,NA,NA,NA,S,Y,3,0,1,2,A,-,03,22350,NA,N,C,C,A,A,H,-,D,A,0,NA,NA,NA,NA,Y,NA,A,01,0,1,0,0,0,0,0,0,0,-,-,34.03039,-118.06694,LOS ANGELES,UNINCORPORATED,-118.06695954,34.03040181
90098130,2016,2016-01-19,9550,2016-01-13,1635,020151,NA,3,2,9,1900,0,1,1,NA,2,650,I-605 N/B,BEVERLY BOULEVARD,75,S,N,A,-,Y,NA,NA,605,NA,NA,NA,NA,NA,N,Y,3,0,1,2,A,-,08,22107,NA,N,B,C,A,A,H,-,B,D,0,NA,NA,NA,NA,Y,NA,A,01,0,1,0,0,0,0,0,0,0,-,-,34.00421,-118.06389,LOS ANGELES,UNINCORPORATED,-118.06388504,34.00420395
90098147,2016,2016-01-19,9580,2016-01-02,2120,019776,NA,6,2,7,1942,0,1,3,NA,2,170,SR-170 N/B TO OXNARD ST,OXNARD ST,75,S,N,A,-,Y,NA,NA,170,NA,NA,NA,R,NA,N,Y,2,0,1,1,A,-,01,23152,A,N,F,A,A,A,H,-,C,D,0,NA,NA,Y,NA,Y,Y,C,02,1,0,0,0,0,0,0,0,1,-,-,34.17935,-118.3931,LOS ANGELES,LOS ANGELES,-118.3931,34.17935
90098150,2015,2016-01-19,9530,2015-12-16,1350,020141,NA,3,1,9,1900,0,3,5,NA,2,001,FIRESTONE BLVD. (1800 BLOCK),HOLMES AVE.,20,E,N,A,-,N,NA,NA,NA,NA,NA,NA,NA,NA,NA,N,4,0,1,2,A,-,21,22106,NA,N,C,C,A,A,H,-,A,B,0,NA,NA,NA,NA,Y,NA,A,01,0,0,1,0,0,0,0,0,0,-,-,33.96021,-118.24024,LOS ANGELES,UNINCORPORATED,-118.24078418,33.96015
90098169,2015,2016-01-19,9535,2015-12-07,1120,017302,NA,1,1,9,1900,0,2,4,NA,2,024,WHITTIER BLVD,DITMAN AVE.,0,NA,Y,A,-,N,NA,NA,NA,NA,NA,NA,NA,NA,NA,N,4,0,1,2,A,-,12,21453,A,N,D,C,A,A,H,-,A,A,0,NA,NA,NA,NA,Y,NA,-,-,0,0,1,0,0,0,0,0,0,-,-,34.12666,-118.11213,LOS ANGELES,UNINCORPORATED,-118.18928004,34.02392007
90098178,2015,2016-01-19,9525,2015-12-30,1620,018651,NA,3,2,9,1900,0,2,4,NA,2,032,VALLEY BLVD (18500 E BLOCK),FULLERTON RD.,385,W,N,A,-,N,NA,NA,NA,NA,NA,NA,NA,NA,NA,N,3,0,1,2,A,-,07,21658,A,N,B,C,A,A,H,-,A,D,0,NA,NA,Y,NA,Y,NA,A,01,0,1,0,0,0,0,0,0,1,-,-,34.00631,-117.90872,LOS ANGELES,UNINCORPORATED,-117.90500424,34.00575055
90098179,2015,2016-02-23,9550,2015-11-26,0210,020932,NA,4,3,9,1900,0,3,5,NA,2,006,BREA CANYON CUTOFF ROAD,BICKFORD DRIVE,426,S,N,A,-,N,NA,NA,NA,NA,NA,NA,NA,NA,NA,Y,1,1,2,2,A,-,05,21651,A,N,D,C,A,A,H,-,C,D,0,NA,NA,NA,NA,Y,NA,A,01,1,1,0,0,0,0,0,0,0,-,-,33.98005,-117.86277,LOS ANGELES,UNINCORPORATED,-117.86268001,33.98007667
90098216,2015,2016-01-19,9535,2015-12-14,1050,017148,NA,1,1,9,1900,0,1,3,NA,2,620,SR-60 (POMONA FREEWAY) E/B,SANTA ANITA AVE,200,W,N,A,-,Y,NA,NA,NA,NA,NA,NA,NA,NA,NA,Y,4,0,1,3,A,-,03,22350,NA,N,C,C,A,A,H,-,A,D,0,NA,NA,NA,NA,Y,NA,A,01,0,0,1,0,0,0,0,0,0,-,-,34.39675,-118.52008,LOS ANGELES,UNINCORPORATED,-118.05267538,34.03978971
90098237,2016,2016-01-19,9550,2016-01-15,1515,021141,NA,5,2,9,1900,0,1,1,NA,2,650,INTERSTATE 605 N/B,PECK ROAD,750,S,N,A,-,Y,NA,NA,605,NA,NA,NA,NA,NA,N,Y,4,0,1,2,A,-,03,22350,NA,N,C,C,A,A,H,-,A,D,0,NA,NA,NA,NA,Y,NA,A,01,0,0,1,0,0,0,0,0,0,-,-,34.02606,-118.03937,LOS ANGELES,UNINCORPORATED,-118.03942299,34.02614467
90098262,2016,2016-01-19,9575,2016-01-05,0900,017751,NA,2,1,7,1942,0,1,3,NA,2,041,SR-134 E/B (VENTURA FWY.),ARBOR DELL,1056,E,N,C,-,Y,NA,NA,134,NA,NA,NA,NA,NA,E,Y,4,0,1,1,A,-,03,22350,NA,N,E,I,A,B,H,-,A,D,0,NA,NA,NA,Y,Y,NA,G,25,0,0,1,0,0,0,0,0,0,-,-,34.14481,-118.18988,LOS ANGELES,LOS ANGELES,-118.189901,34.14476411