CASE_ID,ACCIDENT_YEAR,PROC_DATE,JURIS,COLLISION_DATE,COLLISION_TIME,OFFICER_ID,REPORTING_DISTRICT,DAY_OF_WEEK,CHP_SHIFT,POPULATION,CNTY_CITY_LOC,SPECIAL_COND,BEAT_TYPE,CHP_BEAT_TYPE,CITY_DIVISION_LAPD,CHP_BEAT_CLASS,BEAT_NUMBER,PRIMARY_RD,SECONDARY_RD,DISTANCE,DIRECTION,INTERSECTION,WEATHER_1,WEATHER_2,STATE_HWY_IND,CALTRANS_COUNTY,CALTRANS_DISTRICT,STATE_ROUTE,ROUTE_SUFFIX,POSTMILE_PREFIX,POSTMILE,LOCATION_TYPE,RAMP_INTERSECTION,SIDE_OF_HWY,TOW_AWAY,COLLISION_SEVERITY,NUMBER_KILLED,NUMBER_INJURED,PARTY_COUNT,PRIMARY_COLL_FACTOR,PCF_CODE_OF_VIOL,PCF_VIOL_CATEGORY,PCF_VIOLATION,PCF_VIOL_SUBSECTION,HIT_AND_RUN,TYPE_OF_COLLISION,MVIW,PED_ACTION,ROAD_SURFACE,ROAD_COND_1,ROAD_COND_2,LIGHTING,CONTROL_DEVICE,CHP_ROAD_TYPE,PEDESTRIAN_ACCIDENT,BICYCLE_ACCIDENT,MOTORCYCLE_ACCIDENT,TRUCK_ACCIDENT,NOT_PRIVATE_PROPERTY,ALCOHOL_INVOLVED,STWD_VEHTYPE_AT_FAULT,CHP_VEHTYPE_AT_FAULT,COUNT_SEVERE_INJ,COUNT_VISIBLE_INJ,COUNT_COMPLAINT_PAIN,COUNT_PED_KILLED,COUNT_PED_INJURED,COUNT_BICYCLIST_KILLED,COUNT_BICYCLIST_INJURED,COUNT_MC_KILLED,COUNT_MC_INJURED,PRIMARY_RAMP,SECONDARY_RAMP,LATITUDE,LONGITUDE,COUNTY,CITY,POINT_X,POINT_Y
90107966,2015,2016-02-03,9590,2015-12-18,1410,021101,NA,5,2,7,1942,0,1,2,NA,2,072,US-101 N/B (HOF),HOLLYWOOD BLVD.,300,S,N,A,-,Y,NA,NA,101,NA,NA,NA,NA,NA,N,Y,3,0,1,5,A,-,03,22350,NA,N,C,C,A,A,H,-,A,D,0,NA,NA,NA,NA,Y,NA,A,01,0,1,0,0,0,0,0,0,0,-,-,34.1009,-118.31591,LOS ANGELES,LOS ANGELES,-118.31600573,34.10084418
90107968,2016,2016-02-03,9525,2016-01-18,0447,019970,NA,1,3,6,1955,0,1,1,NA,2,110,I-10 E/B (SAN BERNARDINO FREEWAY),ORANGE GROVE AVE.,950,E,N,B,-,Y,NA,NA,NA,NA,NA,NA,NA,NA,NA,Y,3,0,1,1,A,-,03,22350,NA,N,E,I,A,A,H,-,D,D,0,NA,NA,NA,NA,Y,NA,A,01,0,1,0,0,0,0,0,0,0,-,-,34.43208,-117.44504,LOS ANGELES,POMONA,-117.7474295,34.0757246
90107973,2016,2016-02-03,9575,2016-01-31,0240,020771,NA,7,3,6,1925,0,1,1,NA,2,062,I-210 W/B (FOOTHILL FWY),HONOLULU AVE.,50,E,N,B,-,Y,NA,NA,210,NA,NA,NA,NA,NA,W,Y,3,0,1,1,A,-,08,22107,NA,N,E,I,A,A,H,-,D,D,0,NA,NA,NA,NA,Y,NA,A,01,0,1,0,0,0,0,0,0,0,-,-,34.23096,-118.26376,LOS ANGELES,GLENDALE,-118.26379965,34.23077127
90107986,2016,2016-02-03,9525,2016-01-18,0540,012820,NA,1,3,9,1900,0,1,3,NA,1,024,SR-39 (SAN GABRIEL CANYON RD.),ROCK SPRINGS WY.,5280,N,N,B,-,Y,NA,NA,39,NA,NA,NA,NA,NA,NA,Y,3,0,1,1,A,-,08,22107,NA,N,F,I,A,A,H,-,D,D,0,NA,NA,NA,NA,Y,NA,A,07,0,1,0,0,0,0,0,0,0,-,-,34.18074,-117.88109,LOS ANGELES,UNINCORPORATED,-117.88115417,34.18073582
90107993,2016,2016-04-18,9530,2016-01-08,1335,020427,NA,5,1,9,1900,0,3,5,NA,2,002,WILMINGTON AVE.,118TH ST.,0,NA,Y,A,-,N,NA,NA,NA,NA,NA,NA,NA,NA,NA,Y,4,0,2,2,A,-,12,21453,A,N,D,C,A,A,H,-,A,A,0,NA,NA,NA,NA,Y,NA,-,-,0,0,2,0,0,0,0,0,0,-,-,33.55333,-118.142,LOS ANGELES,UNINCORPORATED,-118.23908007,33.92597007
90107998,2016,2016-02-03,9545,2016-01-29,1600,018420,NA,5,2,9,1900,1,3,5,NA,2,004,96TH ST  E,AVENUE S-4,0,NA,Y,A,-,N,NA,NA,NA,NA,NA,NA,NA,NA,NA,N,3,0,1,1,C,-,18,NA,NA,N,H,A,A,A,H,-,A,A,0,NA,NA,NA,NA,Y,NA,-,-,0,1,0,0,0,0,0,0,0,-,-,34.55388,-117.95886,LOS ANGELES,UNINCORPORATED,-117.95817004,34.55380004
90108019,2016,2016-02-03,9550,2016-01-25,1820,021042,NA,1,2,9,1900,0,2,4,NA,1,063,BREA CANYON CUTOFF ROAD,BALAN ROAD,35,N,N,A,-,N,NA,NA,NA,NA,NA,NA,NA,NA,NA,Y,3,0,1,3,A,-,09,21801,A,F,A,C,A,A,H,-,C,A,0,NA,NA,Y,NA,Y,NA,-,99,0,1,0,0,0,0,0,0,1,-,-,33.9827,-117.86683,LOS ANGELES,UNINCORPORATED,-117.86701666,33.98284825
90108022,2016,2016-02-03,9550,2016-01-28,1255,009995,NA,4,1,6,1949,0,1,1,NA,2,501,I-5 S/B,ROSECRANS AVE,210,N,N,A,-,Y,NA,NA,NA,NA,NA,NA,NA,NA,NA,Y,4,0,2,2,A,-,03,22350,NA,N,C,C,A,A,H,-,A,D,0,NA,NA,NA,NA,Y,NA,A,01,0,0,2,0,0,0,0,0,0,-,-,NA,NA,LOS ANGELES,NORWALK,-118.06291675,33.90278047
90108026,2016,2016-02-03,9540,2016-01-21,1053,017076,NA,4,1,9,1900,0,2,4,NA,2,010,THE OLD ROAD (SOUTHBOUND),CONSTITUTION AVENUE,0,NA,Y,A,-,N,NA,NA,NA,NA,NA,NA,NA,NA,NA,Y,3,0,2,2,A,-,12,21453,A,N,D,C,A,A,H,-,A,A,0,NA,NA,NA,NA,Y,NA,A,07,0,1,1,0,0,0,0,0,0,-,-,34.38434,-118.57179,LOS ANGELES,UNINCORPORATED,-118.5717501,34.38430004
90108031,2016,2016-02-03,9580,2016-01-02,1430,021018,NA,6,2,7,1942,0,1,2,NA,2,101,US-101 S/B (VENTURA FREEWAY),LANKERSHIM BLVD,1000,N,N,A,-,Y,NA,NA,101,NA,NA,NA,NA,NA,S,Y,4,0,1,2,A,-,08,22107,NA,N,E,I,A,A,H,-,A,D,0,NA,NA,NA,NA,Y,NA,A,01,0,0,1,0,0,0,0,0,0,-,-,34.13563,-118.3601,LOS ANGELES,LOS ANGELES,-118.36011736,34.13560409
90108033,2016,2016-02-03,9550,2016-01-28,0805,014862,NA,4,1,7,1941,0,1,3,NA,2,090,SR-91 EASTBOUND,PARAMOUNT BLVD.,120,E,N,A,-,Y,NA,NA,91,NA,NA,NA,NA,NA,E,Y,4,0,1,5,A,-,03,22350,NA,N,C,C,A,A,H,-,A,D,0,NA,NA,NA,NA,Y,NA,A,01,0,0,1,0,0,0,0,0,0,-,-,33.87586,-118.15952,LOS ANGELES,LONG BEACH,-118.15958204,33.87617421
90108048,2016,2016-02-03,9550,2016-02-02,1410,016882,NA,2,2,6,1949,0,1,1,NA,2,651,INTERSTATE 605 NORTHBOUND,IMPERIAL HIGHWAY,300,N,N,B,-,Y,NA,NA,605,NA,NA,NA,NA,NA,N,Y,4,0,1,2,A,-,03,22350,NA,N,C,C,A,A,H,-,A,D,0,NA,NA,NA,NA,Y,NA,A,01,0,0,1,0,0,0,0,0,0,-,-,33.91816,-118.10442,LOS ANGELES,NORWALK,-118.10452939,33.91816455
90108081,2016,2016-02-03,9550,2016-02-02,0555,020131,NA,2,3,6,1920,0,1,1,NA,2,151,I-105 W/B,PARAMOUNT BOULEVARD,500,E,N,A,-,Y,NA,NA,NA,NA,NA,NA,NA,NA,NA,Y,4,0,1,2,A,-,07,21658,NA,N,B,C,A,A,H,-,C,D,0,NA,NA,Y,NA,Y,NA,D,22,0,0,1,0,0,0,0,0,1,-,-,33.91225,-118.15775,LOS ANGELES,DOWNEY,-118.15827553,33.91222127
90108083,2015,2016-02-03,9580,2015-12-16,0955,014900,NA,3,1,7,1942,0,1,3,NA,2,116,SR-118 E/B FROM DE SOTO AVE.,DE SOTO AVE,35,E,N,A,-,Y,NA,NA,118,NA,NA,NA,R,NA,E,N,4,0,1,2,A,-,08,22107,NA,N,B,C,A,A,H,-,A,A,0,NA,NA,NA,NA,Y,NA,-,-,0,0,1,0,0,0,0,0,0,-,-,34.27322,-118.58966,LOS ANGELES,LOS ANGELES,-118.58966,34.27322
90108090,2016,2016-02-03,9545,2016-01-30,1800,020244,NA,6,2,9,1900,0,3,5,NA,2,001,AVENUE L,45TH ST  W,313,W,N,A,-,N,NA,NA,NA,NA,NA,NA,NA,NA,NA,Y,3,0,2,2,A,-,08,22107,NA,N,A,C,A,A,H,-,A,D,0,NA,NA,NA,NA,Y,Y,D,22,0,1,1,0,0,0,0,0,0,-,-,34.66021,-118.21108,LOS ANGELES,UNINCORPORATED,-118.21115862,34.66021226
90108093,2016,2016-02-03,9550,2016-02-02,0821,018531,NA,2,1,3,1964,0,1,1,NA,2,501,INTERSTATE 5 S/B (SANTA ANA FREEWAY),ALONDRA BLVD.,600,N,N,A,-,Y,NA,NA,5,NA,NA,NA,NA,NA,S,Y,4,0,1,2,A,-,08,22107,NA,N,C,C,A,A,D,-,A,D,0,NA,NA,NA,Y,Y,NA,F,26,0,0,1,0,0,0,0,0,0,-,-,33.88891,-118.03817,LOS ANGELES,SANTA FE SPRINGS,-118.03812489,33.88899318
90108102,2015,2016-02-03,9590,2015-12-05,1630,021132,NA,6,2,7,1942,0,1,1,NA,2,065,I-10 W/B (SANTA MONICA FREEWAY),LA BREA AVENUE,200,W,N,A,-,Y,NA,NA,10,NA,NA,NA,NA,NA,W,Y,4,0,1,4,A,-,03,22350,NA,N,C,C,A,A,H,-,A,D,0,NA,NA,NA,Y,Y,NA,F,25,0,0,1,0,0,0,0,0,0,-,-,34.0344,-118.35085,LOS ANGELES,LOS ANGELES,-118.35084762,34.03434962
90108112,2016,2016-02-03,9580,2016-01-07,0900,021015,NA,4,1,7,1942,0,1,2,NA,2,102,US-101 N/B (VENTURA FREEWAY),WOODMAN AVE.,10,N,N,B,-,Y,NA,NA,101,NA,NA,NA,NA,NA,N,Y,4,0,3,4,A,-,03,22350,NA,N,C,C,A,B,H,-,A,D,0,NA,NA,NA,NA,Y,NA,A,01,0,0,3,0,0,0,0,0,0,-,-,34.15502,-118.43144,LOS ANGELES,LOS ANGELES,-118.43143687,34.15572531
9010812,2019,2020-02-04,1942,2019-12-06,1400,38852,2185,5,5,7,1942,0,0,0,NA,0,21A97,TOPANGA CANYON BL,AVENUE SAN LUIS,0,NA,Y,B,C,N,NA,NA,NA,NA,NA,NA,NA,NA,NA,Y,4,0,1,2,A,-,09,21802,A,N,D,C,A,B,H,-,A,D,0,NA,NA,NA,NA,Y,NA,I,11,0,0,1,0,0,0,0,0,0,-,-,NA,NA,LOS ANGELES,LOS ANGELES,-118.60585021972656,34.16598129272461
90108120,2016,2016-02-03,9575,2016-01-19,0919,018353,NA,2,1,6,1925,0,1,3,NA,2,042,SR-134 W/B (VENTURA FREEWAY),CENTRAL AVE,150,E,N,A,-,Y,NA,NA,134,NA,NA,NA,NA,NA,W,Y,4,0,2,4,A,-,03,22350,NA,N,C,C,A,A,H,-,A,D,0,NA,NA,NA,NA,Y,NA,A,01,0,0,2,0,0,0,0,0,0,-,-,34.15648,-118.25733,LOS ANGELES,GLENDALE,-118.25733039,34.15642571
90108130,2015,2016-02-03,9535,2015-12-17,1055,015336,NA,4,1,3,1914,0,1,1,NA,2,500,I-5 (SANTA ANA FREEWAY) N/B,GARFIELD AVE,160,N,N,A,-,Y,NA,NA,5,NA,NA,NA,NA,NA,N,Y,4,0,2,2,A,-,04,21703,NA,N,C,C,A,A,H,-,A,D,0,NA,NA,NA,NA,Y,NA,A,01,0,0,2,0,0,0,0,0,0,-,-,33.9876,-118.13742,LOS ANGELES,COMMERCE,-118.13743406,33.98758655
9010816,2019,2020-02-14,1942,2019-12-07,0945,39085,2157,6,5,7,1942,0,0,0,NA,0,21A57,VANOWEN ST,VARIEL AV,45,W,N,B,-,N,NA,NA,NA,NA,NA,NA,NA,NA,NA,Y,4,0,1,2,A,-,03,22350,NA,N,C,C,A,B,H,-,A,D,0,NA,NA,NA,NA,Y,NA,D,22,0,0,1,0,0,0,0,0,0,-,-,NA,NA,LOS ANGELES,LOS ANGELES,-118.59298706054688,34.19377136230469
90108169,2016,2016-02-03,9565,2016-01-27,1305,018154,NA,3,1,9,1900,0,3,5,NA,2,006,WILSHIRE BLVD. W/B,SEPULVEDA BLVD,200,W,N,A,-,N,NA,NA,NA,NA,NA,NA,NA,NA,NA,Y,4,0,1,2,A,-,03,22350,NA,N,C,C,A,A,H,-,A,D,0,NA,NA,NA,NA,Y,NA,A,01,0,0,1,0,0,0,0,0,0,-,-,34.05581,-118.45209,LOS ANGELES,UNINCORPORATED,-118.45204,34.05586
90108191,2016,2016-02-03,9525,2016-01-19,1745,015980,NA,2,2,5,1990,0,1,3,NA,2,603,SR-60 W/B (POMONA FREEWAY),DIAMOND BAR BLVD,500,E,N,C,-,Y,NA,NA,60,NA,NA,NA,NA,NA,W,Y,4,0,2,2,A,-,03,22350,NA,N,C,C,A,A,H,-,D,D,0,NA,NA,NA,NA,Y,NA,A,01,0,0,2,0,0,0,0,0,0,-,-,34.02561,-117.8061,LOS ANGELES,DIAMOND BAR,-117.80612255,34.02568657
9010820,2019,2020-02-13,1942,2019-12-08,1305,36733,2156,7,5,7,1942,0,0,0,NA,0,21A43,TOPANGA CANYON BL,KITTRIDGE ST,100,S,N,C,-,N,NA,NA,NA,NA,NA,NA,NA,NA,NA,Y,4,0,3,2,D,-,00,NA,NA,N,A,C,A,B,H,-,A,D,0,NA,NA,NA,NA,Y,NA,-,-,0,0,3,0,0,0,0,0,0,-,-,NA,NA,LOS ANGELES,LOS ANGELES,-118.60590362548828,34.19085693359375
90108219,2016,2016-02-03,9550,2016-02-01,0005,020959,NA,1,3,5,1908,0,1,3,NA,2,091,STATE ROUTE 91 (ARTESIA FREEWAY) EB,CLARK AVENUE,966,W,N,A,-,Y,NA,NA,91,NA,NA,NA,NA,NA,E,Y,4,0,1,2,A,-,03,22350,NA,N,C,C,A,A,H,-,C,D,0,NA,NA,NA,NA,Y,NA,A,07,0,0,1,0,0,0,0,0,0,-,-,33.87698,-118.13651,LOS ANGELES,BELLFLOWER,-118.13651112,33.87710033
90108223,2016,2016-02-03,9535,2016-01-21,0728,016276,NA,4,1,5,1901,0,1,1,NA,2,070,I-710 (LONG BEACH FREEWAY) N/B,HELLMAN AVE,742,N,N,A,-,Y,NA,NA,710,NA,NA,NA,NA,NA,N,N,4,0,1,2,A,-,03,22350,NA,N,B,C,A,A,H,-,A,D,0,NA,NA,Y,NA,Y,NA,C,02,0,0,1,0,0,0,0,0,1,-,-,34.07506,-118.16073,LOS ANGELES,ALHAMBRA,-118.16073263,34.07505998
9010824,2019,2020-02-13,1942,2019-12-10,1425,36676,2129,2,5,7,1942,0,0,0,NA,0,21A29,SATICOY ST,CORBIN AV,60,W,N,A,-,N,NA,NA,NA,NA,NA,NA,NA,NA,NA,Y,4,0,1,2,A,-,03,22350,NA,N,C,C,A,A,H,-,A,A,0,NA,NA,NA,NA,Y,Y,A,01,0,0,1,0,0,0,0,0,0,-,-,NA,NA,LOS ANGELES,LOS ANGELES,-118.56246948242188,34.20833969116211
90108246,2016,2016-02-03,9550,2016-02-02,0955,021202,NA,2,1,3,1964,0,1,1,NA,2,650,INTERSTATE 605 N/B,WHITTIER AVE,750,N,N,A,-,Y,NA,NA,NA,NA,NA,NA,NA,NA,NA,Y,4,0,1,2,A,-,03,22350,NA,N,C,C,A,A,H,-,A,D,0,NA,NA,NA,NA,Y,NA,D,22,0,0,1,0,0,0,0,0,0,-,-,33.99989,-118.0674,LOS ANGELES,SANTA FE SPRINGS,-118.06866818,33.99538514
90108262,2016,2016-02-03,9530,2016-01-19,1000,019033,NA,2,1,7,1941,0,1,1,NA,2,071,I-710 N/B (LONG BEACH FREEWAY),DEL AMO BLVD.,450,S,N,A,-,Y,NA,NA,NA,NA,NA,NA,NA,NA,NA,N,4,0,1,2,A,-,07,21658,A,N,B,C,A,A,H,-,A,D,0,NA,NA,NA,Y,Y,NA,-,-,0,0,1,0,0,0,0,0,0,-,-,33.847,-118.235,LOS ANGELES,LONG BEACH,-118.20559328,33.84535158
90108269,2015,2016-02-03,9580,2015-12-22,0813,014900,NA,2,1,7,1942,0,1,2,NA,2,104,US-101 N/B (VENTURA FREEWAY),CANOGA AVE.,1056,S,N,B,C,Y,NA,NA,101,NA,NA,NA,NA,NA,N,Y,4,0,2,3,A,-,03,22350,NA,N,C,C,A,B,H,-,A,D,0,NA,NA,NA,NA,Y,NA,A,01,0,0,2,0,0,0,0,0,0,-,-,34.16901,-118.59314,LOS ANGELES,LOS ANGELES,-118.59315829,34.16889094
90108274,2016,2016-02-03,9535,2016-01-21,1110,015336,NA,4,1,3,1914,0,1,1,NA,2,501,I-5 (SANTA ANA FREEWAY) S/B,WASHINGTON BLVD,1300,N,N,A,-,Y,NA,NA,5,NA,NA,NA,NA,NA,S,N,4,0,1,2,A,-,03,22350,NA,N,C,C,A,A,H,-,A,D,0,NA,NA,NA,NA,Y,NA,A,01,0,0,1,0,0,0,0,0,0,-,-,33.99559,-118.14514,LOS ANGELES,COMMERCE,-118.14526022,33.99547339
90108278,2016,2016-02-03,9530,2016-01-19,1650,018270,NA,2,2,9,1900,0,1,1,NA,2,120,I-110 S/B (HARBOR FREEWAY),TORRANCE BLVD.,800,N,N,B,-,Y,NA,NA,110,NA,NA,NA,NA,NA,S,Y,4,0,1,2,C,-,18,NA,NA,N,C,C,A,A,H,-,B,D,0,NA,NA,NA,NA,Y,NA,-,-,0,0,1,0,0,0,0,0,0,-,-,33.85319,-118.28496,LOS ANGELES,UNINCORPORATED,-118.2850209,33.85319263
90108302,2015,2016-02-03,9580,2015-12-22,1035,014900,NA,2,1,7,1942,0,1,2,NA,2,105,US-101 S/B (VENTURA FREEWAY),WINNETKA AVE.,1056,N,N,C,-,Y,NA,NA,101,NA,NA,NA,NA,NA,S,Y,3,0,1,4,A,-,07,21658,A,F,E,I,A,B,H,-,A,D,0,NA,NA,NA,NA,Y,NA,A,01,0,1,0,0,0,0,0,0,0,-,-,34.17042,-118.57564,LOS ANGELES,LOS ANGELES,-118.57561864,34.17036352
90108312,2016,2016-02-03,9575,2016-01-24,0106,020918,NA,7,3,7,1942,0,1,1,NA,2,053,I-5 N/B (GOLDEN STATE FREEWAY),TERRA BELLA STREET,450,S,N,A,-,Y,NA,NA,5,NA,NA,NA,NA,NA,N,Y,4,0,1,2,A,-,01,23152,A,N,C,C,A,A,H,-,C,D,0,NA,NA,NA,NA,Y,Y,A,01,0,0,1,0,0,0,0,0,0,-,-,34.24622,-118.42433,LOS ANGELES,LOS ANGELES,-118.42411923,34.24644268
90108314,2016,2016-02-03,9575,2016-02-02,1812,017491,NA,2,2,6,1925,0,1,3,NA,2,042,SR-134 W/B (VENTURA FREEWAY),CONCORD STREET,200,E,N,A,-,Y,NA,NA,134,NA,NA,NA,NA,NA,W,N,4,0,3,2,A,-,03,22350,NA,N,C,C,A,A,H,-,C,A,0,NA,NA,NA,NA,Y,NA,D,22,0,0,3,0,0,0,0,0,0,-,-,34.15518,-118.26994,LOS ANGELES,GLENDALE,-118.2699419,34.15518822
90108318,2016,2016-02-03,9525,2016-01-19,1820,015980,NA,2,2,6,1955,0,1,3,NA,2,605,SR-60 W/B (POMONA FREEWAY),RESERVOIR ST,500,W,N,C,-,Y,NA,NA,60,NA,NA,NA,NA,NA,W,Y,4,0,1,4,A,-,03,22350,NA,N,C,C,A,B,H,-,C,D,0,NA,NA,NA,NA,Y,NA,A,01,0,0,1,0,0,0,0,0,0,-,-,34.02504,-117.733,LOS ANGELES,POMONA,-117.73300272,34.0251384
90108327,2016,2016-02-03,9530,2016-01-19,1525,018270,NA,2,2,9,1900,0,1,1,NA,2,120,I-110 S/B (HARBOR FREEWAY),SEPULVEDA BLVD.,250,N,N,B,-,Y,NA,NA,110,NA,NA,NA,NA,NA,S,Y,3,0,2,3,A,-,07,21658,A,N,C,C,A,B,H,-,A,D,0,NA,NA,NA,Y,Y,NA,A,07,0,1,1,0,0,0,0,0,0,-,-,33.81374,-118.28754,LOS ANGELES,UNINCORPORATED,-118.28741922,33.81373938
90108356,2016,2016-02-03,9525,2016-01-15,1715,020346,NA,5,2,4,1946,0,1,1,NA,2,201,I-210 W/B (FOOTHILL FREEWAY),HUNTINGTON DR.,1000,E,N,A,-,Y,NA,NA,210,NA,NA,NA,NA,NA,W,Y,3,0,1,2,A,-,03,22350,NA,N,C,C,A,A,H,-,D,D,0,NA,NA,NA,NA,Y,NA,A,01,0,1,0,0,0,0,0,0,0,-,-,34.13764,-118.01399,LOS ANGELES,MONROVIA,-118.01382027,34.13792696
90108371,2016,2016-02-03,9430,2016-01-31,1620,016388,NA,7,2,9,1900,0,1,1,NA,2,051,I-5 S/B,GORMAN SCHOOL ROAD,4752,S,N,D,-,Y,NA,NA,5,NA,NA,NA,NA,NA,S,Y,2,0,4,1,A,-,03,22350,NA,N,F,A,A,C,H,-,A,D,0,NA,NA,NA,NA,Y,NA,A,01,1,3,0,0,0,0,0,0,0,-,-,34.79277,-118.83718,LOS ANGELES,UNINCORPORATED,-118.83715644,34.79285374
90108384,2016,2016-02-03,9530,2016-01-19,0950,015995,NA,2,1,5,1977,0,1,3,NA,2,310,SR-91 W/B (ARTESIA FREEWAY),AVALON BLVD.,528,W,N,B,-,Y,NA,NA,91,NA,NA,NA,NA,NA,W,N,4,0,1,3,A,-,03,22350,NA,N,C,C,A,A,H,-,A,D,0,NA,NA,NA,NA,Y,NA,A,01,0,0,1,0,0,0,0,0,0,-,-,33.87307,-118.26893,LOS ANGELES,CARSON,-118.26890494,33.8729344
90108386,2015,2016-02-03,9525,2015-12-18,1715,019491,NA,5,2,9,1900,0,2,4,NA,2,022,ARROW HIGHWAY,ENID AVENUE,0,NA,Y,A,-,N,NA,NA,NA,NA,NA,NA,NA,NA,NA,Y,4,0,2,3,A,-,03,22350,NA,F,C,C,A,A,H,-,C,A,0,NA,NA,NA,NA,Y,NA,A,01,0,0,2,0,0,0,0,0,0,-,-,34.10693,-117.91401,LOS ANGELES,UNINCORPORATED,-117.91426003,34.10701006
90108392,2016,2016-02-03,9535,2016-01-21,1825,019983,NA,4,2,7,1942,0,1,1,NA,2,110,I-10 E/B (EXPRESS LANE),STATE ST.,1500,E,N,A,-,Y,NA,NA,10,NA,NA,NA,NA,NA,E,N,4,0,1,2,A,-,03,22350,NA,N,C,C,A,A,H,-,C,D,0,NA,NA,NA,NA,Y,NA,A,08,0,0,1,0,0,0,0,0,0,-,-,34.05416,-118.2064,LOS ANGELES,LOS ANGELES,-118.20641031,34.05353921
9010840,2019,2020-01-14,1942,2019-11-06,0825,38947,1768,3,5,7,1942,0,0,0,Q,0,17A95,PLUMMER ST,AMESTOY AV,0,NA,Y,A,-,N,NA,NA,NA,NA,NA,NA,NA,NA,NA,N,3,0,1,2,A,-,12,22450,NA,N,H,G,A,A,H,-,A,A,0,NA,Y,NA,NA,Y,NA,D,22,0,1,0,0,0,0,1,0,0,-,-,NA,NA,LOS ANGELES,LOS ANGELES,-118.50684356689452,34.2430305480957
90108401,2016,2016-02-03,9525,2016-01-19,1910,015980,NA,2,2,5,1990,0,1,3,NA,2,602,SR-60 E/B (POMONA FREEWAY),GRAND AVE,100,W,N,C,-,Y,NA,NA,60,NA,NA,NA,NA,NA,E,Y,4,0,1,2,A,-,07,21658,A,N,B,C,A,B,H,-,C,D,0,NA,NA,NA,Y,Y,NA,F,25,0,0,1,0,0,0,0,0,0,-,-,34.00934,-117.82379,LOS ANGELES,DIAMOND BAR,-117.82388616,34.00943919
9010844,2019,2020-01-14,1942,2019-11-13,1510,42029,1737,3,5,7,1942,0,0,0,Q,0,17A35,SAN FERNANDO MISSION BL,HAYVENHURST AV,410,W,N,A,-,N,NA,NA,NA,NA,NA,NA,NA,NA,NA,Y,3,0,4,7,A,-,08,22107,NA,N,B,C,A,A,H,-,A,A,0,NA,NA,NA,NA,Y,NA,A,01,0,1,3,0,0,0,0,0,0,-,-,NA,NA,LOS ANGELES,LOS ANGELES,-118.49479675292967,34.27199935913086
90108444,2016,2016-02-03,9550,2016-01-21,0200,021110,NA,4,3,9,1900,0,3,5,NA,2,002,BROADWAY W/B,BONAVISTA LANE,100,W,N,A,-,N,NA,NA,NA,NA,NA,NA,NA,NA,NA,Y,4,0,1,4,A,-,08,22107,NA,M,D,C,A,A,H,-,C,D,0,NA,NA,NA,NA,Y,Y,A,01,0,0,1,0,0,0,0,0,0,-,-,33.9376,-118.02343,LOS ANGELES,UNINCORPORATED,-118.02336324,33.937105
90108449,2016,2016-02-03,9550,2016-01-21,0205,021110,NA,4,3,9,1900,0,3,5,NA,2,002,BROADWAY W/B,REGATTA AVE,100,E,N,A,-,N,NA,NA,NA,NA,NA,NA,NA,NA,NA,Y,4,0,1,2,A,-,08,22107,NA,M,B,C,A,A,H,-,C,D,0,NA,NA,NA,NA,Y,Y,A,01,0,0,1,0,0,0,0,0,0,-,-,33.93932,-118.0258,LOS ANGELES,UNINCORPORATED,-118.02641507,33.93919671
9010847,2019,2020-02-14,1925,2019-12-07,0942,26159,4,6,5,6,1925,0,0,0,NA,0,235,PACIFIC AV,RIVERDALE DR,0,NA,Y,B,C,N,NA,NA,NA,NA,NA,NA,NA,NA,NA,Y,4,0,1,2,A,-,12,21453,A,N,D,C,A,B,H,-,A,A,0,NA,NA,NA,NA,Y,NA,A,07,0,0,1,0,0,0,0,0,0,-,-,NA,NA,LOS ANGELES,GLENDALE,-118.26441192626952,34.138710021972656
90108470,2016,2016-02-03,9550,2016-01-27,0750,021150,NA,3,1,3,1964,0,3,5,NA,2,001,INTERSTATE 605 S/B,I-5,200,N,N,B,-,Y,NA,NA,605,NA,NA,NA,NA,NA,S,Y,4,0,1,3,A,-,03,22350,NA,N,C,C,A,A,H,-,A,D,0,NA,NA,NA,NA,Y,NA,D,22,0,0,1,0,0,0,0,0,0,-,-,33.94684,-118.09393,LOS ANGELES,SANTA FE SPRINGS,-118.09380477,33.94676821
9010848,2019,2020-01-15,1942,2019-11-08,1950,32372,1776,5,5,7,1942,0,0,0,Q,0,17A95,BALBOA BL,PLUMMER ST,0,NA,Y,A,-,N,NA,NA,NA,NA,NA,NA,NA,NA,NA,N,4,0,3,2,A,-,09,21801,A,N,D,C,A,A,H,-,C,A,0,NA,NA,NA,NA,Y,NA,I,11,0,0,3,0,0,0,0,0,0,-,-,NA,NA,LOS ANGELES,LOS ANGELES,-118.50245666503906,34.243011474609375
90108487,2016,2016-02-03,9575,2016-01-30,1530,020902,NA,6,2,6,1912,0,1,1,NA,2,051,I-5 S/B (GOLDEN STATE FREEWAY),VERDUGO AVE,500,N,N,B,-,Y,NA,NA,5,NA,NA,NA,NA,NA,S,Y,4,0,2,4,A,-,03,22350,NA,N,C,C,A,A,H,-,A,D,0,NA,NA,NA,Y,Y,NA,F,26,0,0,2,0,0,0,0,0,0,-,-,34.17711,-118.30814,LOS ANGELES,BURBANK,-118.30832182,34.17691317