CASE_ID,ACCIDENT_YEAR,PROC_DATE,JURIS,COLLISION_DATE,COLLISION_TIME,OFFICER_ID,REPORTING_DISTRICT,DAY_OF_WEEK,CHP_SHIFT,POPULATION,CNTY_CITY_LOC,SPECIAL_COND,BEAT_TYPE,CHP_BEAT_TYPE,CITY_DIVISION_LAPD,CHP_BEAT_CLASS,BEAT_NUMBER,PRIMARY_RD,SECONDARY_RD,DISTANCE,DIRECTION,INTERSECTION,WEATHER_1,WEATHER_2,STATE_HWY_IND,CALTRANS_COUNTY,CALTRANS_DISTRICT,STATE_ROUTE,ROUTE_SUFFIX,POSTMILE_PREFIX,POSTMILE,LOCATION_TYPE,RAMP_INTERSECTION,SIDE_OF_HWY,TOW_AWAY,COLLISION_SEVERITY,NUMBER_KILLED,NUMBER_INJURED,PARTY_COUNT,PRIMARY_COLL_FACTOR,PCF_CODE_OF_VIOL,PCF_VIOL_CATEGORY,PCF_VIOLATION,PCF_VIOL_SUBSECTION,HIT_AND_RUN,TYPE_OF_COLLISION,MVIW,PED_ACTION,ROAD_SURFACE,ROAD_COND_1,ROAD_COND_2,LIGHTING,CONTROL_DEVICE,CHP_ROAD_TYPE,PEDESTRIAN_ACCIDENT,BICYCLE_ACCIDENT,MOTORCYCLE_ACCIDENT,TRUCK_ACCIDENT,NOT_PRIVATE_PROPERTY,ALCOHOL_INVOLVED,STWD_VEHTYPE_AT_FAULT,CHP_VEHTYPE_AT_FAULT,COUNT_SEVERE_INJ,COUNT_VISIBLE_INJ,COUNT_COMPLAINT_PAIN,COUNT_PED_KILLED,COUNT_PED_INJURED,COUNT_BICYCLIST_KILLED,COUNT_BICYCLIST_INJURED,COUNT_MC_KILLED,COUNT_MC_INJURED,PRIMARY_RAMP,SECONDARY_RAMP,LATITUDE,LONGITUDE,COUNTY,CITY,POINT_X,POINT_Y
9011576,2019,2020-02-28,1975,2019-10-22,0907,377,NA,2,5,6,1975,0,0,0,NA,0,002,GRAND AV,HOLT AV,0,NA,Y,A,-,N,NA,NA,NA,NA,NA,NA,NA,NA,NA,Y,3,0,1,3,A,-,12,21453,A,N,A,C,A,A,H,-,A,A,0,NA,NA,NA,NA,Y,NA,-,-,0,1,0,0,0,0,0,0,0,-,-,34.067569732666016,-117.87212371826172,LOS ANGELES,WEST COVINA,-117.87225341796876,34.069129943847656
90115780,2016,2016-02-16,9580,2016-01-12,1730,019611,NA,2,2,7,1942,0,1,1,NA,2,407,I-405 S/B (SAN DIEGO FWY),DEVONSHIRE ST,500,N,N,A,-,Y,NA,NA,405,NA,NA,NA,NA,NA,S,Y,3,0,3,3,C,-,18,NA,NA,N,E,J,A,A,H,-,D,D,0,NA,NA,Y,NA,Y,NA,-,-,0,3,0,0,0,0,0,0,3,-,-,34.25805,-118.47257,LOS ANGELES,LOS ANGELES,-118.47235993,34.25804806
90115785,2016,2016-02-16,9540,2016-02-10,0818,018037,NA,3,1,7,1942,0,1,1,NA,1,502,I-5 N/B (GOLDEN STATE FREEWAY),SAN FERNANDO RD U/C,115,S,N,A,-,N,NA,NA,5,NA,NA,NA,NA,NA,N,N,4,0,1,2,A,-,03,22350,NA,N,B,C,A,A,H,-,A,D,0,NA,NA,NA,NA,Y,NA,A,01,0,0,1,0,0,0,0,0,0,-,-,34.31451,-118.48903,LOS ANGELES,LOS ANGELES,-118.48904267,34.31450084
90115790,2016,2016-02-16,9575,2016-01-23,2055,020763,NA,6,2,6,1953,0,1,1,NA,2,080,I-710 N/B TO I-210 W/B,UNION ST.,100,N,N,A,-,Y,NA,NA,710,NA,NA,NA,R,NA,N,Y,3,0,1,1,A,-,01,23152,A,N,E,I,A,A,H,-,D,D,0,NA,NA,NA,NA,Y,Y,A,07,0,1,0,0,0,0,0,0,0,-,-,34.14696,-118.15491,LOS ANGELES,PASADENA,-118.15491,34.14696
90115792,2016,2016-02-16,9535,2016-02-05,1655,016423,NA,5,2,9,1900,0,2,4,NA,2,025,ATLANTIC BLVD,WHITTIER BLVD,0,NA,Y,A,-,N,NA,NA,NA,NA,NA,NA,NA,NA,NA,Y,4,0,1,2,A,-,09,21801,A,N,D,C,A,A,H,-,A,A,0,NA,NA,NA,NA,Y,NA,A,07,0,0,1,0,0,0,0,0,0,-,-,34.02039,-118.15714,LOS ANGELES,UNINCORPORATED,-118.15729011,34.02041005
9011580,2019,2019-12-26,1975,2019-10-09,0740,377,NA,3,5,6,1975,0,0,0,NA,0,006,FORECASTLE AV,CALLE BAJA,0,NA,Y,B,-,N,NA,NA,NA,NA,NA,NA,NA,NA,NA,N,4,0,1,2,A,-,12,22450,A,N,G,B,B,A,H,-,A,A,0,Y,NA,NA,NA,Y,NA,A,01,0,0,1,0,1,0,0,0,0,-,-,NA,NA,LOS ANGELES,WEST COVINA,-117.8747329711914,34.01152038574219
90115832,2015,2016-02-16,9590,2015-12-19,0740,021084,NA,6,1,7,1942,0,1,2,NA,2,072,US-101 N/B (HOLLYWOOD FREEWAY),IVAR AVENUE,200,S,N,A,-,Y,NA,NA,101,NA,NA,NA,NA,NA,N,N,4,0,1,2,A,-,03,22350,NA,N,C,C,A,A,H,-,A,D,0,NA,NA,NA,NA,Y,NA,A,01,0,0,1,0,0,0,0,0,0,-,-,34.10643,-118.328,LOS ANGELES,LOS ANGELES,-118.3280206,34.10639551
90115834,2015,2016-02-16,9575,2015-12-19,1620,020708,NA,6,2,7,1942,0,1,3,NA,2,070,SR-118 W/B FROM SAN FERNANDO ROAD,SAN FERNANDO ROAD,400,W,N,B,C,Y,NA,NA,118,NA,NA,NA,R,NA,W,Y,2,0,1,1,A,-,08,22107,NA,N,E,I,A,B,H,-,A,D,0,NA,NA,NA,NA,Y,NA,A,07,1,0,0,0,0,0,0,0,0,-,-,34.27312,-118.42993,LOS ANGELES,LOS ANGELES,-118.42993,34.27312
90115848,2016,2016-02-16,9580,2016-01-19,1940,020153,NA,2,2,7,1942,0,1,1,NA,2,404,I405 N/B TO US101 FROM SEPULVEDA BLVD.,GREENLEAF ST,300,N,N,C,-,Y,NA,NA,NA,NA,NA,NA,NA,NA,NA,N,3,0,2,1,A,-,08,22107,NA,N,E,I,A,B,H,-,C,D,0,NA,NA,NA,NA,Y,NA,A,07,0,1,1,0,0,0,0,0,0,-,-,34.152,-118.46729,LOS ANGELES,LOS ANGELES,NA,NA
90115875,2016,2016-02-16,9540,2016-02-09,0832,017076,NA,2,1,7,1942,0,1,1,NA,2,210,I-210 W/B (FOOTHILL FREEWAY),PACOIMA WASH,398,E,N,A,-,Y,NA,NA,210,NA,NA,NA,NA,NA,W,Y,4,0,1,3,A,-,03,22350,NA,N,C,C,A,A,H,-,A,D,0,NA,NA,NA,NA,Y,NA,A,01,0,0,1,0,0,0,0,0,0,-,-,34.29651,-118.41615,LOS ANGELES,LOS ANGELES,-118.41622461,34.29643096
90115889,2016,2016-02-16,9525,2016-02-07,1140,019264,NA,7,1,9,1900,0,3,5,NA,2,004,4TH AVE. (200S),PROCTOR AVE,0,NA,Y,A,-,N,NA,NA,NA,NA,NA,NA,NA,NA,NA,Y,4,0,2,2,A,-,09,21802,A,N,D,C,A,A,H,-,A,A,0,NA,NA,NA,NA,Y,NA,D,22,0,0,2,0,0,0,0,0,0,-,-,34.03913,-117.98789,LOS ANGELES,UNINCORPORATED,-117.98820014,34.03923002
90115905,2015,2016-02-16,9535,2015-12-12,1450,017954,NA,6,2,3,1914,0,1,1,NA,2,500,I-5 N/B (SANTA ANA FWY),WASHINGTON BLVD,30,N,N,A,-,Y,NA,NA,5,NA,NA,NA,NA,NA,N,Y,4,0,3,2,A,-,03,22350,NA,N,C,C,A,A,H,-,A,D,0,NA,NA,NA,NA,Y,NA,A,01,0,0,3,0,0,0,0,0,0,-,-,33.9955,-118.14505,LOS ANGELES,COMMERCE,-118.14506574,33.99548494
90115929,2016,2016-02-16,9540,2016-02-09,0833,017076,NA,2,1,7,1942,0,1,1,NA,2,210,I-210 W/B (FOOTHILL FREEWAY),PACOIMA WASH,461,E,N,A,-,Y,NA,NA,210,NA,NA,NA,NA,NA,W,Y,3,0,1,3,A,-,03,22350,NA,N,C,C,A,A,H,-,A,D,0,NA,NA,NA,NA,Y,NA,A,01,0,1,0,0,0,0,0,0,0,-,-,34.29651,-118.41615,LOS ANGELES,LOS ANGELES,-118.41622461,34.29643096
90115934,2016,2016-02-16,9525,2016-02-07,2020,019966,NA,7,2,6,1955,0,1,3,NA,2,072,SR-71 N/B (CHINO VALLEY FREEWAY),RIO RANCHO RD.,1700,S,N,A,-,Y,NA,NA,71,NA,NA,NA,NA,NA,N,Y,3,0,2,2,A,-,03,22350,NA,N,C,C,A,A,H,-,C,D,0,NA,NA,NA,NA,Y,NA,A,01,0,2,0,0,0,0,0,0,0,-,-,34.02626,-117.75237,LOS ANGELES,POMONA,-117.75228982,34.02634553
90115962,2016,2016-02-16,9540,2016-02-09,1555,019444,NA,2,2,9,1900,0,1,3,NA,1,142,SR-14 N/B (AVF),LOS PINETOS ROAD,4752,S,N,A,-,Y,NA,NA,14,NA,NA,NA,NA,NA,N,Y,4,0,1,2,A,-,07,21658,A,N,B,C,A,A,H,-,A,D,0,NA,NA,NA,NA,Y,NA,A,07,0,0,1,0,0,0,0,0,0,-,-,34.33837,-118.50719,LOS ANGELES,UNINCORPORATED,-118.5071145,34.33834077
90115966,2016,2016-02-16,9525,2016-02-08,1555,018366,NA,1,2,5,1990,0,1,3,NA,2,612,SR-60 E/B (POMONA FREEWAY),BREA CANYON RD.,1584,E,N,A,-,Y,NA,NA,60,NA,NA,NA,NA,NA,E,Y,3,0,2,5,A,-,07,21658,A,N,D,C,A,A,H,-,A,D,0,NA,NA,NA,NA,Y,NA,A,01,0,1,1,0,0,0,0,0,0,-,-,34.00136,-117.83936,LOS ANGELES,DIAMOND BAR,-117.83935581,34.00131322
90116000,2016,2016-02-16,9550,2016-02-08,1715,020948,NA,1,2,9,1900,0,2,4,NA,1,041,COLIMA ROAD,HANOVER ROAD,200,W,N,A,-,N,NA,NA,NA,NA,NA,NA,NA,NA,NA,Y,4,0,1,2,A,-,03,22350,NA,N,C,C,A,A,H,-,A,D,0,NA,NA,NA,NA,Y,NA,A,01,0,0,1,0,0,0,0,0,0,-,-,33.99027,-117.92171,LOS ANGELES,UNINCORPORATED,-117.92171774,33.99027145
90116014,2016,2016-02-16,9525,2016-02-08,1610,020341,NA,1,2,4,1913,0,1,1,NA,2,110,I-10 E/B (SAN BERNARDINO FREEWAY),INDIAN HILL BLVD,100,W,N,A,-,Y,NA,NA,10,NA,NA,NA,NA,NA,E,Y,4,0,1,2,A,-,03,22350,NA,N,C,C,A,A,H,-,A,D,0,NA,NA,NA,NA,Y,NA,A,01,0,0,1,0,0,0,0,0,0,-,-,34.08157,-117.71858,LOS ANGELES,CLAREMONT,-117.71858243,34.08167594
90116043,2016,2016-02-16,9550,2016-02-06,1415,021198,NA,6,2,1,1932,0,1,3,NA,2,600,SR-60 WESTBOUND,CROSSROADS PKWY.,180,E,N,A,-,Y,NA,NA,60,NA,NA,NA,NA,NA,W,Y,4,0,2,3,A,-,03,22350,NA,N,C,C,A,A,H,-,A,D,0,NA,NA,NA,NA,Y,NA,A,07,0,0,2,0,0,0,0,0,0,-,-,34.02925,-118.01174,LOS ANGELES,INDUSTRY,-118.01173949,34.02920047
90116047,2016,2016-02-16,9525,2016-02-09,0725,014971,NA,2,1,6,1975,0,1,1,NA,2,105,I-10 W/B (SAN BERNARDINO FREEWAY),VINCENT AVE,2112,E,N,A,-,Y,NA,NA,10,NA,NA,NA,NA,NA,W,Y,3,0,1,4,D,-,00,NA,NA,N,B,C,A,A,H,-,A,D,0,NA,NA,Y,NA,Y,NA,-,-,0,1,0,0,0,0,0,0,1,-,-,34.07231,-117.91841,LOS ANGELES,WEST COVINA,-117.9184098,34.07232564
90116067,2015,2016-02-16,9535,2015-12-18,1100,015336,NA,5,1,9,1900,0,3,5,NA,2,002,VERONA ST,CLELA AVE,0,NA,Y,A,-,N,NA,NA,NA,NA,NA,NA,NA,NA,NA,Y,4,0,1,2,A,-,09,21802,A,N,D,C,A,A,H,-,A,A,0,NA,NA,NA,NA,Y,NA,A,07,0,0,1,0,0,0,0,0,0,-,-,34.01932,-118.16126,LOS ANGELES,UNINCORPORATED,-118.16129011,34.01933005
90116068,2015,2016-02-16,9535,2015-12-16,1815,021155,NA,3,2,9,1900,0,1,3,NA,2,620,SR-60 (POMONA FREEWAY) E/B,SR-164 (ROSEMEAD BLVD),525,W,N,A,-,Y,NA,NA,60,NA,NA,NA,NA,NA,E,N,3,0,1,3,A,-,03,22350,NA,N,C,C,A,A,H,-,D,D,0,NA,NA,NA,NA,Y,NA,A,01,0,1,0,0,0,0,0,0,0,-,-,34.04141,-118.06531,LOS ANGELES,UNINCORPORATED,-118.06531068,34.04118744
90116084,2016,2016-02-16,9525,2016-02-09,1115,017506,NA,2,1,4,1946,0,1,1,NA,2,201,I-210 W/B (FOOTHILL FREEWAY),MYRTLE AVE,100,E,N,A,-,Y,NA,NA,210,NA,NA,NA,NA,NA,W,Y,4,0,1,4,A,-,03,22350,NA,N,C,C,A,A,H,-,A,A,0,NA,NA,NA,NA,Y,NA,A,07,0,0,1,0,0,0,0,0,0,-,-,34.13555,-117.99968,LOS ANGELES,MONROVIA,-117.99968008,34.13557012
90116089,2015,2016-02-16,9535,2015-12-17,1945,020943,NA,4,2,5,1901,0,1,1,NA,2,421,I-10 (SAN BERNARDINO FREEWAY) W/B,FREMONT AVE.,800,E,N,B,-,Y,NA,NA,10,NA,NA,NA,NA,NA,W,N,4,0,1,2,A,-,03,22350,NA,N,C,C,A,A,H,-,C,D,0,NA,NA,NA,NA,Y,NA,A,07,0,0,1,0,0,0,0,0,0,-,-,34.06982,-118.14897,LOS ANGELES,ALHAMBRA,-118.14894697,34.06977738
90116130,2016,2016-02-16,9525,2016-02-09,1708,020216,NA,2,2,1,1934,0,1,1,NA,2,651,I-605 S/B (SAN GABRIEL RIVER FREEWAY),I-210 E/B (FOOTHILL FREEWAY),2640,S,N,A,-,Y,NA,NA,605,NA,NA,NA,NA,NA,S,Y,3,0,1,2,A,-,07,21658,A,F,E,I,A,A,H,-,A,D,0,NA,NA,NA,NA,Y,NA,A,01,0,1,0,0,0,0,0,0,0,-,-,34.12755,-117.96301,LOS ANGELES,IRWINDALE,-117.96304843,34.12758731
90116179,2016,2016-02-16,9580,2016-01-14,1850,021015,NA,4,2,7,1942,0,1,1,NA,2,404,I-405 N/B (SAN DIEGO FWY),VENTURA BLVD,2016,S,N,A,-,Y,NA,NA,405,NA,NA,NA,NA,NA,N,N,4,0,1,2,A,-,03,22350,NA,F,C,C,A,A,H,-,D,D,0,NA,NA,NA,NA,Y,NA,A,01,0,0,1,0,0,0,0,0,0,-,-,34.14841,-118.46914,LOS ANGELES,LOS ANGELES,-118.46923093,34.14845835
90116183,2016,2016-02-16,9580,2016-01-16,1155,20003,NA,6,1,7,1942,0,1,2,NA,2,103,US-101 S/B (VENTURA FREEWAY),HAYVENHURST AVE,1300,S,N,A,-,Y,NA,NA,NA,NA,NA,NA,NA,NA,NA,Y,4,0,2,3,A,-,03,22350,NA,N,C,C,A,A,H,-,A,D,0,NA,NA,NA,NA,Y,NA,M,47,0,0,2,0,0,0,0,0,0,-,-,NA,NA,LOS ANGELES,LOS ANGELES,-118.48808016,34.16512518
90116197,2016,2016-02-16,9525,2016-02-09,2050,018926,NA,2,2,4,1913,0,1,1,NA,2,110,I-10 E/B (SAN BERNARDINO FREEWAY),GAREY AVE.,1320,W,N,A,-,Y,NA,NA,NA,NA,NA,NA,NA,NA,NA,Y,4,0,1,2,A,-,07,21658,NA,N,B,C,A,A,H,-,C,D,0,NA,NA,Y,NA,Y,NA,A,01,0,0,1,0,0,0,0,0,1,-,-,34.07151,-117.75769,LOS ANGELES,CLAREMONT,-117.75508,34.07261
9011621,2019,2019-12-31,1975,2019-10-22,0938,377,NA,2,5,6,1975,0,0,0,NA,0,001,CAMERON AV,GARVEY AV NORTH,0,NA,Y,A,-,N,NA,NA,NA,NA,NA,NA,NA,NA,NA,Y,2,0,1,2,A,-,12,21453,A,N,H,G,A,A,H,-,A,A,0,NA,Y,NA,NA,Y,NA,L,04,1,0,0,0,0,0,1,0,0,-,-,34.072601318359375,-117.94638061523438,LOS ANGELES,WEST COVINA,-117.94638061523438,34.072608947753906
90116225,2016,2016-02-16,9565,2016-02-13,0035,021134,NA,6,3,9,1900,0,2,4,NA,2,042,LENNOX BLVD,FIRMONA AVE,30,W,N,A,-,N,NA,NA,NA,NA,NA,NA,NA,NA,NA,Y,4,0,4,2,A,-,01,23152,A,N,C,C,A,A,H,-,C,A,0,NA,NA,NA,NA,Y,Y,A,01,0,0,4,0,0,0,0,0,0,-,-,33.98245,-118.43887,LOS ANGELES,UNINCORPORATED,-118.35709872,33.93817
90116235,2016,2016-02-16,9525,2016-02-09,2200,020042,NA,2,3,4,1946,0,1,1,NA,2,202,I-210 E/B (FOOTHILL FREEWAY),HUNTINGTON DR.,528,W,N,A,-,Y,NA,NA,210,NA,NA,NA,NA,NA,E,N,4,0,1,2,A,-,03,22350,NA,N,C,C,A,A,H,-,C,D,0,NA,NA,NA,NA,Y,NA,A,07,0,0,1,0,0,0,0,0,0,-,-,34.13494,-118.0012,LOS ANGELES,MONROVIA,-118.00119238,34.1353753
90116243,2016,2016-02-16,9525,2016-02-09,0850,018505,NA,2,1,1,1934,0,1,1,NA,2,203,I-210 W/B (FOOTHILL FREEWAY),I-605 N/B (SAN GABRIEL RIVER FREEWAY),100,E,N,A,-,Y,NA,NA,210,NA,NA,NA,NA,NA,W,Y,4,0,1,2,A,-,03,22350,NA,N,C,C,A,A,H,-,A,D,0,NA,NA,NA,NA,Y,NA,A,01,0,0,1,0,0,0,0,0,0,-,-,34.13453,-117.95746,LOS ANGELES,IRWINDALE,-117.95748769,34.13442392
90116248,2016,2016-02-16,9590,2016-01-10,1535,020773,NA,7,2,7,1942,0,1,1,NA,2,065,I-10 W/B (SANTA MONICA FREEWAY),SAN PEDRO ST.,50,W,N,B,-,Y,NA,NA,10,NA,NA,NA,NA,NA,W,Y,3,0,2,3,A,-,03,22350,NA,N,C,C,A,A,H,-,A,D,0,NA,NA,NA,NA,Y,NA,A,01,0,2,0,0,0,0,0,0,0,-,-,34.03255,-118.26186,LOS ANGELES,LOS ANGELES,-118.26206867,34.0319987
9011625,2019,2019-12-31,1975,2019-10-18,1458,377,NA,5,5,6,1975,0,0,0,NA,0,003,SUNSET AV,DURNESS ST,220,N,N,A,-,N,NA,NA,NA,NA,NA,NA,NA,NA,NA,Y,4,0,1,3,A,-,03,22350,NA,F,C,C,A,A,H,-,A,D,0,NA,NA,NA,NA,Y,NA,A,01,0,0,1,0,0,0,0,0,0,-,-,34.058841705322266,-117.94880676269533,LOS ANGELES,WEST COVINA,-117.94831848144533,34.059303283691406
90116266,2016,2016-02-16,9565,2016-02-02,1555,021151,NA,2,2,9,1900,0,1,1,NA,2,012,I-105 E/B FROM 120TH ST,CRENSHAW BLVD,573,W,N,A,-,Y,NA,NA,NA,NA,NA,NA,NA,NA,NA,Y,4,0,2,4,A,-,03,22350,NA,N,C,C,A,A,H,-,A,A,0,NA,NA,NA,NA,Y,NA,A,01,0,0,2,0,0,0,0,0,0,-,-,33.92467,-118.32847,LOS ANGELES,UNINCORPORATED,-118.32846027,33.92491624
9011629,2019,2019-12-31,1975,2019-10-20,0654,451,NA,7,5,6,1975,0,0,0,NA,0,004,VALINDA AV,THACKERY ST,105,N,N,A,-,N,NA,NA,NA,NA,NA,NA,NA,NA,NA,Y,4,0,1,2,A,-,07,21658,A,N,C,E,A,A,H,-,B,A,0,NA,NA,NA,NA,Y,NA,-,NA,0,0,1,0,0,0,0,0,0,-,-,34.05839157104492,-117.9254913330078,LOS ANGELES,WEST COVINA,-117.92546844482422,34.05864715576172
90116298,2016,2016-02-16,9550,2016-02-07,0540,021198,NA,7,3,9,1900,0,3,5,NA,2,005,PATHFINDER ROAD,ANNADEL AVENUE,500,W,N,A,-,N,NA,NA,NA,NA,NA,NA,NA,NA,NA,Y,4,0,1,1,A,-,08,22107,NA,N,E,I,A,A,H,-,C,D,0,NA,NA,NA,NA,Y,NA,A,01,0,0,1,0,0,0,0,0,0,-,-,33.97481,-117.87753,LOS ANGELES,UNINCORPORATED,-117.88092973,33.97573243
90116320,2016,2016-02-16,9575,2016-02-03,1740,017491,NA,3,2,7,1942,0,1,1,NA,2,053,I-5 N/B (GOLDEN STATE FREEWAY),SHELDON STREET,750,N,N,A,-,Y,NA,NA,5,NA,NA,NA,NA,NA,N,Y,4,0,1,2,A,-,03,22350,NA,N,C,C,A,A,H,-,C,A,0,NA,NA,NA,NA,Y,NA,D,23,0,0,1,0,0,0,0,0,0,-,-,34.2319,-118.40548,LOS ANGELES,LOS ANGELES,-118.40547821,34.23191154
90116332,2016,2016-02-16,9565,2016-02-03,1653,019556,NA,3,2,9,1900,0,1,1,NA,2,010,I-105 E/B,INGLEWOOD AVE,400,W,N,A,-,Y,NA,NA,105,NA,NA,NA,NA,NA,E,Y,4,0,1,2,A,-,07,21658,A,N,B,C,A,A,H,-,A,D,0,NA,NA,Y,NA,Y,NA,A,01,0,0,1,0,0,0,0,0,1,-,-,33.93075,-118.36481,LOS ANGELES,UNINCORPORATED,-118.36481088,33.93075291
90116336,2016,2016-02-16,9525,2016-02-11,1030,021156,NA,4,1,6,1975,0,1,1,NA,2,105,I-10 W/B (SAN BERNARDINO FREEWAY),VIA VERDE AVE,500,W,N,A,-,Y,NA,NA,NA,NA,NA,NA,NA,NA,NA,Y,4,0,1,2,A,-,03,22350,NA,N,C,C,A,A,H,-,A,D,0,NA,NA,NA,NA,Y,NA,A,01,0,0,1,0,0,0,0,0,0,-,-,34.06864,-117.84406,LOS ANGELES,WEST COVINA,NA,NA
90116358,2016,2016-02-16,9565,2016-02-05,1220,019556,NA,5,1,9,1900,0,3,5,NA,2,002,LA CIENEGA BLVD,LENNOX BLVD,0,NA,Y,A,-,N,NA,NA,NA,NA,NA,NA,NA,NA,NA,Y,4,0,1,2,A,-,09,21804,A,N,D,C,A,A,H,-,A,D,0,NA,NA,NA,NA,Y,NA,-,-,0,0,1,0,0,0,0,0,0,-,-,33.93822,-118.36995,LOS ANGELES,UNINCORPORATED,-118.37013014,33.93817001
90116363,2016,2016-02-16,9525,2016-02-11,1340,014971,NA,4,1,6,1955,0,1,3,NA,2,572,SR-57 N/B (ORANGE FREEWAY),TEMPLE AVE,1056,S,N,A,-,Y,NA,NA,57,NA,NA,NA,NA,NA,N,Y,4,0,1,2,A,-,03,22350,NA,N,C,C,A,A,H,-,A,D,0,NA,NA,NA,NA,Y,NA,D,22,0,0,1,0,0,0,0,0,0,-,-,34.04004,-117.80263,LOS ANGELES,POMONA,-117.80267262,34.04007958
90116381,2016,2016-02-16,9550,2016-02-08,1750,020948,NA,1,2,9,1900,0,3,5,NA,2,005,BACHELIN STREET,PASO REAL AVENUE,180,E,N,A,-,N,NA,NA,NA,NA,NA,NA,NA,NA,NA,N,4,0,1,3,A,-,21,22106,NA,N,G,B,F,A,H,-,C,D,0,Y,NA,NA,NA,Y,NA,A,07,0,0,1,0,1,0,0,0,0,-,-,33.97584,-117.88873,LOS ANGELES,UNINCORPORATED,-117.88881896,33.97584578
90116382,2016,2016-02-16,9525,2016-02-11,1358,021153,NA,4,1,4,1905,0,1,1,NA,2,204,I-210 E/B (FOOTHILL FREEWAY),CITRUS AVE,1300,W,N,A,-,Y,NA,NA,210,NA,NA,NA,NA,NA,E,N,4,0,1,2,A,-,03,22350,NA,N,C,C,A,A,H,-,A,D,0,NA,NA,NA,NA,Y,NA,A,07,0,0,1,0,0,0,0,0,0,-,-,34.12091,-117.89979,LOS ANGELES,AZUSA,-117.89979025,34.12099778
90116394,2015,2016-02-16,9535,2015-12-18,1810,017308,NA,5,2,5,1959,0,1,1,NA,2,400,I-10 (SAN BERNARDINO FREEWAY) E/B,WALNUT GROVE AVE,300,W,N,A,-,Y,NA,NA,10,NA,NA,NA,NA,NA,E,N,4,0,2,2,A,-,04,21703,NA,N,C,C,A,A,H,-,C,D,0,NA,NA,NA,NA,Y,NA,A,01,0,0,2,0,0,0,0,0,0,-,-,34.07183,-118.08641,LOS ANGELES,ROSEMEAD,-118.08641038,34.07189452
90116396,2016,2016-02-16,9550,2016-02-02,1715,021121,NA,2,2,9,1900,0,3,5,NA,2,003,KWIS AVE. N/B,NEWTON ST,460,N,N,A,-,N,NA,NA,NA,NA,NA,NA,NA,NA,NA,N,3,0,1,2,A,-,11,21954,A,N,G,B,D,A,H,-,B,D,0,Y,NA,NA,NA,Y,NA,N,60,0,1,0,0,1,0,0,0,0,-,-,33.99924,-117.97398,LOS ANGELES,UNINCORPORATED,-117.97403111,33.99917662
90116458,2016,2016-02-16,9525,2016-02-11,1605,020058,NA,4,2,5,1906,0,1,1,NA,2,104,I-10 E/B (SAN BERNARDINO FREEWAY),PUENTE AVE,100,W,N,A,-,Y,NA,NA,10,NA,NA,NA,NA,NA,E,N,4,0,1,2,A,-,03,22350,NA,N,C,C,A,A,H,-,A,D,0,NA,NA,NA,NA,Y,NA,A,01,0,0,1,0,0,0,0,0,0,-,-,34.07023,-117.96415,LOS ANGELES,BALDWIN PARK,-117.96408833,34.06978905
90116471,2015,2016-02-16,9590,2015-12-19,1855,020672,NA,6,2,7,1942,0,1,1,NA,2,060,I -10 E/B (SANTA MONICA FREEWAY),NORMANDIE AVE,300,W,N,A,-,Y,NA,NA,10,NA,NA,NA,NA,NA,E,Y,4,0,1,3,A,-,03,22350,NA,F,C,C,A,B,H,-,C,D,0,NA,NA,NA,NA,Y,NA,A,01,0,0,1,0,0,0,0,0,0,-,-,34.0369,-118.30343,LOS ANGELES,LOS ANGELES,-118.3034302,34.03697313
90116484,2016,2016-02-16,9525,2016-02-11,0840,012772,NA,4,1,4,1946,0,1,1,NA,2,201,I-210 W/B (FOOTHILL FREEWAY),MYRTLE AVE,300,W,N,A,-,Y,NA,NA,NA,NA,NA,NA,NA,NA,NA,N,4,0,1,2,A,-,03,22350,NA,F,C,C,A,A,H,-,A,D,0,NA,NA,NA,NA,Y,NA,A,01,0,0,1,0,0,0,0,0,0,-,-,34.04763,-117.99831,LOS ANGELES,MONROVIA,-118.00177915,34.13558736
90116489,2016,2016-02-16,9525,2016-02-02,0705,012820,NA,2,1,5,1926,0,1,1,NA,2,206,I-210 E/B (FOOTHILL FREEWAY),GRAND AVE,300,W,N,A,-,Y,NA,NA,210,NA,NA,NA,NA,NA,E,N,4,0,1,2,A,-,03,22350,NA,N,C,C,A,A,H,-,A,D,0,NA,NA,NA,NA,Y,NA,A,01,0,0,1,0,0,0,0,0,0,-,-,34.12046,-117.87317,LOS ANGELES,GLENDORA,-117.87316313,34.1205734
90116500,2016,2016-02-17,9550,2016-02-09,0703,015746,NA,2,1,9,1900,0,1,3,NA,2,601,STATE ROUTE 60 (POMONA FREEWAY),HACIENDA BOULEVARD,2000,E,N,A,-,Y,NA,NA,60,NA,NA,NA,NA,NA,NA,N,4,0,1,3,A,-,03,22350,NA,N,C,C,A,A,H,-,A,D,0,NA,NA,NA,NA,Y,NA,A,01,0,0,1,0,0,0,0,0,0,-,-,34.00599,-117.96088,LOS ANGELES,UNINCORPORATED,-117.96090284,34.00591687