CASE_ID,ACCIDENT_YEAR,PROC_DATE,JURIS,COLLISION_DATE,COLLISION_TIME,OFFICER_ID,REPORTING_DISTRICT,DAY_OF_WEEK,CHP_SHIFT,POPULATION,CNTY_CITY_LOC,SPECIAL_COND,BEAT_TYPE,CHP_BEAT_TYPE,CITY_DIVISION_LAPD,CHP_BEAT_CLASS,BEAT_NUMBER,PRIMARY_RD,SECONDARY_RD,DISTANCE,DIRECTION,INTERSECTION,WEATHER_1,WEATHER_2,STATE_HWY_IND,CALTRANS_COUNTY,CALTRANS_DISTRICT,STATE_ROUTE,ROUTE_SUFFIX,POSTMILE_PREFIX,POSTMILE,LOCATION_TYPE,RAMP_INTERSECTION,SIDE_OF_HWY,TOW_AWAY,COLLISION_SEVERITY,NUMBER_KILLED,NUMBER_INJURED,PARTY_COUNT,PRIMARY_COLL_FACTOR,PCF_CODE_OF_VIOL,PCF_VIOL_CATEGORY,PCF_VIOLATION,PCF_VIOL_SUBSECTION,HIT_AND_RUN,TYPE_OF_COLLISION,MVIW,PED_ACTION,ROAD_SURFACE,ROAD_COND_1,ROAD_COND_2,LIGHTING,CONTROL_DEVICE,CHP_ROAD_TYPE,PEDESTRIAN_ACCIDENT,BICYCLE_ACCIDENT,MOTORCYCLE_ACCIDENT,TRUCK_ACCIDENT,NOT_PRIVATE_PROPERTY,ALCOHOL_INVOLVED,STWD_VEHTYPE_AT_FAULT,CHP_VEHTYPE_AT_FAULT,COUNT_SEVERE_INJ,COUNT_VISIBLE_INJ,COUNT_COMPLAINT_PAIN,COUNT_PED_KILLED,COUNT_PED_INJURED,COUNT_BICYCLIST_KILLED,COUNT_BICYCLIST_INJURED,COUNT_MC_KILLED,COUNT_MC_INJURED,PRIMARY_RAMP,SECONDARY_RAMP,LATITUDE,LONGITUDE,COUNTY,CITY,POINT_X,POINT_Y
90120078,2016,2016-02-22,9590,2016-01-03,1930,021124,NA,7,2,7,1942,0,1,2,NA,2,071,US-101 S/B (SANTA ANA FREEWAY),CENTER STREET,10,N,N,A,-,Y,NA,NA,101,NA,NA,NA,NA,NA,S,Y,4,0,2,2,A,-,03,22350,NA,N,C,C,A,A,H,-,C,D,0,NA,NA,NA,NA,Y,NA,A,08,0,0,2,0,0,0,0,0,0,-,-,34.05348,-118.23178,LOS ANGELES,LOS ANGELES,-118.23178514,34.05344106
90120081,2016,2016-02-22,9565,2016-02-15,1515,019460,NA,1,2,9,1900,0,1,1,NA,2,063,I-405 S/B FROM WILSHIRE BLVD W/B,WILSHIRE BLVD.,18,N,N,A,-,Y,NA,NA,405,NA,NA,NA,R,NA,S,N,3,0,1,2,A,-,09,21804,A,N,B,G,A,A,H,-,A,D,0,NA,Y,NA,NA,Y,NA,L,04,0,1,0,0,0,0,1,0,0,-,-,34.0554,-118.453,LOS ANGELES,UNINCORPORATED,-118.453,34.0554
90120089,2016,2016-02-22,9575,2016-02-13,0930,020902,NA,6,1,6,1912,0,1,1,NA,2,051,I-5 N/B (GOLDEN STATE FREEWAY),BURBANK BLVD,2000,N,N,A,-,Y,NA,NA,5,NA,NA,NA,NA,NA,N,Y,4,0,1,3,A,-,03,22350,NA,N,C,C,A,A,H,-,A,D,0,NA,NA,NA,NA,Y,NA,A,01,0,0,1,0,0,0,0,0,0,-,-,34.18568,-118.31793,LOS ANGELES,BURBANK,-118.31789743,34.1857446
90120090,2016,2016-02-22,9575,2016-02-13,0929,020902,NA,6,1,6,1912,0,1,1,NA,2,051,I-5 N/B (GOLDEN STATE FREEWAY),BURBANK BLVD,2100,N,N,A,-,Y,NA,NA,5,NA,NA,NA,NA,NA,N,Y,4,0,1,3,A,-,03,22350,NA,N,C,C,A,A,H,-,A,D,0,NA,NA,NA,NA,Y,NA,A,01,0,0,1,0,0,0,0,0,0,-,-,34.18568,-118.31793,LOS ANGELES,BURBANK,-118.31789743,34.1857446
90120094,2016,2016-02-22,9530,2016-01-16,0040,020956,NA,6,3,7,1942,0,1,3,NA,1,470,SR-47 S/B (VINCENT THOMAS BRIDGE),HARBOR BLVD.,2112,N,N,B,-,Y,NA,NA,NA,NA,NA,NA,NA,NA,NA,Y,4,0,1,2,A,-,03,22350,NA,N,C,C,A,A,H,-,C,D,0,NA,NA,NA,NA,Y,NA,A,01,0,0,1,0,0,0,0,0,0,-,-,33.44579,-118.1615,LOS ANGELES,LOS ANGELES,NA,NA
90120096,2016,2016-02-22,9565,2016-02-16,0750,016945,NA,2,1,7,1942,0,1,1,NA,2,061,I-405 N/B (SAN DIEGO FWY),HOWARD HUGHES PKY,110,S,N,A,-,Y,NA,NA,405,NA,NA,NA,NA,NA,N,N,4,0,1,2,A,-,03,22350,NA,N,C,C,A,A,H,-,A,D,0,NA,NA,NA,NA,Y,NA,A,01,0,0,1,0,0,0,0,0,0,-,-,33.9733,-118.38052,LOS ANGELES,LOS ANGELES,-118.38048234,33.97336382
90120098,2016,2016-02-22,9530,2016-01-16,2320,020956,NA,6,3,9,1900,0,3,5,NA,2,006,NORMANDIE AVE. (20400 BLOCK),204TH ST.,270,S,N,A,-,N,NA,NA,NA,NA,NA,NA,NA,NA,NA,Y,3,0,1,1,A,-,08,22107,NA,N,B,I,A,A,H,-,C,D,0,NA,NA,NA,NA,Y,NA,A,01,0,1,0,0,0,0,0,0,0,-,-,33.50411,-118.1757,LOS ANGELES,UNINCORPORATED,-118.29923494,33.8448495
90120099,2016,2016-02-22,9530,2016-01-17,0020,020868,NA,7,3,9,1900,0,3,5,NA,2,003,ATLANTIC AVE.,MYRRH ST.,0,NA,Y,A,-,N,NA,NA,NA,NA,NA,NA,NA,NA,NA,N,4,0,2,2,A,-,12,21453,A,N,D,C,A,A,H,-,C,A,0,NA,NA,NA,NA,Y,NA,A,07,0,0,2,0,0,0,0,0,0,-,-,33.8926,-118.1932,LOS ANGELES,UNINCORPORATED,-118.19317003,33.89246006
90120100,2016,2016-02-22,9530,2016-01-17,1500,019338,NA,7,2,9,1900,0,1,3,NA,2,310,SR-91 E/B (ARTESIA FREEWAY),SUSANA RD.,200,W,N,A,-,Y,NA,NA,NA,NA,NA,NA,NA,NA,NA,Y,4,0,2,2,A,-,08,22107,NA,F,B,C,A,A,H,-,A,D,0,NA,NA,NA,NA,Y,NA,D,22,0,0,2,0,0,0,0,0,0,-,-,33.52245,-118.12279,LOS ANGELES,UNINCORPORATED,-118.20776934,33.87342293
90120102,2016,2016-02-22,9530,2016-01-17,0620,020427,NA,7,1,9,1900,0,3,5,NA,2,002,IMPERIAL HWY. (2000 BLOCK),CROESUS AVE.,506,W,N,A,-,N,NA,NA,NA,NA,NA,NA,NA,NA,NA,Y,3,0,2,2,A,-,05,21650,NA,N,A,C,A,A,H,-,C,D,0,NA,NA,NA,NA,Y,NA,A,01,0,1,1,0,0,0,0,0,0,-,-,33.55447,-118.14696000000001,LOS ANGELES,UNINCORPORATED,-118.23520587,33.92919484
90120104,2016,2016-02-22,9530,2016-01-23,1756,021007,NA,6,2,9,1900,0,3,5,NA,2,001,HILL ST. (3100 BLOCK),STATE ST.,400,W,N,B,-,N,NA,NA,NA,NA,NA,NA,NA,NA,NA,N,3,0,1,2,A,-,08,22107,NA,F,G,B,E,A,H,-,C,D,0,Y,NA,NA,NA,Y,NA,-,99,0,1,0,0,1,0,0,0,0,-,-,33.57589,-118.12488,LOS ANGELES,UNINCORPORATED,-118.21184695,33.966102
90120107,2016,2016-02-22,9530,2016-01-25,1552,021062,NA,1,2,9,1900,0,3,5,NA,2,001,HOOPER AVE. (6900 BLOCK),70TH ST.,6,N,N,A,-,N,NA,NA,NA,NA,NA,NA,NA,NA,NA,N,4,0,1,2,A,-,10,21950,A,N,G,B,B,A,H,-,A,A,0,Y,NA,NA,NA,Y,NA,A,01,0,0,1,0,1,0,0,0,0,-,-,33.9767,-118.252,LOS ANGELES,UNINCORPORATED,-118.25207,33.97670645
90120108,2016,2016-02-22,9530,2016-01-29,1430,021076,NA,5,2,9,1900,0,3,5,NA,2,001,SANTA ANA ST (2400 BLOCK),SANTA FE AVE.,120,E,N,A,-,N,NA,NA,NA,NA,NA,NA,NA,NA,NA,N,4,0,1,2,A,-,09,21804,A,N,C,C,A,A,H,-,A,D,0,NA,NA,NA,NA,Y,NA,A,01,0,0,1,0,0,0,0,0,0,-,-,33.96549,-118.22984,LOS ANGELES,UNINCORPORATED,-118.22982752,33.96547342
90120110,2016,2016-02-22,9575,2016-02-19,0855,018762,NA,5,1,9,1900,0,2,4,NA,2,084,DUARTE ROAD (8800 BLOCK),MAYESDALE AVENUE,143,E,N,A,-,N,NA,NA,NA,NA,NA,NA,NA,NA,NA,Y,4,0,3,3,A,-,03,22350,NA,N,C,C,A,A,H,-,A,D,0,NA,NA,NA,NA,Y,NA,A,01,0,0,3,0,0,0,0,0,0,-,-,34.12224,-118.07617,LOS ANGELES,UNINCORPORATED,-118.0763729,34.12222603
90120144,2016,2016-02-22,9575,2016-02-11,0703,020702,NA,4,1,7,1942,0,1,3,NA,2,070,SR-118 W/B FROM GLENOAKS BLVD.,GLENOAKS BLVD.,500,W,N,A,-,Y,NA,NA,118,NA,NA,NA,R,NA,W,Y,3,0,1,1,A,-,03,22350,NA,N,F,A,A,A,H,-,A,D,0,NA,NA,Y,NA,Y,NA,C,02,0,1,0,0,0,0,0,0,1,-,-,34.27948,-118.42031,LOS ANGELES,LOS ANGELES,-118.42031,34.27948
90120145,2016,2016-02-22,9530,2016-01-08,1740,021007,NA,5,2,9,1900,0,3,5,NA,2,002,ROSECRANS AVE.,SAN PEDRO ST.,0,NA,Y,B,-,N,NA,NA,NA,NA,NA,NA,NA,NA,NA,Y,4,0,2,2,A,-,09,21801,A,N,D,C,A,A,H,-,C,D,0,NA,NA,NA,NA,Y,NA,A,01,0,0,2,0,0,0,0,0,0,-,-,33.54697,-118.16831,LOS ANGELES,UNINCORPORATED,-118.26900005,33.90196011
90120147,2016,2016-02-22,9565,2016-02-19,0040,020915,NA,5,3,7,1942,0,1,1,NA,2,063,I-405 S/B (SAN DIEGO FREEWAY),SANTA MONICA BLVD,2400,S,N,A,-,Y,NA,NA,405,NA,NA,NA,NA,NA,S,Y,2,0,1,1,A,-,01,23152,A,F,E,I,A,A,H,-,C,D,0,NA,NA,NA,NA,Y,Y,A,01,1,0,0,0,0,0,0,0,0,-,-,34.04136,-118.44201,LOS ANGELES,LOS ANGELES,-118.44199438,34.04137347
90120148,2016,2016-02-22,9530,2016-01-29,0624,020096,NA,5,1,6,1972,0,1,1,NA,2,400,I-405 N/B (SAN DIEGO FREEWAY),WESTERN AVE.,669,N,N,A,-,Y,NA,NA,405,NA,NA,NA,NA,NA,N,Y,4,0,1,2,D,-,00,NA,NA,N,B,C,A,A,H,-,D,D,0,NA,NA,NA,Y,Y,NA,-,-,0,0,1,0,0,0,0,0,0,-,-,33.86046,-118.31196,LOS ANGELES,TORRANCE,-118.31197142,33.86040874
90120167,2016,2016-02-22,9565,2016-02-19,2330,020710,NA,5,3,9,1900,0,3,5,NA,2,003,LA CIENEGA BLVD,64TH ST.,300,N,N,A,-,N,NA,NA,NA,NA,NA,NA,NA,NA,NA,Y,4,0,2,4,A,-,01,23152,A,N,C,C,A,A,H,-,C,D,0,NA,NA,NA,NA,Y,Y,A,07,0,0,2,0,0,0,0,0,0,-,-,33.98357,-118.37057,LOS ANGELES,UNINCORPORATED,-118.37079528,33.98284104
90120174,2015,2016-02-22,9575,2015-09-29,1222,019538,NA,2,1,7,1942,0,1,3,NA,2,044,SR-134 W/B (VENTURA FREEWAY),RIVERSIDE DR.,50,W,N,A,-,Y,NA,NA,134,NA,NA,NA,NA,NA,W,N,4,0,1,2,A,-,03,22350,NA,N,C,C,A,A,H,-,A,D,0,NA,NA,NA,NA,Y,NA,A,01,0,0,1,0,0,0,0,0,0,-,-,34.15375,-118.37573,LOS ANGELES,LOS ANGELES,-118.37574359,34.15371819
90120176,2016,2016-02-22,9575,2016-02-06,2020,020918,NA,6,2,6,1925,0,1,1,NA,2,050,I-5 S/B FROM WESTERN AVE. W/B,WESTERN AVE.,50,N,N,A,-,Y,NA,NA,5,NA,NA,NA,R,NA,S,N,4,0,1,2,A,-,03,22350,NA,N,C,C,A,A,H,-,C,D,0,NA,NA,NA,NA,Y,NA,A,01,0,0,1,0,0,0,0,0,0,-,-,34.16225,-118.294,LOS ANGELES,GLENDALE,-118.294,34.16225
90120179,2016,2016-02-22,9530,2016-01-22,0908,021004,NA,5,1,4,1939,0,1,1,NA,2,400,I-405 N/B TO HAWTHORNE BLVD.,HAWTHORNE BLVD.,4,S,N,A,-,Y,NA,NA,405,NA,NA,NA,R,NA,N,N,3,0,1,2,A,-,05,21650,NA,N,D,G,A,A,H,-,A,A,0,NA,Y,NA,NA,Y,NA,L,04,0,1,0,0,0,0,1,0,0,-,-,33.88506,-118.35234,LOS ANGELES,LAWNDALE,-118.35234,33.88506
90120202,2016,2016-02-22,9530,2016-02-08,1440,018270,NA,1,2,7,1942,0,1,1,NA,2,200,I-105 E/B (GLENN ANDERSON FWY),I-110,300,W,N,A,-,Y,NA,NA,105,NA,NA,NA,NA,NA,E,Y,4,0,1,4,A,-,03,22350,NA,N,C,C,A,A,H,-,A,D,0,NA,NA,NA,NA,Y,NA,A,01,0,0,1,0,0,0,0,0,0,-,-,33.92842,-118.28766,LOS ANGELES,LOS ANGELES,-118.28766173,33.92852881
90120205,2016,2016-02-22,9525,2016-02-01,0555,019379,NA,1,3,5,1990,0,1,3,NA,2,603,SR-60 W/B (POMONA FREEWAY),GRAND AVE,2640,E,N,A,-,Y,NA,NA,60,NA,NA,NA,NA,NA,W,Y,4,0,3,3,A,-,03,22350,NA,F,C,C,A,A,H,-,B,D,0,NA,NA,NA,NA,Y,NA,A,01,0,0,3,0,0,0,0,0,0,-,-,34.01645,-117.81809,LOS ANGELES,DIAMOND BAR,-117.81796468,34.01635828
90120208,2015,2016-05-20,9580,2015-10-31,0015,020728,NA,6,3,7,1942,0,1,2,NA,2,100,US-101 N/B (HOLLYWOOD FWY),VINELAND AVE,754,S,N,A,-,Y,NA,NA,101,NA,NA,NA,NA,NA,N,N,1,1,0,2,A,-,11,21956,NA,F,G,B,E,A,H,-,C,D,0,Y,NA,NA,NA,Y,Y,N,60,0,0,0,1,0,0,0,0,0,-,-,34.14593,-118.36904,LOS ANGELES,LOS ANGELES,-118.36896372,34.14600527
90120211,2016,2016-02-22,9590,2016-01-04,0850,021133,NA,1,1,7,1942,0,1,2,NA,2,071,US-101 S/B (HOF),VENDOME STREET,200,S,N,A,-,Y,NA,NA,101,NA,NA,NA,NA,NA,S,N,4,0,1,2,A,-,03,22350,NA,N,C,C,A,A,H,-,A,D,0,NA,NA,NA,Y,Y,NA,F,26,0,0,1,0,0,0,0,0,0,-,-,34.0763,-118.27868,LOS ANGELES,LOS ANGELES,-118.27866613,34.07634834
90120218,2016,2016-02-22,9575,2016-01-24,1843,020918,NA,7,2,7,1942,0,1,1,NA,2,050,I-5 N/B (GOLDEN STATE FWY),SR-134 (VENTURA FWY),2640,S,N,A,-,Y,NA,NA,NA,NA,NA,NA,NA,NA,NA,Y,4,0,1,2,A,-,01,23152,E,M,C,C,A,A,H,-,C,D,0,NA,NA,NA,NA,Y,NA,A,01,0,0,1,0,0,0,0,0,0,-,-,34.84619,-118.16437,LOS ANGELES,LOS ANGELES,-118.2826,34.15221
90120222,2016,2016-02-22,9530,2016-02-08,0655,019412,NA,1,1,5,1915,0,1,3,NA,2,310,SR-91 W/B (ARTESIA FREEWAY),ACACIA AVE.,900,E,N,A,-,Y,NA,NA,NA,NA,NA,NA,NA,NA,NA,Y,4,0,1,2,A,-,07,21658,A,F,B,C,A,A,H,-,A,D,0,NA,NA,Y,NA,Y,NA,-,99,0,0,1,0,0,0,0,0,1,-,-,33.52261,-118.13188,LOS ANGELES,COMPTON,-118.22178912,33.87396134
90120226,2015,2016-02-22,9535,2015-11-15,1050,017148,NA,7,1,6,1922,0,1,1,NA,2,401,I-10 W/B (SAN BERNARDINO FWY),SAN GABRIEL RIVER,700,W,N,A,-,Y,NA,NA,10,NA,NA,NA,NA,NA,W,Y,4,0,11,2,A,-,03,22350,NA,N,C,C,A,A,H,-,A,D,0,NA,NA,NA,Y,Y,NA,I,10,0,0,11,0,0,0,0,0,0,-,-,34.06425,-118.00677,LOS ANGELES,EL MONTE,-118.00677153,34.06426107
90120230,2015,2016-02-22,9525,2015-12-10,0250,020869,NA,4,3,9,1900,0,1,1,NA,2,106,I-10 E/B (SAN BERNARDINO FREEWAY),HOLT AVE,1584,E,N,A,-,Y,NA,NA,10,NA,NA,NA,NA,NA,E,Y,3,0,1,1,A,-,01,23152,A,N,E,I,A,A,H,-,D,D,0,NA,NA,NA,NA,Y,Y,A,01,0,1,0,0,0,0,0,0,0,-,-,34.06794,-117.85021,LOS ANGELES,UNINCORPORATED,-117.85019605,34.06827278
90120231,2016,2016-02-22,9535,2016-02-18,0112,021052,NA,4,3,5,1969,0,1,1,NA,2,075,I-710 S/B (LONG BEACH FREEWAY),FIRESTONE BLVD.,2751,N,N,B,-,Y,NA,NA,710,NA,NA,NA,NA,NA,S,Y,2,0,2,2,A,-,01,23152,A,N,A,C,A,B,H,-,C,D,0,NA,NA,NA,NA,Y,Y,A,01,2,0,0,0,0,0,0,0,0,-,-,33.95324,-118.17106,LOS ANGELES,SOUTH GATE,-118.17070094,33.95324402
90120242,2016,2016-02-22,9525,2016-01-17,2205,020230,NA,7,3,5,1990,0,1,3,NA,2,601,SR-60 W/B (POMONA FREEWAY),GRAND AVE,900,W,N,A,-,Y,NA,NA,60,NA,NA,NA,NA,NA,W,Y,4,0,1,2,A,-,01,23152,A,N,C,C,A,A,H,-,C,D,0,NA,NA,NA,NA,Y,Y,D,22,0,0,1,0,0,0,0,0,0,-,-,34.00637,-117.82798,LOS ANGELES,DIAMOND BAR,-117.82781898,34.00614991
90120244,2016,2016-02-22,9590,2016-01-05,1235,016692,NA,2,1,7,1942,0,1,2,NA,2,073,US-101 S/B (HOLLYWOOD FWY.),LANKERSHIM BLVD.,0,NA,N,B,C,Y,NA,NA,NA,NA,NA,NA,NA,NA,NA,Y,4,0,2,2,A,-,08,22107,NA,N,E,J,A,B,H,-,A,D,0,NA,NA,NA,NA,Y,NA,A,01,0,0,2,0,0,0,0,0,0,-,-,34.8669,-118.21335,LOS ANGELES,LOS ANGELES,-118.36296004,34.13764009
90120265,2015,2016-02-22,9590,2015-12-22,0950,015575,NA,2,1,7,1942,0,1,1,NA,2,082,I-5 N/B (GOLDEN STATE FREEWAY),SAN FERNANDO ROAD,183,S,N,B,C,Y,NA,NA,5,NA,NA,NA,NA,NA,N,N,4,0,1,2,A,-,08,22107,NA,N,B,C,A,B,H,-,A,A,0,NA,NA,NA,Y,Y,NA,A,01,0,0,1,0,0,0,0,0,0,-,-,34.0825,-118.22571,LOS ANGELES,LOS ANGELES,-118.22570241,34.08252677
90120269,2016,2016-02-22,9535,2016-02-19,0805,016100,NA,5,1,3,1914,0,1,1,NA,2,072,I-710 (LONG BEACH FREEWAY) N/B,I-5 (SOUTH EDGE),260,N,N,A,-,Y,NA,NA,710,NA,NA,NA,NA,NA,N,N,3,0,1,2,A,-,08,22107,NA,N,B,C,A,A,H,-,A,D,0,NA,NA,Y,NA,Y,NA,A,01,0,1,0,0,0,0,0,0,1,-,-,34.01844,-118.17331,LOS ANGELES,COMMERCE,-118.17324232,34.01844269
90120271,2016,2016-02-22,9550,2016-02-11,1115,021177,NA,4,1,9,1900,0,1,3,NA,2,601,STATE ROUTE 60 W/B,STIMSON AVENUE,100,W,N,A,-,Y,NA,NA,60,NA,NA,NA,NA,NA,W,Y,4,0,4,3,A,-,07,21658,A,N,B,C,A,A,H,-,A,D,0,NA,NA,NA,NA,Y,NA,A,01,0,0,4,0,0,0,0,0,0,-,-,34.00528,-117.95862,LOS ANGELES,UNINCORPORATED,-117.95863493,34.00522901
90120274,2016,2016-02-22,9530,2016-02-08,1515,020137,NA,1,2,7,1942,0,1,1,NA,2,200,I-105 E/B (GLENN ANDERSON FWY),CENTRAL AVE.,528,W,N,A,-,Y,NA,NA,105,NA,NA,NA,NA,NA,E,Y,4,0,1,2,A,-,07,21658,A,N,C,C,A,A,H,-,A,D,0,NA,NA,Y,NA,Y,NA,A,01,0,0,1,0,0,0,0,0,1,-,-,33.92752,-118.27122,LOS ANGELES,LOS ANGELES,-118.27123006,33.92742179
90120286,2015,2016-02-22,9535,2015-12-28,1735,021149,NA,1,2,3,1914,0,1,1,NA,2,072,I-710 (LONG BEACH FREEWAY) N/B,WASHINGTON BLVD,90,S,N,A,-,Y,NA,NA,710,NA,NA,NA,NA,NA,N,Y,4,0,1,2,A,-,03,22350,NA,M,C,C,A,A,H,-,B,D,0,NA,NA,NA,NA,Y,NA,A,01,0,0,1,0,0,0,0,0,0,-,-,34.00435,-118.17295,LOS ANGELES,COMMERCE,-118.17296178,34.00435346
90120295,2016,2016-02-22,9550,2016-02-08,0828,021102,NA,1,1,9,1900,0,2,4,NA,1,022,TELEGRAPH ROAD,CHADSEY DRIVE,0,NA,Y,A,-,N,NA,NA,NA,NA,NA,NA,NA,NA,NA,N,3,0,1,2,A,-,05,21650,NA,N,D,G,A,A,H,-,A,D,0,NA,Y,NA,NA,Y,NA,L,04,0,1,0,0,0,0,1,0,0,-,-,33.92675,-118.0272,LOS ANGELES,UNINCORPORATED,-118.02706007,33.92673007
90120307,2016,2016-02-22,9550,2016-02-13,1245,021120,NA,6,1,7,1941,0,1,3,NA,2,090,STATE ROUTE 91 E/B,CHERRY AVENUE,500,E,N,A,-,Y,NA,NA,91,NA,NA,NA,NA,NA,E,Y,3,0,1,2,A,-,07,21658,A,F,B,C,A,A,H,-,A,D,0,NA,NA,Y,NA,Y,NA,-,99,0,1,0,0,0,0,0,0,1,-,-,33.87578,-118.16539,LOS ANGELES,LONG BEACH,-118.16539084,33.87599772
90120317,2016,2016-02-22,9575,2016-02-13,1630,018762,NA,6,2,7,1942,0,1,3,NA,2,043,SR-134 E/B (VENTURA FREEWAY),LOS ANGELES RIVER,30,W,N,A,-,Y,NA,NA,134,NA,NA,NA,NA,NA,E,N,4,0,1,2,A,-,03,22350,NA,N,C,C,A,A,H,-,A,D,0,NA,NA,NA,NA,Y,NA,D,22,0,0,1,0,0,0,0,0,0,-,-,34.15291,-118.27916,LOS ANGELES,LOS ANGELES,-118.27915188,34.15287444
90120318,2016,2016-02-22,9530,2016-01-14,1540,020523,NA,4,2,9,1900,0,1,1,NA,2,120,I-110 N/B (HARBOR FREEWAY),DEL AMO BLVD.,1690,N,N,A,-,Y,NA,NA,110,NA,NA,NA,NA,NA,N,Y,3,0,1,1,A,-,08,22107,NA,N,E,I,A,A,H,-,A,D,0,NA,NA,Y,NA,Y,NA,C,02,0,1,0,0,0,0,0,0,1,-,-,33.85111,-118.28472,LOS ANGELES,UNINCORPORATED,-118.28485638,33.8510803
90120340,2016,2016-02-22,9525,2016-01-28,0530,014444,NA,4,3,5,1906,0,1,1,NA,2,651,I-605 S/B (SAN GABRIEL RIVER FREEWAY),I- 10,1056,N,N,A,-,Y,NA,NA,NA,NA,NA,NA,NA,NA,NA,Y,4,0,1,4,A,-,03,22350,NA,N,C,C,A,A,H,-,C,D,0,NA,NA,NA,NA,Y,NA,A,01,0,0,1,0,0,0,0,0,0,-,-,34.04317,-118.00015,LOS ANGELES,BALDWIN PARK,-117.99990578,34.06542625
90120364,2016,2016-02-22,9550,2016-02-13,1120,021150,NA,6,1,9,1900,0,2,4,NA,1,013,NORWALK BOULEVARD,SARAGOSA ST.,130,N,N,A,-,N,NA,NA,NA,NA,NA,NA,NA,NA,NA,N,4,0,1,2,A,-,09,21801,A,N,D,C,A,A,H,-,A,D,0,NA,NA,NA,NA,Y,NA,A,01,0,0,1,0,0,0,0,0,0,-,-,33.97799,-118.07569,LOS ANGELES,UNINCORPORATED,-118.07566345,33.97805768
90120365,2016,2016-02-22,9530,2016-02-08,1600,020141,NA,1,2,9,1900,0,3,5,NA,2,001,ALAMEDA ST.,NADEAU ST.,0,NA,Y,A,-,N,NA,NA,NA,NA,NA,NA,NA,NA,NA,N,4,0,1,2,A,-,09,21801,A,F,D,C,A,A,H,-,A,A,0,NA,NA,NA,NA,Y,NA,D,22,0,0,1,0,0,0,0,0,0,-,-,33.96745,-118.23323,LOS ANGELES,UNINCORPORATED,-118.23322003,33.96745012
90120386,2016,2016-02-22,9550,2016-02-12,1800,020974,NA,5,2,9,1900,0,3,5,NA,2,001,BROADWAY AVENUE,MINES BOULEVARD,70,S,N,A,-,N,NA,NA,NA,NA,NA,NA,NA,NA,NA,N,4,0,2,3,A,-,03,22350,NA,N,C,C,A,A,H,-,C,A,0,NA,NA,NA,NA,Y,NA,A,01,0,0,2,0,0,0,0,0,0,-,-,33.97712,-118.06531,LOS ANGELES,UNINCORPORATED,-118.06494404,33.9774102
90120401,2016,2016-02-22,9550,2016-02-12,1120,021185,NA,5,1,9,1900,0,2,4,NA,1,022,TELEGRAPH ROAD,INEZ STREET,118,E,N,A,-,N,NA,NA,NA,NA,NA,NA,NA,NA,NA,Y,4,0,2,3,A,-,03,22350,NA,N,C,C,A,A,H,-,A,D,0,NA,NA,NA,NA,Y,NA,A,07,0,0,2,0,0,0,0,0,0,-,-,33.9382,-118.04034,LOS ANGELES,UNINCORPORATED,-118.04345877,33.93815594
90120402,2016,2016-02-22,9530,2016-02-08,2140,020240,NA,1,2,7,1941,0,1,1,NA,2,430,I-405 S/B (SAN DIEGO FREEWAY),BELLFLOWER BLVD.,1320,N,N,A,-,Y,NA,NA,405,NA,NA,NA,NA,NA,S,N,4,0,1,2,A,-,07,21658,A,N,B,C,A,A,H,-,D,D,0,NA,NA,NA,NA,Y,NA,A,01,0,0,1,0,0,0,0,0,0,-,-,33.80273,-118.13342,LOS ANGELES,LONG BEACH,-118.13342006,33.8027235
90120404,2016,2016-02-22,9545,2016-01-31,0845,019816,NA,7,1,6,1950,0,1,3,NA,2,021,SR-14 S/B TO PALMDALE BLVD,PALMDALE BLVD,357,N,N,B,-,Y,NA,NA,14,NA,NA,NA,R,NA,S,Y,4,0,1,1,A,-,08,22107,NA,N,F,I,A,B,H,-,A,D,0,NA,NA,NA,NA,Y,NA,A,01,0,0,1,0,0,0,0,0,0,-,-,34.58289,-118.13423,LOS ANGELES,PALMDALE,-118.13423,34.58289
90120415,2016,2016-02-22,9550,2016-02-13,2255,020974,NA,6,3,4,1936,0,1,1,NA,2,501,I-5 NORTHBOUND,VALLEY VIEW AVENUE,1175,S,N,B,-,Y,NA,NA,5,NA,NA,NA,NA,NA,N,N,4,0,1,2,A,-,03,22350,NA,N,C,C,A,A,H,-,C,D,0,NA,NA,NA,NA,Y,NA,A,01,0,0,1,0,0,0,0,0,0,-,-,33.88222,-118.02526,LOS ANGELES,LA MIRADA,-118.02527077,33.88220013
90120426,2016,2016-02-22,9550,2016-02-13,1320,021141,NA,6,1,9,1900,0,3,5,NA,2,004,COLIMA ROAD E/B,AZUSA AVENUE N/B,790,E,N,A,-,N,NA,NA,NA,NA,NA,NA,NA,NA,NA,N,4,0,1,2,A,-,09,21804,A,N,D,C,A,A,H,-,A,D,0,NA,NA,NA,NA,Y,NA,A,01,0,0,1,0,0,0,0,0,0,-,-,33.99088,-117.92906,LOS ANGELES,UNINCORPORATED,-117.92920638,33.99088506
90120427,2016,2016-02-22,9580,2016-02-15,0250,020396,NA,1,3,7,1942,0,1,3,NA,2,114,SR-118 E/B (RONALD REAGAN FWY.),SHARP AVE,50,W,N,A,-,Y,NA,NA,118,NA,NA,NA,NA,NA,E,Y,3,0,1,1,A,-,01,23152,A,N,E,I,A,A,H,-,C,D,0,NA,NA,NA,NA,Y,Y,A,01,0,1,0,0,0,0,0,0,0,-,-,34.26645,-118.44599,LOS ANGELES,LOS ANGELES,-118.4459411,34.2661477