CASE_ID,ACCIDENT_YEAR,PROC_DATE,JURIS,COLLISION_DATE,COLLISION_TIME,OFFICER_ID,REPORTING_DISTRICT,DAY_OF_WEEK,CHP_SHIFT,POPULATION,CNTY_CITY_LOC,SPECIAL_COND,BEAT_TYPE,CHP_BEAT_TYPE,CITY_DIVISION_LAPD,CHP_BEAT_CLASS,BEAT_NUMBER,PRIMARY_RD,SECONDARY_RD,DISTANCE,DIRECTION,INTERSECTION,WEATHER_1,WEATHER_2,STATE_HWY_IND,CALTRANS_COUNTY,CALTRANS_DISTRICT,STATE_ROUTE,ROUTE_SUFFIX,POSTMILE_PREFIX,POSTMILE,LOCATION_TYPE,RAMP_INTERSECTION,SIDE_OF_HWY,TOW_AWAY,COLLISION_SEVERITY,NUMBER_KILLED,NUMBER_INJURED,PARTY_COUNT,PRIMARY_COLL_FACTOR,PCF_CODE_OF_VIOL,PCF_VIOL_CATEGORY,PCF_VIOLATION,PCF_VIOL_SUBSECTION,HIT_AND_RUN,TYPE_OF_COLLISION,MVIW,PED_ACTION,ROAD_SURFACE,ROAD_COND_1,ROAD_COND_2,LIGHTING,CONTROL_DEVICE,CHP_ROAD_TYPE,PEDESTRIAN_ACCIDENT,BICYCLE_ACCIDENT,MOTORCYCLE_ACCIDENT,TRUCK_ACCIDENT,NOT_PRIVATE_PROPERTY,ALCOHOL_INVOLVED,STWD_VEHTYPE_AT_FAULT,CHP_VEHTYPE_AT_FAULT,COUNT_SEVERE_INJ,COUNT_VISIBLE_INJ,COUNT_COMPLAINT_PAIN,COUNT_PED_KILLED,COUNT_PED_INJURED,COUNT_BICYCLIST_KILLED,COUNT_BICYCLIST_INJURED,COUNT_MC_KILLED,COUNT_MC_INJURED,PRIMARY_RAMP,SECONDARY_RAMP,LATITUDE,LONGITUDE,COUNTY,CITY,POINT_X,POINT_Y
90122449,2016,2016-04-26,9525,2016-01-29,1025,014444,NA,5,1,9,1900,0,2,4,NA,2,022,ARROW HIGHWAY,LARK ELLEN AVE.,0,NA,Y,A,-,N,NA,NA,NA,NA,NA,NA,NA,NA,NA,Y,4,0,1,2,A,-,12,21453,A,N,D,C,A,A,H,-,A,D,0,NA,NA,NA,NA,Y,NA,A,01,0,0,1,0,0,0,0,0,0,-,-,34.107170000000004,-117.91735,LOS ANGELES,UNINCORPORATED,-117.91697005,34.10689002
90122461,2015,2016-02-24,9590,2015-12-09,0835,016243,NA,3,1,7,1942,0,1,1,NA,2,061,I-10 W/B,BALLONA CREEK,70,W,N,A,-,Y,NA,NA,10,NA,NA,NA,NA,NA,W,Y,3,0,1,2,A,-,03,22350,NA,N,C,C,A,A,H,-,A,D,0,NA,NA,Y,NA,Y,NA,C,02,0,1,0,0,0,0,0,0,1,-,-,34.0361,-118.37306,LOS ANGELES,LOS ANGELES,-118.37305736,34.03611243
90122466,2016,2016-02-24,9575,2016-02-16,0645,015935,NA,2,1,7,1942,0,1,1,NA,2,061,I-210 E/B (FOOTHILL FREEWAY),FOOTHILL BL,500,E,N,A,-,Y,NA,NA,210,NA,NA,NA,NA,NA,E,Y,4,0,1,3,A,-,04,21703,NA,N,C,C,A,A,H,-,A,D,0,NA,NA,NA,Y,Y,NA,G,25,0,0,1,0,0,0,0,0,0,-,-,34.27361,-118.369,LOS ANGELES,LOS ANGELES,-118.36899694,34.27365979
90122471,2016,2016-02-24,9535,2016-02-18,0113,021052,NA,4,3,5,1969,0,1,1,NA,2,075,I-710 S/B (LONG BEACH FREEWAY),FIRESTONE BLVD.,2755,N,N,B,-,Y,NA,NA,710,NA,NA,NA,NA,NA,S,Y,2,0,2,2,A,-,03,22350,NA,N,C,C,A,B,H,-,C,D,0,NA,NA,NA,NA,Y,NA,A,01,1,0,1,0,0,0,0,0,0,-,-,33.95324,-118.17106,LOS ANGELES,SOUTH GATE,-118.17070094,33.95324402
90122472,2016,2016-02-24,9580,2016-02-05,1620,020402,NA,5,2,7,1942,0,1,2,NA,2,104,US-101 N/B (VENTURA FWY) TO TAMPA AVE,TAMPA AVE,40,S,N,A,-,Y,NA,NA,101,NA,NA,NA,R,NA,N,N,4,0,1,2,A,-,03,22350,NA,N,C,C,A,A,H,-,B,D,0,NA,NA,NA,NA,Y,NA,A,01,0,0,1,0,0,0,0,0,0,-,-,34.17392,-118.55303,LOS ANGELES,LOS ANGELES,-118.55303,34.17392
90122480,2016,2016-02-24,9580,2016-02-07,1610,020876,NA,7,2,7,1942,0,1,2,NA,2,100,US-101 N/B (VENTURA FREEWAY),VINELAND AVE,1056,S,N,A,-,Y,NA,NA,101,NA,NA,NA,NA,NA,N,Y,4,0,3,2,A,-,07,21658,A,N,B,C,A,A,H,-,A,D,0,NA,NA,NA,NA,Y,NA,A,01,0,0,3,0,0,0,0,0,0,-,-,34.14635,-118.36921,LOS ANGELES,LOS ANGELES,-118.36926918,34.14627789
90122493,2016,2016-02-24,9545,2016-02-15,1955,015589,NA,1,2,9,1900,0,1,3,NA,2,031,SR-14 N/B,CROWN VALLEY RD,3696,N,N,A,-,Y,NA,NA,14,NA,NA,NA,NA,NA,N,Y,3,0,1,1,A,-,01,23152,E,N,E,I,A,A,H,-,D,D,0,NA,NA,NA,NA,Y,NA,A,01,0,1,0,0,0,0,0,0,0,-,-,34.493,-118.18693,LOS ANGELES,UNINCORPORATED,-118.18692658,34.49307747
90122504,2016,2016-02-24,9565,2016-02-21,1420,020086,NA,7,2,5,1965,0,1,1,NA,2,081,I-10 W/B (SANTA MONICA FWY),LINCOLN BLVD,800,E,N,A,-,Y,NA,NA,10,NA,NA,NA,NA,NA,W,N,4,0,1,2,A,-,03,22350,NA,N,C,C,A,A,H,-,A,D,0,NA,NA,NA,NA,Y,NA,A,01,0,0,1,0,0,0,0,0,0,-,-,34.01713,-118.48241,LOS ANGELES,SANTA MONICA,-118.48244216,34.01716792
90122506,2016,2016-02-24,9575,2016-01-26,1508,018353,NA,2,2,6,1925,0,1,3,NA,2,042,SR-134 E/B (VENTURA FREEWAY),PACIFIC AVENUE,850,E,N,A,-,Y,NA,NA,134,NA,NA,NA,NA,NA,E,Y,4,0,3,3,A,-,03,22350,NA,N,C,C,A,A,H,-,A,D,0,NA,NA,NA,NA,Y,NA,D,22,0,0,3,0,0,0,0,0,0,-,-,34.15627,-118.26163,LOS ANGELES,GLENDALE,-118.26162973,34.15625478
90122519,2016,2016-02-24,9545,2016-02-10,2100,020521,NA,3,2,6,1950,0,1,3,NA,2,021,SR-14 N/B,AVENUE O,1056,S,N,A,-,Y,NA,NA,NA,NA,NA,NA,NA,NA,NA,Y,4,0,3,2,A,-,03,22350,NA,N,C,C,A,A,H,-,D,D,0,NA,NA,NA,NA,Y,NA,D,22,0,0,3,0,0,0,0,0,0,-,-,34.61284,-118.15308,LOS ANGELES,PALMDALE,NA,NA
90122532,2016,2016-02-24,9550,2016-02-16,0710,021087,NA,2,1,5,1908,0,1,3,NA,2,091,SR-91 W/B,BELLFLOWER,500,W,N,A,-,Y,NA,NA,91,NA,NA,NA,NA,NA,W,Y,4,0,1,2,A,-,03,22350,NA,N,C,C,A,A,H,-,A,D,0,NA,NA,NA,NA,Y,NA,A,01,0,0,1,0,0,0,0,0,0,-,-,33.87625,-118.12635,LOS ANGELES,BELLFLOWER,-118.12635019,33.87628447
90122561,2016,2016-02-24,9565,2016-02-23,1525,019460,NA,2,2,9,1900,0,1,1,NA,2,063,I-405 NORTHBOUND (SAN DIEGO FREEWAY),WILSHIRE BLVD.,500,S,N,A,-,Y,NA,NA,405,NA,NA,NA,NA,NA,N,N,4,0,1,2,A,-,03,22350,NA,N,C,C,A,A,H,-,A,D,0,NA,NA,NA,NA,Y,NA,A,07,0,0,1,0,0,0,0,0,0,-,-,34.0553,-118.4517,LOS ANGELES,UNINCORPORATED,-118.45164725,34.05534574
90122570,2016,2016-02-24,9540,2016-02-17,1550,019508,NA,3,2,7,1942,0,1,3,NA,1,143,SR-14 S/B (AVF) HOV TO I-5 S/B (GSF),BALBOA BOULEVARD,2640,N,N,B,C,Y,NA,NA,NA,NA,NA,NA,NA,NA,NA,Y,3,0,4,1,A,-,03,22350,NA,N,E,I,A,B,H,-,A,D,0,NA,NA,NA,NA,Y,NA,A,01,0,2,2,0,0,0,0,0,0,-,-,34.32278,-118.49934,LOS ANGELES,LOS ANGELES,NA,NA
90122580,2016,2016-02-24,9580,2016-02-06,0745,019451,NA,6,1,9,1900,0,1,3,NA,1,120,SR-1 N/B (PACIFIC COAST HWY.),COASTLINE DR,500,N,N,A,-,Y,NA,NA,1,NA,NA,NA,NA,NA,N,N,3,0,1,1,A,-,03,22350,NA,N,F,A,A,A,H,-,A,D,0,NA,Y,NA,NA,Y,NA,L,04,0,1,0,0,0,0,1,0,0,-,-,34.04208,-118.56908,LOS ANGELES,UNINCORPORATED,-118.56908348,34.0420526
90122602,2016,2016-02-24,9580,2016-01-01,1050,017386,NA,5,1,9,1900,0,1,3,NA,1,270,SR-27 S/B (TOPANGA CYN. BLVD.),ENTRADA RD,175,N,N,A,-,Y,NA,NA,27,NA,NA,NA,NA,NA,S,Y,3,0,1,1,A,-,01,23152,A,N,F,A,A,A,H,-,A,D,0,NA,NA,Y,NA,Y,Y,C,02,0,1,0,0,0,0,0,0,1,-,-,34.0935,-118.60212,LOS ANGELES,UNINCORPORATED,-118.6021637,34.09346775
90122612,2016,2016-02-24,9530,2016-02-10,0035,020923,NA,3,3,7,1942,0,1,1,NA,2,110,I-110 S/B TO I-105 E/B,111TH PL.,300,S,N,A,-,Y,NA,NA,110,NA,NA,NA,R,NA,S,Y,2,0,1,1,A,-,08,22107,NA,N,E,J,A,A,H,-,C,D,0,NA,NA,Y,NA,Y,NA,C,02,1,0,0,0,0,0,0,0,1,-,-,33.93233,-118.2811,LOS ANGELES,LOS ANGELES,-118.2811,33.93233
90122650,2016,2016-02-24,9580,2016-02-06,1959,021018,NA,6,2,7,1942,0,1,1,NA,2,404,I-405 N/B (SAN DIEGO FWY),VENTURA BLVD,2000,S,N,A,-,Y,NA,NA,405,NA,NA,NA,NA,NA,N,Y,4,0,2,2,A,-,03,22350,NA,N,C,C,A,A,H,-,D,D,0,NA,NA,NA,NA,Y,NA,A,01,0,0,2,0,0,0,0,0,0,-,-,34.1448,-118.4707,LOS ANGELES,LOS ANGELES,-118.47094571,34.14488235
90122662,2016,2016-02-24,9530,2016-02-11,1330,020096,NA,4,1,6,1972,0,1,1,NA,2,400,I-405 S/B (SAN DIEGO FREEWAY),ARTESIA BOULEVARD,846,S,N,A,-,Y,NA,NA,405,NA,NA,NA,NA,NA,S,N,4,0,1,2,A,-,03,22350,NA,N,C,C,A,A,H,-,A,D,0,NA,NA,NA,NA,Y,NA,D,22,0,0,1,0,0,0,0,0,0,-,-,33.87046,-118.34066,LOS ANGELES,TORRANCE,-118.3406569,33.87046225
90122673,2015,2016-02-24,9535,2015-12-21,0740,014987,NA,1,1,3,1914,0,1,1,NA,2,500,I-5 (SANTA ANA FREEWAY) N/B,WASHINGTON BLVD,200,N,N,B,-,Y,NA,NA,5,NA,NA,NA,NA,NA,N,Y,4,0,1,2,A,-,03,22350,NA,N,C,C,A,A,H,-,A,D,0,NA,NA,NA,Y,Y,NA,A,01,0,0,1,0,0,0,0,0,0,-,-,33.9951,-118.1451,LOS ANGELES,COMMERCE,-118.14488983,33.99530112
90122684,2016,2016-02-24,9580,2016-02-06,1924,020345,NA,6,2,7,1942,0,1,3,NA,2,116,SR-118 E/B (RONALD REAGAN FWY.),WOODLEY AVE,400,W,N,A,-,Y,NA,NA,118,NA,NA,NA,NA,NA,E,Y,4,0,1,2,A,-,03,22350,NA,N,C,C,A,A,H,-,C,D,0,NA,NA,NA,NA,Y,NA,A,01,0,0,1,0,0,0,0,0,0,-,-,34.2659,-118.47675,LOS ANGELES,LOS ANGELES,-118.47674993,34.2659098
90122696,2016,2016-02-24,9590,2016-02-11,1700,021124,NA,4,2,7,1942,0,2,S,NA,2,901,BEAUDRY AVENUE (300 N. BLOCK),TEMPLE STREET (1000 W. BLOCK),0,NA,Y,A,-,N,NA,NA,NA,NA,NA,NA,NA,NA,NA,Y,4,0,1,3,A,-,09,21801,A,N,D,C,A,A,H,-,A,A,0,NA,NA,NA,NA,Y,NA,J,48,0,0,1,0,0,0,0,0,0,-,-,34.06316,-118.25139,LOS ANGELES,LOS ANGELES,-118.2513601,34.0632001
90122700,2016,2016-02-24,9550,2016-02-18,1800,016882,NA,4,2,6,1920,0,1,1,NA,2,651,INTERSTATE 605 SOUTHBOUND,FLORENCE AVENUE,100,N,N,A,-,Y,NA,NA,605,NA,NA,NA,NA,NA,S,N,4,0,1,2,A,-,08,22107,NA,N,B,C,A,A,H,-,C,D,0,NA,NA,NA,Y,Y,NA,A,01,0,0,1,0,0,0,0,0,0,-,-,33.93678,-118.09914,LOS ANGELES,DOWNEY,-118.09907212,33.93674506
90122702,2016,2016-02-24,9580,2016-02-12,0005,018297,NA,5,3,9,1900,0,3,5,NA,1,010,LATIGO CANYON RD,OCEAN VIEW DR,1200,S,N,A,-,N,NA,NA,NA,NA,NA,NA,NA,NA,NA,N,4,0,1,1,A,-,08,22107,NA,N,E,I,A,A,H,-,D,D,0,NA,NA,NA,NA,Y,NA,A,01,0,0,1,0,0,0,0,0,0,-,-,34.04509,-118.77462,LOS ANGELES,UNINCORPORATED,-118.77447491,34.0447948
90122704,2016,2016-02-24,9580,2016-01-16,1335,20003,NA,6,1,7,1942,0,1,1,NA,2,404,I-405 N/B (SAN DIEGO FWY),SEPULVEDA BLVD,2000,S,N,A,-,Y,NA,NA,405,NA,NA,NA,NA,NA,N,Y,4,0,6,7,A,-,01,23152,A,N,B,C,A,A,H,-,A,D,0,NA,NA,NA,Y,Y,Y,E,22,0,0,6,0,0,0,0,0,0,-,-,34.14303,-118.4712,LOS ANGELES,LOS ANGELES,-118.47132196,34.14304123
90122745,2016,2016-02-24,9590,2016-01-14,1945,021132,NA,4,2,7,1942,0,1,2,NA,2,071,US-101 S/B (HOF) TO I-110 S/B (HAF),BEAUDRY AVENUE,1000,S,N,A,-,Y,NA,NA,101,NA,NA,NA,R,NA,S,Y,4,0,1,1,A,-,01,23152,A,N,E,J,A,A,H,-,D,D,0,NA,NA,NA,NA,Y,Y,A,01,0,0,1,0,0,0,0,0,0,-,-,34.06308,-118.24962,LOS ANGELES,LOS ANGELES,-118.24962,34.06308
90122749,2016,2016-02-24,9580,2016-02-06,1800,021079,NA,6,2,7,1942,0,1,2,NA,2,105,US-101 S/B (VENTURA FREEWAY),RESEDA BLVD,1000,N,N,A,-,Y,NA,NA,101,NA,NA,NA,NA,NA,S,N,4,0,1,2,A,-,03,22350,NA,N,C,C,A,A,H,-,D,D,0,NA,NA,NA,NA,Y,NA,A,01,0,0,1,0,0,0,0,0,0,-,-,34.17328,-118.54021,LOS ANGELES,LOS ANGELES,-118.54021036,34.17325143
90122752,2016,2016-02-24,9525,2016-02-03,0800,012820,NA,3,1,4,1960,0,1,3,NA,2,572,SR-57 N/B TO AUTO CENTRE,AUTO CENTRE DR.,150,S,N,A,-,Y,NA,NA,57,NA,NA,NA,R,NA,N,N,4,0,1,3,A,-,03,22350,NA,N,C,C,A,A,H,-,A,A,0,NA,NA,NA,NA,Y,NA,A,01,0,0,1,0,0,0,0,0,0,-,-,34.11669,-117.82355,LOS ANGELES,SAN DIMAS,-117.82355,34.11669
90122763,2016,2016-02-24,9575,2016-02-17,1050,021188,NA,3,1,6,1925,0,1,3,NA,2,042,SR-134 W/B (VENTURA FREEWAY),THE COLUMBUS AVE. PED. O/C,300,W,N,A,-,Y,NA,NA,NA,NA,NA,NA,NA,NA,NA,Y,4,0,1,2,A,-,03,22350,NA,N,C,C,A,A,H,-,A,D,0,NA,NA,NA,NA,Y,NA,A,08,0,0,1,0,0,0,0,0,0,-,-,34.15653,-118.26952,LOS ANGELES,GLENDALE,NA,NA
90122769,2016,2016-02-24,9550,2016-02-18,1935,020941,NA,4,2,9,1900,0,3,5,NA,2,003,COLIMA ROAD,MANOR GATE ROAD,200,W,N,A,-,N,NA,NA,NA,NA,NA,NA,NA,NA,NA,N,4,0,3,2,A,-,03,22350,NA,F,C,C,A,A,H,-,C,D,0,NA,NA,NA,NA,Y,NA,-,99,0,0,3,0,0,0,0,0,0,-,-,33.99101,-117.93161,LOS ANGELES,UNINCORPORATED,-117.93518619,33.99084351
90122782,2016,2016-02-24,9580,2016-02-07,1515,020402,NA,7,2,9,1900,0,1,3,NA,1,270,SR-27 N/B (TOPANGA CYN. BLVD.),WOODLAND CREST DR,1000,N,N,A,-,Y,NA,NA,27,NA,NA,NA,NA,NA,N,Y,4,0,2,1,A,-,08,22107,NA,N,F,A,A,A,H,-,A,D,0,NA,NA,NA,NA,Y,NA,D,22,0,0,2,0,0,0,0,0,0,-,-,34.14448,-118.60768,LOS ANGELES,UNINCORPORATED,-118.60777649,34.14442809
90122794,2016,2016-02-24,9565,2016-02-19,1755,021002,NA,5,2,9,1900,0,1,1,NA,2,060,I-405 S/B (SAN DIEGO FWY),135TH ST.,100,S,N,A,-,Y,NA,NA,405,NA,NA,NA,NA,NA,S,Y,4,0,2,4,A,-,03,22350,NA,N,C,C,A,A,H,-,C,D,0,NA,NA,NA,NA,Y,NA,-,99,0,0,2,0,0,0,0,0,0,-,-,33.9092,-118.37052,LOS ANGELES,UNINCORPORATED,-118.37058281,33.90920079
90122800,2016,2016-02-24,9545,2016-02-11,1815,017305,NA,4,2,9,1900,0,1,3,NA,2,031,SR-14 N/B TO SIERRA HIGHWAY,ANGELES FOREST HIGHWAY,3168,N,N,A,-,Y,NA,NA,14,NA,NA,NA,R,NA,N,N,4,0,1,3,A,-,03,22350,NA,N,C,C,A,A,H,-,C,D,0,NA,NA,NA,NA,Y,NA,A,01,0,0,1,0,0,0,0,0,0,-,-,34.51305,-118.10813,LOS ANGELES,UNINCORPORATED,-118.10813,34.51305
90122811,2016,2016-02-24,9545,2016-02-11,1720,016124,NA,4,2,9,1900,0,3,5,NA,2,004,150TH ST EAST,AVENUE O,0,NA,Y,A,-,N,NA,NA,NA,NA,NA,NA,NA,NA,NA,Y,4,0,2,2,A,-,09,21802,A,N,D,C,A,A,H,-,B,A,0,NA,NA,NA,NA,Y,NA,A,01,0,0,2,0,0,0,0,0,0,-,-,34.61658,-117.86245,LOS ANGELES,UNINCORPORATED,-117.86250005,34.61654006
90122812,2016,2016-02-24,9580,2016-02-08,1025,019952,NA,1,1,7,1942,0,1,1,NA,2,405,I-405 S/B (SAN DIEGO FWY),BURBANK BLVD,1320,N,N,A,-,Y,NA,NA,405,NA,NA,NA,NA,NA,S,N,4,0,2,2,A,-,03,22350,NA,N,C,C,A,A,H,-,A,D,0,NA,NA,NA,NA,Y,NA,A,01,0,0,2,0,0,0,0,0,0,-,-,34.17718,-118.46842,LOS ANGELES,LOS ANGELES,-118.468513,34.17713887
90122858,2015,2016-02-24,9535,2015-12-29,0535,014987,NA,2,3,3,1914,0,1,1,NA,2,500,I-5 (SANTA ANA FREEWAY) N/B,TRIGGS ST,200,N,N,A,-,Y,NA,NA,5,NA,NA,NA,NA,NA,N,N,4,0,1,2,A,-,04,21703,NA,N,C,C,A,A,H,-,C,D,0,NA,NA,NA,NA,Y,NA,D,22,0,0,1,0,0,0,0,0,0,-,-,34.0091,-118.1591,LOS ANGELES,COMMERCE,-118.15894486,34.00924226
90122861,2015,2016-02-24,9590,2015-12-23,0110,019368,NA,3,3,7,1942,0,1,1,NA,2,050,I-110 N/B (HARBOR FREEWAY),92ND STREET,390,N,N,A,-,Y,NA,NA,110,NA,NA,NA,NA,NA,N,Y,4,0,2,2,A,-,03,22350,NA,N,C,C,A,A,C,-,D,D,0,NA,NA,NA,NA,Y,NA,A,07,0,0,2,0,0,0,0,0,0,-,-,33.95354,-118.2803,LOS ANGELES,LOS ANGELES,-118.28046016,33.95350774
90122865,2016,2016-02-24,9565,2016-02-20,1944,020480,NA,6,2,5,1965,0,1,3,NA,2,080,SR-1 N/B,5TH STREET,400,E,N,A,-,Y,NA,NA,NA,NA,NA,NA,NA,NA,NA,Y,3,0,2,4,A,-,03,22350,NA,N,C,C,A,A,H,-,C,D,0,NA,NA,NA,NA,Y,NA,A,01,0,2,0,0,0,0,0,0,0,-,-,34.01578,-118.48456,LOS ANGELES,SANTA MONICA,NA,NA
90122905,2016,2016-02-24,9545,2016-02-12,1755,020159,NA,5,2,6,1950,0,1,3,NA,2,021,SR-14 N/B,VISTA POINT,2500,N,N,A,-,Y,NA,NA,NA,NA,NA,NA,NA,NA,NA,N,4,0,1,3,A,-,03,22350,NA,N,C,C,A,A,H,-,B,D,0,NA,NA,NA,Y,Y,NA,G,25,0,0,1,0,0,0,0,0,0,-,-,34.53478,-118.11758,LOS ANGELES,PALMDALE,NA,NA
90122906,2015,2016-02-24,9590,2015-12-04,2250,020672,NA,5,3,7,1942,0,1,1,NA,2,051,I-110 S/B (HARBOR FREEWAY),49TH ST,200,N,N,A,-,Y,NA,NA,110,NA,NA,NA,NA,NA,S,Y,4,0,1,1,A,-,08,22107,NA,N,E,I,A,A,H,-,C,D,0,NA,NA,NA,NA,Y,NA,A,07,0,0,1,0,0,0,0,0,0,-,-,33.99936,-118.28108,LOS ANGELES,LOS ANGELES,-118.28096089,33.99937023
90122915,2016,2016-02-24,9580,2016-01-26,1020,017699,NA,2,1,7,1942,0,1,2,NA,2,103,US-101 S/B (VENTURA FREEWAY),WOODMAN AVE,1320,N,N,A,-,Y,NA,NA,101,NA,NA,NA,NA,NA,S,Y,4,0,2,3,A,-,03,22350,NA,N,C,C,A,A,H,-,A,D,0,NA,NA,NA,NA,Y,NA,A,01,0,0,2,0,0,0,0,0,0,-,-,34.15547,-118.43805,LOS ANGELES,LOS ANGELES,-118.43804963,34.15555805
90122919,2016,2016-02-24,9590,2016-01-07,0410,021132,NA,4,3,7,1942,0,1,2,NA,2,072,US-101 NORTHBOUND (HOLLYWOOD FREEWAY),MELROSE AVENE,1000,N,N,B,C,Y,NA,NA,101,NA,NA,NA,NA,NA,N,Y,3,0,1,2,A,-,03,22350,NA,N,B,C,A,B,H,-,C,D,0,NA,NA,NA,NA,Y,NA,A,01,0,1,0,0,0,0,0,0,0,-,-,34.08395,-118.29912,LOS ANGELES,LOS ANGELES,-118.29910745,34.08396887
90122922,2016,2016-02-24,9545,2016-02-12,1250,018097,NA,5,1,9,1900,0,1,3,NA,2,031,SR-14 S/B TO SIERRA HIGHWAY,VINCENT SUMMIT,575,S,N,A,-,Y,NA,NA,14,NA,NA,NA,R,NA,S,Y,3,0,1,1,A,-,03,22350,NA,N,E,I,A,A,H,-,A,D,0,NA,NA,Y,NA,Y,NA,C,02,0,1,0,0,0,0,0,0,1,-,-,34.5094,-118.11249,LOS ANGELES,UNINCORPORATED,-118.11249,34.5094
90122924,2016,2016-02-24,9535,2016-02-03,0633,018281,NA,3,1,9,1900,0,2,4,NA,2,022,OLYMPIC BLVD,ATLANTIC BLVD,0,NA,Y,A,-,N,NA,NA,NA,NA,NA,NA,NA,NA,NA,N,4,0,1,2,A,-,09,21801,A,N,D,C,A,A,H,-,A,A,0,NA,NA,NA,NA,Y,NA,A,01,0,0,1,0,0,0,0,0,0,-,-,34.01631,-118.15853,LOS ANGELES,UNINCORPORATED,-118.15854004,34.01630001
90122939,2016,2016-02-24,9565,2016-02-21,1715,019460,NA,7,2,7,1942,0,1,1,NA,2,064,I-405 S/B (SAN DIEGO FREEWAY),BEL AIR CREST RD,500,S,N,A,-,Y,NA,NA,405,NA,NA,NA,NA,NA,S,N,4,0,5,3,A,-,03,22350,NA,N,C,C,A,A,H,-,B,D,0,NA,NA,NA,NA,Y,NA,A,01,0,0,5,0,0,0,0,0,0,-,-,34.1096,-118.4811,LOS ANGELES,LOS ANGELES,-118.48118081,34.10954048
90122940,2016,2016-02-24,9590,2016-01-07,2223,020672,NA,4,3,7,1942,0,1,1,NA,2,082,I-5 N/B (GOLDEN STATE FREEWAY),LACY STREET,100,N,N,A,-,Y,NA,NA,5,NA,NA,NA,NA,NA,N,Y,4,0,2,4,A,-,03,22350,NA,N,C,C,A,A,H,-,C,D,0,NA,NA,NA,NA,Y,NA,A,01,0,0,2,0,0,0,0,0,0,-,-,34.07894,-118.22005,LOS ANGELES,LOS ANGELES,-118.22005856,34.07893406
90122946,2016,2016-02-24,9545,2016-02-12,1824,020655,NA,5,2,9,1900,0,3,5,NA,2,002,AVENUE S,SIERRA HWY,0,NA,Y,A,-,N,NA,NA,NA,NA,NA,NA,NA,NA,NA,N,4,0,7,3,A,-,03,22350,NA,N,C,C,A,A,H,-,B,A,0,NA,NA,NA,NA,Y,NA,A,07,0,0,7,0,0,0,0,0,0,-,-,34.55801,-118.11464,LOS ANGELES,UNINCORPORATED,-118.11419006,34.55806001
90122947,2016,2016-02-24,9530,2016-02-14,0135,021007,NA,7,3,9,1900,0,3,5,NA,2,002,MAIN ST.,EL SEGUNDO BLVD.,0,NA,Y,A,-,N,NA,NA,NA,NA,NA,NA,NA,NA,NA,Y,3,0,2,2,A,-,09,21801,A,N,D,C,A,A,H,-,C,A,0,NA,NA,NA,NA,Y,Y,A,01,0,1,1,0,0,0,0,0,0,-,-,33.9164,-118.2739,LOS ANGELES,UNINCORPORATED,-118.41595012,33.9163701
90122951,2016,2016-02-24,9530,2016-02-11,0535,020624,NA,4,3,7,1941,0,1,1,NA,2,071,I-710 S/B (LONG BEACH FREEWAY),ATLANTIC AVE.,10,S,N,A,-,Y,NA,NA,NA,NA,NA,NA,NA,NA,NA,N,4,0,1,1,A,-,08,22107,NA,N,E,I,A,A,H,-,B,D,0,NA,NA,NA,NA,Y,NA,A,01,0,0,1,0,0,0,0,0,0,-,-,33.88479,-118.1909,LOS ANGELES,LONG BEACH,-118.19083143,33.88484429
90122966,2016,2016-02-24,9580,2016-01-31,0409,020828,NA,7,3,3,1994,0,1,2,NA,2,109,US-101 S/B (VENTURA FREEWAY),PALO COMADO CANYON RD,200,N,N,B,-,Y,NA,NA,101,NA,NA,NA,NA,NA,S,Y,3,0,5,2,A,-,01,23152,A,N,D,C,A,A,H,-,C,D,0,NA,NA,NA,NA,Y,Y,A,01,0,5,0,0,0,0,0,0,0,-,-,34.14341,-118.74642,LOS ANGELES,AGOURA HILLS,-118.74641532,34.14343502
90122969,2016,2016-02-24,9590,2016-02-08,0600,021222,NA,1,1,7,1942,0,1,1,NA,2,053,US-110 S/B (HBF),TEMPLE STREET,600,S,N,A,-,Y,NA,NA,110,NA,NA,NA,NA,NA,S,Y,4,0,2,3,A,-,03,22350,NA,N,C,C,A,A,H,-,B,D,0,NA,NA,NA,NA,Y,NA,I,09,0,0,2,0,0,0,0,0,0,-,-,34.06015,-118.25148,LOS ANGELES,LOS ANGELES,-118.25161156,34.06031098
90122972,2016,2016-02-24,9535,2016-01-16,1208,017416,NA,6,1,5,1906,0,1,1,NA,2,650,I-605 N/B (SAN GABRIEL FWY),I-10 (SAN BERNARDINO FREEWAY) E/B,400,S,N,A,-,Y,NA,NA,605,NA,NA,NA,NA,NA,N,Y,4,0,1,2,A,-,03,22350,NA,N,C,C,A,A,H,-,A,D,0,NA,NA,NA,NA,Y,NA,A,01,0,0,1,0,0,0,0,0,0,-,-,34.06456,-118.0001,LOS ANGELES,BALDWIN PARK,-118.00004763,34.06455751