CASE_ID,ACCIDENT_YEAR,PROC_DATE,JURIS,COLLISION_DATE,COLLISION_TIME,OFFICER_ID,REPORTING_DISTRICT,DAY_OF_WEEK,CHP_SHIFT,POPULATION,CNTY_CITY_LOC,SPECIAL_COND,BEAT_TYPE,CHP_BEAT_TYPE,CITY_DIVISION_LAPD,CHP_BEAT_CLASS,BEAT_NUMBER,PRIMARY_RD,SECONDARY_RD,DISTANCE,DIRECTION,INTERSECTION,WEATHER_1,WEATHER_2,STATE_HWY_IND,CALTRANS_COUNTY,CALTRANS_DISTRICT,STATE_ROUTE,ROUTE_SUFFIX,POSTMILE_PREFIX,POSTMILE,LOCATION_TYPE,RAMP_INTERSECTION,SIDE_OF_HWY,TOW_AWAY,COLLISION_SEVERITY,NUMBER_KILLED,NUMBER_INJURED,PARTY_COUNT,PRIMARY_COLL_FACTOR,PCF_CODE_OF_VIOL,PCF_VIOL_CATEGORY,PCF_VIOLATION,PCF_VIOL_SUBSECTION,HIT_AND_RUN,TYPE_OF_COLLISION,MVIW,PED_ACTION,ROAD_SURFACE,ROAD_COND_1,ROAD_COND_2,LIGHTING,CONTROL_DEVICE,CHP_ROAD_TYPE,PEDESTRIAN_ACCIDENT,BICYCLE_ACCIDENT,MOTORCYCLE_ACCIDENT,TRUCK_ACCIDENT,NOT_PRIVATE_PROPERTY,ALCOHOL_INVOLVED,STWD_VEHTYPE_AT_FAULT,CHP_VEHTYPE_AT_FAULT,COUNT_SEVERE_INJ,COUNT_VISIBLE_INJ,COUNT_COMPLAINT_PAIN,COUNT_PED_KILLED,COUNT_PED_INJURED,COUNT_BICYCLIST_KILLED,COUNT_BICYCLIST_INJURED,COUNT_MC_KILLED,COUNT_MC_INJURED,PRIMARY_RAMP,SECONDARY_RAMP,LATITUDE,LONGITUDE,COUNTY,CITY,POINT_X,POINT_Y
90128710,2016,2016-03-03,9550,2016-02-27,1600,021110,NA,6,2,6,1949,0,1,1,NA,2,651,INTERSTATE 605 NB,FIRESTONE BOULEVARD,1000,S,N,A,-,Y,NA,NA,605,NA,NA,NA,NA,NA,N,Y,4,0,5,3,A,-,03,22350,NA,N,C,C,A,A,H,-,A,D,0,NA,NA,NA,NA,Y,NA,A,07,0,0,5,0,0,0,0,0,0,-,-,33.92334,-118.10422,LOS ANGELES,NORWALK,-118.10418592,33.92333608
90128735,2016,2016-03-03,9535,2016-02-20,1050,017595,NA,6,1,9,1900,0,1,1,NA,2,070,N/B I-710 TO SR-60,SR-60,500,S,N,A,-,Y,NA,NA,710,NA,NA,NA,R,NA,NA,Y,4,0,2,3,A,-,03,22350,NA,N,C,C,A,A,H,-,A,D,0,NA,NA,NA,NA,Y,NA,A,01,0,0,2,0,0,0,0,0,0,-,-,34.03277,-118.16958,LOS ANGELES,UNINCORPORATED,-118.16958,34.03277
90128737,2016,2016-03-03,9590,2016-01-21,0745,020773,NA,4,1,7,1942,0,1,2,NA,2,070,US-101 N/B (HOLLYWOOD FREEWAY),EDGEWARE ROAD,200,N,N,A,-,Y,NA,NA,101,NA,NA,NA,NA,NA,N,N,4,0,1,2,A,-,03,22350,NA,N,C,C,A,A,H,-,A,D,0,NA,NA,NA,NA,Y,NA,D,22,0,0,1,0,0,0,0,0,0,-,-,34.0676,-118.25521,LOS ANGELES,LOS ANGELES,-118.25521862,34.06758286
90128822,2016,2016-03-03,9550,2016-02-28,1640,021123,NA,7,2,5,1919,0,1,3,NA,2,091,SR-91E/B TO I-605 N/B,INTERSTATE 605,110,W,N,A,-,Y,NA,NA,91,NA,NA,NA,R,NA,NA,Y,3,0,1,1,A,-,03,22350,NA,N,F,I,A,A,H,-,A,D,0,NA,NA,NA,Y,Y,NA,G,25,0,1,0,0,0,0,0,0,0,-,-,33.87455,-118.10203,LOS ANGELES,CERRITOS,-118.10203,33.87455
90128835,2015,2016-03-03,9535,2015-12-25,1505,020943,NA,5,2,5,1901,0,1,1,NA,2,420,I-10 (SAN BERNARDINO FREEWAY) E/B,NEW AVE.,500,W,N,B,-,Y,NA,NA,10,NA,NA,NA,NA,NA,E,N,4,0,1,3,A,-,03,22350,NA,N,C,C,A,A,H,-,A,D,0,NA,NA,NA,NA,Y,NA,A,07,0,0,1,0,0,0,0,0,0,-,-,34.07167,-118.11136,LOS ANGELES,ALHAMBRA,-118.11135978,34.071637870000004
90128836,2016,2016-03-03,9575,2016-02-24,2005,020172,NA,3,2,6,1925,0,1,3,NA,2,090,SR-2 W/B (GLENDALE FREEWAY),MOUNTAIN ST.,800,W,N,A,-,Y,NA,NA,2,NA,NA,NA,NA,NA,W,Y,4,0,1,2,A,-,21,22106,NA,N,C,C,A,A,H,-,C,D,0,NA,NA,NA,Y,Y,NA,F,55,0,0,1,0,0,0,0,0,0,-,-,34.16105,-118.22579,LOS ANGELES,GLENDALE,-118.22575643,34.16105008
90128845,2015,2016-03-03,9535,2015-12-22,1945,017722,NA,2,2,9,1900,0,1,3,NA,2,620,SR-60 E/B (POMONA FWY.),RIO HONDO RIVER,100,E,N,B,C,Y,NA,NA,60,NA,NA,NA,NA,NA,E,Y,4,0,1,2,A,-,03,22350,NA,N,C,C,A,B,H,-,C,D,0,NA,NA,NA,NA,Y,NA,A,08,0,0,1,0,0,0,0,0,0,-,-,34.04117,-118.07143,LOS ANGELES,UNINCORPORATED,-118.07142911,34.04114313
90128887,2016,2016-03-03,9525,2016-02-20,0353,020719,NA,6,3,4,1938,0,1,1,NA,2,209,SR-210 W/B (FOOTHILL FREEWAY),FRUIT ST.,1584,E,N,A,-,Y,NA,NA,210,NA,NA,NA,NA,NA,W,Y,3,0,1,1,A,-,08,22107,NA,N,E,I,A,A,H,-,D,D,0,NA,NA,NA,NA,Y,NA,A,01,0,1,0,0,0,0,0,0,0,-,-,34.11973,-117.75517,LOS ANGELES,LA VERNE,-117.7551713,34.1196683
90128891,2016,2016-03-03,9525,2016-02-20,1800,019632,NA,6,2,6,1955,0,1,3,NA,2,606,SR-60 E/B (POMONA FREEWAY),PHILLIPS RANCH ROAD,200,E,N,A,-,Y,NA,NA,60,NA,NA,NA,NA,NA,E,Y,3,0,1,2,A,-,07,21658,A,N,B,C,A,A,H,-,A,D,0,NA,NA,Y,NA,Y,NA,A,01,0,1,0,0,0,0,0,0,1,-,-,34.02352,-117.77007,LOS ANGELES,POMONA,-117.77005294,34.02365875
90128893,2016,2016-03-03,9575,2016-02-23,0805,021188,NA,2,1,6,1925,0,1,3,NA,2,042,SR-134 W/B (VENTURA FREEWAY),DORAN ST. PEDESTRIAN O/C,500,E,N,A,-,Y,NA,NA,NA,NA,NA,NA,NA,NA,NA,Y,3,0,1,5,A,-,03,22350,NA,N,C,C,A,A,H,-,A,D,0,NA,NA,NA,NA,Y,NA,A,08,0,1,0,0,0,0,0,0,0,-,-,34.1506,-118.2374,LOS ANGELES,GLENDALE,NA,NA
90128936,2015,2016-03-10,9550,2015-12-12,1450,020533,NA,6,2,9,1900,0,3,5,NA,2,005,HARBOR BLVD,VANTAGE POINT DR,105,N,N,A,-,N,NA,NA,NA,NA,NA,NA,NA,NA,NA,N,4,0,1,2,A,-,03,22350,NA,F,C,C,A,A,H,-,A,D,0,NA,NA,NA,NA,Y,NA,A,07,0,0,1,0,0,0,0,0,0,-,-,33.96002,-117.91691,LOS ANGELES,UNINCORPORATED,-117.91700905,33.95994537
90128955,2016,2016-03-03,9550,2016-02-26,1440,021185,NA,5,2,9,1900,0,3,5,NA,2,003,LOS ROBLES AVENUE,9TH AVENUE,0,NA,Y,A,-,N,NA,NA,NA,NA,NA,NA,NA,NA,NA,N,4,0,1,2,A,-,09,21800,A,N,D,C,A,A,H,-,A,A,0,NA,NA,NA,NA,Y,NA,A,07,0,0,1,0,0,0,0,0,0,-,-,34.00965,-117.98405,LOS ANGELES,UNINCORPORATED,-117.98387002,34.00983007
90128958,2016,2016-03-03,9535,2016-02-01,1330,014473,9535,1,1,9,1900,0,1,1,NA,2,650,I-605 N/B,SAN JOSE BRIDGE U/C,1400,N,N,A,-,Y,NA,NA,605,NA,NA,NA,NA,NA,N,N,4,0,1,2,A,-,03,22350,NA,N,C,C,A,A,H,-,A,D,0,NA,NA,NA,NA,Y,NA,A,08,0,0,1,0,0,0,0,0,0,-,-,34.04046,-118.01573,LOS ANGELES,UNINCORPORATED,-118.01576788,34.04056286
90128999,2016,2016-03-03,9565,2016-02-26,0905,014393,NA,5,1,9,1900,0,3,5,NA,2,003,STOCKER STREET,LA CIENEGA BOULEVARD,400,E,N,A,-,N,NA,NA,NA,NA,NA,NA,NA,NA,NA,Y,4,0,2,2,A,-,03,22350,NA,N,C,C,A,A,H,-,A,D,0,NA,NA,NA,NA,Y,NA,A,01,0,0,2,0,0,0,0,0,0,-,-,33.9986,-118.36738,LOS ANGELES,UNINCORPORATED,-118.36833354,33.99837417
90129010,2016,2016-03-03,9575,2016-02-10,0750,021188,NA,3,1,7,1942,0,1,3,NA,2,043,SR-134 E/B (VENTURA FREEWAY),RIVERSIDE DR. U/C,1455,E,N,A,-,Y,NA,NA,134,NA,NA,NA,NA,NA,E,Y,4,0,2,3,A,-,03,22350,NA,N,C,C,A,A,H,-,A,D,0,NA,NA,NA,NA,Y,NA,D,22,0,0,2,0,0,0,0,0,0,-,-,34.15437,-118.32179,LOS ANGELES,LOS ANGELES,-118.32180817,34.15446015
90129019,2016,2016-03-03,9525,2016-02-21,0515,020907,NA,7,3,5,1990,0,1,3,NA,2,573,SR-57 S/B (ORANGE FREEWAY),BREA CANYON RD.,4500,S,N,A,-,Y,NA,NA,NA,NA,NA,NA,NA,NA,NA,Y,3,0,1,1,A,-,08,22107,NA,N,E,I,A,A,H,-,D,D,0,NA,NA,NA,NA,Y,NA,A,01,0,1,0,0,0,0,0,0,0,-,-,33.94932,-117.86594,LOS ANGELES,DIAMOND BAR,-117.86783777,33.94686643
90129020,2016,2016-03-03,9580,2016-02-15,1130,015952,NA,1,1,7,1942,0,1,1,NA,2,407,I-405 S/B (SAN DIEGO FWY),LASSEN ST,15,S,N,A,-,Y,NA,NA,405,NA,NA,NA,NA,NA,S,Y,3,0,3,6,A,-,07,21658,A,N,B,C,A,A,H,-,A,D,0,NA,NA,NA,NA,Y,NA,A,01,0,1,2,0,0,0,0,0,0,-,-,34.25287,-118.47233,LOS ANGELES,LOS ANGELES,-118.47240565,34.25287073
90129028,2016,2016-03-03,9575,2016-02-25,1805,020711,NA,4,2,7,1942,0,1,1,NA,2,050,I-5 N/B (GOLDEN STATE FREEWAY),ZOO DRIVE,1200,S,N,A,-,Y,NA,NA,5,NA,NA,NA,NA,NA,N,Y,4,0,2,2,A,-,03,22350,NA,N,C,C,A,A,H,-,C,D,0,NA,NA,NA,NA,Y,NA,A,01,0,0,2,0,0,0,0,0,0,-,-,34.14681,-118.27893,LOS ANGELES,LOS ANGELES,-118.27896806,34.14679949
90129040,2016,2016-03-03,9525,2016-03-02,1910,015980,NA,3,2,5,1990,0,1,3,NA,2,574,SR-57 N/B (ORANGE FREEWAY),DIAMOND BAR BL,2640,S,N,A,-,Y,NA,NA,57,NA,NA,NA,NA,NA,N,N,4,0,2,2,A,-,03,22350,NA,N,C,C,A,A,H,-,C,D,0,NA,NA,NA,NA,Y,NA,A,07,0,0,2,0,0,0,0,0,0,-,-,33.96431,-117.85169,LOS ANGELES,DIAMOND BAR,-117.85160014,33.96425116
90129046,2016,2016-03-03,9590,2016-01-24,1920,020443,NA,7,2,7,1942,0,1,1,NA,2,011,SR-110 S/B (ASP),STADIUM WAY,350,S,N,A,-,Y,NA,NA,110,NA,NA,NA,NA,NA,S,N,4,0,1,1,A,-,08,22107,NA,N,F,A,A,A,H,-,C,D,0,NA,NA,Y,NA,Y,NA,C,02,0,0,1,0,0,0,0,0,1,-,-,34.07045,-118.2358,LOS ANGELES,LOS ANGELES,-118.23584856,34.07047245
9012905,2019,2020-09-08,1942,2019-12-14,1630,37146,1205,6,5,7,1942,0,0,0,L,0,25T23,51ST ST,NORMANDIE AV,192,W,N,A,-,N,NA,NA,NA,NA,NA,NA,NA,NA,NA,N,3,0,3,2,A,-,03,22350,NA,N,C,C,A,A,H,-,A,D,0,NA,NA,NA,NA,Y,NA,J,48,0,2,1,0,0,0,0,0,0,-,-,NA,NA,LOS ANGELES,LOS ANGELES,-118.3008041381836,33.99686813354492
90129062,2016,2016-03-03,9580,2016-02-18,0655,017699,NA,4,1,7,1942,0,1,2,NA,2,102,US-101 N/B TO WHITE OAK AVE.,WHITE OAK AVE,50,S,N,B,C,Y,NA,NA,101,NA,NA,NA,R,NA,N,Y,4,0,1,2,A,-,03,22350,NA,M,C,C,A,B,H,-,A,D,0,NA,NA,NA,NA,Y,NA,-,99,0,0,1,0,0,0,0,0,0,-,-,34.17203,-118.51834,LOS ANGELES,LOS ANGELES,-118.51834,34.17203
90129108,2016,2016-03-03,9525,2016-02-17,0745,012772,NA,3,1,5,1906,0,1,1,NA,2,104,I-10 E/B (SAN BERNARDINO FREEWAY),BALDWIN PARK BLVD,500,W,N,A,-,Y,NA,NA,10,NA,NA,NA,NA,NA,E,Y,4,0,2,2,A,-,08,22107,NA,N,E,I,A,A,H,-,A,D,0,NA,NA,NA,NA,Y,NA,A,01,0,0,2,0,0,0,0,0,0,-,-,34.06685,-117.98535,LOS ANGELES,BALDWIN PARK,-117.98536931,34.06699194
90129118,2016,2016-03-03,9525,2016-02-19,1330,012772,NA,5,1,6,1975,0,1,1,NA,2,104,I-10 E/B (SAN BERNARDINO FREEWAY),WEST COVINA PARKWAY,300,W,N,A,-,Y,NA,NA,10,NA,NA,NA,NA,NA,E,N,4,0,1,3,A,-,08,22107,NA,N,F,C,A,A,H,-,A,D,0,NA,NA,Y,NA,Y,NA,C,02,0,0,1,0,0,0,0,0,1,-,-,34.07113,-117.95184,LOS ANGELES,WEST COVINA,-117.95184207,34.07115004
90129132,2016,2016-10-17,9525,2016-02-19,1350,021138,NA,5,1,5,1990,0,1,3,NA,2,601,SR-60 W/B (POMONA FREEWAY),GRAND AVE,1500,W,N,A,-,Y,NA,NA,60,NA,NA,NA,NA,NA,W,Y,4,0,1,2,A,-,07,21658,A,N,B,C,A,A,H,-,A,D,0,NA,NA,NA,Y,Y,NA,G,25,0,0,1,0,0,0,0,0,0,-,-,34.00715,-117.82692,LOS ANGELES,DIAMOND BAR,-117.82679231,34.00700457
90129157,2016,2016-03-03,9525,2016-02-21,1810,019495,NA,7,2,5,1906,0,1,1,NA,2,103,I-10 W/B (SAN BERNARDINO FREEWAY),BALDWIN PARK BLVD,528,W,N,A,-,Y,NA,NA,10,NA,NA,NA,NA,NA,W,N,4,0,2,3,A,-,03,22350,NA,N,C,C,A,A,H,-,C,D,0,NA,NA,NA,NA,Y,NA,A,01,0,0,2,0,0,0,0,0,0,-,-,34.06771,-117.98273,LOS ANGELES,BALDWIN PARK,-117.98270375,34.06749241
9012917,2019,2020-02-20,1900,2019-12-04,1020,6122439,0664,3,5,6,1985,0,0,0,NA,0,62T1,THE OLD RD,STEVENSON RANCH PKWY,0,NA,Y,C,-,N,NA,NA,NA,NA,NA,NA,NA,NA,NA,Y,4,0,1,2,A,-,09,21806,A,N,D,C,A,B,H,-,A,A,0,NA,NA,NA,NA,Y,NA,D,22,0,0,1,0,0,0,0,0,0,-,-,NA,NA,LOS ANGELES,SANTA CLARITA,-118.57459259033205,34.39345932006836
90129175,2016,2016-03-03,9565,2016-03-03,0758,021171,NA,4,1,7,1942,0,1,1,NA,2,060,I-405 S/B,I-105,900,N,N,A,-,Y,NA,NA,NA,NA,NA,NA,NA,NA,NA,N,4,0,1,2,A,-,03,22350,NA,N,C,C,A,A,H,-,A,D,0,NA,NA,NA,NA,Y,NA,A,01,0,0,1,0,0,0,0,0,0,-,-,33.5619,-118.22066,LOS ANGELES,LOS ANGELES,-118.3685,33.931
90129205,2016,2016-03-03,9580,2016-01-27,1020,017228,NA,3,1,7,1942,0,1,2,NA,2,102,US-101 N/B (VENTURA FREEWAY),HAYVENHURST AVENUE,200,N,N,A,-,Y,NA,NA,101,NA,NA,NA,NA,NA,N,Y,4,0,1,2,A,-,08,22107,NA,N,B,C,A,A,H,-,A,D,0,NA,NA,NA,Y,Y,NA,A,01,0,0,1,0,0,0,0,0,0,-,-,34.1661,-118.49375,LOS ANGELES,LOS ANGELES,-118.4937725,34.16605375
90129206,2016,2016-03-03,9525,2016-02-22,0619,019379,NA,1,1,5,1990,0,1,3,NA,2,603,SR-60 W/B (POMONA FREEWAY),GOLDEN SPRINGS DR.,1050,W,N,A,-,Y,NA,NA,60,NA,NA,NA,NA,NA,W,Y,4,0,1,2,A,-,03,22350,NA,N,C,C,A,A,H,-,B,D,0,NA,NA,Y,NA,Y,NA,C,02,0,0,1,0,0,0,0,0,1,-,-,34.02769,-117.79972,LOS ANGELES,DIAMOND BAR,-117.79969571,34.02757708
90129210,2016,2016-03-04,9550,2016-02-27,1440,021185,NA,6,2,6,1949,0,1,1,NA,2,651,INTERSTATE 605 NORTHBOUND,IMPERIAL HIGHWAY,2000,S,N,A,-,Y,NA,NA,605,NA,NA,NA,NA,NA,N,Y,4,0,1,2,A,-,03,22350,NA,N,C,C,A,A,H,-,A,D,0,NA,NA,NA,NA,Y,NA,A,01,0,0,1,0,0,0,0,0,0,-,-,33.9114,-118.10487,LOS ANGELES,NORWALK,-118.10479476,33.91139694
90129212,2016,2016-03-03,9525,2016-02-22,1000,019264,NA,1,1,5,1926,0,1,1,NA,2,205,I-210 W/B (FOOTHILL FREEWAY),GRAND AVE,1000,E,N,A,-,Y,NA,NA,210,NA,NA,NA,NA,NA,W,Y,4,0,1,2,A,-,03,22350,NA,N,C,C,A,A,H,-,A,D,0,NA,NA,NA,NA,Y,NA,A,01,0,0,1,0,0,0,0,0,0,-,-,34.1183,-117.86479,LOS ANGELES,GLENDORA,-117.86482783,34.11822831
90129231,2016,2016-03-04,9525,2016-03-02,1431,016677,NA,3,2,5,1990,0,1,3,NA,2,574,SR-57 N/B (ORANGE FREEWAY),PATHFINDER RD,10,N,N,B,-,Y,NA,NA,57,NA,NA,NA,NA,NA,N,N,4,0,1,3,A,-,21,22106,NA,N,C,C,A,A,H,-,A,D,0,NA,NA,NA,NA,Y,NA,A,01,0,0,1,0,0,0,0,0,0,-,-,33.9841,-117.84252,LOS ANGELES,DIAMOND BAR,-117.84260757,33.98407788
90129239,2016,2016-03-28,9525,2016-02-14,1150,021097,NA,7,1,9,1900,0,3,5,NA,2,003,FRANCISQUITO AVE (BLOCK #15600),HACIENDA BLVD,50,E,N,A,-,N,NA,NA,NA,NA,NA,NA,NA,NA,NA,Y,3,0,1,4,A,-,01,23152,A,M,A,C,A,A,H,-,A,A,0,NA,NA,NA,NA,Y,Y,D,22,0,1,0,0,0,0,0,0,0,-,-,34.05059,-117.94373,LOS ANGELES,UNINCORPORATED,-117.94633766,34.04817824
90129242,2016,2016-03-04,9550,2016-02-29,1235,021102,NA,1,1,6,1949,0,1,1,NA,2,501,I-5 S/B,ROSECRANS AVENUE,100,N,N,A,-,Y,NA,NA,5,NA,NA,NA,NA,NA,S,N,4,0,1,2,A,-,03,22350,NA,N,C,C,A,A,H,-,A,D,0,NA,NA,NA,Y,Y,NA,G,25,0,0,1,0,0,0,0,0,0,-,-,33.90238,-118.06204,LOS ANGELES,NORWALK,-118.06199932,33.90243841
90129245,2015,2016-03-04,9535,2015-12-24,2030,021052,NA,4,2,9,1900,0,2,4,NA,2,018,3RD ST. (4500 BLOCK),MCDONNELL AVE.,18,W,N,A,-,N,NA,NA,NA,NA,NA,NA,NA,NA,NA,N,4,0,1,2,A,-,10,21950,A,M,G,B,B,A,H,-,C,A,0,Y,NA,NA,NA,Y,NA,A,01,0,0,1,0,1,0,0,0,0,-,-,34.03318,-118.1672,LOS ANGELES,UNINCORPORATED,-118.16704929,34.03341
90129254,2016,2016-03-04,9590,2016-01-23,2024,020788,NA,6,2,7,1942,0,1,1,NA,2,050,I-110 S/B (HARBOR FREEWAY),GAGE AVENUE,150,S,N,A,-,Y,NA,NA,110,NA,NA,NA,NA,NA,S,N,4,0,1,2,A,-,03,22350,NA,N,C,C,A,A,H,-,C,D,0,NA,NA,NA,NA,Y,NA,D,22,0,0,1,0,0,0,0,0,0,-,-,33.98176,-118.28059,LOS ANGELES,LOS ANGELES,-118.28081123,33.98178253
90129255,2016,2016-03-04,9590,2016-01-21,1415,020773,NA,4,2,7,1942,0,1,1,NA,2,021,I-10 W/B (SAN BERNARDINO FREEWAY),MISSION RD.,300,E,N,A,-,Y,NA,NA,10,NA,NA,NA,NA,NA,W,N,4,0,1,2,A,-,03,22350,NA,F,C,C,A,A,H,-,A,D,0,NA,NA,NA,NA,Y,NA,-,99,0,0,1,0,0,0,0,0,0,-,-,34.05258,-118.22532,LOS ANGELES,LOS ANGELES,-118.22454504,34.05266482
90129256,2016,2016-03-04,9575,2016-02-20,1342,020702,NA,6,1,6,1925,0,1,1,NA,2,050,I-5 N/B (GOLDEN STATE FREEWAY),WESTERN AVE.,2000,S,N,A,-,Y,NA,NA,5,NA,NA,NA,NA,NA,N,Y,2,0,1,3,A,-,08,22107,NA,N,B,C,A,A,H,-,A,D,0,NA,NA,Y,NA,Y,Y,C,02,1,0,0,0,0,0,0,0,1,-,-,34.15922,-118.29191,LOS ANGELES,GLENDALE,-118.29193483,34.1592054
90129257,2016,2016-03-04,9590,2016-01-22,1900,020672,NA,5,2,7,1942,0,1,1,NA,2,085,I-5 S/B (GOLDEN STATE FREEWAY),LOS FELIZ BLVD.,400,N,N,A,-,Y,NA,NA,NA,NA,NA,NA,NA,NA,NA,N,4,0,1,2,A,-,03,22350,NA,N,C,C,A,A,H,-,C,D,0,NA,NA,NA,NA,Y,NA,A,08,0,0,1,0,0,0,0,0,0,-,-,34.01332,-118.27546,LOS ANGELES,LOS ANGELES,-118.27173903,34.12134823
90129266,2016,2016-03-04,9565,2016-03-03,1830,020556,NA,4,2,7,1942,0,1,1,NA,2,062,I-405 N/B (SAN DIEGO FREEWAY),NATIONAL BLVD,1500,S,N,A,-,Y,NA,NA,405,NA,NA,NA,NA,NA,N,N,4,0,1,4,A,-,03,22350,NA,N,C,C,A,A,H,-,C,D,0,NA,NA,NA,NA,Y,NA,A,07,0,0,1,0,0,0,0,0,0,-,-,34.02337,-118.42698,LOS ANGELES,LOS ANGELES,-118.42709073,34.02328241
90129281,2016,2016-03-04,9540,2016-02-24,0855,018208,NA,3,1,7,1942,0,1,1,NA,1,502,I-5 N/B (GOLDEN STATE FREEWAY),SIERRA HIGHWAY,50,S,N,A,-,Y,NA,NA,5,NA,NA,NA,NA,NA,N,Y,4,0,1,4,A,-,08,22107,NA,N,C,C,A,A,H,-,A,D,0,NA,NA,NA,NA,Y,NA,A,07,0,0,1,0,0,0,0,0,0,-,-,34.33175,-118.50645,LOS ANGELES,LOS ANGELES,-118.50677845,34.33160047
90129284,2016,2016-03-04,9540,2016-02-29,1355,019444,NA,1,1,6,1985,0,1,1,NA,2,506,I-5 N/B (GSF),MCBEAN PARKWAY,700,S,N,A,-,Y,NA,NA,5,NA,NA,NA,NA,NA,N,Y,3,0,1,2,A,-,03,22350,NA,N,F,A,A,A,H,-,A,D,0,NA,NA,Y,NA,Y,NA,C,02,0,1,0,0,0,0,0,0,1,-,-,34.39162,-118.57039,LOS ANGELES,SANTA CLARITA,-118.57047606,34.39159997
90129303,2016,2016-03-04,9540,2016-02-28,1640,019853,NA,7,2,9,1900,0,3,5,NA,2,400,ORWIN WAY,PYRAMID LAKE RD,472,W,N,A,-,Y,NA,NA,NA,NA,NA,NA,NA,NA,NA,Y,3,0,1,1,A,-,03,22350,NA,N,E,I,A,A,B,-,A,D,0,NA,NA,NA,NA,Y,NA,D,22,0,1,0,0,0,0,0,0,0,-,-,34.71401,-118.80056,LOS ANGELES,UNINCORPORATED,NA,NA
90129306,2016,2016-03-04,9580,2016-02-17,2230,020619,NA,3,3,7,1942,0,1,1,NA,2,406,I-405 N/B FROM DEVONSHIRE ST E/B,DEVONSHIRE ST,15,S,N,B,-,Y,NA,NA,405,NA,NA,NA,R,NA,N,N,3,0,1,1,A,-,08,22107,NA,M,E,I,A,B,H,-,C,D,0,NA,NA,NA,NA,Y,Y,A,07,0,1,0,0,0,0,0,0,0,-,-,34.25721,-118.47159,LOS ANGELES,LOS ANGELES,-118.47159,34.25721
90129315,2016,2016-03-04,9580,2016-02-17,0910,017228,NA,3,1,7,1942,0,1,3,NA,2,171,SR-170 S/B (HOLLYWOOD FWY.),VICTORY BOULEVARD,950,N,N,A,-,Y,NA,NA,170,NA,NA,NA,NA,NA,S,Y,3,0,3,3,A,-,03,22350,NA,N,C,C,A,A,H,-,A,D,0,NA,NA,NA,NA,Y,NA,A,01,0,1,2,0,0,0,0,0,0,-,-,34.19066,-118.40227,LOS ANGELES,LOS ANGELES,-118.40214499,34.19067652
90129327,2016,2016-03-04,9580,2016-02-18,0635,017228,NA,4,1,7,1942,0,1,3,NA,2,170,SR-170 N/B (HOLLYWOOD FWY.),BURBANK BOULEVARD,900,S,N,B,C,Y,NA,NA,170,NA,NA,NA,NA,NA,N,Y,4,0,1,2,A,-,08,22107,NA,N,B,C,A,B,H,-,B,D,0,NA,NA,NA,NA,Y,NA,A,01,0,0,1,0,0,0,0,0,0,-,-,34.16985,-118.38551,LOS ANGELES,LOS ANGELES,-118.38549782,34.16986515
9012933,2019,2020-02-10,1900,2019-12-13,1505,517022,0454,5,5,6,1949,0,0,0,NA,0,43T1PM,BLOOMFIELD AV,MARKDALE AV,89,S,N,A,-,N,NA,NA,NA,NA,NA,NA,NA,NA,NA,N,4,0,1,3,A,-,04,21703,NA,N,C,C,A,A,H,-,A,D,0,NA,NA,NA,NA,Y,NA,J,48,0,0,1,0,0,0,0,0,0,-,-,NA,NA,LOS ANGELES,NORWALK,-118.06459045410156,33.90558624267578
90129339,2015,2016-03-04,9535,2015-12-31,2000,020943,NA,4,2,5,1959,0,1,1,NA,2,400,I-10 (SAN BERNARDINO FREEWAY) E/B,WALNUT GROVE AVE,500,E,N,B,-,Y,NA,NA,10,NA,NA,NA,NA,NA,E,Y,3,0,1,1,A,-,08,22107,NA,N,E,I,A,A,H,-,C,D,0,NA,NA,NA,NA,Y,NA,A,07,0,1,0,0,0,0,0,0,0,-,-,34.07194,-118.08005,LOS ANGELES,ROSEMEAD,-118.0800508,34.07197733
90129364,2016,2016-03-04,9590,2016-01-23,1140,021111,NA,6,1,7,1942,0,1,1,NA,2,065,I-10 W/B (SANTA MONICA FREEWAY),ELWOOD STREET,50,E,N,A,-,Y,NA,NA,10,NA,NA,NA,NA,NA,W,N,4,0,1,2,A,-,03,22350,NA,N,C,C,A,A,H,-,A,D,0,NA,NA,NA,NA,Y,NA,A,07,0,0,1,0,0,0,0,0,0,-,-,34.02651,-118.23509,LOS ANGELES,LOS ANGELES,-118.23508046,34.02648676
90129365,2016,2016-03-04,9525,2016-02-22,1545,020869,NA,1,2,5,1906,0,1,1,NA,2,651,I-605 S/B TO I-10 EB,BALDWIN PARK BLVD,3168,W,N,A,-,Y,NA,NA,605,NA,NA,NA,R,NA,S,Y,4,0,1,2,A,-,03,22350,NA,N,C,C,A,A,H,-,A,D,0,NA,NA,NA,NA,Y,NA,D,22,0,0,1,0,0,0,0,0,0,-,-,34.06497,-117.99927,LOS ANGELES,BALDWIN PARK,-117.99927,34.06497
90129367,2016,2016-03-04,9580,2016-02-19,1750,020345,NA,5,2,7,1942,0,1,3,NA,2,116,SR-118 E/B (RONALD REAGAN FWY.),BALBOA BLVD,100,W,N,A,-,Y,NA,NA,118,NA,NA,NA,NA,NA,E,Y,3,0,2,4,A,-,03,22350,NA,N,C,C,A,A,H,-,A,D,0,NA,NA,NA,NA,Y,NA,A,01,0,1,1,0,0,0,0,0,0,-,-,34.27796,-118.5025,LOS ANGELES,LOS ANGELES,-118.50250041,34.27798485