CASE_ID,ACCIDENT_YEAR,PROC_DATE,JURIS,COLLISION_DATE,COLLISION_TIME,OFFICER_ID,REPORTING_DISTRICT,DAY_OF_WEEK,CHP_SHIFT,POPULATION,CNTY_CITY_LOC,SPECIAL_COND,BEAT_TYPE,CHP_BEAT_TYPE,CITY_DIVISION_LAPD,CHP_BEAT_CLASS,BEAT_NUMBER,PRIMARY_RD,SECONDARY_RD,DISTANCE,DIRECTION,INTERSECTION,WEATHER_1,WEATHER_2,STATE_HWY_IND,CALTRANS_COUNTY,CALTRANS_DISTRICT,STATE_ROUTE,ROUTE_SUFFIX,POSTMILE_PREFIX,POSTMILE,LOCATION_TYPE,RAMP_INTERSECTION,SIDE_OF_HWY,TOW_AWAY,COLLISION_SEVERITY,NUMBER_KILLED,NUMBER_INJURED,PARTY_COUNT,PRIMARY_COLL_FACTOR,PCF_CODE_OF_VIOL,PCF_VIOL_CATEGORY,PCF_VIOLATION,PCF_VIOL_SUBSECTION,HIT_AND_RUN,TYPE_OF_COLLISION,MVIW,PED_ACTION,ROAD_SURFACE,ROAD_COND_1,ROAD_COND_2,LIGHTING,CONTROL_DEVICE,CHP_ROAD_TYPE,PEDESTRIAN_ACCIDENT,BICYCLE_ACCIDENT,MOTORCYCLE_ACCIDENT,TRUCK_ACCIDENT,NOT_PRIVATE_PROPERTY,ALCOHOL_INVOLVED,STWD_VEHTYPE_AT_FAULT,CHP_VEHTYPE_AT_FAULT,COUNT_SEVERE_INJ,COUNT_VISIBLE_INJ,COUNT_COMPLAINT_PAIN,COUNT_PED_KILLED,COUNT_PED_INJURED,COUNT_BICYCLIST_KILLED,COUNT_BICYCLIST_INJURED,COUNT_MC_KILLED,COUNT_MC_INJURED,PRIMARY_RAMP,SECONDARY_RAMP,LATITUDE,LONGITUDE,COUNTY,CITY,POINT_X,POINT_Y
90134555,2016,2016-03-11,9550,2016-03-10,0620,019939,NA,4,1,5,1908,0,1,3,NA,2,091,STATE ROUTE 91 E/B (ARTESIA FREEWAY),CLARK AVENUE,5,E,N,A,-,Y,NA,NA,91,NA,NA,NA,NA,NA,E,Y,4,0,2,3,A,-,08,22107,NA,N,B,C,A,A,H,-,A,D,0,NA,NA,NA,NA,Y,NA,D,22,0,0,2,0,0,0,0,0,0,-,-,33.87663,-118.13196,LOS ANGELES,BELLFLOWER,-118.13199457,33.87651053
90134614,2016,2016-03-11,9550,2016-03-05,0524,021107,NA,6,3,6,1949,0,1,1,NA,2,651,I-605 S/B TO I-105 W/B,IMPERIAL HIGHWAY,1515,N,N,A,-,Y,NA,NA,605,NA,NA,NA,R,NA,S,Y,2,0,1,2,A,-,08,22107,NA,F,D,C,A,A,H,-,D,D,0,NA,NA,NA,NA,Y,NA,-,99,1,0,0,0,0,0,0,0,0,-,-,33.92139,-118.10494,LOS ANGELES,NORWALK,-118.10494,33.92139
90134615,2016,2016-03-11,9575,2016-02-26,2000,020526,NA,5,2,6,1925,0,1,3,NA,2,042,SR-134 E/B (VENTURA FREEWAY),SAN FERNANDO RD,100,W,N,A,-,Y,NA,NA,134,NA,NA,NA,NA,NA,E,N,4,0,1,3,A,-,03,22350,NA,M,C,C,A,A,H,-,C,D,0,NA,NA,NA,NA,Y,NA,-,99,0,0,1,0,0,0,0,0,0,-,-,34.15317,-118.27763,LOS ANGELES,GLENDALE,-118.27764248,34.15322379
9013463,2019,2020-02-18,1942,2019-12-20,1750,42821,1047,5,5,7,1942,0,0,0,J,0,10X88,BURBANK BL,LOUISE AV,300,E,N,A,-,N,NA,NA,NA,NA,NA,NA,NA,NA,NA,Y,4,0,1,3,A,-,01,23153,A,N,C,E,A,A,H,-,D,D,0,NA,NA,NA,NA,Y,Y,-,NA,0,0,1,0,0,0,0,0,0,-,-,NA,NA,LOS ANGELES,LOS ANGELES,-118.50885009765624,34.1722412109375
90134664,2016,2016-03-11,9530,2016-02-03,0940,021004,NA,3,1,7,1942,0,1,1,NA,2,200,I-105 W/B (GLENN ANDERSON FWY),VERMONT AVE.,175,E,N,A,-,Y,NA,NA,105,NA,NA,NA,NA,NA,W,N,4,0,1,2,A,-,03,22350,NA,N,B,C,A,A,H,-,A,D,0,NA,NA,NA,NA,Y,NA,A,07,0,0,1,0,0,0,0,0,0,-,-,33.92848,-118.29128,LOS ANGELES,LOS ANGELES,-118.29127625,33.92889841
90134702,2016,2016-03-11,9580,2016-01-17,1502,021015,NA,7,2,7,1942,0,1,2,NA,2,105,US-101 S/B (VENTURA FREEWAY),DE SOTO AVE,115,N,N,A,-,Y,NA,NA,101,NA,NA,NA,NA,NA,S,Y,4,0,1,2,A,-,07,21658,A,M,E,I,A,A,H,-,A,D,0,NA,NA,NA,NA,Y,Y,-,99,0,0,1,0,0,0,0,0,0,-,-,34.16808,-118.58865,LOS ANGELES,LOS ANGELES,-118.58865924,34.16800842
90134740,2016,2016-03-11,9550,2016-03-10,1520,018531,NA,4,2,3,1903,0,1,3,NA,2,091,SR-91 EASTBOUND,GRIDLEY RD,250,E,N,A,-,Y,NA,NA,91,NA,NA,NA,NA,NA,E,Y,4,0,1,2,A,-,08,22107,NA,N,B,C,A,A,H,-,A,D,0,NA,NA,NA,NA,Y,NA,A,01,0,0,1,0,0,0,0,0,0,-,-,33.87632,-118.08782,LOS ANGELES,ARTESIA,-118.08782047,33.87643381
90134748,2015,2016-03-11,9535,2015-12-13,2040,021052,NA,7,2,5,1952,0,1,1,NA,2,074,I-710 N/B TO GARFIELD AVE.,GARFIELD AVE.,1300,W,N,B,-,Y,NA,NA,NA,NA,NA,NA,NA,NA,NA,Y,2,0,4,1,A,-,01,23152,A,N,E,I,A,B,H,-,C,D,0,NA,NA,NA,NA,Y,NA,A,07,2,0,2,0,0,0,0,0,0,-,-,33.91055,-118.17053,LOS ANGELES,PARAMOUNT,NA,NA
90134760,2016,2016-03-11,9580,2016-02-28,2345,020832,NA,7,3,7,1942,0,1,1,NA,2,404,I-405 N/B (SAN DIEGO FWY),VENTURA BLVD,180,N,N,A,-,Y,NA,NA,405,NA,NA,NA,NA,NA,N,Y,3,0,2,2,A,-,08,22107,NA,N,E,I,A,A,H,-,D,D,0,NA,NA,NA,NA,Y,Y,A,01,0,2,0,0,0,0,0,0,0,-,-,34.15506,-118.46826,LOS ANGELES,LOS ANGELES,-118.46822734,34.15506961
90134789,2016,2016-03-11,9535,2016-02-20,0235,020416,NA,6,3,6,1922,0,1,1,NA,2,400,I-10 (SAN BERNARDINO FREEWAY) E/B,I-605,809,W,N,A,-,Y,NA,NA,10,NA,NA,NA,NA,NA,E,Y,4,0,1,1,A,-,01,23152,A,N,E,I,A,A,H,-,D,D,0,NA,NA,NA,NA,Y,Y,A,01,0,0,1,0,0,0,0,0,0,-,-,34.06408,-118.00685,LOS ANGELES,EL MONTE,-118.00684995,34.06407966
90134809,2016,2016-03-11,9535,2016-02-27,1420,020943,NA,6,2,5,1959,0,1,1,NA,2,401,I-10 W/B TO TEMPLE CITY BLVD.,I-10,30,N,N,A,-,Y,NA,NA,10,NA,NA,NA,R,NA,W,Y,4,0,2,2,A,-,03,22350,NA,N,C,C,A,A,H,-,A,D,0,NA,NA,NA,NA,Y,NA,A,01,0,0,2,0,0,0,0,0,0,-,-,34.07278,-118.05823,LOS ANGELES,ROSEMEAD,-118.05823,34.07278
9013481,2018,2020-01-09,1942,2018-08-10,1750,41393,1258,5,5,7,1942,0,0,0,L,0,12X18,BROADWAY,77TH,5,S,N,A,-,N,NA,NA,NA,NA,NA,NA,NA,NA,NA,Y,4,0,1,4,A,-,03,22350,NA,N,C,E,A,A,H,-,A,D,0,NA,NA,NA,NA,Y,NA,A,01,0,0,1,0,0,0,0,0,0,-,-,NA,NA,LOS ANGELES,LOS ANGELES,-118.2782974243164,33.9698371887207
90134828,2016,2016-03-11,9580,2016-02-28,1848,020791,NA,7,2,7,1942,0,1,3,NA,2,171,SR-170 S/B (HOLLYWOOD FWY.),SHERMAN WAY,1500,N,N,A,-,Y,NA,NA,170,NA,NA,NA,NA,NA,S,Y,4,0,1,2,A,-,03,22350,NA,N,C,C,A,A,H,-,C,D,0,NA,NA,NA,NA,Y,NA,A,01,0,0,1,0,0,0,0,0,0,-,-,34.20293,-118.40447,LOS ANGELES,LOS ANGELES,-118.4045593,34.20288557
9013485,2019,2020-01-09,1910,2019-08-06,1605,03438,NA,2,5,4,1910,0,0,0,NA,0,007,OLYMPIC BL,S CRESCENT DR,20,W,N,A,-,N,NA,NA,NA,NA,NA,NA,NA,NA,NA,N,4,0,1,2,A,-,03,22350,NA,N,C,B,A,A,H,-,A,D,0,NA,NA,NA,NA,Y,Y,A,01,0,0,1,0,0,0,0,0,0,-,-,NA,NA,LOS ANGELES,BEVERLY HILLS,-118.39600372314452,34.05936050415039
90134891,2016,2016-03-11,9580,2016-03-01,1110,021241,NA,2,1,7,1942,0,1,2,NA,2,104,US-101 N/B (VENTURA FREEWAY),SHOUP AVE,5,S,N,A,-,Y,NA,NA,101,NA,NA,NA,NA,NA,N,Y,3,0,3,1,A,-,08,22107,NA,N,E,I,A,A,H,-,A,D,0,NA,NA,NA,NA,Y,NA,A,01,0,3,0,0,0,0,0,0,0,-,-,34.16813,-118.61419,LOS ANGELES,LOS ANGELES,-118.61412848,34.16804407
90134909,2016,2016-03-11,9580,2016-02-29,0845,017386,NA,1,1,7,1942,0,1,1,NA,2,405,I-405 S/B (SAN DIEGO FWY),SEPULVEDA BLVD,1056,S,N,A,-,Y,NA,NA,405,NA,NA,NA,NA,NA,S,Y,4,0,1,2,A,-,07,21658,A,N,B,C,A,A,H,-,A,D,0,NA,NA,Y,NA,Y,NA,A,01,0,0,1,0,0,0,0,0,1,-,-,34.14251,-118.47179,LOS ANGELES,LOS ANGELES,-118.47161177,34.14250541
90134912,2016,2016-03-11,9525,2016-02-22,1955,019491,NA,1,2,9,1900,0,3,5,NA,2,004,SUNSET AVENUE (1100 N. BLOCK),FAIRGROVE AVENUE (14900 BLOCK),0,NA,Y,A,-,N,NA,NA,NA,NA,NA,NA,NA,NA,NA,Y,4,0,3,2,A,-,09,21801,A,N,A,C,A,A,H,-,C,A,0,NA,NA,NA,NA,Y,NA,A,01,0,0,3,0,0,0,0,0,0,-,-,34.04919,-117.9592,LOS ANGELES,UNINCORPORATED,-117.95909005,34.04916006
90134950,2016,2016-03-11,9575,2016-02-25,1625,019319,NA,4,2,7,1942,0,1,1,NA,2,053,I-5 N/B (GOLDEN STATE FREEWAY),VAN NUYS BLVD,528,N,N,A,-,Y,NA,NA,5,NA,NA,NA,NA,NA,N,Y,4,0,1,3,A,-,03,22350,NA,N,C,C,A,A,H,-,A,D,0,NA,NA,NA,NA,Y,NA,D,22,0,0,1,0,0,0,0,0,0,-,-,34.25824,-118.4364,LOS ANGELES,LOS ANGELES,-118.43647716,34.25815864
90134957,2016,2016-03-11,9530,2016-02-04,1830,020930,NA,4,2,9,1900,0,3,5,NA,2,002,EL SEGUNDO BLVD.,AVALON BLVD.,50,W,N,A,-,N,NA,NA,NA,NA,NA,NA,NA,NA,NA,N,3,0,1,2,A,-,11,21954,A,N,G,B,D,A,H,-,C,D,0,Y,NA,NA,NA,Y,NA,N,60,0,1,0,0,1,0,0,0,0,-,-,33.9165,-118.2657,LOS ANGELES,UNINCORPORATED,-118.26541448,33.91642
90134961,2016,2016-03-11,9530,2016-02-04,1445,014654,NA,4,2,7,1941,0,1,1,NA,2,420,I-405 N/B (SAN DIEGO FREEWAY),WALNUT AVE.,0,NA,N,A,-,Y,NA,NA,NA,NA,NA,NA,NA,NA,NA,Y,3,0,2,6,A,-,03,22350,NA,F,E,I,A,A,H,-,A,D,0,NA,NA,NA,NA,Y,NA,A,07,0,2,0,0,0,0,0,0,0,-,-,33.4853,-118.1017,LOS ANGELES,LONG BEACH,-118.17197004,33.81439012
90134962,2015,2016-03-11,9535,2015-12-21,1045,017148,NA,1,1,9,1900,0,3,5,NA,2,006,SAN GABRIEL BLVD,POTRERO GRANDE DR,0,NA,Y,A,-,N,NA,NA,NA,NA,NA,NA,NA,NA,NA,Y,3,0,3,2,A,-,09,21801,A,N,A,C,A,A,H,-,A,A,0,NA,NA,NA,NA,Y,NA,A,01,0,2,1,0,0,0,0,0,0,-,-,34.05171,-118.09042,LOS ANGELES,UNINCORPORATED,-118.09052011,34.05187011
90134963,2016,2016-03-11,9535,2016-02-27,2045,021117,NA,6,2,9,1900,0,1,1,NA,2,071,INTERSTATE 710 (LONG BEACH FREEWAY) S/B,WHITTIER BOULEVARD,1200,N,N,A,-,Y,NA,NA,710,NA,NA,NA,NA,NA,S,Y,4,0,1,2,A,-,01,23152,F,N,C,C,A,A,H,-,D,D,0,NA,NA,NA,NA,Y,Y,A,01,0,0,1,0,0,0,0,0,0,-,-,34.02627,-118.17248,LOS ANGELES,UNINCORPORATED,-118.17245066,34.02626952
90134966,2016,2016-03-28,9575,2016-03-03,1840,020526,NA,4,2,6,1912,0,1,3,NA,2,044,SR-134 E/B (VENTURA FREEWAY),CALIFORNIA ST,100,W,N,A,-,Y,NA,NA,134,NA,NA,NA,NA,NA,E,Y,3,0,1,3,A,-,03,22350,NA,N,C,C,A,A,H,-,C,D,0,NA,NA,NA,NA,Y,NA,A,01,0,1,0,0,0,0,0,0,0,-,-,34.15264,-118.33576,LOS ANGELES,BURBANK,-118.33575304,34.15266707
90134968,2016,2016-03-11,9575,2016-03-03,0855,020902,NA,4,1,6,1912,0,1,1,NA,2,051,I-5 S/B (GOLDEN STATE FREEWAY),MAGNOLIA BLVD,500,N,N,A,-,Y,NA,NA,5,NA,NA,NA,NA,NA,S,N,4,0,1,2,A,-,03,22350,NA,N,C,C,A,A,H,-,A,D,0,NA,NA,NA,NA,Y,NA,A,01,0,0,1,0,0,0,0,0,0,-,-,34.18093,-118.31414,LOS ANGELES,BURBANK,-118.31406282,34.18099476
90134972,2016,2016-03-11,9535,2016-01-10,0320,020767,NA,7,3,5,1952,0,1,1,NA,2,075,INTERSTATE 710 S/B (LONG BEACH FREEWAY),COMPTON BLVD,500,N,N,C,-,Y,NA,NA,710,NA,NA,NA,NA,NA,S,Y,2,0,2,1,A,-,08,22107,NA,N,E,I,A,B,H,-,D,D,0,NA,NA,NA,NA,Y,NA,A,01,1,1,0,0,0,0,0,0,0,-,-,33.89727,-118.18743,LOS ANGELES,PARAMOUNT,-118.18756168,33.89729292
90134975,2016,2016-03-11,9575,2016-03-03,1925,020711,NA,4,2,5,1902,0,1,1,NA,2,065,I-210 W/B (FOOTHILL FREEWAY),SANTA ANITA AVENUE,40,W,N,A,-,Y,NA,NA,210,NA,NA,NA,NA,NA,W,Y,4,0,1,2,A,-,03,22350,NA,N,C,C,A,A,H,-,C,D,0,NA,NA,NA,NA,Y,NA,A,01,0,0,1,0,0,0,0,0,0,-,-,34.14811,-118.0318,LOS ANGELES,ARCADIA,-118.03182186,34.14799636
90134980,2016,2016-03-14,9535,2016-01-17,1545,019983,NA,7,2,4,1962,0,1,1,NA,2,400,I-10 E/B TO NEW AVE. N/B,NEW AVE.,148,E,N,A,-,Y,NA,NA,10,NA,NA,NA,R,NA,E,Y,2,0,1,2,A,-,03,22350,NA,N,E,I,A,A,H,-,A,D,0,NA,NA,Y,NA,Y,NA,C,02,1,0,0,0,0,0,0,0,1,-,-,34.07137,-118.10754,LOS ANGELES,SAN GABRIEL,-118.10754,34.07137
90134983,2016,2016-03-14,9535,2016-02-06,1805,019983,NA,6,2,9,1900,0,1,3,NA,2,066,SR-164 S/B (ROSEMEAD BLVD),SR-60,990,N,N,A,-,Y,NA,NA,164,NA,NA,NA,NA,NA,S,N,4,0,1,2,A,-,03,22350,NA,N,C,C,A,A,H,-,C,D,0,NA,NA,NA,NA,Y,NA,A,01,0,0,1,0,0,0,0,0,0,-,-,34.04503,-118.06447,LOS ANGELES,UNINCORPORATED,-118.06438016,34.04503
90134992,2016,2016-03-14,9575,2016-02-26,1616,021144,NA,5,2,6,1953,0,1,1,NA,2,065,I-210 E/B (FOOTHILL FREEWAY),ROSEMEAD BLVD.,1000,W,N,A,-,Y,NA,NA,210,NA,NA,NA,NA,NA,E,N,4,0,1,2,A,-,03,22350,NA,N,C,C,A,A,H,-,A,D,0,NA,NA,NA,NA,Y,NA,A,01,0,0,1,0,0,0,0,0,0,-,-,34.14769,-118.07732,LOS ANGELES,PASADENA,-118.07731917,34.14767854
90134997,2016,2016-03-14,9550,2016-03-11,1705,015045,NA,5,2,5,1919,0,1,3,NA,2,092,SR-91 W/B (ARTESIA FREEWAY),SHOEMAKER AVENUE,528,E,N,A,-,Y,NA,NA,91,NA,NA,NA,NA,NA,W,Y,4,0,1,2,A,-,01,23152,A,N,B,C,A,A,H,-,A,D,0,NA,NA,NA,NA,Y,Y,A,01,0,0,1,0,0,0,0,0,0,-,-,33.86896,-118.05355,LOS ANGELES,CERRITOS,-118.05367235,33.86877834
90135000,2016,2016-03-14,9590,2016-01-30,1140,021111,NA,6,1,7,1942,0,1,1,NA,2,082,I-5 N/B (GOLDEN STATE FREEWAY),MAIN STREET,500,N,N,A,-,Y,NA,NA,5,NA,NA,NA,NA,NA,N,Y,4,0,1,3,A,-,03,22350,NA,N,C,C,A,A,H,-,A,D,0,NA,NA,NA,NA,Y,NA,D,22,0,0,1,0,0,0,0,0,0,-,-,34.06635,-118.21612,LOS ANGELES,LOS ANGELES,-118.21618032,34.06634754
90135001,2016,2016-03-14,9590,2016-01-16,1840,020997,NA,6,2,7,1942,0,1,2,NA,2,073,US-101 S/B (HOLLYWOOD FREEWAY),MULHOLLAND DRIVE,300,S,N,A,-,Y,NA,NA,101,NA,NA,NA,NA,NA,S,Y,4,0,1,3,A,-,03,22350,NA,N,C,C,A,A,H,-,D,D,0,NA,NA,NA,NA,Y,NA,A,07,0,0,1,0,0,0,0,0,0,-,-,34.11143,-118.33641,LOS ANGELES,LOS ANGELES,-118.33566389,34.11188245
90135014,2016,2016-03-14,9565,2016-03-04,2000,020785,NA,5,2,7,1942,0,1,1,NA,2,063,I-405 S/B (SAN DIEGO FREEWAY),SANTA MONICA BLVD,300,N,N,A,-,Y,NA,NA,NA,NA,NA,NA,NA,NA,NA,Y,4,0,1,2,A,-,03,22350,NA,N,C,C,A,A,H,-,C,D,0,NA,NA,NA,NA,Y,NA,A,01,0,0,1,0,0,0,0,0,0,-,-,34.0467,-118.44793,LOS ANGELES,LOS ANGELES,-118.44735391,34.0476037
9013503,2019,2020-01-15,1902,2019-11-19,1735,734,06,2,5,5,1902,0,0,0,NA,0,001,ORANGE GROVE AV,SAN CARLOS RD,0,NA,Y,C,-,N,NA,NA,NA,NA,NA,NA,NA,NA,NA,Y,4,0,2,3,A,-,09,21802,A,N,D,C,A,B,H,-,D,D,0,NA,NA,Y,NA,Y,NA,C,02,0,0,2,0,0,0,0,0,2,-,-,NA,NA,LOS ANGELES,ARCADIA,-118.0481414794922,34.15713119506836
90135031,2016,2016-03-14,9575,2016-03-05,1730,019920,NA,6,2,5,1902,0,1,1,NA,2,065,I-210 E/B (FOOTHILL FREEWAY),SANTA ANITA AVE.,750,E,N,A,-,Y,NA,NA,210,NA,NA,NA,NA,NA,E,N,4,0,1,2,A,-,03,22350,NA,N,C,C,A,A,H,-,B,D,0,NA,NA,NA,NA,Y,NA,A,01,0,0,1,0,0,0,0,0,0,-,-,34.14628,-118.02872,LOS ANGELES,ARCADIA,-118.02861823,34.14649408
90135059,2016,2016-03-14,9565,2016-03-07,1425,020086,NA,1,2,9,1900,0,3,5,NA,2,005,LINCOLN BLVD N/B,FIJI WAY,450,N,N,B,-,N,NA,NA,NA,NA,NA,NA,NA,NA,NA,Y,4,0,2,2,A,-,09,21804,A,N,D,C,A,A,H,-,A,D,0,NA,NA,NA,NA,Y,NA,A,01,0,0,2,0,0,0,0,0,0,-,-,33.97941,-118.43768,LOS ANGELES,UNINCORPORATED,-118.43773335,33.97930208
90135063,2016,2016-03-14,9575,2016-03-05,0143,020918,NA,6,3,7,1942,0,1,1,NA,2,061,I-210 E/B (FOOTHILL FREEWAY),LA TUNA CANYAN RD.,4752,E,N,B,C,Y,NA,NA,210,NA,NA,NA,NA,NA,E,Y,4,0,1,1,A,-,03,22350,NA,N,E,I,A,B,H,-,C,D,0,NA,NA,NA,NA,Y,NA,A,01,0,0,1,0,0,0,0,0,0,-,-,34.2486,-118.32139,LOS ANGELES,LOS ANGELES,-118.32201037,34.24840631
90135069,2016,2016-03-14,9575,2016-03-06,0615,018762,NA,7,1,6,1925,0,1,3,NA,2,042,SR-134 W/B (VENTURA FREEWAY),HARVEY DRIVE,400,W,N,B,-,Y,NA,NA,134,NA,NA,NA,NA,NA,W,Y,4,0,1,1,A,-,03,22350,NA,N,F,A,A,B,D,F,B,D,0,NA,NA,NA,NA,Y,NA,A,01,0,0,1,0,0,0,0,0,0,-,-,34.14871,-118.23053,LOS ANGELES,GLENDALE,-118.23058489,34.14860905
90135071,2016,2016-03-14,9535,2016-01-30,1725,020818,NA,6,2,1,1973,0,1,1,NA,2,073,I-710 (LONG BEACH FREEWAY) S/B,BANDINI BLVD,870,N,N,B,-,Y,NA,NA,710,NA,NA,NA,NA,NA,S,N,4,0,1,2,A,-,03,22350,NA,N,C,C,A,A,H,-,B,D,0,NA,NA,NA,NA,Y,NA,A,07,0,0,1,0,0,0,0,0,0,-,-,34.00094,-118.17488,LOS ANGELES,VERNON,-118.1748193,34.00090213
90135093,2016,2016-03-14,9575,2016-03-06,0615,020911,NA,7,1,6,1912,0,1,1,NA,2,051,I-5 S/B (GOLDEN STATE FREEWAY),BUENA VISTA STREET U/C,2640,S,N,C,-,Y,NA,NA,5,NA,NA,NA,NA,NA,S,Y,3,0,1,1,A,-,03,22350,NA,N,E,I,A,B,H,-,B,D,0,NA,NA,NA,NA,Y,NA,A,07,0,1,0,0,0,0,0,0,0,-,-,34.19939,-118.33741,LOS ANGELES,BURBANK,-118.33794915,34.19886759
90135153,2016,2016-04-05,9565,2016-02-29,1955,021058,NA,1,2,4,1918,0,1,3,NA,2,070,SR-90 E/B,SLAUSON AVE,20,S,N,A,-,Y,NA,NA,90,NA,NA,NA,NA,NA,E,N,4,0,1,2,A,-,03,22350,NA,N,C,C,A,A,H,-,C,A,0,NA,NA,NA,NA,Y,Y,A,01,0,0,1,0,0,0,0,0,0,-,-,33.988550000000004,-118.3894,LOS ANGELES,CULVER CITY,-118.38945234,33.98858625
90135156,2016,2016-03-14,9565,2016-03-05,1845,020595,NA,6,2,7,1942,0,1,1,NA,2,064,I-405 N/B (SAN DIEGO FWY),SKIRBALL CENTER DR,2500,S,N,B,C,Y,NA,NA,405,NA,NA,NA,NA,NA,N,N,4,0,1,2,A,-,03,22350,NA,N,C,C,A,B,H,-,C,D,0,NA,NA,NA,NA,Y,NA,A,07,0,0,1,0,0,0,0,0,0,-,-,34.11741,-118.48158,LOS ANGELES,LOS ANGELES,-118.48169109,34.11741785
90135158,2016,2016-03-14,9565,2016-03-02,0811,020468,NA,3,1,9,1900,0,3,5,NA,2,003,FAIRFAX AVE,CONDON AVE,0,NA,Y,B,-,N,NA,NA,NA,NA,NA,NA,NA,NA,NA,N,4,0,1,2,A,-,09,21802,A,N,D,C,A,A,H,-,A,D,0,NA,NA,NA,NA,Y,NA,A,01,0,0,1,0,0,0,0,0,0,-,-,33.98681,-118.3623,LOS ANGELES,UNINCORPORATED,-118.3622701,33.98666002
90135172,2016,2016-03-14,9565,2016-03-08,0810,020796,NA,2,1,5,1965,0,1,1,NA,2,081,I-10 W/B (SANTA MONICA FWY),CLOVERFIELD BLVD,500,E,N,A,-,Y,NA,NA,10,NA,NA,NA,NA,NA,W,N,4,0,1,2,A,-,03,22350,NA,N,C,C,A,A,H,-,A,D,0,NA,NA,NA,NA,Y,NA,A,01,0,0,1,0,0,0,0,0,0,-,-,34.02557,-118.46536,LOS ANGELES,SANTA MONICA,-118.46537881,34.02564051
90135174,2016,2016-03-14,9565,2016-03-02,1344,021171,NA,3,1,9,1900,0,3,5,NA,2,004,LENNOX BLVD,CONDON AVE.,0,NA,Y,A,-,N,NA,NA,NA,NA,NA,NA,NA,NA,NA,N,3,0,1,2,A,-,10,21950,NA,N,G,B,B,A,H,-,A,A,0,Y,NA,NA,NA,Y,NA,A,01,0,1,0,0,1,0,0,0,0,-,-,33.9382,-118.3591,LOS ANGELES,UNINCORPORATED,-118.35915006,33.93817002
90135178,2016,2016-03-14,9550,2016-02-17,2050,020709,NA,3,2,9,1900,0,3,5,NA,2,002,REGATTA AVE.,MULBERRY DRIVE,6,S,N,C,-,N,NA,NA,NA,NA,NA,NA,NA,NA,NA,N,4,0,1,2,A,-,05,21650,NA,N,D,G,A,B,H,-,C,D,0,NA,Y,NA,NA,Y,NA,L,04,0,0,1,0,0,0,1,0,0,-,-,33.9412,-118.0256,LOS ANGELES,UNINCORPORATED,-118.02548202,33.94114695
90135184,2016,2016-03-14,9550,2016-02-28,1755,021100,NA,7,2,5,1919,0,1,1,NA,2,652,INTERSTATE 605 (SAN GABRIEL RIVER FREEW,SOUTH STREET,2200,N,N,A,-,Y,NA,NA,605,NA,NA,NA,NA,NA,NA,Y,4,0,1,2,A,-,03,22350,NA,F,C,C,A,A,H,-,C,D,0,NA,NA,NA,NA,Y,NA,D,22,0,0,1,0,0,0,0,0,0,-,-,33.86412,-118.0982,LOS ANGELES,CERRITOS,-118.09821697,33.86411377
90135185,2016,2016-03-14,9565,2016-03-04,1233,020468,NA,5,1,5,1965,0,1,1,NA,2,081,I-10 W/B (SANTA MONICA FREEWAY),LINCOLN BLVD,80,E,N,B,-,Y,NA,NA,10,NA,NA,NA,NA,NA,W,Y,4,0,2,4,A,-,03,22350,NA,N,C,C,A,A,H,-,A,D,0,NA,NA,NA,NA,Y,NA,A,01,0,0,2,0,0,0,0,0,0,-,-,34.01513,-118.48568,LOS ANGELES,SANTA MONICA,-118.4856528,34.01508477
90135204,2016,2016-03-14,9550,2016-02-28,2040,020959,NA,7,2,9,1900,0,2,4,NA,1,021,CARMENITA ROAD,SUNDANCE AVENUE,116,S,N,A,-,N,NA,NA,NA,NA,NA,NA,NA,NA,NA,Y,4,0,1,5,A,-,03,22350,NA,F,C,C,A,A,H,-,C,D,0,NA,NA,NA,NA,Y,NA,A,08,0,0,1,0,0,0,0,0,0,-,-,33.9347,-118.0466,LOS ANGELES,UNINCORPORATED,-118.04658141,33.93457202
90135207,2016,2016-03-14,9550,2016-03-06,1600,021120,NA,7,2,3,1964,0,1,1,NA,2,650,INTERSTATE 605 S/B,DAVENRICH ST.,900,S,N,A,-,Y,NA,NA,605,NA,NA,NA,NA,NA,S,N,4,0,1,2,A,-,03,22350,NA,N,C,C,A,A,H,-,A,D,0,NA,NA,NA,NA,Y,NA,A,01,0,0,1,0,0,0,0,0,0,-,-,33.94344,-118.0956,LOS ANGELES,SANTA FE SPRINGS,-118.09556849,33.94342373
90135209,2016,2016-03-14,9550,2016-03-05,0120,020974,NA,6,3,9,1900,0,1,3,NA,2,600,SR-60 W/B TO I-605 S/B,I-605 N/B,525,E,N,B,-,Y,NA,NA,60,NA,NA,NA,R,NA,W,Y,4,0,1,1,A,-,08,22107,NA,N,E,I,A,A,H,-,C,D,0,NA,NA,NA,NA,Y,NA,A,01,0,0,1,0,0,0,0,0,0,-,-,34.03366,-118.02455,LOS ANGELES,UNINCORPORATED,-118.02455,34.03366
90135217,2016,2016-03-14,9550,2016-03-07,1945,021121,NA,1,2,9,1900,0,3,5,NA,2,003,COLIMA RD. E/B,HACIENDA BOULEVARD,625,W,N,B,-,N,NA,NA,NA,NA,NA,NA,NA,NA,NA,Y,4,0,2,2,A,-,03,22350,NA,N,C,C,A,A,H,-,C,A,0,NA,NA,NA,NA,Y,NA,A,01,0,0,2,0,0,0,0,0,0,-,-,33.98091,-117.97517,LOS ANGELES,UNINCORPORATED,-117.97511741,33.98101468