CASE_ID,ACCIDENT_YEAR,PROC_DATE,JURIS,COLLISION_DATE,COLLISION_TIME,OFFICER_ID,REPORTING_DISTRICT,DAY_OF_WEEK,CHP_SHIFT,POPULATION,CNTY_CITY_LOC,SPECIAL_COND,BEAT_TYPE,CHP_BEAT_TYPE,CITY_DIVISION_LAPD,CHP_BEAT_CLASS,BEAT_NUMBER,PRIMARY_RD,SECONDARY_RD,DISTANCE,DIRECTION,INTERSECTION,WEATHER_1,WEATHER_2,STATE_HWY_IND,CALTRANS_COUNTY,CALTRANS_DISTRICT,STATE_ROUTE,ROUTE_SUFFIX,POSTMILE_PREFIX,POSTMILE,LOCATION_TYPE,RAMP_INTERSECTION,SIDE_OF_HWY,TOW_AWAY,COLLISION_SEVERITY,NUMBER_KILLED,NUMBER_INJURED,PARTY_COUNT,PRIMARY_COLL_FACTOR,PCF_CODE_OF_VIOL,PCF_VIOL_CATEGORY,PCF_VIOLATION,PCF_VIOL_SUBSECTION,HIT_AND_RUN,TYPE_OF_COLLISION,MVIW,PED_ACTION,ROAD_SURFACE,ROAD_COND_1,ROAD_COND_2,LIGHTING,CONTROL_DEVICE,CHP_ROAD_TYPE,PEDESTRIAN_ACCIDENT,BICYCLE_ACCIDENT,MOTORCYCLE_ACCIDENT,TRUCK_ACCIDENT,NOT_PRIVATE_PROPERTY,ALCOHOL_INVOLVED,STWD_VEHTYPE_AT_FAULT,CHP_VEHTYPE_AT_FAULT,COUNT_SEVERE_INJ,COUNT_VISIBLE_INJ,COUNT_COMPLAINT_PAIN,COUNT_PED_KILLED,COUNT_PED_INJURED,COUNT_BICYCLIST_KILLED,COUNT_BICYCLIST_INJURED,COUNT_MC_KILLED,COUNT_MC_INJURED,PRIMARY_RAMP,SECONDARY_RAMP,LATITUDE,LONGITUDE,COUNTY,CITY,POINT_X,POINT_Y
90136568,2016,2016-03-15,9550,2016-03-09,1748,020340,NA,3,2,9,1900,0,3,5,NA,2,001,WORKMAN MILL ROAD,MISSION MILL ROAD,341,N,N,A,-,N,NA,NA,NA,NA,NA,NA,NA,NA,NA,Y,3,0,1,1,A,-,17,21701,NA,N,E,I,A,A,H,-,A,D,0,NA,NA,NA,NA,Y,NA,A,01,0,1,0,0,0,0,0,0,0,-,-,34.01577,-118.04319,LOS ANGELES,UNINCORPORATED,-118.04303861,34.01578684
90136569,2016,2016-03-15,9535,2016-02-13,1755,020033,NA,6,2,5,1948,0,1,1,NA,2,070,I-710 N/B (LONG BEACH FWY),FLORAL DR,1540,N,N,A,-,Y,NA,NA,710,NA,NA,NA,NA,NA,N,Y,4,0,1,2,A,-,07,21658,A,N,B,C,A,A,H,-,C,D,0,NA,NA,Y,NA,Y,NA,C,02,0,0,1,0,0,0,0,0,1,-,-,34.04865,-118.16683,LOS ANGELES,MONTEREY PARK,-118.16684054,34.04865898
90136579,2016,2016-03-15,9550,2016-03-14,0620,009995,NA,1,1,6,1949,0,1,1,NA,2,500,I-5 N/B,NORWALK BOULEVARD,50,N,N,A,-,Y,NA,NA,NA,NA,NA,NA,NA,NA,NA,Y,4,0,1,2,A,-,03,22350,NA,N,C,C,A,A,H,-,A,D,0,NA,NA,NA,NA,Y,NA,A,01,0,0,1,0,0,0,0,0,0,-,-,NA,NA,LOS ANGELES,NORWALK,-118.07362905,33.91234318
90136590,2016,2016-03-15,9565,2016-03-07,2315,019859,NA,1,3,4,1918,0,1,1,NA,2,061,I-405 S/B (SAN DIEGO FWY),BRADDOCK DR.,500,S,N,A,-,Y,NA,NA,405,NA,NA,NA,NA,NA,S,N,3,0,1,2,C,-,18,NA,NA,N,C,C,A,A,H,-,C,D,0,NA,NA,NA,NA,Y,NA,-,-,0,1,0,0,0,0,0,0,0,-,-,33.99943,-118.40868,LOS ANGELES,CULVER CITY,-118.40857054,33.99951668
90136591,2016,2016-03-15,9540,2016-03-05,1006,018759,NA,6,1,9,1900,0,3,5,NA,2,200,LITTLE TUJUNGA CANYON RD,BEAR DIVIDE,1,E,N,A,-,Y,NA,NA,NA,NA,NA,NA,NA,NA,NA,Y,4,0,1,2,A,-,09,21804,A,N,D,C,A,A,H,-,A,D,0,NA,NA,Y,NA,Y,NA,M,47,0,0,1,0,0,0,0,0,1,-,-,34.35352,-118.38338,LOS ANGELES,UNINCORPORATED,NA,NA
90136610,2016,2016-03-15,9525,2016-02-26,2000,019632,NA,5,2,6,1955,0,1,3,NA,2,606,SR-60 E/B (POMONA FREEWAY),SR-71,2112,W,N,A,-,Y,NA,NA,60,NA,NA,NA,NA,NA,E,N,4,0,1,2,A,-,03,22350,NA,F,C,C,A,A,H,-,A,D,0,NA,NA,NA,NA,Y,NA,D,22,0,0,1,0,0,0,0,0,0,-,-,34.02461,-117.75841,LOS ANGELES,POMONA,-117.75840513,34.02481462
90136623,2016,2016-03-15,9550,2016-03-06,0415,020948,NA,7,3,9,1900,0,1,3,NA,2,600,SR-60 W/B,7TH AVENUE,2000,W,N,C,-,Y,NA,NA,60,NA,NA,NA,NA,NA,W,Y,4,0,2,2,A,-,08,22107,NA,N,D,C,A,B,H,-,C,D,0,NA,NA,NA,NA,Y,NA,A,01,0,0,2,0,0,0,0,0,0,-,-,34.02402,-117.99239,LOS ANGELES,UNINCORPORATED,-117.99239807,34.02401126
90136624,2015,2016-03-15,9530,2015-10-01,0235,015372,NA,4,3,7,1941,0,1,1,NA,2,072,I-710 N/B (LONG BEACH FREEWAY),CARSON ST.,800,N,N,A,-,Y,NA,NA,NA,NA,NA,NA,NA,NA,NA,Y,1,1,0,2,A,-,08,22107,NA,N,C,E,A,A,H,-,C,D,0,NA,NA,NA,Y,Y,Y,A,01,0,0,0,0,0,0,0,0,0,-,-,33.50456,-118.12197,LOS ANGELES,LONG BEACH,-118.20868406,33.83396956
90136631,2016,2016-03-15,9565,2016-03-07,0615,021118,NA,1,1,9,1900,0,1,1,NA,2,063,I-405 S/B,WILSHIRE BLVD,1000,S,N,C,-,Y,NA,NA,405,NA,NA,NA,NA,NA,S,Y,4,0,1,2,A,-,08,22107,NA,N,C,C,A,B,H,-,A,D,0,NA,NA,NA,NA,Y,NA,A,01,0,0,1,0,0,0,0,0,0,-,-,34.05254,-118.44982,LOS ANGELES,UNINCORPORATED,-118.44985159,34.05252555
90136634,2016,2016-03-15,9550,2016-03-10,0725,020131,NA,4,1,6,1920,0,1,1,NA,2,151,I-105 WESTBOUND,LAKEWOOD BOULEVARD,5,W,N,A,-,Y,NA,NA,105,NA,NA,NA,NA,NA,W,Y,4,0,1,4,A,-,07,21658,NA,N,B,C,A,A,H,-,A,D,0,NA,NA,Y,NA,Y,NA,A,01,0,0,1,0,0,0,0,0,1,-,-,33.91297,-118.14123,LOS ANGELES,DOWNEY,-118.14123321,33.91322794
90136677,2016,2016-03-15,9525,2016-02-14,1750,020346,NA,7,2,9,1900,0,3,5,NA,2,005,GLENDORA MOUNTAIN RD.,BIG DALTON CANYON RD.,17952,N,N,A,-,Y,NA,NA,NA,NA,NA,NA,NA,NA,NA,Y,3,0,1,1,A,-,03,22350,NA,N,E,I,A,A,H,-,D,D,0,NA,NA,NA,NA,Y,NA,A,01,0,1,0,0,0,0,0,0,0,-,-,34.16044,-117.84416,LOS ANGELES,UNINCORPORATED,-117.84806598,34.16756192
90136678,2016,2016-03-15,9575,2016-03-10,1009,017354,NA,4,1,6,1925,0,1,3,NA,2,042,SR-134 W/B (VENTURA FREEWAY),JACKSON ST. O/C,50,W,N,A,-,Y,NA,NA,134,NA,NA,NA,NA,NA,W,Y,4,0,1,3,A,-,03,22350,NA,N,C,C,A,A,H,-,A,D,0,NA,NA,NA,NA,Y,NA,A,07,0,0,1,0,0,0,0,0,0,-,-,34.15659,-118.25052,LOS ANGELES,GLENDALE,-118.25052037,34.15645653
90136688,2016,2016-03-15,9580,2016-03-05,1418,020400,NA,6,2,9,1900,0,1,2,NA,2,107,US-101 S/B (VENTURA FREEWAY),PARKWAY CALABASAS,250,N,N,B,-,Y,NA,NA,101,NA,NA,NA,NA,NA,S,Y,4,0,3,4,A,-,03,22350,NA,N,C,C,A,A,H,-,A,D,0,NA,NA,NA,NA,Y,NA,A,07,0,0,3,0,0,0,0,0,0,-,-,34.15249,-118.65434,LOS ANGELES,UNINCORPORATED,-118.65432958,34.15245474
90136701,2016,2016-03-15,9565,2016-03-07,1240,014393,NA,1,1,9,1900,0,3,5,NA,2,002,113TH STREET,LA SALLE AVE,65,E,N,A,-,N,NA,NA,NA,NA,NA,NA,NA,NA,NA,Y,3,0,1,2,A,-,08,22107,NA,N,D,E,A,A,H,-,A,D,0,NA,NA,NA,NA,Y,NA,A,01,0,1,0,0,0,0,0,0,0,-,-,33.93185,-118.30521,LOS ANGELES,UNINCORPORATED,-118.30534615,33.93183746
90136711,2016,2016-03-15,9525,2016-02-26,1800,019495,NA,5,2,5,1906,0,1,1,NA,2,651,I-605 S/B (SAN GABRIEL RIVER FREEWAY),RAMONA BLVD,528,N,N,A,-,Y,NA,NA,605,NA,NA,NA,NA,NA,S,Y,3,0,1,2,A,-,03,22350,NA,N,C,C,A,A,H,-,C,D,0,NA,NA,NA,NA,Y,NA,A,01,0,1,0,0,0,0,0,0,0,-,-,34.078,-117.998,LOS ANGELES,BALDWIN PARK,-117.99817966,34.07801176
90136716,2016,2016-03-15,9535,2016-02-24,1647,021131,NA,3,2,5,1943,0,1,1,NA,2,075,I-710 (LONG BEACH FREEWAY) S/B,I-105,800,S,N,A,-,Y,NA,NA,710,NA,NA,NA,NA,NA,S,N,4,0,2,2,A,-,03,22350,NA,N,C,C,A,A,H,-,A,D,0,NA,NA,NA,NA,Y,NA,A,01,0,0,2,0,0,0,0,0,0,-,-,33.91055,-118.18076,LOS ANGELES,LYNWOOD,-118.18066771,33.91052969
90136737,2016,2016-03-15,9580,2016-03-06,0725,014592,NA,7,1,7,1942,0,1,3,NA,2,115,SR-118 W/B TO I-405 S/B,DEVONSHIRE ST,1000,N,N,B,C,Y,NA,NA,118,NA,NA,NA,R,NA,W,Y,4,0,1,1,A,-,03,22350,NA,N,C,C,A,B,H,-,A,D,0,NA,NA,NA,NA,Y,NA,A,01,0,0,1,0,0,0,0,0,0,-,-,34.26573,-118.47216,LOS ANGELES,LOS ANGELES,-118.47216,34.26573
90136769,2016,2016-03-15,9575,2016-03-14,0947,017751,NA,1,1,6,1925,0,1,3,NA,2,042,SR-134 E/B (VENTURA FREEWAY),GENEVA STREET,528,W,N,B,-,Y,NA,NA,134,NA,NA,NA,NA,NA,E,Y,3,0,1,1,C,-,18,NA,NA,N,E,C,A,A,H,-,A,D,0,NA,NA,NA,NA,Y,NA,-,-,0,1,0,0,0,0,0,0,0,-,-,34.15619,-118.24706,LOS ANGELES,GLENDALE,-118.24706053,34.15629154
90136774,2016,2016-03-15,9535,2016-01-13,1345,021149,NA,3,1,5,1947,0,1,3,NA,2,600,SR-60 (POMONA FREEWAY) E/B,WILCOX AVE,1056,E,N,A,-,Y,NA,NA,60,NA,NA,NA,NA,NA,E,Y,4,0,2,2,A,-,04,21703,NA,N,C,C,A,A,H,-,A,D,0,NA,NA,NA,NA,Y,NA,A,07,0,0,2,0,0,0,0,0,0,-,-,34.03305,-118.12184,LOS ANGELES,MONTEBELLO,-118.12184092,34.03314105
90136782,2016,2016-03-15,9535,2016-02-06,1415,019778,NA,6,2,5,1901,0,1,1,NA,2,420,I-10 (SAN BERNARDINO FREEWAY) E/B,FREMONT AVE,600,E,N,A,-,Y,NA,NA,10,NA,NA,NA,NA,NA,E,N,4,0,2,2,A,-,03,22350,NA,N,C,C,A,A,H,-,A,D,0,NA,NA,NA,NA,Y,NA,D,22,0,0,2,0,0,0,0,0,0,-,-,34.06923,-118.14798,LOS ANGELES,ALHAMBRA,-118.14825482,34.06974754
9013682,2019,2020-02-13,1942,2019-12-17,1620,39473,1723,2,5,7,1942,0,0,0,Q,0,17A23,DE SOTO AV,DEVONSHIRE ST,50,S,N,A,-,N,NA,NA,NA,NA,NA,NA,NA,NA,NA,N,4,0,1,3,A,-,03,22350,NA,N,D,C,A,A,H,-,A,A,0,NA,NA,Y,NA,Y,NA,A,01,0,0,1,0,0,0,0,0,0,-,-,NA,NA,LOS ANGELES,LOS ANGELES,-118.5885772705078,34.25711441040039
9013683,2019,2020-02-14,1942,2019-12-13,0655,38326,1097,5,5,7,1942,0,0,0,J,0,10A99,HAYVENHURST AV,LANAI RD,280,N,N,A,-,N,NA,NA,NA,NA,NA,NA,NA,NA,NA,N,4,0,1,2,A,-,05,21460,A,N,D,C,A,A,H,-,A,D,0,NA,NA,NA,NA,Y,Y,A,01,0,0,1,0,0,0,0,0,0,-,-,NA,NA,LOS ANGELES,LOS ANGELES,-118.49282073974608,34.151702880859375
9013687,2019,2020-02-13,1942,2019-12-17,2205,34561,1035,2,5,7,1942,0,0,0,J,0,10A21,VICTORY BL,LINDLEY AV,0,NA,Y,A,-,N,NA,NA,NA,NA,NA,NA,NA,NA,NA,Y,3,0,2,3,A,-,12,21453,A,N,D,C,A,A,H,-,C,A,0,NA,NA,NA,NA,Y,NA,A,01,0,1,1,0,0,0,0,0,0,-,-,NA,NA,LOS ANGELES,LOS ANGELES,-118.52728271484376,34.18661117553711
90136877,2016,2016-03-15,9550,2016-03-14,1735,021150,NA,1,2,6,1949,0,1,1,NA,2,651,INTERSTATE 605 N/B,ALONDRA BOULEVARD,1000,N,N,A,-,Y,NA,NA,605,NA,NA,NA,NA,NA,N,Y,4,0,1,1,A,-,08,22107,NA,N,E,I,A,A,H,-,A,D,0,NA,NA,NA,NA,Y,NA,A,01,0,0,1,0,0,0,0,0,0,-,-,33.89104,-118.10444,LOS ANGELES,NORWALK,-118.10445819,33.89103943
90136880,2016,2016-03-15,9575,2016-03-04,0434,020526,NA,5,3,7,1942,0,1,1,NA,2,061,I-210 E/B (FOOTHILL FREEWAY),SUNLAND BLVD,100,E,N,A,-,Y,NA,NA,210,NA,NA,NA,NA,NA,E,Y,3,0,1,1,A,-,08,22107,NA,N,E,J,A,A,D,-,C,D,0,NA,NA,NA,NA,Y,NA,A,01,0,1,0,0,0,0,0,0,0,-,-,34.25923,-118.32926,LOS ANGELES,LOS ANGELES,-118.32943072,34.25906111
90136899,2016,2016-03-15,9590,2016-01-10,0140,020997,NA,7,3,7,1942,0,1,1,NA,2,083,I-5 S/B (GOLDEN STATE FREEWAY),CESAR CHAVEZ AVENUE,500,N,N,A,-,Y,NA,NA,5,NA,NA,NA,NA,NA,S,Y,3,0,2,2,A,-,03,22350,NA,N,C,C,A,A,H,-,D,D,0,NA,NA,NA,NA,Y,NA,A,01,0,1,1,0,0,0,0,0,0,-,-,34.08658,-118.23211,LOS ANGELES,LOS ANGELES,-118.23247643,34.08597407
9013690,2019,2020-02-14,1942,2019-12-20,1440,40291,1758,5,5,7,1942,0,0,0,Q,0,17A49,WOODLEY AV,MAYALL ST,0,NA,Y,A,-,N,NA,NA,NA,NA,NA,NA,NA,NA,NA,N,4,0,1,2,A,-,03,22350,NA,N,C,C,A,A,H,-,A,A,0,NA,NA,NA,NA,Y,NA,A,01,0,0,1,0,0,0,0,0,0,-,-,NA,NA,LOS ANGELES,LOS ANGELES,-118.4849090576172,34.25373077392578
90136909,2016,2016-03-15,9575,2016-03-07,0716,018353,NA,1,1,3,1991,0,1,1,NA,2,063,I-210 W/B (FOOTHILL FREEWAY),BERKSHIRE PL,285,W,N,C,-,Y,NA,NA,NA,NA,NA,NA,NA,NA,NA,Y,4,0,1,2,A,-,03,22350,NA,N,B,C,A,B,H,-,A,D,0,NA,NA,NA,NA,Y,NA,D,22,0,0,1,0,0,0,0,0,0,-,-,34.19082,-118.18086,LOS ANGELES,LA CANADA-FLINTRIDGE,-118.1809483,34.19069735
9013691,2019,2020-02-14,1942,2019-12-10,1600,40972,1039,2,5,7,1942,0,0,0,J,0,10A17,VICTORY BL,WOODLEY AV,0,NA,Y,A,-,N,NA,NA,NA,NA,NA,NA,NA,NA,NA,Y,4,0,1,2,A,-,09,21801,A,N,D,C,A,A,H,-,A,A,0,NA,NA,NA,NA,Y,NA,A,07,0,0,1,0,0,0,0,0,0,-,-,NA,NA,LOS ANGELES,LOS ANGELES,-118.48365020751952,34.18661880493164
9013694,2019,2020-02-26,1942,2019-12-19,1455,40972,1761,4,5,7,1942,0,0,0,Q,0,17A23,PLUMMER ST,OWENSMOUTH AV,0,NA,Y,A,-,N,NA,NA,NA,NA,NA,NA,NA,NA,NA,N,3,0,1,2,D,-,00,NA,NA,N,D,G,A,A,H,-,A,A,0,NA,Y,NA,NA,Y,NA,-,-,0,1,0,0,0,0,1,0,0,-,-,NA,NA,LOS ANGELES,LOS ANGELES,-118.60215759277344,34.24272918701172
9013695,2019,2020-02-14,1942,2019-12-11,1135,40141,1004,3,5,7,1942,0,0,0,J,0,10A3,SATICOY ST,ETIWANDA AV,0,NA,Y,A,-,N,NA,NA,NA,NA,NA,NA,NA,NA,NA,Y,4,0,3,2,A,-,12,21453,A,N,D,C,A,A,H,-,A,A,0,NA,NA,NA,NA,Y,NA,-,-,0,0,3,0,0,0,0,0,0,-,-,NA,NA,LOS ANGELES,LOS ANGELES,-118.53172302246094,34.20840072631836
90136952,2016,2016-03-15,9590,2016-01-20,2035,021132,NA,3,2,7,1942,0,1,2,NA,2,072,US-101 NORTHBOUND (HOLLYWOOD FREEWAY),MULHOLLAND DRIVE,1000,S,N,A,-,Y,NA,NA,101,NA,NA,NA,NA,NA,N,N,4,0,1,2,A,-,03,22350,NA,N,C,C,A,A,H,-,C,D,0,NA,NA,NA,NA,Y,NA,A,01,0,0,1,0,0,0,0,0,0,-,-,34.12231,-118.34051,LOS ANGELES,LOS ANGELES,-118.34050939,34.12231071
90136964,2016,2016-03-15,9575,2016-03-09,2345,021047,NA,3,3,9,1900,0,1,3,NA,2,301,SR-2 (ANGELES CREST HIGHWAY),ANGELES FOREST HWY,4382,E,N,A,-,Y,NA,NA,2,NA,NA,NA,NA,NA,NA,Y,4,0,2,1,A,-,03,22350,NA,N,E,I,A,A,H,-,D,D,0,NA,NA,NA,NA,Y,NA,A,01,0,0,2,0,0,0,0,0,0,-,-,34.26838,-118.13993,LOS ANGELES,UNINCORPORATED,-118.13984777,34.26843978
9013698,2019,2020-02-14,1942,2019-12-19,1600,42029,1775,4,5,7,1942,0,0,0,Q,0,17A95,NORDHOFF ST,AMESTOY AV,0,NA,Y,A,-,N,NA,NA,NA,NA,NA,NA,NA,NA,NA,Y,4,0,2,2,A,-,12,21453,A,N,D,C,A,A,H,-,A,A,0,NA,NA,NA,NA,Y,NA,A,07,0,0,2,0,0,0,0,0,0,-,-,NA,NA,LOS ANGELES,LOS ANGELES,-118.50692749023438,34.23575973510742
9013699,2019,2020-02-14,1942,2019-12-10,1603,38956,1008,2,5,7,1942,0,0,0,J,0,10A17,SATICOY ST,BALBOA BL,0,NA,Y,A,-,N,NA,NA,NA,NA,NA,NA,NA,NA,NA,Y,3,0,1,2,A,-,00,20015,A,N,A,D,A,A,H,-,A,A,0,NA,NA,NA,NA,Y,NA,-,-,0,1,0,0,0,0,0,0,0,-,-,NA,NA,LOS ANGELES,LOS ANGELES,-118.50115966796876,34.20841979980469
90136995,2016,2016-03-15,9580,2016-03-06,0144,020828,NA,7,3,7,1942,0,1,3,NA,2,170,SR-170 N/B (HOLLYWOOD FWY.),MAGNOLIA AVE,350,N,N,B,C,Y,NA,NA,170,NA,NA,NA,NA,NA,N,Y,3,0,1,1,A,-,03,22350,NA,N,E,I,A,B,H,-,C,D,0,NA,NA,NA,NA,Y,NA,A,01,0,1,0,0,0,0,0,0,0,-,-,34.15921,-118.37986,LOS ANGELES,LOS ANGELES,-118.38004492,34.15912897
90137002,2016,2016-03-15,9550,2016-03-09,1830,021177,NA,3,2,5,1908,0,1,3,NA,2,091,STATE ROUTE 91 W/B (ARTESIA FREEWAY),INTERSTATE 605,2500,W,N,A,-,Y,NA,NA,91,NA,NA,NA,NA,NA,W,Y,4,0,1,3,A,-,03,22350,NA,N,C,C,A,A,H,-,C,D,0,NA,NA,NA,NA,Y,NA,A,01,0,0,1,0,0,0,0,0,0,-,-,33.87712,-118.11094,LOS ANGELES,BELLFLOWER,-118.11093993,33.87708974
90137003,2016,2016-03-15,9590,2016-01-29,0845,017878,NA,5,1,7,1942,0,1,3,NA,2,095,SR-2 W/B (GLF) TO I-5 S/B (GSF),NEWELL STREET,200,N,N,A,-,Y,NA,NA,NA,NA,NA,NA,NA,NA,NA,Y,4,0,1,2,A,-,03,22350,NA,N,B,C,A,A,H,-,A,D,0,NA,NA,Y,NA,Y,NA,C,02,0,0,1,0,0,0,0,0,1,-,-,34.09917,-118.24801,LOS ANGELES,LOS ANGELES,NA,NA
90137028,2016,2016-03-15,9580,2016-03-06,0215,020811,NA,7,3,7,1942,0,1,1,NA,2,405,I-405 S/B TO HASKELL AVE.,VICTORY BLVD,1000,N,N,B,C,Y,NA,NA,405,NA,NA,NA,R,NA,S,Y,4,0,1,1,A,-,03,22350,NA,N,E,I,A,B,H,-,C,D,0,NA,NA,NA,NA,Y,NA,A,01,0,0,1,0,0,0,0,0,0,-,-,34.18942,-118.47475,LOS ANGELES,LOS ANGELES,-118.47475,34.18942
9013703,2019,2020-02-14,1942,2019-12-07,1930,38832,1007,6,5,7,1942,0,0,0,J,0,10EL4,AMESTOY,SATICOY,5,N,N,B,-,N,NA,NA,NA,NA,NA,NA,NA,NA,NA,Y,4,0,2,2,A,-,03,22350,NA,N,D,C,A,B,H,-,C,D,0,NA,NA,NA,NA,Y,NA,-,NA,0,0,2,0,0,0,0,0,0,-,-,NA,NA,LOS ANGELES,LOS ANGELES,-118.50547790527344,34.20843505859375
9013704,2019,2020-02-13,1955,2019-12-17,2130,42261,21,2,5,6,1955,0,0,0,NA,0,002,TOWNE AV,SAN ANTONIO AV,0,NA,Y,A,-,N,NA,NA,NA,NA,NA,NA,NA,NA,NA,Y,4,0,1,2,A,-,09,21453,C,N,D,C,A,A,H,-,C,A,0,NA,NA,NA,NA,Y,NA,A,01,0,0,1,0,0,0,0,0,0,-,-,NA,NA,LOS ANGELES,POMONA,-117.73722076416016,34.08721923828125
9013706,2019,2020-03-03,1942,2019-12-13,1520,43564,1764,5,5,7,1942,0,0,0,Q,0,17X64W,TAMPA AV,NORTHRIDGE FASHION CTR,150,S,N,A,-,N,NA,NA,NA,NA,NA,NA,NA,NA,NA,N,4,0,4,2,A,-,09,21801,A,N,A,C,A,A,H,-,A,D,0,NA,NA,NA,NA,Y,NA,A,01,0,0,4,0,0,0,0,0,0,-,-,NA,NA,LOS ANGELES,LOS ANGELES,NA,NA
9013707,2019,2020-02-14,1942,2019-12-07,1250,37875,1025,6,5,7,1942,0,0,0,J,0,10X1,VANOWEN ST,DARBY,0,NA,Y,B,C,N,NA,NA,NA,NA,NA,NA,NA,NA,NA,N,4,0,1,2,A,-,09,21804,A,N,D,D,A,B,H,-,A,D,0,NA,NA,NA,NA,Y,NA,-,NA,0,0,1,0,0,0,0,0,0,-,-,NA,NA,LOS ANGELES,LOS ANGELES,-118.53353118896484,34.19384002685547
90137070,2016,2016-03-15,9565,2016-03-09,1320,020468,NA,3,1,5,1928,0,1,1,NA,2,010,I-105 E/B (CENTURY FREEWAY),PRAIRIE AVE,50,W,N,A,-,Y,NA,NA,105,NA,NA,NA,NA,NA,E,Y,4,0,1,2,A,-,03,22350,NA,N,C,C,A,A,H,-,A,D,0,NA,NA,NA,NA,Y,NA,D,22,0,0,1,0,0,0,0,0,0,-,-,33.92954,-118.34394,LOS ANGELES,HAWTHORNE,-118.34381371,33.92972079
9013708,2019,2020-02-13,1955,2019-12-20,1849,42042,49,5,5,6,1955,0,0,0,NA,0,001,HOLT AV,WHITE AV,67,W,N,A,-,N,NA,NA,NA,NA,NA,NA,NA,NA,NA,Y,3,0,1,3,A,-,08,22107,NA,N,C,E,A,A,H,-,C,D,0,NA,NA,NA,NA,Y,NA,A,01,0,1,0,0,0,0,0,0,0,-,-,NA,NA,LOS ANGELES,POMONA,-117.75924682617188,34.062171936035156
9013709,2019,2020-02-27,1900,2019-12-20,1600,616386,2221,5,5,3,1994,0,0,0,NA,0,222A,KANAN RD,HILLRISE DR,0,NA,Y,A,-,N,NA,NA,NA,NA,NA,NA,NA,NA,NA,N,4,0,1,2,A,-,04,21703,NA,N,C,C,A,A,H,-,A,A,0,NA,NA,NA,NA,Y,NA,A,07,0,0,1,0,0,0,0,0,0,-,-,NA,NA,LOS ANGELES,AGOURA HILLS,-118.75914001464844,34.15053176879883
9013710,2019,2020-02-14,1942,2019-12-16,1700,40857,1701,1,5,7,1942,0,0,0,Q,0,17X22,MASON AV,RINALDI ST,0,NA,Y,A,-,N,NA,NA,NA,NA,NA,NA,NA,NA,NA,Y,3,0,2,2,A,-,09,21801,A,N,A,C,A,A,H,-,C,A,0,NA,NA,NA,NA,Y,NA,A,01,0,1,1,0,0,0,0,0,0,-,-,NA,NA,LOS ANGELES,LOS ANGELES,-118.57875823974608,34.27473068237305
9013711,2019,2020-02-14,1942,2019-12-06,0730,44051,1075,5,5,7,1942,0,0,0,J,0,10A39,VENTURA BL,NESTLE AV,5,W,N,A,-,N,NA,NA,NA,NA,NA,NA,NA,NA,NA,N,4,0,1,2,A,-,10,21950,A,N,G,B,B,A,H,-,A,A,0,Y,NA,NA,NA,Y,NA,A,01,0,0,1,0,1,0,0,0,0,-,-,NA,NA,LOS ANGELES,LOS ANGELES,-118.52978515625,34.166255950927734
90137111,2016,2016-03-15,9565,2016-03-03,0820,019556,NA,4,1,9,1900,0,1,1,NA,2,012,I-105 W/B,WESTERN AVE,200,E,N,A,-,Y,NA,NA,105,NA,NA,NA,NA,NA,W,N,4,0,1,3,A,-,03,22350,NA,N,C,C,A,A,H,-,A,D,0,NA,NA,NA,NA,Y,NA,A,07,0,0,1,0,0,0,0,0,0,-,-,33.92594,-118.30832,LOS ANGELES,UNINCORPORATED,-118.30832025,33.92594148
9013712,2019,2020-02-13,1955,2019-12-03,1446,42602,0089,2,5,6,1955,0,0,0,NA,0,004,PHILLIPS BL,SAN ANTONIO AV,27,E,N,A,-,N,NA,NA,NA,NA,NA,NA,NA,NA,NA,Y,4,0,1,2,A,-,03,22350,NA,N,C,C,A,A,H,-,A,D,0,NA,NA,NA,NA,Y,NA,A,01,0,0,1,0,0,0,0,0,0,-,-,NA,NA,LOS ANGELES,POMONA,-117.73648834228516,34.044532775878906
9013713,2019,2020-02-13,1942,2019-12-01,1115,40289,0469,7,5,7,1942,0,0,0,D,0,4A59,CESAR E CHAVEZ AV,LORENA ST,0,NA,Y,B,-,N,NA,NA,NA,NA,NA,NA,NA,NA,NA,Y,4,0,2,2,A,-,09,21801,A,N,D,C,A,A,H,-,A,D,0,NA,NA,NA,NA,Y,NA,A,01,0,0,2,0,0,0,0,0,0,-,-,NA,NA,LOS ANGELES,LOS ANGELES,-118.19303894042967,34.04029846191406
90137134,2015,2016-03-15,9535,2015-12-30,1430,019135,NA,3,2,3,1914,0,1,1,NA,2,500,I-5 (SANTA ANA FREEWAY) N/B,SIMMONS R/R O/C,400,N,N,A,-,Y,NA,NA,5,NA,NA,NA,NA,NA,N,N,4,0,1,2,A,-,03,22350,NA,N,C,C,A,A,H,-,A,D,0,NA,NA,NA,NA,Y,NA,A,01,0,0,1,0,0,0,0,0,0,-,-,33.99008,-118.13994,LOS ANGELES,COMMERCE,-118.13988888,33.99012856
9013714,2019,2020-02-14,1942,2019-12-18,2120,32774,1792,3,5,7,1942,0,0,0,Q,0,10A3,TAMPA AV,ROSCOE BL,63,N,N,A,-,N,NA,NA,NA,NA,NA,NA,NA,NA,NA,Y,3,0,2,1,A,-,03,22350,NA,N,E,I,A,A,H,-,C,D,0,NA,NA,NA,NA,Y,NA,A,01,0,2,0,0,0,0,0,0,0,-,-,NA,NA,LOS ANGELES,LOS ANGELES,-118.5535125732422,34.22065353393555