CASE_ID,ACCIDENT_YEAR,PROC_DATE,JURIS,COLLISION_DATE,COLLISION_TIME,OFFICER_ID,REPORTING_DISTRICT,DAY_OF_WEEK,CHP_SHIFT,POPULATION,CNTY_CITY_LOC,SPECIAL_COND,BEAT_TYPE,CHP_BEAT_TYPE,CITY_DIVISION_LAPD,CHP_BEAT_CLASS,BEAT_NUMBER,PRIMARY_RD,SECONDARY_RD,DISTANCE,DIRECTION,INTERSECTION,WEATHER_1,WEATHER_2,STATE_HWY_IND,CALTRANS_COUNTY,CALTRANS_DISTRICT,STATE_ROUTE,ROUTE_SUFFIX,POSTMILE_PREFIX,POSTMILE,LOCATION_TYPE,RAMP_INTERSECTION,SIDE_OF_HWY,TOW_AWAY,COLLISION_SEVERITY,NUMBER_KILLED,NUMBER_INJURED,PARTY_COUNT,PRIMARY_COLL_FACTOR,PCF_CODE_OF_VIOL,PCF_VIOL_CATEGORY,PCF_VIOLATION,PCF_VIOL_SUBSECTION,HIT_AND_RUN,TYPE_OF_COLLISION,MVIW,PED_ACTION,ROAD_SURFACE,ROAD_COND_1,ROAD_COND_2,LIGHTING,CONTROL_DEVICE,CHP_ROAD_TYPE,PEDESTRIAN_ACCIDENT,BICYCLE_ACCIDENT,MOTORCYCLE_ACCIDENT,TRUCK_ACCIDENT,NOT_PRIVATE_PROPERTY,ALCOHOL_INVOLVED,STWD_VEHTYPE_AT_FAULT,CHP_VEHTYPE_AT_FAULT,COUNT_SEVERE_INJ,COUNT_VISIBLE_INJ,COUNT_COMPLAINT_PAIN,COUNT_PED_KILLED,COUNT_PED_INJURED,COUNT_BICYCLIST_KILLED,COUNT_BICYCLIST_INJURED,COUNT_MC_KILLED,COUNT_MC_INJURED,PRIMARY_RAMP,SECONDARY_RAMP,LATITUDE,LONGITUDE,COUNTY,CITY,POINT_X,POINT_Y
90144910,2016,2016-03-28,9535,2016-02-06,1320,017598,NA,6,1,4,1907,0,1,1,NA,2,072,I-710 (LONG BEACH FREEWAY) N/B,FLORENCE AVE,500,S,N,A,-,Y,NA,NA,710,NA,NA,NA,NA,NA,N,Y,4,0,1,2,A,-,07,21658,A,N,B,C,A,A,H,-,A,D,0,NA,NA,NA,NA,Y,NA,-,-,0,0,1,0,0,0,0,0,0,-,-,33.96134,-118.17022,LOS ANGELES,BELL,-118.1698433,33.96128778
90144914,2016,2016-03-28,9525,2016-03-23,2029,016677,NA,3,2,5,1990,0,1,3,NA,2,602,SR-60 E/B (POMONA FREEWAY),BREA CANYON RD.,1400,W,N,A,-,Y,NA,NA,60,NA,NA,NA,NA,NA,E,Y,4,0,2,2,A,-,03,22350,NA,N,C,C,A,A,H,-,C,D,0,NA,NA,NA,NA,Y,NA,A,01,0,0,2,0,0,0,0,0,0,-,-,33.9996,-117.8493,LOS ANGELES,DIAMOND BAR,-117.84929703,33.99958308
90144921,2016,2016-03-28,9575,2016-03-17,1330,017491,NA,4,1,6,1912,0,1,3,NA,2,044,SR-134 W/B (VENTURA FREEWAY),ALAMEDA AVENUE O/C,50,W,N,A,-,Y,NA,NA,134,NA,NA,NA,NA,NA,W,Y,4,0,1,2,A,-,03,22350,NA,N,C,C,A,A,H,-,A,A,0,NA,NA,NA,NA,Y,NA,A,07,0,0,1,0,0,0,0,0,0,-,-,34.15406,-118.34176,LOS ANGELES,BURBANK,-118.34177616,34.15394843
90144927,2016,2016-03-28,9575,2016-03-05,2115,021006,NA,6,2,7,1942,0,1,1,NA,2,050,N/B I-5 FROM COLORADO STREET EXTENSION,EDENHUSRT AVENUE,350,W,N,C,-,Y,NA,NA,5,NA,NA,NA,R,NA,NA,Y,4,0,1,2,A,-,03,22350,NA,N,C,C,A,B,H,-,C,D,0,NA,NA,NA,NA,Y,NA,A,01,0,0,1,0,0,0,0,0,0,-,-,34.14096,-118.2765,LOS ANGELES,LOS ANGELES,-118.2765,34.14096
90144928,2016,2016-03-28,9535,2016-03-14,0510,020943,NA,1,3,5,1952,0,1,1,NA,2,075,I-710 S/B TO ROSECRANS AVE.,ROSECRANS AVE.,150,N,N,B,-,Y,NA,NA,710,NA,NA,NA,R,NA,S,N,3,0,1,1,A,-,08,22107,NA,N,E,I,A,B,H,-,C,D,0,NA,NA,NA,NA,Y,NA,A,01,0,1,0,0,0,0,0,0,0,-,-,33.90417,-118.18671,LOS ANGELES,PARAMOUNT,-118.18671,33.90417
90144948,2016,2016-03-28,9550,2016-03-25,0830,015449,NA,5,1,6,1949,0,1,1,NA,2,500,I-5 N/B (SANTA ANA FREEWAY),ROSECRANS AVE.,750,N,N,A,-,Y,NA,NA,5,NA,NA,NA,NA,NA,N,N,4,0,1,2,A,-,21,22106,NA,N,C,C,A,A,D,-,A,D,0,NA,NA,NA,NA,Y,NA,A,07,0,0,1,0,0,0,0,0,0,-,-,33.90633,-118.06621,LOS ANGELES,NORWALK,-118.06625536,33.906284
90144960,2016,2016-05-09,9530,2016-02-19,0740,020523,NA,5,1,9,1900,0,3,5,NA,2,002,124TH ST.,WILMINGTON AVE.,8,E,N,A,-,N,NA,NA,NA,NA,NA,NA,NA,NA,NA,N,4,0,3,4,A,-,10,21950,A,N,G,B,B,A,H,-,A,A,0,Y,NA,NA,NA,Y,NA,A,01,0,0,3,0,3,0,0,0,0,-,-,33.9198,-118.2388,LOS ANGELES,UNINCORPORATED,-118.23912368,33.91984
90144961,2016,2016-03-28,9575,2016-03-06,0230,020995,NA,7,3,6,1953,0,1,1,NA,2,065,I-210 W/B (FOOTHILL FREEWAY),MADRE ST.,1000,W,N,C,-,Y,NA,NA,210,NA,NA,NA,NA,NA,W,Y,3,0,1,1,A,-,03,22350,NA,N,E,I,A,B,H,-,D,D,0,NA,NA,NA,Y,Y,NA,G,25,0,1,0,0,0,0,0,0,0,-,-,34.15182,-118.09151,LOS ANGELES,PASADENA,-118.09144022,34.15199848
9014498,2019,2020-01-14,1900,2019-11-28,1020,473596,2612,4,5,6,1950,0,0,0,NA,0,264T1,RANCHO VISTA BL / AVE P,MALL RING RD,290,W,N,D,-,N,NA,NA,NA,NA,NA,NA,NA,NA,NA,Y,3,0,1,1,A,-,07,21658,A,N,E,I,A,C,H,-,A,D,0,NA,NA,NA,NA,Y,NA,D,22,0,1,0,0,0,0,0,0,0,-,-,34.601810455322266,-118.15326690673828,LOS ANGELES,PALMDALE,-118.15524291992188,34.601837158203125
90144981,2016,2016-03-28,9550,2016-03-19,0315,021110,NA,6,3,9,1900,0,2,4,NA,1,013,NORWALK BOULEVARD NB,RIVERA RD.,146,N,N,A,-,N,NA,NA,NA,NA,NA,NA,NA,NA,NA,Y,3,0,1,1,A,-,08,22107,NA,N,E,I,A,A,H,-,C,D,0,NA,NA,NA,NA,Y,NA,A,07,0,1,0,0,0,0,0,0,0,-,-,33.96358,-118.0704,LOS ANGELES,UNINCORPORATED,-118.07048539,33.96378924
90144984,2016,2016-03-28,9535,2016-03-14,1449,017722,NA,1,2,5,1959,0,1,1,NA,2,400,I-10 E/B (SAN BERNARDINO FWY.),BALDWIN BLVD.,800,W,N,B,-,Y,NA,NA,10,NA,NA,NA,NA,NA,E,N,4,0,2,2,A,-,03,22350,NA,N,C,C,A,A,H,-,A,D,0,NA,NA,NA,NA,Y,NA,A,01,0,0,2,0,0,0,0,0,0,-,-,34.0722,-118.06196,LOS ANGELES,ROSEMEAD,-118.06196016,34.0722221
90144988,2016,2016-03-28,9525,2016-03-11,1645,021156,NA,5,2,9,1900,0,2,4,NA,2,045,VALLEY BLVD,5TH AVE,0,NA,Y,A,-,N,NA,NA,NA,NA,NA,NA,NA,NA,NA,Y,4,0,1,2,A,-,09,21801,A,N,D,C,A,B,H,-,A,D,0,NA,NA,NA,NA,Y,NA,A,07,0,0,1,0,0,0,0,0,0,-,-,34.0397,-117.98199,LOS ANGELES,UNINCORPORATED,-117.98177012,34.03972007
90144992,2016,2016-03-28,9590,2016-03-24,0230,021236,NA,4,3,7,1942,0,1,1,NA,2,051,I-110 S/B (HARBOR FREEWAY),FLORENCE AVE,1278,N,N,A,-,Y,NA,NA,110,NA,NA,NA,NA,NA,S,Y,3,0,2,2,A,-,01,23152,A,F,C,C,A,A,H,-,C,D,0,NA,NA,NA,NA,Y,Y,A,01,0,1,1,0,0,0,0,0,0,-,-,33.97857,-118.28107,LOS ANGELES,LOS ANGELES,-118.28093036,33.9785699
90145022,2016,2016-03-28,9525,2016-03-11,1900,021156,NA,5,2,9,1900,0,2,4,NA,2,045,VALLEY BLVD. (13800 BLOCK),PUENTE AVE,900,E,N,A,-,N,NA,NA,NA,NA,NA,NA,NA,NA,NA,Y,4,0,2,3,A,-,09,21804,A,N,B,C,A,B,H,-,D,D,0,NA,NA,NA,NA,Y,NA,A,01,0,0,2,0,0,0,0,0,0,-,-,34.04364,-117.9873,LOS ANGELES,UNINCORPORATED,-117.98631932,34.04283392
90145040,2016,2016-03-28,9535,2016-03-14,1405,019778,NA,1,2,3,1914,0,1,1,NA,2,501,I-5 (SANTA ANA FREEWAY) S/B,WASHINGTON BLVD,250,N,N,A,-,Y,NA,NA,5,NA,NA,NA,NA,NA,S,N,4,0,1,2,A,-,03,22350,NA,M,C,C,A,A,H,-,A,D,0,NA,NA,NA,NA,Y,NA,A,01,0,0,1,0,0,0,0,0,0,-,-,33.99781,-118.14695,LOS ANGELES,COMMERCE,-118.14697147,33.99779622
90145057,2016,2016-03-28,9535,2016-03-15,0555,015632,NA,2,3,5,1959,0,1,1,NA,2,401,I-10 (SAN BERNARDINO FREEWAY) W/B,SR-164 (ROSEMEAD BLVD),15,E,N,A,-,Y,NA,NA,10,NA,NA,NA,NA,NA,W,Y,4,0,1,2,A,-,03,22350,NA,N,C,C,A,A,H,-,D,D,0,NA,NA,NA,NA,Y,NA,A,01,0,0,1,0,0,0,0,0,0,-,-,34.07239,-118.07663,LOS ANGELES,ROSEMEAD,-118.07662954,34.07236485
9014506,2019,2020-01-14,1900,2019-11-25,1750,544121,2603,1,5,6,1950,0,0,0,NA,0,264T1,PEARBLOSSOM HWY,42ND ST EAST,0,NA,Y,A,-,N,NA,NA,NA,NA,NA,NA,NA,NA,NA,N,4,0,2,2,A,-,03,22350,NA,N,C,C,A,A,E,-,C,D,0,NA,NA,NA,NA,Y,NA,D,22,0,0,2,0,0,0,0,0,0,-,-,NA,NA,LOS ANGELES,PALMDALE,-118.0541534423828,34.54273986816406
90145068,2016,2016-03-28,9565,2016-03-14,1300,020796,NA,1,1,7,1942,0,1,S,NA,2,001,I-10 E/B (SANTA MONICA FWY),SAWTELLE BLVD,500,W,N,A,-,Y,NA,NA,10,NA,NA,NA,NA,NA,E,N,4,0,1,3,A,-,03,22350,NA,N,C,C,A,A,H,-,A,D,0,NA,NA,NA,NA,Y,NA,A,08,0,0,1,0,0,0,0,0,0,-,-,34.03012,-118.44008,LOS ANGELES,LOS ANGELES,-118.4401024,34.03027764
90145069,2016,2016-03-28,9535,2016-03-13,2330,020851,NA,7,3,9,1900,0,3,5,NA,2,002,GERHART AVE. (700 BLOCK),HUBBARD ST,280,S,N,A,-,N,NA,NA,NA,NA,NA,NA,NA,NA,NA,N,4,0,1,2,A,-,08,22107,NA,N,A,C,A,A,H,-,C,D,0,NA,NA,NA,NA,Y,NA,A,01,0,0,1,0,0,0,0,0,0,-,-,34.0201,-118.1471,LOS ANGELES,UNINCORPORATED,-118.14685886,34.01976622
90145072,2016,2016-03-28,9535,2016-03-22,1905,019778,NA,2,2,5,1943,0,1,1,NA,2,105,I-105 (CENTURY FREEWAY) W/B,I-710,100,W,N,A,-,Y,NA,NA,105,NA,NA,NA,NA,NA,W,N,4,0,3,3,A,-,04,21703,NA,N,C,C,A,A,H,-,B,D,0,NA,NA,NA,NA,Y,NA,A,07,0,0,3,0,0,0,0,0,0,-,-,33.91431,-118.18361,LOS ANGELES,LYNWOOD,-118.18363373,33.91424046
9014510,2019,2020-01-06,1900,2019-11-25,1140,545759,2608,1,5,6,1950,0,0,0,NA,0,263T1,25TH ST EAST,PALMDALE BL,0,NA,Y,A,-,N,NA,NA,NA,NA,NA,NA,NA,NA,NA,Y,3,0,2,4,A,-,12,21453,A,N,D,C,A,A,H,-,A,A,0,NA,NA,NA,NA,Y,NA,D,22,0,1,1,0,0,0,0,0,0,-,-,34.58005142211914,-118.08518981933594,LOS ANGELES,PALMDALE,-118.08511352539064,34.58013916015625
90145133,2016,2016-03-28,9530,2016-02-07,0200,021089,NA,7,3,9,1900,0,3,5,NA,2,002,BROADWAY,135TH ST.,0,NA,Y,A,-,N,NA,NA,NA,NA,NA,NA,NA,NA,NA,Y,3,0,1,2,A,-,12,21453,A,N,D,C,A,A,H,-,C,A,0,NA,NA,NA,NA,Y,NA,A,01,0,1,0,0,0,0,0,0,0,-,-,33.90919,-118.27831,LOS ANGELES,UNINCORPORATED,-118.27841012,33.90916006
90145136,2016,2016-03-28,9535,2016-03-16,1525,020033,NA,3,2,4,1907,0,1,1,NA,2,073,I-710 S/B (LONG BEACH FWY),ATLANTIC BLVD,700,S,N,A,-,Y,NA,NA,710,NA,NA,NA,NA,NA,S,N,4,0,1,2,A,-,03,22350,NA,N,C,C,A,A,H,-,A,D,0,NA,NA,NA,Y,Y,NA,G,25,0,0,1,0,0,0,0,0,0,-,-,33.99798,-118.17702,LOS ANGELES,BELL,-118.17671864,33.99786023
90145142,2016,2016-03-28,9575,2016-03-16,2050,020729,NA,3,2,9,1900,0,2,4,NA,2,012,FOOTHILL BOULEVARD,LA CRESCENTA AVENUE,0,NA,Y,A,-,N,NA,NA,NA,NA,NA,NA,NA,NA,NA,Y,4,0,1,2,A,-,12,21453,A,N,D,C,A,A,H,-,C,A,0,NA,NA,NA,NA,Y,NA,-,-,0,0,1,0,0,0,0,0,0,-,-,34.2241,-118.23996,LOS ANGELES,UNINCORPORATED,-118.23992013,34.22415011
90145149,2016,2016-03-28,9550,2016-03-14,1305,019939,NA,1,1,9,1900,0,1,3,NA,2,600,STATE ROUTE 60 W/B (POMONA FREEWAY),HACIENDA BOULEVARD,2500,W,N,A,-,Y,NA,NA,60,NA,NA,NA,NA,NA,W,Y,4,0,3,4,A,-,08,22107,NA,N,B,C,A,A,H,-,A,D,0,NA,NA,NA,Y,Y,NA,A,01,0,0,3,0,0,0,0,0,0,-,-,34.0134,-117.982,LOS ANGELES,UNINCORPORATED,-117.98202463,34.01337046
90145164,2016,2016-03-28,9575,2016-03-17,1440,020620,NA,4,2,9,1900,0,1,1,NA,2,062,I-210 E/B (FOOTHILL FWY),BRIGGS AVE.,98,E,N,A,-,Y,NA,NA,210,NA,NA,NA,NA,NA,E,Y,3,0,1,2,A,-,07,21658,A,N,B,C,A,A,H,-,A,D,0,NA,NA,NA,Y,Y,NA,A,01,0,1,0,0,0,0,0,0,0,-,-,34.21294,-118.23055,LOS ANGELES,UNINCORPORATED,-118.23056111,34.21291814
90145177,2016,2016-03-28,9535,2016-03-16,1140,016021,NA,3,1,9,1900,0,1,1,NA,2,500,I-5 (SANTA ANA FREEWAY) N/B,DOWNEY RD,1056,N,N,A,-,Y,NA,NA,5,NA,NA,NA,NA,NA,N,Y,3,0,1,3,A,-,03,22350,NA,M,C,C,A,A,H,-,A,D,0,NA,NA,NA,NA,Y,NA,A,01,0,1,0,0,0,0,0,0,0,-,-,34.02024,-118.18358,LOS ANGELES,UNINCORPORATED,-118.18358006,34.02023689
9014518,2019,2020-01-03,1900,2019-10-13,2345,544121,2608,7,5,6,1950,0,0,0,NA,0,263T1,20TH ST,GABLE VIEW ST,0,NA,Y,A,-,N,NA,NA,NA,NA,NA,NA,NA,NA,NA,Y,4,0,1,1,A,-,08,22107,NA,N,A,I,A,A,H,-,C,A,0,NA,NA,NA,NA,Y,NA,D,22,0,0,1,0,0,0,0,0,0,-,-,34.33359909057617,-118.53800201416016,LOS ANGELES,PALMDALE,-118.09390258789064,34.56013107299805
90145180,2016,2016-03-28,9525,2016-03-24,1012,012772,NA,4,1,9,1900,0,2,4,NA,2,045,VALLEY BLVD (15000 BLK),9TH AVE,157,E,N,A,-,N,NA,NA,NA,NA,NA,NA,NA,NA,NA,Y,3,0,3,4,A,-,03,22350,NA,N,C,E,A,A,H,-,A,D,0,NA,NA,NA,NA,Y,NA,A,01,0,1,2,0,0,0,0,0,0,-,-,34.02973,-117.96751,LOS ANGELES,UNINCORPORATED,-117.96739292,34.02973553
90145186,2016,2016-03-28,9575,2016-03-16,1800,020729,NA,3,2,9,1900,0,2,4,NA,2,320,ANGELES FOREST HIGHWAY,BIG TUJUNGA CANYON ROAD,2112,S,N,A,-,N,NA,NA,NA,NA,NA,NA,NA,NA,NA,Y,3,0,1,1,A,-,03,22350,NA,N,F,A,A,A,H,-,A,D,0,NA,NA,Y,NA,Y,NA,C,02,0,1,0,0,0,0,0,0,1,-,-,34.29522,-118.16768,LOS ANGELES,UNINCORPORATED,-118.16677624,34.29519065
90145202,2016,2016-03-28,9535,2016-03-18,1620,019857,NA,5,2,9,1900,0,2,4,NA,2,024,WHITTIER BLVD. (4200 BLOCK),BRANNICK AVE.,85,W,N,A,-,N,NA,NA,NA,NA,NA,NA,NA,NA,NA,N,4,0,1,2,A,-,07,21658,A,N,B,C,A,A,H,-,A,D,0,NA,NA,NA,NA,Y,NA,A,07,0,0,1,0,0,0,0,0,0,-,-,34.02387,-118.17838,LOS ANGELES,UNINCORPORATED,-118.17830992,34.02394726
90145212,2016,2016-03-28,9535,2016-03-01,1340,019125,NA,2,1,5,1948,0,1,3,NA,2,620,SR-60 (POMONA FREEWAY) E/B,PARAMOUNT BLVD,130,W,N,A,-,Y,NA,NA,NA,NA,NA,NA,NA,NA,NA,N,4,0,2,4,A,-,03,22350,NA,N,C,C,A,A,H,-,A,D,0,NA,NA,NA,NA,Y,NA,A,01,0,0,2,0,0,0,0,0,0,-,-,34.03785,-118.09261,LOS ANGELES,MONTEREY PARK,-118.09335192,34.03582274
90145215,2016,2016-03-28,9525,2016-01-29,1450,019491,NA,5,2,9,1900,0,3,5,NA,2,002,LARK ELLEN AVENUE (5000 N. BLOCK),GRAGMONT STREET,0,NA,Y,A,-,N,NA,NA,NA,NA,NA,NA,NA,NA,NA,Y,4,0,4,2,A,-,09,21802,A,N,D,C,A,A,H,-,A,A,0,NA,NA,NA,NA,Y,NA,A,01,0,0,4,0,0,0,0,0,0,-,-,34.10501,-117.91701,LOS ANGELES,UNINCORPORATED,-117.91677006,34.10479011
90145217,2016,2016-03-28,9525,2016-03-19,1330,020114,NA,6,1,4,1905,0,1,1,NA,2,203,I-210 W/B (FOOTHILL FREEWAY),VERNON AVE,1056,E,N,A,-,Y,NA,NA,NA,NA,NA,NA,NA,NA,NA,Y,3,0,2,2,A,-,03,22350,NA,N,C,C,A,A,H,-,A,D,0,NA,NA,NA,NA,Y,NA,A,01,0,1,1,0,0,0,0,0,0,-,-,34.00116,-117.83991,LOS ANGELES,AZUSA,-117.91411,34.12451
90145218,2016,2016-03-28,9565,2016-03-06,0805,021134,NA,7,1,9,1900,0,2,4,NA,2,022,NORMANDIE AVE,99TH ST,40,S,N,A,-,N,NA,NA,NA,NA,NA,NA,NA,NA,NA,Y,4,0,1,2,A,-,09,21804,A,F,D,C,A,A,H,-,A,D,0,NA,NA,NA,NA,Y,NA,A,01,0,0,1,0,0,0,0,0,0,-,-,33.94585,-118.30026,LOS ANGELES,UNINCORPORATED,-118.30027577,33.9458404
90145229,2016,2016-03-28,9590,2016-01-30,1745,021101,NA,6,2,7,1942,0,1,1,NA,2,062,I-10 E/B (SANTA MONICA FREEWAY),HOOVER STREET,700,W,N,A,-,Y,NA,NA,10,NA,NA,NA,NA,NA,E,Y,3,0,2,2,A,-,07,21658,A,N,B,C,A,A,H,-,C,D,0,NA,NA,NA,NA,Y,NA,A,01,0,1,1,0,0,0,0,0,0,-,-,34.03732,-118.28352,LOS ANGELES,LOS ANGELES,-118.28348573,34.03715161
90145231,2016,2016-03-28,9590,2016-02-06,0215,021101,NA,6,3,7,1942,0,1,1,NA,2,014,SR-110 N/B (ARROYO SECO PARKWAY),ARROYO DRIVE,500,S,N,A,-,Y,NA,NA,NA,NA,NA,NA,NA,NA,NA,Y,4,0,1,1,A,-,08,22107,NA,N,E,I,A,A,H,-,C,D,0,NA,NA,NA,NA,Y,NA,A,01,0,0,1,0,0,0,0,0,0,-,-,34.11908,-118.16242,LOS ANGELES,LOS ANGELES,-118.16708696,34.11802994
90145242,2016,2016-03-28,9590,2016-02-14,1215,017520,NA,7,1,7,1942,0,1,1,NA,2,050,I-110 N/B (HAF),CENTURY BLVD,20,N,N,A,-,Y,NA,NA,NA,NA,NA,NA,NA,NA,NA,Y,4,0,3,4,A,-,03,22350,NA,N,C,C,A,A,H,-,A,D,0,NA,NA,NA,NA,Y,NA,A,07,0,0,3,0,0,0,0,0,0,-,-,33.445,-118.90087,LOS ANGELES,LOS ANGELES,-118.27965268,33.94560451
90145258,2016,2016-03-28,9590,2016-02-10,1945,016611,NA,3,2,7,1942,0,1,1,NA,2,062,I-10 E/B (SANTA MONICA FREEWAY),TOBERMAN ST.,500,E,N,A,-,Y,NA,NA,10,NA,NA,NA,NA,NA,E,Y,4,0,1,2,A,-,03,22350,NA,N,C,C,A,A,H,-,C,D,0,NA,NA,NA,NA,Y,NA,A,01,0,0,1,0,0,0,0,0,0,-,-,34.03796,-118.27807,LOS ANGELES,LOS ANGELES,-118.2780698,34.03795639
90145265,2016,2016-03-28,9590,2016-02-10,1830,018345,9590,3,2,7,1942,0,1,1,NA,2,050,I-110 NB (HAF),COLDEN AVE.,100,N,N,A,-,Y,NA,NA,NA,NA,NA,NA,NA,NA,NA,N,4,0,1,2,A,-,03,22350,NA,F,C,C,A,A,H,-,D,D,0,NA,NA,NA,NA,Y,NA,A,01,0,0,1,0,0,0,0,0,0,-,-,33.95904,-118.27961,LOS ANGELES,LOS ANGELES,-118.2796724,33.94944075
90145296,2016,2016-03-28,9590,2016-02-06,1435,017520,NA,6,2,7,1942,0,1,1,NA,2,050,I-110 N/B (HAF),MANCHESTER AVE,600,S,N,A,-,Y,NA,NA,NA,NA,NA,NA,NA,NA,NA,N,3,0,2,4,A,-,03,22350,NA,N,C,C,A,A,H,-,A,D,0,NA,NA,NA,NA,Y,NA,D,22,0,1,1,0,0,0,0,0,0,-,-,33.55342,-118.77201,LOS ANGELES,LOS ANGELES,-118.28067938,33.95844465
90145317,2016,2016-03-28,9590,2016-02-09,1315,015985,NA,2,1,7,1942,0,1,1,NA,2,081,I-5 S/B (GOLDEN STATE FREEWAY),4TH STREET,1320,N,N,A,-,Y,NA,NA,5,NA,NA,NA,NA,NA,S,Y,4,0,3,3,A,-,03,22350,NA,N,C,C,A,A,H,-,A,D,0,NA,NA,NA,NA,Y,NA,A,01,0,0,3,0,0,0,0,0,0,-,-,34.04901,-118.21424,LOS ANGELES,LOS ANGELES,-118.21430001,34.04902062
90145324,2016,2016-03-28,9575,2016-03-19,0815,020119,NA,6,1,7,1942,0,1,1,NA,2,060,I-210 W/B (FOOTHILL FREEWAY),PAXTON ST.,500,E,N,A,-,Y,NA,NA,210,NA,NA,NA,NA,NA,W,N,4,0,1,2,A,-,03,22350,NA,N,C,C,A,A,H,-,A,D,0,NA,NA,NA,NA,Y,NA,A,07,0,0,1,0,0,0,0,0,0,-,-,34.28365,-118.40258,LOS ANGELES,LOS ANGELES,-118.40263643,34.28359029
90145344,2016,2016-03-28,9550,2016-03-24,1710,020151,NA,4,2,9,1900,0,3,5,NA,2,004,PUNTA DEL ESTE DR.,GARONA DR.,124,N,N,A,-,N,NA,NA,NA,NA,NA,NA,NA,NA,NA,Y,4,0,1,1,A,-,01,23152,A,N,E,I,A,A,H,-,A,D,0,NA,NA,NA,NA,Y,Y,A,01,0,0,1,0,0,0,0,0,0,-,-,33.98526,-117.95362,LOS ANGELES,UNINCORPORATED,-117.95371,33.98520676
90145364,2016,2016-03-28,9590,2016-02-11,1655,021132,NA,4,2,7,1942,0,1,2,NA,2,070,US-101 N/B (HOF),SILVER LAKE BOULEVARD,300,N,N,A,-,Y,NA,NA,101,NA,NA,NA,NA,NA,N,N,4,0,1,3,A,-,03,22350,NA,N,C,C,A,A,H,-,A,D,0,NA,NA,NA,NA,Y,NA,A,07,0,0,1,0,0,0,0,0,0,-,-,34.07761,-118.28303,LOS ANGELES,LOS ANGELES,-118.28303551,34.07758588
90145408,2016,2016-03-28,9575,2016-02-21,1241,020702,NA,7,1,7,1942,0,1,3,NA,2,070,SR-118 W/B (RONALD REAGAN FREEWAY),TELFAIR AVE.,1015,W,N,A,-,Y,NA,NA,118,NA,NA,NA,NA,NA,W,Y,4,0,2,2,A,-,07,21658,A,N,B,C,A,A,H,-,A,D,0,NA,NA,NA,NA,Y,NA,A,01,0,0,2,0,0,0,0,0,0,-,-,34.26772,-118.43879,LOS ANGELES,LOS ANGELES,-118.43878646,34.26769563
90145410,2016,2016-03-28,9575,2016-03-18,0827,020702,NA,5,1,7,1942,0,1,3,NA,2,043,SR-134 E/B (VENTURA FREEWAY),RIVERSIDE DR./VICTORY BLVD.,2000,W,N,A,-,Y,NA,NA,134,NA,NA,NA,NA,NA,E,N,4,0,1,3,A,-,03,22350,NA,M,C,C,A,A,H,-,A,D,0,NA,NA,NA,NA,Y,NA,A,01,0,0,1,0,0,0,0,0,0,-,-,34.15589,-118.29898,LOS ANGELES,LOS ANGELES,-118.29897621,34.15591337
90145412,2016,2016-03-28,9575,2016-03-19,0827,020536,NA,6,1,7,1942,0,1,1,NA,2,060,I-210 W/B (FOOTHILL FREEWAY),FILMORE ST.,300,E,N,B,-,Y,NA,NA,210,NA,NA,NA,NA,NA,W,Y,4,0,2,5,A,-,03,22350,NA,N,C,C,A,A,H,-,A,D,0,NA,NA,NA,NA,Y,NA,A,01,0,0,2,0,0,0,0,0,0,-,-,34.28365,-118.40258,LOS ANGELES,LOS ANGELES,-118.40263643,34.28359029
90145428,2016,2016-03-28,9565,2016-03-21,1710,017060,NA,1,2,5,1928,0,1,1,NA,2,012,I-105 E/B (CENTURY FREEWAY),PRAIRIE AVE.,300,E,N,A,-,Y,NA,NA,105,NA,NA,NA,NA,NA,E,Y,4,0,1,2,A,-,07,21658,A,N,B,C,A,A,H,-,A,D,0,NA,NA,Y,NA,Y,NA,A,07,0,0,1,0,0,0,0,0,1,-,-,33.9249,-118.33559,LOS ANGELES,HAWTHORNE,-118.335571,33.92498841
90145438,2016,2016-03-28,9530,2016-02-19,1925,020938,NA,5,2,7,1941,0,1,1,NA,2,430,I-405 S/B (SAN DIEGO FREEWAY),BELLFLOWER BLVD.,544,S,N,A,-,Y,NA,NA,405,NA,NA,NA,NA,NA,S,N,4,0,1,2,A,-,03,22350,NA,N,C,C,A,A,H,-,C,D,0,NA,NA,NA,NA,Y,NA,A,01,0,0,1,0,0,0,0,0,0,-,-,33.8024,-118.1199,LOS ANGELES,LONG BEACH,-118.11989786,33.80259592
90145448,2016,2016-03-28,9565,2016-03-22,1525,016775,NA,2,2,5,1965,0,1,1,NA,2,081,I-10 W/B (SANTA MONICA FWY),11TH ST,400,E,N,A,-,Y,NA,NA,10,NA,NA,NA,NA,NA,W,N,4,0,1,2,A,-,03,22350,NA,N,C,C,A,A,H,-,A,D,0,NA,NA,NA,NA,Y,NA,A,01,0,0,1,0,0,0,0,0,0,-,-,34.01711,-118.48249,LOS ANGELES,SANTA MONICA,-118.48250016,34.01712383