CASE_ID,ACCIDENT_YEAR,PROC_DATE,JURIS,COLLISION_DATE,COLLISION_TIME,OFFICER_ID,REPORTING_DISTRICT,DAY_OF_WEEK,CHP_SHIFT,POPULATION,CNTY_CITY_LOC,SPECIAL_COND,BEAT_TYPE,CHP_BEAT_TYPE,CITY_DIVISION_LAPD,CHP_BEAT_CLASS,BEAT_NUMBER,PRIMARY_RD,SECONDARY_RD,DISTANCE,DIRECTION,INTERSECTION,WEATHER_1,WEATHER_2,STATE_HWY_IND,CALTRANS_COUNTY,CALTRANS_DISTRICT,STATE_ROUTE,ROUTE_SUFFIX,POSTMILE_PREFIX,POSTMILE,LOCATION_TYPE,RAMP_INTERSECTION,SIDE_OF_HWY,TOW_AWAY,COLLISION_SEVERITY,NUMBER_KILLED,NUMBER_INJURED,PARTY_COUNT,PRIMARY_COLL_FACTOR,PCF_CODE_OF_VIOL,PCF_VIOL_CATEGORY,PCF_VIOLATION,PCF_VIOL_SUBSECTION,HIT_AND_RUN,TYPE_OF_COLLISION,MVIW,PED_ACTION,ROAD_SURFACE,ROAD_COND_1,ROAD_COND_2,LIGHTING,CONTROL_DEVICE,CHP_ROAD_TYPE,PEDESTRIAN_ACCIDENT,BICYCLE_ACCIDENT,MOTORCYCLE_ACCIDENT,TRUCK_ACCIDENT,NOT_PRIVATE_PROPERTY,ALCOHOL_INVOLVED,STWD_VEHTYPE_AT_FAULT,CHP_VEHTYPE_AT_FAULT,COUNT_SEVERE_INJ,COUNT_VISIBLE_INJ,COUNT_COMPLAINT_PAIN,COUNT_PED_KILLED,COUNT_PED_INJURED,COUNT_BICYCLIST_KILLED,COUNT_BICYCLIST_INJURED,COUNT_MC_KILLED,COUNT_MC_INJURED,PRIMARY_RAMP,SECONDARY_RAMP,LATITUDE,LONGITUDE,COUNTY,CITY,POINT_X,POINT_Y
90147745,2016,2016-03-30,9540,2016-03-23,1800,019545,NA,3,2,9,1900,0,1,1,NA,2,507,I-5 SOUTHBOUND (GOLDEN STATE FREEWAY),VALENCIA BLVD,1795,S,N,A,-,Y,NA,NA,5,NA,NA,NA,NA,NA,S,Y,4,0,3,3,A,-,03,22350,NA,N,C,C,A,A,H,-,A,D,0,NA,NA,NA,NA,Y,NA,A,01,0,0,3,0,0,0,0,0,0,-,-,34.40348,-118.57432,LOS ANGELES,UNINCORPORATED,-118.57436802,34.4034588
90147747,2016,2016-03-30,9545,2016-03-18,1200,016936,NA,5,1,9,1900,0,3,5,NA,2,001,AVENUE M (COLUMBIA WAY),30TH ST. WEST,0,NA,Y,A,-,N,NA,NA,NA,NA,NA,NA,NA,NA,NA,Y,3,0,2,2,A,-,09,21801,A,N,D,C,A,A,H,-,A,A,0,NA,NA,NA,NA,Y,NA,A,07,0,1,1,0,0,0,0,0,0,-,-,34.64566,-118.18309000000001,LOS ANGELES,UNINCORPORATED,-118.18305012,34.64569007
90147750,2016,2016-03-30,9550,2016-03-29,1410,020533,NA,2,2,9,1900,0,1,3,NA,1,014,WHITTIER BOULEVARD,REDMAN AVENUE,0,NA,Y,A,-,Y,NA,NA,NA,NA,NA,NA,NA,NA,NA,N,3,0,3,2,A,-,09,21802,A,N,D,C,A,A,H,-,A,A,0,NA,NA,NA,NA,Y,NA,A,01,0,1,2,0,0,0,0,0,0,-,-,33.99211,-118.0673,LOS ANGELES,UNINCORPORATED,-118.06726009,33.99212004
90147768,2016,2016-04-25,9550,2016-03-24,0630,020824,NA,4,1,5,1976,0,1,1,NA,2,650,INTERSTATE 605 N/B,BEVERLY BOULEVARD,1300,S,N,A,-,Y,NA,NA,605,NA,NA,NA,NA,NA,N,N,3,0,2,4,A,-,03,22350,NA,N,C,C,A,A,H,-,A,D,0,NA,NA,NA,NA,Y,NA,D,22,0,1,1,0,0,0,0,0,0,-,-,34.00157,-118.06664,LOS ANGELES,WHITTIER,-118.06661259,34.00155215
90147781,2016,2016-03-30,9550,2016-03-25,1031,014862,NA,5,1,3,1903,0,1,3,NA,2,091,SR-91 WESTBOUND,PIONEER BLVD.,300,E,N,B,-,Y,NA,NA,NA,NA,NA,NA,NA,NA,NA,Y,4,0,2,3,A,-,03,22350,NA,F,C,C,A,A,H,-,A,D,0,NA,NA,NA,NA,Y,NA,-,99,0,0,2,0,0,0,0,0,0,-,-,33.87657,-115.07721,LOS ANGELES,ARTESIA,-118.08223,33.87655
90147785,2016,2016-03-30,9545,2016-03-17,1950,019295,NA,4,2,9,1900,0,3,5,NA,1,005,40256 174TH ST E,HIGHACRES AVE,930,N,N,A,-,N,NA,NA,NA,NA,NA,NA,NA,NA,NA,Y,3,0,1,2,A,-,01,23152,A,N,E,I,A,A,H,-,C,D,0,NA,NA,NA,NA,Y,Y,A,07,0,1,0,0,0,0,0,0,0,-,-,34.61395,-117.81913,LOS ANGELES,UNINCORPORATED,-117.81919,34.61392392
90147792,2016,2016-03-30,9540,2016-03-24,1425,019788,NA,4,2,6,1985,0,1,3,NA,1,145,SR-14 S/B (ANTELOPE VALLEY FREEWAY),SAND CANYON ROAD,6336,S,N,A,-,Y,NA,NA,14,NA,NA,NA,NA,NA,S,N,3,0,2,2,A,-,07,21658,A,N,B,C,A,A,H,-,A,D,0,NA,NA,NA,Y,Y,NA,-,-,0,2,0,0,0,0,0,0,0,-,-,34.41232,-118.44559,LOS ANGELES,SANTA CLARITA,-118.44576053,34.41237846
90147795,2016,2016-03-30,9530,2016-03-17,1840,020375,NA,4,2,5,1915,0,1,3,NA,2,310,SR-91 E/B (ARTESIA FREEWAY),CENTRAL AVE.,1500,E,N,A,-,Y,NA,NA,91,NA,NA,NA,NA,NA,E,Y,4,0,1,1,A,-,03,22350,NA,N,F,A,A,A,H,-,B,D,0,NA,NA,Y,NA,Y,NA,C,02,0,0,1,0,0,0,0,0,1,-,-,33.87333,-118.24326,LOS ANGELES,COMPTON,-118.24326251,33.87341573
90147797,2016,2016-03-30,9525,2016-03-11,0240,020847,NA,5,3,5,1906,0,1,1,NA,2,103,I-10 W/B TO I-605 N/B,I-605 N/B (SAN GABRIEL RIVER FREEWAY),300,E,N,A,-,Y,NA,NA,10,NA,NA,NA,R,NA,W,Y,3,0,2,1,A,-,08,22107,NA,N,E,I,A,A,H,-,C,D,0,NA,NA,NA,NA,Y,NA,A,01,0,2,0,0,0,0,0,0,0,-,-,34.06613,-117.99885,LOS ANGELES,BALDWIN PARK,-117.99885,34.06613
90147802,2016,2016-03-30,9545,2016-03-25,0140,020521,NA,5,3,9,1900,0,3,5,NA,2,004,165TH ST  E,SR-138,2112,S,N,A,-,N,NA,NA,NA,NA,NA,NA,NA,NA,NA,Y,4,0,1,1,A,-,08,22107,NA,N,E,I,A,A,H,-,D,D,0,NA,NA,NA,NA,Y,NA,A,07,0,0,1,0,0,0,0,0,0,-,-,34.50677,-117.83315,LOS ANGELES,UNINCORPORATED,-117.83533634,34.50024316
90147804,2016,2016-03-30,9550,2016-03-25,1800,021202,NA,5,2,9,1900,0,3,5,NA,2,002,GUNN AVENUE,ALLEGAN ST,0,NA,Y,A,-,N,NA,NA,NA,NA,NA,NA,NA,NA,NA,Y,4,0,2,2,A,-,08,22100,B,N,D,C,A,A,H,-,A,D,0,NA,NA,NA,NA,Y,NA,A,01,0,0,2,0,0,0,0,0,0,-,-,33.94062,-118.04113,LOS ANGELES,UNINCORPORATED,-118.04112003,33.94063005
90147859,2016,2016-03-30,9530,2016-03-17,1835,020774,NA,4,2,4,1939,0,1,1,NA,2,400,I-405 S/B (SAN DIEGO FREEWAY),REDONDO BEACH BLVD.,1000,N,N,A,-,Y,NA,NA,405,NA,NA,NA,NA,NA,S,Y,4,0,1,2,A,-,07,21658,A,N,B,C,A,A,H,-,A,D,0,NA,NA,NA,NA,Y,NA,A,01,0,0,1,0,0,0,0,0,0,-,-,33.87706,-118.34609,LOS ANGELES,LAWNDALE,-118.34555803,33.8774218
90147860,2016,2016-03-30,9590,2016-02-10,0845,021132,NA,3,1,7,1942,0,1,2,NA,2,073,US-101 S/B (HOF) TO GOWER STREET,GOWER STREET,18,N,N,A,-,Y,NA,NA,101,NA,NA,NA,R,NA,S,N,4,0,1,2,A,-,03,22350,NA,N,C,C,A,A,H,-,A,A,0,NA,NA,NA,NA,Y,NA,D,22,0,0,1,0,0,0,0,0,0,-,-,34.10398,-118.32255,LOS ANGELES,LOS ANGELES,-118.32255,34.10398
90147916,2016,2016-03-30,9545,2016-01-06,0316,018342,NA,3,3,9,1900,0,3,5,NA,2,004,AVENUE J,150TH STREET EAST,1584,E,N,A,-,N,NA,NA,NA,NA,NA,NA,NA,NA,NA,N,4,0,1,2,C,-,18,NA,NA,M,G,B,E,B,H,-,D,D,0,Y,NA,NA,NA,Y,NA,-,-,0,0,1,0,1,0,0,0,0,-,-,34.69007,-117.85668,LOS ANGELES,UNINCORPORATED,-117.85769376,34.69004
9014792,2019,2020-01-06,1942,2019-11-08,1830,43364,1821,5,5,7,1942,0,0,0,R,0,18E6,COLDEN,VERMONT,600,E,N,A,-,N,NA,NA,NA,NA,NA,NA,NA,NA,NA,N,3,0,1,2,A,-,11,21955,NA,N,G,B,D,A,H,-,C,D,0,Y,NA,NA,NA,Y,NA,N,60,0,1,0,0,1,0,0,0,0,-,-,NA,NA,LOS ANGELES,LOS ANGELES,-118.28961181640624,33.94913101196289
9014793,2019,2020-02-12,1942,2019-12-09,1900,39062,151,1,5,7,1942,0,0,0,O,0,1A41,S FIGUEROA ST,WILSHIRE BL,30,S,N,A,-,N,NA,NA,NA,NA,NA,NA,NA,NA,NA,N,4,0,1,2,A,-,08,22100,A,N,B,C,A,A,H,-,C,A,0,NA,NA,NA,NA,Y,NA,A,01,0,0,1,0,0,0,0,0,0,-,-,NA,NA,LOS ANGELES,LOS ANGELES,-118.25933074951172,34.04999542236328
90147940,2016,2016-03-30,9545,2016-03-19,1400,016936,NA,6,2,9,1900,0,3,5,NA,2,004,BIG PINES HIGHWAY,BALL FLAT RD.,528,W,N,A,-,N,NA,NA,NA,NA,NA,NA,NA,NA,NA,Y,2,0,1,1,A,-,03,22350,NA,N,E,I,A,A,B,-,A,D,0,NA,NA,Y,NA,Y,NA,C,02,1,0,0,0,0,0,0,0,1,-,-,34.39872,-117.73475,LOS ANGELES,UNINCORPORATED,-117.73104402,34.39517453
90147942,2016,2016-03-30,9530,2016-02-26,1800,021089,NA,5,2,9,1900,0,3,5,NA,2,001,HOOPER AVE. (7900 BLOCK),NADEAU ST.,0,NA,Y,A,-,N,NA,NA,NA,NA,NA,NA,NA,NA,NA,Y,4,0,2,2,A,-,09,21801,A,N,D,C,A,A,H,-,C,A,0,NA,NA,NA,NA,Y,NA,A,01,0,0,2,0,0,0,0,0,0,-,-,33.96804,-118.25201,LOS ANGELES,UNINCORPORATED,-118.25206005,33.96746002
90147956,2016,2016-03-30,9550,2016-03-22,2055,020954,NA,2,2,9,1900,0,3,5,NA,2,003,COLIMA ROAD,HACIENDA BOULEVARD,590,W,N,A,-,N,NA,NA,NA,NA,NA,NA,NA,NA,NA,Y,3,0,2,2,D,-,00,NA,NA,N,B,C,A,A,H,-,C,A,0,NA,NA,NA,NA,Y,NA,-,-,0,1,1,0,0,0,0,0,0,-,-,33.98091,-117.97495,LOS ANGELES,UNINCORPORATED,-117.9750034,33.98102839
90147959,2016,2016-03-30,9550,2016-03-21,1140,020755,NA,1,1,9,1900,0,1,3,NA,2,601,SR-60 WB TO HACIENDA BLVD.,HACIENDA BLVD,470,E,N,A,-,Y,NA,NA,60,NA,NA,NA,R,NA,W,Y,3,0,1,1,A,-,03,22350,NA,M,E,I,A,A,H,-,A,D,0,NA,NA,NA,NA,Y,NA,A,01,0,1,0,0,0,0,0,0,0,-,-,34.00684,-117.9626,LOS ANGELES,UNINCORPORATED,-117.9626,34.00684
90147964,2016,2016-03-30,9540,2016-03-24,1625,020159,NA,4,2,7,1942,0,1,1,NA,1,502,I-5 NORTHBOUND,SAN FERNANDO RD,350,N,N,A,-,Y,NA,NA,5,NA,NA,NA,NA,NA,N,N,4,0,1,2,A,-,03,22350,NA,F,C,C,A,A,H,-,A,D,0,NA,NA,NA,NA,Y,NA,-,99,0,0,1,0,0,0,0,0,0,-,-,34.327,-118.50433,LOS ANGELES,LOS ANGELES,-118.5044045,34.3269602
90147966,2016,2016-03-30,9535,2016-02-28,0420,017308,NA,7,3,9,1900,0,1,1,NA,2,651,I-605 S/B (SAN GABRIEL RIVER FREEWAY),SR-60,2640,N,N,A,-,Y,NA,NA,605,NA,NA,NA,NA,NA,S,Y,3,0,1,2,A,-,07,21658,A,N,C,C,A,A,H,-,C,D,0,NA,NA,NA,NA,Y,Y,A,01,0,1,0,0,0,0,0,0,0,-,-,34.03844,-118.0216,LOS ANGELES,UNINCORPORATED,-118.02154993,34.03835126
9014797,2019,2020-02-12,1942,2019-12-09,2235,39062,0192,1,5,7,1942,0,0,0,A,0,1A61,S FLOWER ST,W VENICE BL,175,S,N,A,-,N,NA,NA,NA,NA,NA,NA,NA,NA,NA,Y,4,0,1,6,A,-,08,22107,NA,N,B,E,A,A,H,-,C,D,0,NA,NA,NA,NA,Y,NA,A,07,0,0,1,0,0,0,0,0,0,-,-,NA,NA,LOS ANGELES,LOS ANGELES,-118.26907348632813,34.036556243896484
90147973,2016,2016-04-19,9545,2016-01-06,0315,018342,NA,3,3,9,1900,0,3,5,NA,2,004,AVENUE J,150TH STREET EAST,1584,E,N,A,-,N,NA,NA,NA,NA,NA,NA,NA,NA,NA,Y,1,1,0,2,A,-,11,21956,NA,F,G,B,E,B,H,-,D,D,0,Y,NA,NA,Y,Y,NA,N,60,0,0,0,1,0,0,0,0,0,-,-,34.69007,-117.85668,LOS ANGELES,UNINCORPORATED,-117.85769376,34.69004
90147974,2016,2016-03-30,9530,2016-02-26,1300,021191,NA,5,1,9,1900,0,3,5,NA,2,002,EL SEGUNDO BLVD. (200 BLOCK),BROADWAY,300,E,N,A,-,N,NA,NA,NA,NA,NA,NA,NA,NA,NA,Y,4,0,1,2,A,-,03,22350,NA,N,C,C,A,A,H,-,A,D,0,NA,NA,NA,NA,Y,NA,A,01,0,0,1,0,0,0,0,0,0,-,-,33.91634,-118.27765,LOS ANGELES,UNINCORPORATED,-118.27737312,33.91642
90147976,2016,2016-03-30,9525,2016-03-19,1327,020216,NA,6,1,4,1960,0,1,1,NA,2,207,SR-210 W/B (FOOTHILL FREEWAY),LONE HILL AVE.,1584,E,N,A,-,Y,NA,NA,NA,NA,NA,NA,NA,NA,NA,N,3,0,1,2,A,-,03,22350,NA,N,C,C,A,A,H,-,A,D,0,NA,NA,Y,NA,Y,NA,C,02,0,1,0,0,0,0,0,0,1,-,-,34.12162,-117.82875,LOS ANGELES,SAN DIMAS,-117.82883,34.12106
90147984,2016,2016-03-30,9535,2016-03-16,0710,021148,NA,3,1,3,1914,0,1,1,NA,2,072,I-710 (LONG BEACH FREEWAY) N/B,WASHINGTON BLVD.,1000,N,N,A,-,Y,NA,NA,710,NA,NA,NA,NA,NA,N,N,3,0,1,2,A,-,04,21703,NA,N,C,C,A,A,H,-,A,D,0,NA,NA,Y,NA,Y,NA,C,02,0,1,0,0,0,0,0,0,1,-,-,34.01,-118.17234,LOS ANGELES,COMMERCE,-118.17225235,34.01000089
90147988,2016,2016-03-30,9535,2016-01-04,1040,017598,NA,1,1,9,1900,0,2,4,NA,2,014,CESAR E. CHAVEZ AVE.,DANGLER AVE,0,NA,Y,B,-,N,NA,NA,NA,NA,NA,NA,NA,NA,NA,N,4,0,1,2,A,-,10,21950,A,M,G,B,B,A,H,-,A,A,0,Y,NA,NA,NA,Y,NA,A,01,0,0,1,0,1,0,0,0,0,-,-,34.04065,-118.1619,LOS ANGELES,UNINCORPORATED,-118.16485008,34.04060002
90147989,2016,2016-03-30,9540,2016-03-25,0247,021214,NA,5,3,9,1900,0,2,4,NA,2,081,THE OLD ROAD,SKY VIEW LN,0,NA,Y,A,-,N,NA,NA,NA,NA,NA,NA,NA,NA,NA,Y,4,0,1,2,A,-,08,22107,NA,N,D,C,A,A,H,-,C,D,0,NA,NA,NA,NA,Y,NA,A,01,0,0,1,0,0,0,0,0,0,-,-,34.42499,-118.5863,LOS ANGELES,UNINCORPORATED,-118.58624001,34.42510007
90148003,2016,2016-03-30,9530,2016-02-26,1305,21235,NA,5,1,9,1900,0,3,5,NA,2,003,COMPTON BLVD.,GIBSON AVE.,0,NA,Y,A,-,N,NA,NA,NA,NA,NA,NA,NA,NA,NA,Y,4,0,1,2,A,-,12,21453,A,N,D,C,A,A,H,-,A,A,0,NA,NA,NA,NA,Y,NA,A,01,0,0,1,0,0,0,0,0,0,-,-,33.89704,-118.18906,LOS ANGELES,UNINCORPORATED,-118.18901001,33.89621005
90148017,2016,2016-03-30,9545,2016-03-23,1305,015589,NA,3,1,9,1900,0,3,5,NA,2,001,AVENUE E,90TH STREET EAST,0,NA,Y,A,-,N,NA,NA,NA,NA,NA,NA,NA,NA,NA,Y,4,0,1,2,A,-,12,22450,A,N,D,C,A,A,H,-,A,A,0,NA,NA,NA,Y,Y,NA,D,22,0,0,1,0,0,0,0,0,0,-,-,34.76366,-117.96999,LOS ANGELES,UNINCORPORATED,-117.96988014,34.76366007
9014803,2019,2020-02-08,1941,2019-12-12,0814,11029,NA,4,5,7,1941,0,0,0,NA,0,NA,DEL AMO BL,GARDENIA AV,241,W,N,A,-,N,NA,NA,NA,NA,NA,NA,NA,NA,NA,Y,2,0,1,2,A,-,11,21955,NA,N,G,B,D,A,H,-,A,D,0,Y,NA,NA,NA,Y,NA,N,NA,1,0,0,0,1,0,0,0,0,-,-,NA,NA,LOS ANGELES,LONG BEACH,-118.17002105712892,33.84703063964844
90148050,2016,2016-03-30,9545,2016-03-29,0833,014790,NA,2,1,9,1900,0,3,5,NA,2,004,177TH ST. EAST,SWEETAIRE AVE,371,N,N,A,-,N,NA,NA,NA,NA,NA,NA,NA,NA,NA,Y,4,0,1,2,A,-,21,22106,NA,N,D,C,A,A,H,-,A,D,0,NA,NA,NA,NA,Y,NA,A,01,0,0,1,0,0,0,0,0,0,-,-,34.37513,-117.48574,LOS ANGELES,UNINCORPORATED,-117.81488,34.61851693
90148062,2016,2016-03-30,9575,2016-03-22,1735,017852,NA,2,2,6,1925,0,1,3,NA,2,042,SR-134 W/B (VENTURA FREEWAY),SAN FERNANDO RD.,600,E,N,A,-,Y,NA,NA,134,NA,NA,NA,NA,NA,W,Y,4,0,1,5,A,-,03,22350,NA,N,C,C,A,A,H,-,A,D,0,NA,NA,NA,NA,Y,NA,A,01,0,0,1,0,0,0,0,0,0,-,-,34.15502,-118.27051,LOS ANGELES,GLENDALE,-118.27051809,34.15505501
90148066,2016,2016-03-30,9550,2016-03-29,1730,020151,NA,2,2,9,1900,0,1,1,NA,2,650,INTERSTATE 605 S/B,BEVERLY BOULEVARD,150,S,N,B,C,Y,NA,NA,605,NA,NA,NA,NA,NA,S,Y,3,0,1,1,A,-,03,22350,NA,N,E,I,A,B,H,-,B,D,0,NA,NA,NA,NA,Y,NA,A,01,0,1,0,0,0,0,0,0,0,-,-,34.00399,-118.06523,LOS ANGELES,UNINCORPORATED,-118.06491473,34.00359814
90148069,2016,2016-03-30,9535,2016-01-06,1345,021149,NA,3,1,9,1900,0,1,3,NA,2,601,SR-60 TO I-710 SB,HUMPHREYS AVE,200,N,N,C,-,Y,NA,NA,NA,NA,NA,NA,NA,NA,NA,N,4,0,1,3,A,-,03,22350,NA,N,C,C,A,B,H,-,A,D,0,NA,NA,NA,Y,Y,NA,G,25,0,0,1,0,0,0,0,0,0,-,-,34.0311,-118.17147,LOS ANGELES,UNINCORPORATED,NA,NA
9014807,2019,2020-02-08,1941,2019-12-13,2131,11154,NA,5,5,7,1941,0,0,0,NA,0,NA,SANTA FE AV,ANAHEIM ST,0,NA,Y,A,-,N,NA,NA,NA,NA,NA,NA,NA,NA,NA,Y,3,0,1,1,D,-,00,NA,NA,N,H,I,A,A,H,-,C,A,0,NA,NA,NA,NA,Y,NA,-,-,0,1,0,0,0,0,0,0,0,-,-,NA,NA,LOS ANGELES,LONG BEACH,-118.21549224853516,33.78274154663086
9014810,2019,2020-02-08,1928,2019-12-11,1426,50239,507,3,5,5,1928,0,0,0,NA,0,502,120TH ST,KORNBLUM AV,0,NA,Y,A,-,N,NA,NA,NA,NA,NA,NA,NA,NA,NA,Y,4,0,1,2,A,-,03,22350,NA,N,C,C,A,A,H,-,A,D,0,NA,NA,NA,NA,Y,NA,A,07,0,0,1,0,0,0,0,0,0,-,-,33.923648834228516,-118.33753204345705,LOS ANGELES,HAWTHORNE,-118.33740997314452,33.92369079589844
9014811,2019,2020-02-08,1941,2019-12-14,1117,6185,NA,6,5,7,1941,0,0,0,NA,0,NA,34TH ST,BALTIC AV,0,NA,Y,A,-,N,NA,NA,NA,NA,NA,NA,NA,NA,NA,Y,3,0,2,2,A,-,09,21802,A,N,D,C,A,A,H,-,A,A,0,NA,NA,NA,NA,Y,NA,A,NA,0,1,1,0,0,0,0,0,0,-,-,NA,NA,LOS ANGELES,LONG BEACH,-118.2136001586914,33.81890106201172
90148120,2016,2016-03-30,9545,2016-03-24,2100,016124,NA,4,2,9,1900,0,3,5,NA,2,004,160TH ST EAST,AVENUE N,150,S,N,A,-,N,NA,NA,NA,NA,NA,NA,NA,NA,NA,Y,4,0,1,1,A,-,03,22350,NA,N,H,A,A,A,H,-,D,D,0,NA,NA,NA,NA,Y,NA,A,01,0,0,1,0,0,0,0,0,0,-,-,34.63081,-117.84483,LOS ANGELES,UNINCORPORATED,-117.84490995,34.63075892
9014815,2019,2020-02-08,1941,2019-12-14,1810,11104,NA,6,5,7,1941,0,0,0,NA,0,NA,PACIFIC COAST HWY,PACIFIC AV,66,W,N,A,-,N,NA,NA,NA,NA,NA,NA,NA,NA,NA,N,2,0,1,2,A,-,11,21954,A,N,H,B,D,A,H,-,C,A,0,Y,NA,NA,NA,Y,NA,N,NA,1,0,0,0,1,0,0,0,0,-,-,NA,NA,LOS ANGELES,LONG BEACH,-118.19394683837892,33.78987121582031
90148153,2016,2016-03-30,9530,2016-02-13,2115,021059,NA,6,2,9,1900,0,3,5,NA,2,002,AVALON BLVD.(13000 BLOCK),131ST ST.,60,S,N,A,-,N,NA,NA,NA,NA,NA,NA,NA,NA,NA,Y,3,0,1,2,A,-,08,22103,NA,N,D,C,A,A,H,-,C,D,0,NA,NA,Y,NA,Y,NA,A,08,0,1,0,0,0,0,0,0,1,-,-,33.91348,-118.26533,LOS ANGELES,UNINCORPORATED,-118.26528179,33.91352546
90148178,2016,2016-03-30,9525,2016-03-14,1951,020216,NA,1,2,4,1960,0,1,3,NA,2,571,SR-57 S/B (ORANGE FREEWAY),COVINA BLVD.,200,N,N,B,-,Y,NA,NA,57,NA,NA,NA,NA,NA,S,Y,4,0,2,2,A,-,07,21658,A,N,C,C,A,A,H,-,C,D,0,NA,NA,NA,NA,Y,NA,A,01,0,0,2,0,0,0,0,0,0,-,-,34.09983,-117.81952,LOS ANGELES,SAN DIMAS,-117.81951345,34.09982995
9014819,2019,2020-02-08,1941,2019-12-13,0757,6291,NA,5,5,7,1941,0,0,0,NA,0,NA,SANTA FE AV,COLUMBIA ST,0,NA,Y,A,-,N,NA,NA,NA,NA,NA,NA,NA,NA,NA,N,4,0,1,2,A,-,12,21453,A,F,B,B,B,A,H,-,A,A,0,Y,NA,NA,NA,Y,NA,A,NA,0,0,1,0,1,0,0,0,0,-,-,NA,NA,LOS ANGELES,LONG BEACH,-118.21550750732422,33.80913162231445
90148193,2016,2016-03-30,9530,2016-02-27,1945,20714,NA,6,2,9,1900,0,3,5,NA,2,001,ALAMEDA ST. (8900 BLOCK),89TH ST.,70,S,N,A,-,N,NA,NA,NA,NA,NA,NA,NA,NA,NA,N,3,0,1,4,A,-,03,22350,NA,F,C,C,A,A,H,-,C,D,0,NA,NA,NA,NA,Y,NA,D,22,0,1,0,0,0,0,0,0,0,-,-,33.9554,-118.2305,LOS ANGELES,UNINCORPORATED,-118.23055735,33.95543135
90148202,2016,2016-03-30,9545,2016-03-22,1850,016124,NA,2,2,9,1900,0,3,5,NA,2,002,ELIZABETH LAKE ROAD,MESQUITE ROAD,0,NA,Y,B,-,N,NA,NA,NA,NA,NA,NA,NA,NA,NA,Y,3,0,3,2,A,-,12,21453,A,N,A,C,A,A,H,-,B,A,0,NA,NA,NA,NA,Y,NA,A,07,0,2,1,0,0,0,0,0,0,-,-,34.58719,-118.15477,LOS ANGELES,UNINCORPORATED,-118.15476005,34.58733006
90148208,2016,2016-03-30,9525,2016-03-18,1610,020693,NA,5,2,3,1921,0,1,1,NA,2,202,I-210 E/B (FOOTHILL FREEWAY),BUENA VISTA ST.,50,E,N,A,-,Y,NA,NA,210,NA,NA,NA,NA,NA,E,N,4,0,1,2,A,-,03,22350,NA,N,C,C,A,A,H,-,A,D,0,NA,NA,NA,NA,Y,NA,A,08,0,0,1,0,0,0,0,0,0,-,-,34.13531,-117.97701,LOS ANGELES,DUARTE,-117.97701008,34.13521678
9014821,2019,2020-01-02,1941,2019-11-24,1644,11358,NA,7,5,7,1941,0,0,0,NA,0,NA,ORANGE AV,APPLETON ST,0,NA,Y,A,-,N,NA,NA,NA,NA,NA,NA,NA,NA,NA,N,4,0,1,2,D,-,00,NA,NA,N,G,B,C,A,H,-,A,D,0,Y,NA,NA,NA,Y,NA,-,-,0,0,1,0,1,0,0,0,0,-,-,NA,NA,LOS ANGELES,LONG BEACH,-118.1767120361328,33.76906967163086
90148211,2016,2016-03-30,9525,2016-03-18,1505,020693,NA,5,2,1,1934,0,1,1,NA,2,204,I-210 E/B (FOOTHILL FREEWAY),SAN GABRIEL RIVER,50,W,N,A,-,Y,NA,NA,210,NA,NA,NA,NA,NA,E,N,3,0,1,2,A,-,07,21658,A,N,B,C,A,A,H,-,A,D,0,NA,NA,Y,NA,Y,NA,A,01,0,1,0,0,0,0,0,0,1,-,-,34.13236,-117.95057,LOS ANGELES,IRWINDALE,-117.95061933,34.13223031
9014823,2019,2020-02-08,1941,2019-12-10,1851,11349,NA,2,5,7,1941,0,0,0,NA,0,NA,DEL AMO BL,LONG BEACH BL,339,W,N,A,-,N,NA,NA,NA,NA,NA,NA,NA,NA,NA,NA,3,0,2,2,A,-,08,22107,NA,N,C,C,A,A,H,-,C,A,0,NA,NA,NA,NA,Y,NA,A,NA,0,1,1,0,0,0,0,0,0,-,-,NA,NA,LOS ANGELES,LONG BEACH,-118.19499206542967,33.84677505493164
90148233,2016,2016-03-30,9580,2016-03-24,1450,017400,LOS A,4,2,9,1900,0,2,S,NA,2,001,MALIBU CYN. (2900 BLOCK),FRANCISCO RANCH RD.,5280,S,N,A,-,N,NA,NA,NA,NA,NA,NA,NA,NA,NA,Y,3,0,4,2,A,-,08,22107,NA,N,A,C,A,A,H,-,A,D,0,NA,NA,NA,NA,Y,NA,A,01,0,2,2,0,0,0,0,0,0,-,-,34.06038,-118.69414,LOS ANGELES,UNINCORPORATED,-118.69495937,34.06240545
90148235,2016,2016-03-30,9565,2016-03-07,1420,016545,NA,1,2,9,1900,0,3,5,NA,2,003,LA CIENEGA BLVD,SLAUSON AVE,1000,N,N,B,-,N,NA,NA,NA,NA,NA,NA,NA,NA,NA,Y,4,0,2,2,A,-,08,22107,NA,N,E,C,A,A,H,-,A,D,0,NA,NA,NA,NA,Y,NA,A,01,0,0,2,0,0,0,0,0,0,-,-,33.76253,-118.71275,LOS ANGELES,UNINCORPORATED,-118.36955182,33.99025586
90148236,2016,2016-03-30,9580,2016-03-14,0905,015926,NA,1,1,7,1942,0,1,1,NA,2,407,I-405 S/B (SAN DIEGO FWY),PLUMMER ST,480,S,N,B,-,Y,NA,NA,405,NA,NA,NA,NA,NA,S,Y,4,0,2,4,A,-,03,22350,NA,N,C,C,A,A,H,-,A,D,0,NA,NA,NA,NA,Y,NA,A,01,0,0,2,0,0,0,0,0,0,-,-,34.24149,-118.47321,LOS ANGELES,LOS ANGELES,-118.47312276,34.24148918