CASE_ID,ACCIDENT_YEAR,PROC_DATE,JURIS,COLLISION_DATE,COLLISION_TIME,OFFICER_ID,REPORTING_DISTRICT,DAY_OF_WEEK,CHP_SHIFT,POPULATION,CNTY_CITY_LOC,SPECIAL_COND,BEAT_TYPE,CHP_BEAT_TYPE,CITY_DIVISION_LAPD,CHP_BEAT_CLASS,BEAT_NUMBER,PRIMARY_RD,SECONDARY_RD,DISTANCE,DIRECTION,INTERSECTION,WEATHER_1,WEATHER_2,STATE_HWY_IND,CALTRANS_COUNTY,CALTRANS_DISTRICT,STATE_ROUTE,ROUTE_SUFFIX,POSTMILE_PREFIX,POSTMILE,LOCATION_TYPE,RAMP_INTERSECTION,SIDE_OF_HWY,TOW_AWAY,COLLISION_SEVERITY,NUMBER_KILLED,NUMBER_INJURED,PARTY_COUNT,PRIMARY_COLL_FACTOR,PCF_CODE_OF_VIOL,PCF_VIOL_CATEGORY,PCF_VIOLATION,PCF_VIOL_SUBSECTION,HIT_AND_RUN,TYPE_OF_COLLISION,MVIW,PED_ACTION,ROAD_SURFACE,ROAD_COND_1,ROAD_COND_2,LIGHTING,CONTROL_DEVICE,CHP_ROAD_TYPE,PEDESTRIAN_ACCIDENT,BICYCLE_ACCIDENT,MOTORCYCLE_ACCIDENT,TRUCK_ACCIDENT,NOT_PRIVATE_PROPERTY,ALCOHOL_INVOLVED,STWD_VEHTYPE_AT_FAULT,CHP_VEHTYPE_AT_FAULT,COUNT_SEVERE_INJ,COUNT_VISIBLE_INJ,COUNT_COMPLAINT_PAIN,COUNT_PED_KILLED,COUNT_PED_INJURED,COUNT_BICYCLIST_KILLED,COUNT_BICYCLIST_INJURED,COUNT_MC_KILLED,COUNT_MC_INJURED,PRIMARY_RAMP,SECONDARY_RAMP,LATITUDE,LONGITUDE,COUNTY,CITY,POINT_X,POINT_Y
90149464,2016,2016-04-04,9575,2016-03-25,2230,020771,NA,5,3,9,1900,0,1,3,NA,2,302,SR-2 (ANGELES CREST HIGHWAY),MT. WILSON RED BOX RD.,3168,E,N,A,-,Y,NA,NA,2,NA,NA,NA,NA,NA,NA,Y,4,0,1,1,A,-,08,22107,NA,N,E,I,A,A,H,-,D,D,0,NA,NA,NA,NA,Y,NA,A,01,0,0,1,0,0,0,0,0,0,-,-,34.26322,-118.0999,LOS ANGELES,UNINCORPORATED,-118.09985552,34.26323145
9014947,2019,2020-06-16,1942,2019-12-11,1315,40730,138,3,5,7,1942,0,0,0,M,0,1A29,WALL ST,BOYD ST,18,N,N,A,-,N,NA,NA,NA,NA,NA,NA,NA,NA,NA,N,3,0,2,2,A,-,03,22350,NA,F,G,B,F,A,H,-,A,D,0,Y,NA,NA,NA,Y,NA,A,01,0,2,0,0,1,0,0,0,0,-,-,NA,NA,LOS ANGELES,LOS ANGELES,-118.24423217773438,34.04723358154297
90149475,2016,2016-04-04,9580,2016-03-16,1550,021092,NA,3,2,7,1942,0,1,1,NA,2,404,I-405 N/B (SAN DIEGO FWY),BURBANK BLVD,50,N,N,A,-,Y,NA,NA,405,NA,NA,NA,NA,NA,N,N,4,0,1,3,A,-,03,22350,NA,N,C,C,A,A,H,-,A,D,0,NA,NA,NA,NA,Y,NA,-,99,0,0,1,0,0,0,0,0,0,-,-,34.17251,-118.46754,LOS ANGELES,LOS ANGELES,-118.46755908,34.17250953
90149487,2016,2016-04-04,9575,2016-03-19,1200,020536,NA,6,1,9,1900,0,3,5,NA,2,003,UPPER BIG TUJUNGA CANYON ROAD,POWER LINES,2640,E,N,A,-,N,NA,NA,NA,NA,NA,NA,NA,NA,NA,Y,3,0,1,1,A,-,03,22350,NA,N,F,A,A,A,H,-,A,D,0,NA,NA,Y,NA,Y,NA,C,02,0,1,0,0,0,0,0,0,1,-,-,34.28596,-118.04264,LOS ANGELES,UNINCORPORATED,NA,NA
90149488,2016,2016-04-04,9575,2016-03-19,1215,020536,NA,6,1,9,1900,0,3,5,NA,2,003,UPPER BIG TUJUNGA CANYON ROAD,ALDER CREEK,436,E,N,A,-,N,NA,NA,NA,NA,NA,NA,NA,NA,NA,N,3,0,1,1,A,-,03,22350,NA,N,F,A,A,A,H,-,A,D,0,NA,NA,Y,NA,Y,NA,C,02,0,1,0,0,0,0,0,0,1,-,-,34.30889,-118.07324,LOS ANGELES,UNINCORPORATED,NA,NA
9014950,2019,2020-02-08,1942,2019-12-08,1220,41629,162,7,5,7,1942,0,0,0,P,0,1A61,OLIVE ST,8TH ST,0,S,N,B,C,N,NA,NA,NA,NA,NA,NA,NA,NA,NA,Y,4,0,3,6,A,-,07,21658,A,N,B,C,A,B,H,-,A,D,0,NA,NA,NA,NA,Y,NA,A,01,0,0,3,0,0,0,0,0,0,-,-,NA,NA,LOS ANGELES,LOS ANGELES,-118.25686645507813,34.04515075683594
90149506,2016,2016-04-04,9575,2016-03-18,1728,019920,NA,5,2,9,1900,0,2,4,NA,2,084,DUARTE RD. (8000 BLOCK),FERRON AVE.,50,W,N,A,-,N,NA,NA,NA,NA,NA,NA,NA,NA,NA,Y,4,0,1,2,A,-,03,22350,NA,N,C,C,A,A,H,-,A,D,0,NA,NA,NA,NA,Y,NA,A,01,0,0,1,0,0,0,0,0,0,-,-,34.12113,-118.08119,LOS ANGELES,UNINCORPORATED,-118.08118915,34.12113427
90149508,2016,2016-04-04,9575,2016-03-13,1315,020911,NA,7,1,7,1942,0,1,1,NA,2,053,I-5 N/B (GOLDEN STATE FREEWAY),VAN NUYS BLVD U/C,400,N,N,A,-,Y,NA,NA,NA,NA,NA,NA,NA,NA,NA,Y,2,0,2,3,A,-,07,21658,A,F,B,C,A,A,H,-,A,D,0,NA,NA,NA,NA,Y,NA,A,07,1,1,0,0,0,0,0,0,0,-,-,34.25648,-118.43626,LOS ANGELES,LOS ANGELES,-118.43579906,34.25756646
90149509,2016,2016-04-04,9575,2016-03-24,0803,020536,NA,4,1,7,1942,0,1,1,NA,2,060,I-210 E/B (FOOTHILL FREEWAY),FOOTHILL BLVD.,10,W,N,A,-,Y,NA,NA,210,NA,NA,NA,NA,NA,E,Y,4,0,1,2,A,-,03,22350,NA,N,C,C,A,A,H,-,A,A,0,NA,NA,NA,NA,Y,NA,A,01,0,0,1,0,0,0,0,0,0,-,-,34.27464,-118.38163,LOS ANGELES,LOS ANGELES,-118.38153924,34.27502386
9014951,2019,2020-02-10,1942,2019-12-12,1110,40289,111,4,5,7,1942,0,0,0,K,0,1A1,ARCADIA ST,NORTH SPRING ST,0,NA,Y,A,-,N,NA,NA,NA,NA,NA,NA,NA,NA,NA,N,4,0,1,2,A,-,17,21461,A,N,B,C,A,A,H,-,A,D,0,NA,NA,NA,NA,Y,NA,A,01,0,0,1,0,0,0,0,0,0,-,-,NA,NA,LOS ANGELES,LOS ANGELES,-118.24114990234376,34.056480407714844
90149517,2016,2016-04-04,9575,2016-03-25,0955,020702,NA,5,1,7,1942,0,1,3,NA,2,043,SR-134 E/B (VENTURA FREEWAY),FORESTLAWN DR.,2000,E,N,A,-,Y,NA,NA,134,NA,NA,NA,NA,NA,E,Y,4,0,1,2,A,-,03,22350,NA,N,C,C,A,A,H,-,A,D,0,NA,NA,NA,NA,Y,NA,A,07,0,0,1,0,0,0,0,0,0,-,-,34.15553,-118.30821,LOS ANGELES,LOS ANGELES,-118.30820229,34.15549776
90149530,2016,2016-04-04,9575,2016-03-23,2057,020729,NA,3,2,7,1942,0,1,1,NA,2,061,I-210 W/B (FOOTHILL FREEWAY),LA TUNA CANYON ROAD,1559,E,N,A,-,Y,NA,NA,210,NA,NA,NA,NA,NA,W,Y,3,0,1,2,A,-,03,22350,NA,N,C,C,A,A,H,-,D,D,0,NA,NA,NA,Y,Y,NA,G,25,0,1,0,0,0,0,0,0,0,-,-,34.2338,-118.27659,LOS ANGELES,LOS ANGELES,-118.27662523,34.23364885
9014954,2019,2020-02-08,1942,2019-12-07,1540,34426,142,6,5,7,1942,0,0,0,N,0,1A41,5TH ST,OLIVE ST,56,E,N,B,-,N,NA,NA,NA,NA,NA,NA,NA,NA,NA,N,4,0,1,2,A,-,07,21658,A,N,B,C,A,A,H,-,A,D,0,NA,NA,NA,NA,Y,NA,A,07,0,0,1,0,0,0,0,0,0,-,-,NA,NA,LOS ANGELES,LOS ANGELES,-118.25270080566406,34.049373626708984
9014955,2019,2020-02-10,1942,2019-12-04,1000,32973,111,3,5,7,1942,0,0,0,K,0,1A1,NORTH FIGUEROA ST,W CESAR E CHAVEZ AV,0,NA,Y,B,C,N,NA,NA,NA,NA,NA,NA,NA,NA,NA,N,4,0,4,2,A,-,09,21801,A,N,D,C,A,B,H,-,A,A,0,NA,NA,NA,NA,Y,NA,A,07,0,0,4,0,0,0,0,0,0,-,-,NA,NA,LOS ANGELES,LOS ANGELES,-118.24630737304688,34.062660217285156
90149566,2016,2016-04-04,9575,2016-03-10,1741,021144,NA,4,2,7,1942,0,1,1,NA,2,060,I-210 E/B (FOOTHILL FREEWAY),TERRA BELLA ST,200,E,N,B,-,Y,NA,NA,210,NA,NA,NA,NA,NA,E,Y,3,0,1,2,A,-,01,23152,A,N,F,I,A,A,H,-,B,D,0,NA,NA,NA,NA,Y,Y,A,01,0,1,0,0,0,0,0,0,0,-,-,34.27708,-118.38944,LOS ANGELES,LOS ANGELES,-118.38944234,34.27706858
9014958,2019,2020-02-08,1942,2019-12-06,0710,41629,261,5,5,7,1942,0,0,0,NA,0,2A45,S LAKE ST,JAMES M WOOD BL,0,NA,Y,A,-,N,NA,NA,NA,NA,NA,NA,NA,NA,NA,N,4,0,1,2,A,-,10,21950,A,N,G,B,B,A,H,-,A,A,0,Y,NA,NA,NA,Y,NA,A,01,0,0,1,0,1,0,0,0,0,-,-,NA,NA,LOS ANGELES,LOS ANGELES,-118.27989,34.05387
9014959,2019,2020-02-10,1942,2019-12-05,0815,40289,182,4,5,7,1942,0,0,0,R,0,1A61,W PICO BL,S OLIVE ST,75,E,N,A,-,N,NA,NA,NA,NA,NA,NA,NA,NA,NA,N,4,0,2,2,A,-,09,21804,A,N,D,C,A,A,H,-,A,D,0,NA,NA,NA,NA,Y,NA,A,01,0,0,2,0,0,0,0,0,0,-,-,NA,NA,LOS ANGELES,LOS ANGELES,-118.26306915283205,34.03816223144531
90149624,2016,2016-04-04,9575,2016-03-30,1555,017491,NA,3,2,6,1925,0,1,1,NA,2,050,I-5 S/B (GOLDEN STATE FREEWAY),SONORA AVENUE,755,S,N,A,-,Y,NA,NA,5,NA,NA,NA,NA,NA,S,Y,4,0,2,3,A,-,03,22350,NA,N,C,C,A,A,H,-,A,A,0,NA,NA,NA,NA,Y,NA,A,01,0,0,2,0,0,0,0,0,0,-,-,34.15885,-118.29212,LOS ANGELES,GLENDALE,-118.29201916,34.15890839
9014963,2019,2020-01-02,1942,2019-11-10,1900,43432,1836,7,5,7,1942,0,0,0,R,0,18A35,COMPTON AV,E 103RD ST,0,NA,Y,A,-,N,NA,NA,NA,NA,NA,NA,NA,NA,NA,N,3,0,2,2,A,-,12,21453,A,N,D,G,A,A,H,-,C,A,0,NA,Y,Y,NA,Y,NA,C,02,0,2,0,0,0,0,1,0,1,-,-,NA,NA,LOS ANGELES,LOS ANGELES,-118.24620819091795,33.94322967529297
90149633,2016,2016-04-04,9575,2016-03-03,0800,020911,NA,4,1,6,1925,0,1,3,NA,2,090,SR-2 W/B (GLENDALE FREEWAY),SR-134 W/B TO SR-2 S/B OVERCROSSING,60,E,N,A,-,Y,NA,NA,2,NA,NA,NA,NA,NA,W,Y,4,0,1,4,A,-,03,22350,NA,N,B,C,A,A,H,-,A,D,0,NA,NA,NA,Y,Y,NA,G,25,0,0,1,0,0,0,0,0,0,-,-,34.14542,-118.22667,LOS ANGELES,GLENDALE,-118.22677008,34.14544908
90149635,2016,2016-04-04,9530,2016-02-29,1310,018594,NA,1,1,5,1977,0,1,1,NA,2,410,I-405 S/B (SAN DIEGO FREEWAY),CARSON ST.,100,S,N,A,-,Y,NA,NA,405,NA,NA,NA,NA,NA,S,Y,4,0,1,2,A,-,03,22350,NA,N,C,C,A,A,H,-,A,D,0,NA,NA,NA,NA,Y,NA,A,08,0,0,1,0,0,0,0,0,0,-,-,33.83951,-118.26339,LOS ANGELES,CARSON,-118.26354445,33.83936297
90149639,2016,2016-04-04,9590,2016-02-13,1140,017878,NA,6,1,7,1942,0,1,1,NA,2,011,SR-110 S/B (ARROYO SECO PARKWAY),STADIUM WAY,400,N,N,A,-,Y,NA,NA,110,NA,NA,NA,NA,NA,S,Y,4,0,1,3,A,-,08,22107,NA,N,B,C,A,A,H,-,A,D,0,NA,NA,Y,NA,Y,NA,C,02,0,0,1,0,0,0,0,0,1,-,-,34.07265,-118.23468,LOS ANGELES,LOS ANGELES,-118.23476712,34.0727093
90149663,2016,2016-04-04,9590,2016-02-13,1646,019008,NA,6,2,7,1942,0,1,1,NA,2,081,I-5 SB (GOLDEN STATE FREEWAY),CESAR CHAVEZ AVENUE,500,N,N,A,-,Y,NA,NA,5,NA,NA,NA,NA,NA,S,N,4,0,1,2,A,-,21,22106,NA,N,C,C,A,A,H,-,A,D,0,NA,NA,NA,NA,Y,NA,A,08,0,0,1,0,0,0,0,0,0,-,-,34.05126,-118.21412,LOS ANGELES,LOS ANGELES,-118.21410453,34.05126058
90149669,2016,2016-04-04,9590,2016-01-10,0250,020443,NA,7,3,7,1942,0,1,2,NA,2,042,US-101 N/B (SAF),WHITTIER BLVD.,470,N,N,C,-,Y,NA,NA,101,NA,NA,NA,NA,NA,N,Y,2,0,2,1,A,-,01,23152,A,N,E,I,A,B,H,-,C,D,0,NA,NA,NA,NA,Y,Y,A,01,1,1,0,0,0,0,0,0,0,-,-,34.03841,-118.22151,LOS ANGELES,LOS ANGELES,-118.22144937,34.03841588
9014967,2019,2019-12-31,1942,2019-11-04,1000,39745,1846,1,5,7,1942,0,0,0,R,0,18A35,S CENTRAL AV,E IMPERIAL HWY,0,NA,Y,A,-,N,NA,NA,NA,NA,NA,NA,NA,NA,NA,N,3,0,1,2,A,-,08,22107,NA,N,H,G,A,A,H,-,A,A,0,NA,Y,NA,NA,Y,NA,L,04,0,1,0,0,0,0,1,0,0,-,-,NA,NA,LOS ANGELES,LOS ANGELES,-118.25422668457033,33.92947006225586
90149691,2016,2016-04-04,9540,2016-03-18,2012,019900,NA,5,2,7,1942,0,1,1,NA,2,406,I-405 N/B,SAN FERNANDO MISSION BLVD.,700,N,N,A,-,Y,NA,NA,NA,NA,NA,NA,NA,NA,NA,Y,4,0,1,3,A,-,07,21658,A,N,B,C,A,A,H,-,D,D,0,NA,NA,NA,NA,Y,NA,-,-,0,0,1,0,0,0,0,0,0,-,-,34.36067,-118.55447,LOS ANGELES,LOS ANGELES,-118.47155002,34.27372494
90149695,2016,2016-04-04,9530,2016-02-29,1330,020137,NA,1,1,7,1941,0,1,1,NA,2,420,I-405 N/B (SAN DIEGO FREEWAY),CHERRY AVE.,528,S,N,A,-,Y,NA,NA,405,NA,NA,NA,NA,NA,N,Y,4,0,1,2,A,-,03,22350,NA,N,C,C,A,A,H,-,A,D,0,NA,NA,NA,NA,Y,NA,A,07,0,0,1,0,0,0,0,0,0,-,-,33.80976,-118.15783,LOS ANGELES,LONG BEACH,-118.15789261,33.80965089
90149703,2016,2016-04-04,9540,2016-03-26,0235,020749,NA,6,3,7,1942,0,1,1,NA,1,501,I-5 S/B (GOLDEN STATE FREEWAY),I-405 (SDF),1900,S,N,A,-,Y,NA,NA,5,NA,NA,NA,NA,NA,S,Y,3,0,1,1,A,-,01,23152,A,N,E,I,A,A,H,-,C,D,0,NA,NA,NA,NA,Y,Y,A,07,0,1,0,0,0,0,0,0,0,-,-,34.28684,-118.46283,LOS ANGELES,LOS ANGELES,-118.46279601,34.28689638
9014971,2019,2020-02-12,1942,2019-12-08,0930,41629,153,7,5,7,1942,0,0,0,O,0,1A41,S BROADWAY,W 6TH ST,215,S,N,B,-,N,NA,NA,NA,NA,NA,NA,NA,NA,NA,N,4,0,1,2,A,-,17,22517,NA,N,H,G,A,B,H,-,A,D,0,NA,Y,NA,NA,Y,NA,A,08,0,0,1,0,0,0,1,0,0,-,-,NA,NA,LOS ANGELES,LOS ANGELES,-118.25243377685548,34.046165466308594
90149751,2016,2016-04-04,9575,2016-03-05,2010,020950,NA,6,2,5,1902,0,1,1,NA,2,065,I-210 W/B (FOOTHILL FWY) TO BALDWIN AVE,BALDWIN AVE.,1000,W,N,C,-,Y,NA,NA,210,NA,NA,NA,R,NA,W,Y,3,0,1,1,A,-,01,23152,E,N,F,A,A,B,H,-,C,D,0,NA,NA,Y,NA,Y,NA,C,02,0,1,0,0,0,0,0,0,1,-,-,34.14938,-118.05319,LOS ANGELES,ARCADIA,-118.05319,34.14938
90149756,2016,2016-04-04,9530,2016-03-19,1430,021108,NA,6,2,5,1977,0,1,3,NA,2,310,SR-91 W/B (ARTESIA FREEWAY),AVALON BLVD.,892,W,N,A,-,Y,NA,NA,NA,NA,NA,NA,NA,NA,NA,Y,4,0,1,2,A,-,03,22350,NA,N,D,C,A,A,H,-,A,D,0,NA,NA,NA,NA,Y,NA,A,01,0,0,1,0,0,0,0,0,0,-,-,33.5222,-118.1685,LOS ANGELES,CARSON,-118.26889848,33.8729347
90149806,2016,2016-04-04,9575,2016-03-13,0725,020911,NA,7,1,7,1942,0,1,1,NA,2,053,I-5 N/B (GOLDEN STATE FREEWAY),PAXTON STREET U/C,1030,S,N,A,-,Y,NA,NA,5,NA,NA,NA,NA,NA,N,Y,3,0,1,3,A,-,03,22350,NA,N,C,E,A,A,H,-,B,D,0,NA,NA,NA,Y,Y,Y,A,01,0,1,0,0,0,0,0,0,0,-,-,34.26154,-118.43968,LOS ANGELES,LOS ANGELES,-118.43979621,34.26144417
90149830,2016,2016-04-04,9575,2016-03-13,0330,020945,NA,7,3,7,1942,0,1,3,NA,2,070,SR-118 E/B (RONALD REAGAN FWY),BRADLEY AVE.,100,W,N,A,-,Y,NA,NA,118,NA,NA,NA,NA,NA,E,Y,2,0,1,1,A,-,01,23152,A,N,E,I,A,A,H,-,C,D,0,NA,NA,NA,NA,Y,Y,A,01,1,0,0,0,0,0,0,0,0,-,-,34.27513,-118.42481,LOS ANGELES,LOS ANGELES,-118.42494674,34.27529398
90149840,2016,2016-04-04,9575,2016-03-20,0055,021188,NA,7,3,7,1942,0,1,3,NA,2,044,SR-134 E/B FROM LANKERSHIM BLVD.,CAHUENGA BLVD.,630,W,N,A,-,Y,NA,NA,134,NA,NA,NA,R,NA,E,Y,4,0,1,1,A,-,08,22107,NA,N,E,I,A,A,H,-,C,D,0,NA,NA,Y,NA,Y,NA,C,02,0,0,1,0,0,0,0,0,1,-,-,34.15317,-118.36314,LOS ANGELES,LOS ANGELES,-118.36314,34.15317
90149870,2016,2016-04-04,9575,2016-03-21,0940,020702,NA,1,1,9,1900,0,2,4,NA,2,012,FOOTHILL BLVD. (3000 BLOCK),CLOUD AVE.,200,E,N,A,-,N,NA,NA,NA,NA,NA,NA,NA,NA,NA,N,3,0,1,2,A,-,10,21952,NA,N,G,B,E,A,H,-,A,D,0,Y,NA,NA,NA,Y,NA,A,08,0,1,0,0,1,0,0,0,0,-,-,34.22787,-118.24612,LOS ANGELES,UNINCORPORATED,-118.24588794,34.22784517
90149934,2016,2016-04-04,9550,2016-03-23,1940,021087,NA,3,2,9,1900,0,2,4,NA,1,032,GALE AVENUE,STIMSON AVENUE,720,E,N,A,-,N,NA,NA,NA,NA,NA,NA,NA,NA,NA,Y,4,0,1,2,A,-,03,22350,NA,N,C,C,A,A,H,-,C,D,0,NA,NA,NA,NA,Y,NA,A,01,0,0,1,0,0,0,0,0,0,-,-,34.00804,-117.95375,LOS ANGELES,UNINCORPORATED,-117.95380223,34.00809028
90149967,2016,2016-04-04,9545,2016-01-23,1859,020960,NA,6,2,9,1900,0,3,5,NA,2,004,240TH ST  E,AVENUE O,1584,S,N,A,-,N,NA,NA,NA,NA,NA,NA,NA,NA,NA,N,1,1,1,4,A,-,08,22107,NA,N,G,B,E,A,H,-,D,D,0,Y,NA,NA,NA,Y,NA,A,07,0,0,1,1,1,0,0,0,0,-,-,34.61386,-117.70257,LOS ANGELES,UNINCORPORATED,-117.70264117,34.61222934
90149971,2016,2016-04-04,9525,2016-03-03,1615,019491,NA,4,2,9,1900,0,3,5,NA,2,002,BADILLO STREET (16000 E. BLOCK),SUNSET AVENUE (800 N. BLOCK),0,NA,Y,B,-,N,NA,NA,NA,NA,NA,NA,NA,NA,NA,N,3,0,1,2,A,-,05,21650,NA,N,D,G,A,A,H,-,A,A,0,NA,Y,NA,NA,Y,NA,L,04,0,1,0,0,0,0,1,0,0,-,-,34.08665,-117.93389,LOS ANGELES,UNINCORPORATED,-117.93423008,34.08670009
90149976,2016,2016-04-04,9540,2016-03-31,1815,019900,NA,4,2,7,1942,0,1,1,NA,1,502,I-5 N/B,ROXFORD ST,200,N,N,A,-,Y,NA,NA,5,NA,NA,NA,NA,NA,N,N,4,0,2,3,A,-,04,21703,NA,N,C,C,A,A,H,-,A,D,0,NA,NA,NA,NA,Y,NA,A,01,0,0,2,0,0,0,0,0,0,-,-,34.30376,-118.47993,LOS ANGELES,LOS ANGELES,-118.47995873,34.30373324
90149989,2016,2016-04-04,9550,2016-03-24,0814,015382,NA,4,1,6,1920,1,4,S,NA,2,901,"8133 IMPERIAL HIGHWAY, DOWNEY, CA 90242",IMPERIAL HIGHWAY,60,N,N,A,-,N,NA,NA,NA,NA,NA,NA,NA,NA,NA,N,4,0,1,1,C,-,18,NA,NA,N,H,A,A,A,H,-,A,D,0,NA,NA,NA,NA,Y,NA,-,-,0,0,1,0,0,0,0,0,0,-,-,33.55378,-118.08954,LOS ANGELES,DOWNEY,NA,NA
90150005,2016,2016-04-04,9525,2016-03-19,1240,021138,NA,6,1,5,1926,0,1,1,NA,2,217,I-210 W/B (FOOTHILL FREEWAY),LONE HILL AVE,1000,E,N,A,-,Y,NA,NA,210,NA,NA,NA,NA,NA,W,Y,4,0,1,3,A,-,03,22350,NA,F,C,C,A,A,H,-,A,D,0,NA,NA,NA,NA,Y,NA,A,01,0,0,1,0,0,0,0,0,0,-,-,34.12075,-117.82527,LOS ANGELES,GLENDORA,-117.82526918,34.12075939
90150014,2016,2016-04-04,9525,2016-03-20,1428,021156,NA,7,2,6,1955,0,1,3,NA,2,572,SR-57 N/B (ORANGE FREEWAY),TEMPLE AVE,2640,N,N,A,-,Y,NA,NA,57,NA,NA,NA,NA,NA,N,Y,4,0,2,2,A,-,07,21658,A,N,B,C,A,A,H,-,A,D,0,NA,NA,NA,NA,Y,NA,A,01,0,0,2,0,0,0,0,0,0,-,-,34.05164,-117.80202,LOS ANGELES,POMONA,-117.80214892,34.05159887
90150032,2016,2016-04-04,9580,2016-03-16,1928,020876,NA,3,2,7,1942,0,1,2,NA,2,104,US-101 N/B TO DE SOTO AVE.,DE SOTO AVE,5,E,N,A,-,Y,NA,NA,101,NA,NA,NA,R,NA,N,N,3,0,1,2,A,-,10,21950,A,F,G,B,C,A,H,-,C,A,0,Y,NA,NA,NA,Y,NA,-,99,0,1,0,0,1,0,0,0,0,-,-,34.16885,-118.58793,LOS ANGELES,LOS ANGELES,-118.58793,34.16885
90150047,2016,2016-04-04,9540,2016-04-01,1730,019853,NA,5,2,7,1942,0,1,1,NA,1,502,I-5 N/B (GOLDEN STATE FWY.),ROXFORD ST.,1000,N,N,A,-,Y,NA,NA,5,NA,NA,NA,NA,NA,N,Y,4,0,2,2,A,-,03,22350,NA,N,C,C,A,A,H,-,A,D,0,NA,NA,NA,NA,Y,NA,A,01,0,0,2,0,0,0,0,0,0,-,-,34.30817,-118.48428,LOS ANGELES,LOS ANGELES,-118.48419558,34.30824816
90150052,2016,2016-04-04,9525,2016-03-12,1645,020114,NA,6,2,5,1990,0,1,3,NA,2,602,SR-60 E/B (POMONA FREEWAY),GRAND AVE,30,W,N,A,-,Y,NA,NA,60,NA,NA,NA,NA,NA,E,Y,4,0,3,3,A,-,03,22350,NA,N,C,C,A,A,H,-,A,D,0,NA,NA,NA,NA,Y,NA,A,08,0,0,3,0,0,0,0,0,0,-,-,34.00994,-117.82312,LOS ANGELES,DIAMOND BAR,-117.82324585,34.01006682
90150059,2016,2016-05-09,9540,2016-04-01,1555,019900,NA,5,2,7,1942,0,1,1,NA,1,405,I-405 S/B,SAN FERNANDO MISSION BLVD.,200,S,N,A,-,Y,NA,NA,405,NA,NA,NA,NA,NA,S,Y,4,0,2,2,A,-,03,22350,NA,N,C,C,A,A,H,-,A,D,0,NA,NA,NA,NA,Y,NA,A,01,0,0,2,0,0,0,0,0,0,-,-,34.27076,-118.47219,LOS ANGELES,LOS ANGELES,-118.4722419,34.2707605
9015006,2019,2020-01-02,1920,2019-11-26,1557,12605,DOWNE,2,5,6,1920,0,0,0,NA,0,006,DOWNEY AV,IOWA ST,50,S,N,B,-,N,NA,NA,NA,NA,NA,NA,NA,NA,NA,N,4,0,1,2,A,-,09,21804,A,N,D,G,A,A,H,-,A,D,0,NA,Y,NA,NA,Y,NA,A,01,0,0,1,0,0,0,1,0,0,-,-,NA,NA,LOS ANGELES,DOWNEY,-118.13468933105467,33.937644958496094
90150061,2016,2016-04-04,9525,2016-03-17,1512,019632,NA,4,2,9,1900,0,3,5,NA,2,002,VALLEY CENTER AVE,CIENEGA AVE,0,NA,Y,A,-,N,NA,NA,NA,NA,NA,NA,NA,NA,NA,Y,4,0,1,2,A,-,09,21802,A,N,D,C,A,A,H,-,A,A,0,NA,NA,NA,NA,Y,NA,A,01,0,0,1,0,0,0,0,0,0,-,-,34.10303,-117.83766,LOS ANGELES,UNINCORPORATED,-117.83763013,34.10305005
90150067,2016,2016-04-04,9530,2016-03-21,1440,014654,NA,1,2,5,1977,0,1,1,NA,2,410,I-405 S/B (SAN DIEGO FREEWAY),DEL AMO BLVD.,150,S,N,A,-,Y,NA,NA,NA,NA,NA,NA,NA,NA,NA,N,4,0,1,2,A,-,07,21658,A,F,F,A,A,A,H,-,A,D,0,NA,NA,Y,NA,Y,NA,-,99,0,0,1,0,0,0,0,0,1,-,-,33.5047,-118.1612,LOS ANGELES,CARSON,-118.2709,33.84642
90150069,2016,2016-04-04,9590,2016-03-20,0320,021072,NA,7,3,7,1942,0,1,1,NA,2,083,I-5 S/B (GOLDEN STATE FREEWAY),MISSION ROAD,800,N,N,A,-,Y,NA,NA,5,NA,NA,NA,NA,NA,S,Y,3,0,2,2,A,-,01,23152,A,N,C,C,A,A,H,-,C,D,0,NA,NA,NA,NA,Y,Y,A,01,0,1,1,0,0,0,0,0,0,-,-,34.06218,-118.21573,LOS ANGELES,LOS ANGELES,-118.21575147,34.06217245
9015010,2019,2020-01-02,1920,2019-11-29,1302,11992,NA,5,5,6,1920,0,0,0,NA,0,006,CAVEL ST,MARBEL AV,30,W,N,A,-,N,NA,NA,NA,NA,NA,NA,NA,NA,NA,Y,3,0,1,2,A,-,01,23152,A,N,C,E,A,A,H,-,A,D,0,NA,NA,NA,NA,Y,Y,A,01,0,1,0,0,0,0,0,0,0,-,-,NA,NA,LOS ANGELES,DOWNEY,-118.13288116455078,33.92620849609375
90150104,2016,2016-04-04,9580,2016-03-30,2050,020728,NA,3,2,9,1900,0,3,5,NA,2,013,BROWNS CANYON RD (12000 BLOCK),SUN CANYON RD.,1620,S,N,A,-,N,NA,NA,NA,NA,NA,NA,NA,NA,NA,Y,2,0,1,1,A,-,01,23152,A,F,E,I,A,A,H,-,D,D,0,NA,NA,NA,NA,Y,Y,D,22,1,0,0,0,0,0,0,0,0,-,-,34.29197,-118.59196,LOS ANGELES,UNINCORPORATED,NA,NA