CASE_ID,ACCIDENT_YEAR,PROC_DATE,JURIS,COLLISION_DATE,COLLISION_TIME,OFFICER_ID,REPORTING_DISTRICT,DAY_OF_WEEK,CHP_SHIFT,POPULATION,CNTY_CITY_LOC,SPECIAL_COND,BEAT_TYPE,CHP_BEAT_TYPE,CITY_DIVISION_LAPD,CHP_BEAT_CLASS,BEAT_NUMBER,PRIMARY_RD,SECONDARY_RD,DISTANCE,DIRECTION,INTERSECTION,WEATHER_1,WEATHER_2,STATE_HWY_IND,CALTRANS_COUNTY,CALTRANS_DISTRICT,STATE_ROUTE,ROUTE_SUFFIX,POSTMILE_PREFIX,POSTMILE,LOCATION_TYPE,RAMP_INTERSECTION,SIDE_OF_HWY,TOW_AWAY,COLLISION_SEVERITY,NUMBER_KILLED,NUMBER_INJURED,PARTY_COUNT,PRIMARY_COLL_FACTOR,PCF_CODE_OF_VIOL,PCF_VIOL_CATEGORY,PCF_VIOLATION,PCF_VIOL_SUBSECTION,HIT_AND_RUN,TYPE_OF_COLLISION,MVIW,PED_ACTION,ROAD_SURFACE,ROAD_COND_1,ROAD_COND_2,LIGHTING,CONTROL_DEVICE,CHP_ROAD_TYPE,PEDESTRIAN_ACCIDENT,BICYCLE_ACCIDENT,MOTORCYCLE_ACCIDENT,TRUCK_ACCIDENT,NOT_PRIVATE_PROPERTY,ALCOHOL_INVOLVED,STWD_VEHTYPE_AT_FAULT,CHP_VEHTYPE_AT_FAULT,COUNT_SEVERE_INJ,COUNT_VISIBLE_INJ,COUNT_COMPLAINT_PAIN,COUNT_PED_KILLED,COUNT_PED_INJURED,COUNT_BICYCLIST_KILLED,COUNT_BICYCLIST_INJURED,COUNT_MC_KILLED,COUNT_MC_INJURED,PRIMARY_RAMP,SECONDARY_RAMP,LATITUDE,LONGITUDE,COUNTY,CITY,POINT_X,POINT_Y
90150615,2016,2016-04-05,9545,2016-04-02,1718,020849,NA,6,2,9,1900,0,3,5,NA,2,002,SIERRA HIGHWAY,BARREL SPRINGS RD,566,S,N,A,-,Y,NA,NA,NA,NA,NA,NA,NA,NA,NA,Y,3,0,1,1,A,-,01,23153,A,N,E,I,A,A,H,-,A,D,0,NA,NA,NA,NA,Y,Y,D,22,0,1,0,0,0,0,0,0,0,-,-,34.54251,-118.10736,LOS ANGELES,UNINCORPORATED,-118.10867975,34.54448188
9015062,2019,2020-01-15,1942,2019-11-26,0900,42282,1824,2,5,7,1942,0,0,0,R,0,18A34,E CENTURY BL,MCKINLEY AV,0,NA,Y,A,-,N,NA,NA,NA,NA,NA,NA,NA,NA,NA,Y,3,0,3,2,A,-,12,21453,A,N,D,C,A,A,H,-,A,A,0,NA,NA,NA,NA,Y,NA,-,-,0,3,0,0,0,0,0,0,0,-,-,NA,NA,LOS ANGELES,LOS ANGELES,-118.26085662841795,33.94581985473633
90150631,2016,2016-04-05,9525,2016-03-13,1435,020114,NA,7,2,5,1990,0,1,3,NA,2,603,SR-60 W/B (POMONA FREEWAY),GRAND AVE,1056,E,N,B,-,Y,NA,NA,60,NA,NA,NA,NA,NA,W,N,4,0,1,2,A,-,07,21658,A,N,A,C,A,A,H,-,A,D,0,NA,NA,NA,NA,Y,NA,A,01,0,0,1,0,0,0,0,0,0,-,-,34.01001,-117.82301,LOS ANGELES,DIAMOND BAR,-117.82333675,34.01033982
9015064,2019,2020-02-12,1920,2019-12-03,1846,13022,NA,2,5,6,1920,0,0,0,NA,0,001,LAKEWOOD BL,DOWNEY LANDING,34,S,N,B,-,N,NA,NA,NA,NA,NA,NA,NA,NA,NA,N,4,0,1,2,A,-,03,22350,NA,N,C,C,A,B,H,-,C,A,0,NA,NA,NA,NA,Y,NA,A,01,0,0,1,0,0,0,0,0,0,-,-,NA,NA,LOS ANGELES,DOWNEY,-118.13050079345705,33.92679214477539
90150641,2016,2016-04-05,9575,2016-03-22,1840,020492,NA,2,2,6,1925,0,1,3,NA,2,042,SR-134 E/B FROM BRNAD BLVD,BRAND BLVD,30,E,N,A,-,Y,NA,NA,134,NA,NA,NA,R,NA,E,N,3,0,1,2,A,-,07,21658,A,N,B,C,A,A,H,-,A,D,0,NA,NA,Y,NA,Y,NA,A,01,0,1,0,0,0,0,0,0,1,-,-,34.15595,-118.25462,LOS ANGELES,GLENDALE,-118.25462,34.15595
90150643,2016,2016-04-05,9530,2016-02-29,1725,018200,NA,1,2,9,1900,0,3,5,NA,2,003,ROSECRANS AVE.,ATLANTIC AVE.,0,NA,Y,A,-,N,NA,NA,NA,NA,NA,NA,NA,NA,NA,Y,4,0,2,2,A,-,09,21801,A,N,A,C,A,A,H,-,A,A,0,NA,NA,NA,NA,Y,NA,A,01,0,0,2,0,0,0,0,0,0,-,-,33.54131,-118.11386,LOS ANGELES,UNINCORPORATED,-118.19394005,33.90357008
90150646,2016,2016-04-05,9540,2016-03-20,1257,018759,NA,7,1,9,1900,0,2,4,NA,1,104,SAN FRANCISQUITO CANYON RD,STATOR LN,6864,S,N,A,-,Y,NA,NA,NA,NA,NA,NA,NA,NA,NA,N,4,0,1,1,A,-,03,22350,NA,N,E,I,A,A,H,-,A,D,0,NA,NA,Y,NA,Y,NA,C,02,0,0,1,0,0,0,0,0,1,-,-,34.52496,-118.53244,LOS ANGELES,UNINCORPORATED,-118.53154241,34.52377482
9015066,2019,2020-01-02,1942,2019-11-25,2010,43098,1842,1,5,7,1942,0,0,0,R,0,18A49,S MAIN ST,113TH ST,30,S,N,A,-,N,NA,NA,NA,NA,NA,NA,NA,NA,NA,Y,3,0,1,3,A,-,03,22350,NA,N,B,E,A,A,H,-,C,D,0,NA,NA,NA,NA,Y,Y,A,01,0,1,0,0,0,0,0,0,0,-,-,NA,NA,LOS ANGELES,LOS ANGELES,-118.2738800048828,33.931968688964844
90150693,2016,2016-04-05,9580,2016-03-11,0515,020404,NA,5,3,9,1900,0,1,2,NA,2,106,US-101 N/B (VENTURA FREEWAY),MUREAU RD,300,S,N,A,-,Y,NA,NA,101,NA,NA,NA,NA,NA,N,Y,3,0,1,3,A,-,03,22350,NA,N,C,C,A,A,H,-,C,D,0,NA,NA,NA,NA,Y,NA,D,22,0,1,0,0,0,0,0,0,0,-,-,34.15188,-118.65812,LOS ANGELES,UNINCORPORATED,-118.65802758,34.15157573
9015070,2019,2020-01-02,1942,2019-11-26,1430,42724,1841,2,5,7,1942,0,0,0,R,0,18X7,FIGUEROA ST,104TH ST,2,S,N,A,-,N,NA,NA,NA,NA,NA,NA,NA,NA,NA,N,2,0,1,2,A,-,12,21453,A,F,G,B,B,A,H,-,A,A,0,Y,NA,NA,NA,Y,NA,-,99,1,0,0,0,1,0,0,0,0,-,-,NA,NA,LOS ANGELES,LOS ANGELES,-118.28263092041016,33.94231414794922
90150705,2016,2016-04-05,9540,2016-03-30,1357,019788,NA,3,1,9,1900,0,2,4,NA,2,031,THE OLD ROAD,HASLEY CANYON ROAD,0,NA,Y,B,-,N,NA,NA,NA,NA,NA,NA,NA,NA,NA,N,4,0,3,2,A,-,07,21658,A,N,D,C,A,A,H,-,A,D,0,NA,NA,NA,NA,Y,NA,A,01,0,0,3,0,0,0,0,0,0,-,-,34.45619,-118.61721,LOS ANGELES,UNINCORPORATED,-118.617228,34.456146
9015074,2019,2020-01-02,1942,2019-11-26,1300,44021,1863,2,5,7,1942,0,0,0,R,0,18A63,115TH ST,AVALON BL,0,NA,Y,A,-,N,NA,NA,NA,NA,NA,NA,NA,NA,NA,Y,4,0,1,2,A,-,21,22106,NA,M,C,C,A,A,H,-,A,A,0,NA,NA,NA,NA,Y,Y,-,99,0,0,1,0,0,0,0,0,0,-,-,NA,NA,LOS ANGELES,LOS ANGELES,-118.26519012451172,33.930110931396484
90150740,2016,2016-04-05,9540,2016-03-28,0045,020837,NA,1,3,9,1900,0,1,3,NA,2,147,SR-14 S/B (ANTELOPE VALLEY FWY),AGUA DULCE CYN RD,7920,S,N,A,-,Y,NA,NA,14,NA,NA,NA,NA,NA,S,Y,3,0,3,2,A,-,07,21658,A,F,B,C,A,A,H,-,D,D,0,NA,NA,NA,NA,Y,NA,-,99,0,2,1,0,0,0,0,0,0,-,-,34.45495,-118.35052,LOS ANGELES,UNINCORPORATED,-118.35043246,34.45491477
90150745,2016,2016-04-05,9540,2016-03-28,2323,020837,NA,1,3,9,1900,0,1,1,NA,2,513,I-5 S/B (GOLDEN STATE FREEWAY,SR-138 (LANCASTER FWY),1056,S,N,B,-,Y,NA,NA,5,NA,NA,NA,NA,NA,S,Y,4,0,1,3,A,-,08,22107,NA,N,C,C,A,C,H,-,C,D,0,NA,NA,NA,Y,Y,NA,A,08,0,0,1,0,0,0,0,0,0,-,-,34.7558,-118.79603,LOS ANGELES,UNINCORPORATED,-118.79598907,34.75580099
9015075,2019,2020-02-12,1972,2019-12-16,1555,18263,NA,1,5,6,1972,0,0,0,NA,0,NA,ARTESIA,CASIMIR,75,E,N,A,-,N,NA,NA,NA,NA,NA,NA,NA,NA,NA,Y,4,0,1,3,A,-,03,22350,NA,N,C,C,A,A,H,-,A,D,0,NA,NA,NA,NA,Y,NA,A,NA,0,0,1,0,0,0,0,0,0,-,-,NA,NA,LOS ANGELES,TORRANCE,-118.32194519042967,33.87291717529297
90150753,2016,2016-04-05,9590,2016-03-10,1536,016127,NA,4,2,7,1942,0,1,1,NA,2,052,I-110 N/B (HAF) TO U.S. 101 N/B (HOF),TEMPLE STREET,150,S,N,B,-,Y,NA,NA,110,NA,NA,NA,R,NA,N,Y,4,0,2,3,A,-,03,22350,NA,N,C,C,A,A,H,-,A,D,0,NA,NA,NA,NA,Y,NA,J,48,0,0,2,0,0,0,0,0,0,-,-,34.06055,-118.25087,LOS ANGELES,LOS ANGELES,-118.25087,34.06055
90150756,2016,2016-04-05,9540,2016-03-28,1400,020255,NA,1,2,7,1942,0,1,1,NA,1,502,I-5 N/B (GOLDEN STATE FREEWAY),SAN FERNANDO RD,400,S,N,A,-,Y,NA,NA,5,NA,NA,NA,NA,NA,N,N,4,0,1,2,A,-,03,22350,NA,N,C,C,A,A,H,-,A,D,0,NA,NA,NA,NA,Y,NA,A,01,0,0,1,0,0,0,0,0,0,-,-,34.32446,-118.50221,LOS ANGELES,LOS ANGELES,-118.50217024,34.32451332
90150766,2016,2016-04-05,9550,2016-04-01,0235,021196,NA,5,3,9,1900,0,3,5,NA,2,002,MILLS AVE W/B,LANNING DR,112,E,N,A,-,N,NA,NA,NA,NA,NA,NA,NA,NA,NA,Y,4,0,1,4,A,-,08,22107,NA,N,B,E,A,A,H,-,C,D,0,NA,NA,NA,NA,Y,NA,A,01,0,0,1,0,0,0,0,0,0,-,-,33.94587,-118.02109,LOS ANGELES,UNINCORPORATED,-118.02108488,33.9457845
9015078,2019,2020-01-02,1942,2019-11-27,1745,43952,1806,3,5,7,1942,0,0,0,R,0,18A26W,CENTRAL AV,89TH ST,0,NA,Y,A,-,N,NA,NA,NA,NA,NA,NA,NA,NA,NA,N,4,0,1,2,A,-,10,21950,NA,N,G,B,B,B,H,-,C,D,0,Y,NA,NA,NA,Y,NA,A,01,0,0,1,0,1,0,0,0,0,-,-,NA,NA,LOS ANGELES,LOS ANGELES,-118.25643157958984,33.95560073852539
9015079,2019,2020-02-12,1972,2019-12-21,0350,21153,NA,6,5,6,1972,0,0,0,NA,0,NA,DEL AMO BL,ENTRADERO AV,0,NA,Y,A,-,N,NA,NA,NA,NA,NA,NA,NA,NA,NA,Y,3,0,1,2,A,-,12,21453,A,N,D,C,A,A,H,-,C,A,0,NA,NA,NA,NA,Y,NA,A,NA,0,1,0,0,0,0,0,0,0,-,-,NA,NA,LOS ANGELES,TORRANCE,-118.36817932128906,33.848628997802734
90150795,2016,2016-04-05,9530,2016-02-20,1825,021059,NA,6,2,9,1900,0,3,5,NA,2,002,ROSECRANS AVE.,MAIN ST.,0,NA,Y,A,-,N,NA,NA,NA,NA,NA,NA,NA,NA,NA,Y,4,0,2,2,A,-,12,21453,A,N,D,C,A,A,H,-,C,A,0,NA,NA,NA,NA,Y,NA,A,01,0,0,2,0,0,0,0,0,0,-,-,33.90202,-118.2741,LOS ANGELES,UNINCORPORATED,-118.27408011,33.90195011
9015082,2019,2020-01-02,1942,2019-11-14,0535,37146,1824,4,5,7,1942,0,0,0,R,0,25TL23,S CENTRAL AV,E CENTURY BL,69,N,N,A,-,N,NA,NA,NA,NA,NA,NA,NA,NA,NA,Y,4,0,1,2,A,-,03,22350,NA,N,C,C,A,A,H,-,C,A,0,NA,NA,NA,NA,Y,NA,A,08,0,0,1,0,0,0,0,0,0,-,-,NA,NA,LOS ANGELES,LOS ANGELES,-118.25408172607422,33.94585037231445
9015083,2019,2020-02-12,1972,2019-12-20,0216,21205,NA,5,5,6,1972,0,0,0,NA,0,NA,WESTERN AV,206TH ST,50,N,N,A,-,N,NA,NA,NA,NA,NA,NA,NA,NA,NA,Y,3,0,1,2,A,-,09,21802,A,N,C,C,A,A,H,-,C,D,0,NA,NA,NA,NA,Y,NA,A,NA,0,1,0,0,0,0,0,0,0,-,-,NA,NA,LOS ANGELES,TORRANCE,-118.30921936035156,33.84392547607422
9015086,2019,2020-01-02,1942,2019-11-22,0740,43923,1801,5,5,7,1942,0,0,0,R,0,18A1,MANCHESTER AV,BARING CROSS ST,0,NA,Y,A,-,N,NA,NA,NA,NA,NA,NA,NA,NA,NA,Y,4,0,1,2,A,-,04,21703,NA,N,C,C,A,A,H,-,A,A,0,NA,NA,NA,NA,Y,NA,A,01,0,0,1,0,0,0,0,0,0,-,-,NA,NA,LOS ANGELES,LOS ANGELES,-118.28936767578124,33.96004104614258
90150863,2016,2016-04-05,9530,2016-02-29,1610,017695,NA,1,2,9,1900,0,3,5,NA,2,001,HOOPER AVENUE (5800 BLOCK),58TH DRIVE,5,S,N,A,-,N,NA,NA,NA,NA,NA,NA,NA,NA,NA,N,4,0,1,2,A,-,10,21950,A,N,G,B,C,A,H,-,A,B,0,Y,NA,NA,NA,Y,NA,A,01,0,0,1,0,1,0,0,0,0,-,-,33.59158,-118.15766,LOS ANGELES,UNINCORPORATED,-118.25213,33.98783629
90150888,2016,2016-04-05,9530,2016-02-20,0834,021108,NA,6,1,9,1900,0,3,5,NA,2,002,126TH ST. (2200 BLOCK),WILLOWBROOK AVE.,215,W,N,A,-,N,NA,NA,NA,NA,NA,NA,NA,NA,NA,N,3,0,1,2,A,-,11,21954,A,N,G,B,D,A,H,-,A,D,0,Y,NA,NA,NA,Y,NA,N,60,0,1,0,0,1,0,0,0,0,-,-,33.5549,-118.1404,LOS ANGELES,UNINCORPORATED,-118.23336724,33.91801113
90150891,2016,2016-04-05,9530,2016-02-29,0645,021106,NA,1,1,7,1942,0,1,3,NA,2,310,SR-91 W/B TO I-110 S/B,I-405,1056,N,N,A,-,Y,NA,NA,NA,NA,NA,NA,NA,NA,NA,N,4,0,1,2,A,-,03,22350,NA,N,C,C,A,A,H,-,A,D,0,NA,NA,NA,NA,Y,NA,A,01,0,0,1,0,0,0,0,0,0,-,-,33.8663,-118.2848,LOS ANGELES,LOS ANGELES,NA,NA
90150897,2016,2016-04-05,9525,2016-03-16,1202,016679,NA,3,1,6,1955,0,1,1,NA,2,108,I-10 E/B (SAN BERNARDINO FREEWAY),KELLOGG DR.,230,W,N,A,-,Y,NA,NA,10,NA,NA,NA,NA,NA,E,N,3,0,1,2,A,-,07,21658,A,N,B,C,A,A,H,-,A,D,0,NA,NA,NA,NA,Y,NA,A,01,0,1,0,0,0,0,0,0,0,-,-,34.06355,-117.82024,LOS ANGELES,POMONA,-117.82023996,34.06357235
9015090,2019,2020-01-15,1942,2019-11-16,1045,38503,1844,6,5,7,1942,0,0,0,R,0,25TL42,WILMINGTON AV,112TH ST,78,N,N,A,-,N,NA,NA,NA,NA,NA,NA,NA,NA,NA,Y,3,0,2,2,A,-,06,21750,NA,N,B,C,A,A,H,-,A,A,0,NA,NA,NA,NA,Y,NA,-,-,0,2,0,0,0,0,0,0,0,-,-,NA,NA,LOS ANGELES,LOS ANGELES,-118.2390365600586,33.933692932128906
90150906,2016,2016-04-05,9530,2016-02-25,1236,020349,NA,4,1,6,1972,0,1,1,NA,2,400,I-405 N/B (SAN DIEGO FREEWAY),ARTESIA BLVD.,1000,S,N,A,-,Y,NA,NA,405,NA,NA,NA,NA,NA,N,Y,4,0,1,4,A,-,03,22350,NA,N,C,C,A,A,H,-,A,D,0,NA,NA,NA,NA,Y,NA,A,01,0,0,1,0,0,0,0,0,0,-,-,33.8662,-118.33181,LOS ANGELES,TORRANCE,-118.33178021,33.86629802
90150935,2016,2016-04-05,9565,2016-03-25,2020,020518,NA,5,2,7,1942,0,1,1,NA,2,062,I-405 S/B,VENICE BLVD.,100,N,N,A,-,Y,NA,NA,405,NA,NA,NA,NA,NA,S,Y,4,0,1,3,A,-,03,22350,NA,N,C,C,A,A,H,-,C,D,0,NA,NA,NA,NA,Y,NA,A,01,0,0,1,0,0,0,0,0,0,-,-,34.01032,-118.41738,LOS ANGELES,LOS ANGELES,-118.41719774,34.01046392
9015094,2019,2020-01-02,1942,2019-11-16,1815,42918,NA,6,5,7,1942,0,0,0,NA,0,1802,MANCHESTER,WADSWORTH,0,NA,Y,A,-,N,NA,NA,NA,NA,NA,NA,NA,NA,NA,Y,4,0,1,3,A,-,09,21802,NA,F,B,C,A,A,-,-,B,A,0,NA,NA,NA,NA,Y,NA,-,99,0,0,1,0,0,0,0,0,0,-,-,NA,NA,LOS ANGELES,LOS ANGELES,-118.25862121582033,33.96015930175781
90150950,2016,2016-04-05,9530,2016-03-03,1915,020375,NA,4,2,7,1941,0,1,1,NA,2,071,I-710 S/B (LONG BEACH FREEWAY),CARSON ST.,650,N,N,A,-,Y,NA,NA,710,NA,NA,NA,NA,NA,S,Y,3,0,2,3,A,-,03,22350,NA,N,C,C,A,A,H,-,C,D,0,NA,NA,NA,Y,Y,NA,G,25,0,1,1,0,0,0,0,0,0,-,-,33.83399,-118.20886,LOS ANGELES,LONG BEACH,-118.20886778,33.83399123
9015098,2019,2020-01-02,1942,2019-11-23,1800,43694,1844,6,5,7,1942,0,0,0,R,0,18X36,CENTRAL AV,114TH ST,0,NA,Y,A,-,N,NA,NA,NA,NA,NA,NA,NA,NA,NA,N,3,0,1,2,A,-,09,21801,A,N,-,C,A,A,H,-,C,A,0,NA,NA,NA,NA,Y,NA,A,01,0,1,0,0,0,0,0,0,0,-,-,NA,NA,LOS ANGELES,LOS ANGELES,-118.25425720214844,33.93096923828125
90150999,2016,2016-04-05,9550,2016-03-28,0455,020969,NA,1,3,9,1900,0,2,4,NA,1,021,CARMENITA ROAD,IMPERIAL HIGHWAY,0,NA,Y,B,-,N,NA,NA,NA,NA,NA,NA,NA,NA,NA,Y,4,0,2,2,A,-,01,23152,A,N,D,C,A,A,H,-,C,A,0,NA,NA,NA,NA,Y,Y,A,01,0,0,2,0,0,0,0,0,0,-,-,33.55141,-118.24817,LOS ANGELES,UNINCORPORATED,-118.04681009,33.91705011
90151017,2016,2016-04-05,9530,2016-03-04,0835,020427,NA,5,1,9,1900,0,3,5,NA,2,006,VERMONT AVE.,232ND ST.,0,NA,Y,A,-,N,NA,NA,NA,NA,NA,NA,NA,NA,NA,Y,4,0,1,2,A,-,09,21802,A,N,D,C,A,A,H,-,A,A,0,NA,NA,NA,NA,Y,NA,A,01,0,0,1,0,0,0,0,0,0,-,-,33.8151,-118.2901,LOS ANGELES,UNINCORPORATED,-118.29037,33.8152801
9015102,2019,2020-01-02,1942,2019-11-23,1700,42918,1822,6,5,7,1942,0,0,0,R,0,18A34,98TH ST,MAIN ST,5,E,N,A,-,N,NA,NA,NA,NA,NA,NA,NA,NA,NA,Y,3,0,1,3,A,-,01,23152,A,M,B,E,A,A,H,-,B,A,0,NA,NA,NA,NA,Y,Y,A,01,0,1,0,0,0,0,0,0,0,-,-,NA,NA,LOS ANGELES,LOS ANGELES,-118.27388763427734,33.947391510009766
90151030,2016,2016-10-19,9590,2016-02-07,0310,021101,NA,7,3,7,1942,0,1,1,NA,2,010,SR-110 N/B (ASP),AVENUE 26,700,S,N,A,-,Y,NA,NA,110,NA,NA,NA,NA,NA,N,Y,3,0,2,5,A,-,03,22350,NA,N,C,C,A,A,H,-,C,D,0,NA,NA,NA,NA,Y,Y,A,01,0,1,1,0,0,0,0,0,0,-,-,34.08161,-118.22415,LOS ANGELES,LOS ANGELES,-118.22412804,34.08157737
9015104,2019,2020-02-14,1900,2019-12-13,1206,641006,2246,5,5,3,1989,0,0,0,NA,0,225,REY ALBERTO CT,ARIELLA DR,319,W,N,A,-,N,NA,NA,NA,NA,NA,NA,NA,NA,NA,Y,3,0,1,2,A,-,08,22107,NA,N,B,D,A,A,H,-,A,D,0,NA,NA,Y,NA,Y,NA,C,02,0,1,0,0,0,0,0,0,1,-,-,34.139400482177734,-118.66822814941406,LOS ANGELES,CALABASAS,-118.66812896728516,34.13938522338867
90151051,2016,2016-04-05,9550,2016-03-28,1250,021121,NA,1,1,9,1900,0,3,5,NA,2,004,COLIMA RD. E/B,ALBATROSS ROAD,630,W,N,A,-,N,NA,NA,NA,NA,NA,NA,NA,NA,NA,Y,4,0,3,3,A,-,03,22350,NA,N,C,C,A,A,H,-,A,D,0,NA,NA,NA,NA,Y,NA,A,01,0,0,3,0,0,0,0,0,0,-,-,33.99065,-117.92654,LOS ANGELES,UNINCORPORATED,-117.9263854,33.99064497
90151053,2016,2016-04-19,9545,2016-01-25,1420,020244,NA,1,2,9,1900,0,3,5,NA,2,004,PALMDALE BLVD,230TH ST  E,3062,W,N,A,-,N,NA,NA,NA,NA,NA,NA,NA,NA,NA,Y,1,1,3,1,A,-,08,22107,NA,N,E,J,A,A,H,-,A,D,0,NA,NA,NA,NA,Y,NA,A,01,1,1,1,0,0,0,0,0,0,-,-,34.57965,-117.7307,LOS ANGELES,UNINCORPORATED,-117.73040342,34.579662
9015106,2019,2020-01-02,1942,2019-11-24,0320,40996,1839,7,5,7,1942,0,0,0,R,0,18A49,SANTA ANA BL N,WEIGAND AV,0,NA,Y,A,-,N,NA,NA,NA,NA,NA,NA,NA,NA,NA,Y,3,0,1,2,A,-,09,21800,A,F,D,C,A,A,H,-,C,A,0,NA,NA,NA,NA,Y,NA,-,99,0,1,0,0,0,0,0,0,0,-,-,NA,NA,LOS ANGELES,LOS ANGELES,-118.23091888427734,33.93471145629883
9015108,2019,2020-07-06,1900,2019-12-13,1419,648563,1015,5,5,3,1995,0,0,0,NA,0,101,RT 1,WEBB WY,0,NA,Y,B,-,Y,LA,7,1,-,-,47.441,I,5,S,Y,4,0,2,2,A,-,08,22100,B,N,D,C,A,A,H,-,A,A,0,NA,NA,NA,NA,Y,NA,A,01,0,0,2,0,0,0,0,0,0,-,-,NA,NA,LOS ANGELES,MALIBU,-118.69116973876952,34.03465270996094
90151082,2016,2016-04-05,9565,2016-03-22,1140,021118,NA,2,1,9,1900,0,3,5,NA,2,003,STOCKER ST,FAIRFAX AVE,150,W,N,A,-,N,NA,NA,NA,NA,NA,NA,NA,NA,NA,Y,4,0,3,1,C,-,18,NA,NA,N,H,A,A,A,H,-,A,D,0,NA,NA,NA,NA,Y,NA,-,-,0,0,3,0,0,0,0,0,0,-,-,33.99838,-118.36594,LOS ANGELES,UNINCORPORATED,-118.36585,33.99847737
9015110,2019,2020-01-02,1942,2019-11-24,1445,43709,1823,7,5,7,1942,0,0,0,R,0,18A97,E COLDEN AV,TOWNE,50,E,N,A,-,N,NA,NA,NA,NA,NA,NA,NA,NA,NA,Y,4,0,1,2,A,-,03,22352,A,N,D,C,A,A,A,-,A,D,0,NA,NA,NA,NA,Y,NA,A,01,0,0,1,0,0,0,0,0,0,-,-,NA,NA,LOS ANGELES,LOS ANGELES,-118.26718902587892,33.949222564697266
9015111,2019,2020-02-12,1920,2019-12-05,1427,11992,NA,4,5,6,1920,0,0,0,NA,0,002,OLD RIVER SCHOOL RD,ARNETT ST,0,NA,Y,C,-,N,NA,NA,NA,NA,NA,NA,NA,NA,NA,Y,4,0,1,2,A,-,09,21801,A,N,D,C,A,B,H,-,A,A,0,NA,NA,NA,NA,Y,NA,A,01,0,0,1,0,0,0,0,0,0,-,-,NA,NA,LOS ANGELES,DOWNEY,-118.15013122558594,33.9456787109375
90151120,2016,2016-04-05,9525,2016-03-18,1400,021156,NA,5,2,9,1900,0,1,3,NA,1,024,SR-39 (SAN GABRIEL CANYON RD.),SIERRA MADRE RD.,17952,N,N,A,-,Y,NA,NA,39,NA,NA,NA,NA,NA,NA,Y,3,0,1,2,A,-,03,22350,NA,N,D,C,A,A,H,-,A,D,0,NA,NA,Y,NA,Y,NA,C,02,0,1,0,0,0,0,0,0,1,-,-,34.17647,-117.88303,LOS ANGELES,UNINCORPORATED,-117.88302955,34.17651593
90151123,2016,2016-04-05,9545,2016-03-27,1528,020849,NA,7,2,9,1900,0,3,5,NA,2,003,SOLEDAD CANYON RD,HORNDEAN AVE,182,S,N,A,-,N,NA,NA,NA,NA,NA,NA,NA,NA,NA,Y,4,0,1,1,A,-,08,22107,NA,N,E,I,A,A,H,-,A,D,0,NA,NA,NA,NA,Y,NA,A,01,0,0,1,0,0,0,0,0,0,-,-,34.48089,-118.15168,LOS ANGELES,UNINCORPORATED,-118.15179,34.48082
9015114,2019,2020-01-02,1942,2019-11-02,1340,38057,1804,6,5,7,1942,0,0,0,R,0,12A53,MANCHESTER AV,CENTRAL AV,0,NA,Y,B,-,N,NA,NA,NA,NA,NA,NA,NA,NA,NA,N,4,0,2,3,A,-,04,21703,NA,F,C,C,A,A,H,-,A,A,0,NA,NA,NA,NA,Y,NA,-,99,0,0,2,0,0,0,0,0,0,-,-,NA,NA,LOS ANGELES,LOS ANGELES,-118.25641632080078,33.96015930175781
9015115,2019,2020-02-12,1920,2019-12-05,0809,12609,1920,4,5,6,1920,0,0,0,NA,0,002,OLD RIVER SCHOOL RD,RUNDELL ST,0,NA,Y,A,-,N,NA,NA,NA,NA,NA,NA,NA,NA,NA,N,4,0,1,2,A,-,08,22100,B,N,D,C,A,A,H,-,A,D,0,NA,NA,NA,NA,Y,NA,A,07,0,0,1,0,0,0,0,0,0,-,-,NA,NA,LOS ANGELES,DOWNEY,-118.15773010253906,33.93510055541992
90151163,2016,2016-04-05,9545,2016-03-14,0055,020960,NA,1,3,9,1900,0,3,5,NA,2,001,AVENUE E,SIERRA HIGHWAY,117,E,N,A,-,N,NA,NA,NA,NA,NA,NA,NA,NA,NA,Y,2,0,1,1,A,-,01,23152,A,N,E,I,A,A,H,-,C,A,0,NA,NA,NA,NA,Y,Y,A,01,1,0,0,0,0,0,0,0,0,-,-,34.76243,-118.14638,LOS ANGELES,UNINCORPORATED,-118.14643126,34.76243
9015118,2019,2020-01-02,1942,2019-11-02,0945,35393,1841,6,5,7,1942,0,0,0,R,0,25TL21,IMPERIAL HWY,FIGUEROA ST,50,E,N,A,-,N,NA,NA,NA,NA,NA,NA,NA,NA,NA,N,4,0,1,2,A,-,03,22350,NA,F,C,C,A,A,H,-,A,A,0,NA,NA,NA,NA,Y,NA,-,99,0,0,1,0,0,0,0,0,0,-,-,NA,NA,LOS ANGELES,LOS ANGELES,-118.28243255615234,33.930999755859375
9015119,2019,2020-02-12,1920,2019-12-06,2047,13321,1920,5,5,6,1920,0,0,0,NA,0,001,FOSTER RD,BELLFLOWER BL,0,NA,Y,C,-,N,NA,NA,NA,NA,NA,NA,NA,NA,NA,N,4,0,1,2,D,-,00,NA,NA,F,D,C,A,B,H,-,C,A,0,NA,NA,NA,NA,Y,NA,-,-,0,0,1,0,0,0,0,0,0,-,-,NA,NA,LOS ANGELES,DOWNEY,-118.12535858154295,33.909751892089844