CASE_ID,ACCIDENT_YEAR,PROC_DATE,JURIS,COLLISION_DATE,COLLISION_TIME,OFFICER_ID,REPORTING_DISTRICT,DAY_OF_WEEK,CHP_SHIFT,POPULATION,CNTY_CITY_LOC,SPECIAL_COND,BEAT_TYPE,CHP_BEAT_TYPE,CITY_DIVISION_LAPD,CHP_BEAT_CLASS,BEAT_NUMBER,PRIMARY_RD,SECONDARY_RD,DISTANCE,DIRECTION,INTERSECTION,WEATHER_1,WEATHER_2,STATE_HWY_IND,CALTRANS_COUNTY,CALTRANS_DISTRICT,STATE_ROUTE,ROUTE_SUFFIX,POSTMILE_PREFIX,POSTMILE,LOCATION_TYPE,RAMP_INTERSECTION,SIDE_OF_HWY,TOW_AWAY,COLLISION_SEVERITY,NUMBER_KILLED,NUMBER_INJURED,PARTY_COUNT,PRIMARY_COLL_FACTOR,PCF_CODE_OF_VIOL,PCF_VIOL_CATEGORY,PCF_VIOLATION,PCF_VIOL_SUBSECTION,HIT_AND_RUN,TYPE_OF_COLLISION,MVIW,PED_ACTION,ROAD_SURFACE,ROAD_COND_1,ROAD_COND_2,LIGHTING,CONTROL_DEVICE,CHP_ROAD_TYPE,PEDESTRIAN_ACCIDENT,BICYCLE_ACCIDENT,MOTORCYCLE_ACCIDENT,TRUCK_ACCIDENT,NOT_PRIVATE_PROPERTY,ALCOHOL_INVOLVED,STWD_VEHTYPE_AT_FAULT,CHP_VEHTYPE_AT_FAULT,COUNT_SEVERE_INJ,COUNT_VISIBLE_INJ,COUNT_COMPLAINT_PAIN,COUNT_PED_KILLED,COUNT_PED_INJURED,COUNT_BICYCLIST_KILLED,COUNT_BICYCLIST_INJURED,COUNT_MC_KILLED,COUNT_MC_INJURED,PRIMARY_RAMP,SECONDARY_RAMP,LATITUDE,LONGITUDE,COUNTY,CITY,POINT_X,POINT_Y
9015316,2019,2020-02-27,1942,2019-12-13,0730,40317,1713,5,5,7,1942,0,0,0,Q,0,19A75,RINALDI ST,RT 118,48,W,N,A,-,N,NA,NA,NA,NA,NA,NA,NA,NA,NA,Y,3,0,2,3,A,-,09,21801,A,N,A,D,A,A,H,-,A,A,0,NA,NA,Y,NA,Y,NA,A,01,0,2,0,0,0,0,0,0,0,-,WF,NA,NA,LOS ANGELES,LOS ANGELES,-118.58261108398438,34.27321243286133
9015317,2019,2020-02-20,1920,2019-12-21,1306,11792,1920,6,5,6,1920,0,0,0,NA,0,006,IMPERIAL HWY,BARLIN AV,86,E,N,A,-,N,NA,NA,NA,NA,NA,NA,NA,NA,NA,N,4,0,1,2,A,-,03,22350,NA,N,C,C,A,A,H,-,A,D,0,NA,NA,NA,NA,Y,NA,A,01,0,0,1,0,0,0,0,0,0,-,-,NA,NA,LOS ANGELES,DOWNEY,-118.14076232910156,33.91806411743164
9015318,2019,2020-02-19,1900,2019-12-17,1445,546256,0530,2,5,5,1959,0,0,0,NA,0,53T1PM,MISSION DR,IVAR AV,5,E,N,A,-,N,NA,NA,NA,NA,NA,NA,NA,NA,NA,Y,3,0,2,2,A,-,04,21703,NA,N,C,C,A,A,H,-,A,A,0,NA,NA,NA,NA,Y,NA,A,01,0,2,0,0,0,0,0,0,0,-,-,34.085121154785156,-118.07550048828124,LOS ANGELES,ROSEMEAD,-118.07552337646484,34.08514404296875
9015319,2019,2020-02-21,1942,2019-12-14,1435,42932,0185,6,5,7,1942,0,0,0,A,0,1A85,S LOS ANGELES ST,E PICO BL,0,NA,Y,A,-,N,NA,NA,NA,NA,NA,NA,NA,NA,NA,Y,4,0,1,2,A,-,09,21801,A,N,A,C,A,A,H,-,A,A,0,NA,NA,NA,NA,Y,NA,A,01,0,0,1,0,0,0,0,0,0,-,-,NA,NA,LOS ANGELES,LOS ANGELES,-118.25936126708984,34.03575134277344
90153198,2016,2016-04-07,9575,2016-04-04,0945,017354,NA,1,1,7,1942,0,1,3,NA,2,043,SR-134 E/B (VENTURA FREEWAY) TO I-5 S/B,RIVERSIDE DR. (VICTORY BLVD) O/C,2640,E,N,A,-,Y,NA,NA,134,NA,NA,NA,R,NA,E,Y,4,0,1,2,A,-,03,22350,NA,N,C,C,A,A,H,-,A,D,0,NA,NA,NA,NA,Y,NA,A,01,0,0,1,0,0,0,0,0,0,-,-,34.15188,-118.28378,LOS ANGELES,LOS ANGELES,-118.28378,34.15188
9015320,2019,2020-02-12,1942,2019-12-12,0950,30452,1751,4,5,7,1942,0,0,0,Q,0,17A23,DEVONSHIRE ST,OWENSMOUTH AV,200,E,N,A,-,N,NA,NA,NA,NA,NA,NA,NA,NA,NA,Y,4,0,1,2,A,-,09,21801,A,N,D,C,A,A,H,-,A,D,0,NA,NA,NA,NA,Y,NA,A,01,0,0,1,0,0,0,0,0,0,-,-,NA,NA,LOS ANGELES,LOS ANGELES,-118.60102081298828,34.257240295410156
90153207,2016,2016-04-07,9565,2016-04-03,1020,020879,NA,7,1,7,1942,0,1,1,NA,2,082,I-10 E/B,I-405,700,E,N,A,-,Y,NA,NA,10,NA,NA,NA,NA,NA,E,N,4,0,1,2,A,-,03,22350,NA,N,C,C,A,A,H,-,A,D,0,NA,NA,NA,NA,Y,NA,A,01,0,0,1,0,0,0,0,0,0,-,-,34.03159,-118.426,LOS ANGELES,LOS ANGELES,-118.42599993,34.03166473
9015321,2019,2020-02-20,1920,2019-12-21,2037,13321,1920,6,5,6,1920,0,0,0,NA,0,004,FIRESTONE BL,PANGBORN AV,0,NA,Y,A,-,N,NA,NA,NA,NA,NA,NA,NA,NA,NA,N,3,0,1,2,A,-,08,22107,NA,N,D,G,A,A,H,-,C,D,0,NA,Y,NA,NA,Y,NA,L,04,0,1,0,0,0,0,1,0,0,-,-,NA,NA,LOS ANGELES,DOWNEY,-118.11395263671876,33.930511474609375
90153210,2016,2016-04-07,9530,2016-03-14,1715,018594,NA,1,2,6,1972,0,1,1,NA,2,400,I-405 S/B (SAN DIEGO FREEWAY),ARTESIA BLVD,200,N,N,A,-,Y,NA,NA,405,NA,NA,NA,NA,NA,S,N,4,0,1,3,A,-,03,22350,NA,N,C,C,A,A,H,-,A,D,0,NA,NA,NA,NA,Y,NA,A,01,0,0,1,0,0,0,0,0,0,-,-,33.87062,-118.34098,LOS ANGELES,TORRANCE,-118.34083865,33.87071737
9015322,2019,2020-02-19,1900,2019-12-16,1230,600019,0561,1,5,3,1968,0,0,0,NA,0,55T1AM,SANTA ANITA AV,FAWCETT AV,0,NA,Y,A,-,N,NA,NA,NA,NA,NA,NA,NA,NA,NA,N,3,0,1,2,A,-,08,22107,NA,N,B,D,A,A,H,-,A,A,0,NA,NA,NA,NA,Y,NA,A,07,0,1,0,0,0,0,0,0,0,-,-,34.04085159301758,-118.05008697509766,LOS ANGELES,SOUTH EL MONTE,-118.050048828125,34.040889739990234
90153226,2016,2016-04-07,9565,2016-04-01,0722,020442,NA,5,1,7,1942,1,4,S,NA,2,901,96TH ST.,DENKER AVE.,270,E,N,A,-,N,NA,NA,NA,NA,NA,NA,NA,NA,NA,N,4,0,6,2,A,-,03,22350,NA,N,C,C,A,A,H,-,A,D,0,NA,NA,NA,NA,Y,NA,A,08,0,0,6,0,0,0,0,0,0,-,-,33.9487,-118.3037,LOS ANGELES,LOS ANGELES,-118.30377146,33.94866591
9015323,2019,2020-02-18,1942,2019-12-15,0815,38357,0111,7,5,7,1942,0,0,0,A,0,1A1,N HILL ST,W COLLEGE ST,0,NA,Y,A,-,N,NA,NA,NA,NA,NA,NA,NA,NA,NA,Y,4,0,3,2,A,-,09,21801,A,N,A,C,A,A,H,-,A,D,0,NA,NA,NA,NA,Y,NA,A,08,0,0,3,0,0,0,0,0,0,-,-,NA,NA,LOS ANGELES,LOS ANGELES,-118.2387237548828,34.064430236816406
9015324,2019,2020-02-12,1942,2019-12-10,1050,43941,1727,2,5,7,1942,0,0,0,Q,0,17A23,TAMPA AV,CHATSWORTH ST,0,NA,Y,A,-,N,NA,NA,NA,NA,NA,NA,NA,NA,NA,Y,4,0,2,2,A,-,04,21703,NA,N,C,C,A,-,H,-,A,A,0,NA,NA,NA,NA,Y,NA,A,01,0,0,2,0,0,0,0,0,0,-,-,NA,NA,LOS ANGELES,LOS ANGELES,-118.55528259277344,34.266258239746094
9015325,2019,2020-02-20,1920,2019-12-23,1407,13022,NA,1,5,6,1920,0,0,0,NA,0,001,FIRESTONE BL,STEWART AND GRAY RD,225,W,N,A,-,N,NA,NA,NA,NA,NA,NA,NA,NA,NA,N,4,0,1,2,A,-,03,22350,NA,N,C,C,A,B,H,-,A,A,0,NA,NA,NA,NA,Y,NA,A,01,0,0,1,0,0,0,0,0,0,-,-,NA,NA,LOS ANGELES,DOWNEY,-118.11244964599608,33.929744720458984
90153252,2016,2016-04-07,9530,2016-03-05,2015,020776,NA,6,2,9,1900,0,3,5,NA,2,001,ALAMEDA ST.,NADEAU ST.,0,NA,Y,B,-,N,NA,NA,NA,NA,NA,NA,NA,NA,NA,N,4,0,1,2,A,-,09,21801,A,N,D,C,A,A,H,-,C,A,0,NA,NA,NA,NA,Y,Y,A,01,0,0,1,0,0,0,0,0,0,-,-,33.58294,-118.13595,LOS ANGELES,UNINCORPORATED,-118.23322003,33.96745012
90153254,2016,2016-04-07,9535,2016-03-27,0642,017802,NA,7,1,5,1969,0,1,1,NA,2,074,I-710 (LONG BEACH FREEWAY) N/B,FILESTONE BLVD,600,N,N,A,-,Y,NA,NA,710,NA,NA,NA,NA,NA,N,Y,4,0,1,2,A,-,03,22350,NA,N,C,C,A,A,H,-,A,D,0,NA,NA,NA,NA,Y,NA,A,01,0,0,1,0,0,0,0,0,0,-,-,33.95347,-118.17051,LOS ANGELES,SOUTH GATE,-118.1705175,33.95346962
9015326,2019,2020-02-19,1900,2019-12-12,1840,541469,0521,4,5,4,1971,0,0,0,NA,0,52T1PM,ROSEMEAD BL,GARIBALDI AV,0,NA,Y,A,-,N,NA,NA,NA,NA,NA,NA,NA,NA,NA,Y,3,0,1,2,A,-,09,21801,A,N,D,C,A,A,H,-,C,A,0,NA,NA,NA,NA,Y,NA,A,07,0,1,0,0,0,0,0,0,0,-,-,34.10934066772461,-118.07367706298828,LOS ANGELES,TEMPLE CITY,-118.07367706298828,34.10932922363281
9015327,2019,2020-02-18,1942,2019-12-13,1500,37952,NA,5,5,7,1942,0,0,0,NA,0,NA,WASHINGTON BL,E 20TH ST,207,N,N,A,-,N,NA,NA,NA,NA,NA,NA,NA,NA,NA,N,4,0,2,3,A,-,04,21703,NA,N,C,C,A,A,H,-,A,D,0,NA,NA,NA,NA,Y,NA,A,07,0,0,2,0,0,0,0,0,0,-,-,NA,NA,LOS ANGELES,LOS ANGELES,-118.48591613769533,34.03451919555664
90153270,2016,2016-04-07,9565,2016-04-05,2120,021171,NA,2,2,7,1942,0,1,1,NA,2,082,I-10 W/B TO I-405 S/B,COVENTRY PLACE,600,W,N,A,-,Y,NA,NA,10,NA,NA,NA,R,NA,W,Y,4,0,2,4,A,-,03,22350,NA,N,C,C,A,A,H,-,C,D,0,NA,NA,NA,NA,Y,NA,A,01,0,0,2,0,0,0,0,0,0,-,-,34.03203,-118.4259,LOS ANGELES,LOS ANGELES,-118.4259,34.03203
90153273,2016,2016-04-07,9535,2016-04-03,0920,017802,NA,7,1,5,1915,0,1,1,NA,2,075,I-710 (LONG BEACH FREEWAY) S/B,ALONDRA BLVD.,1000,S,N,A,-,Y,NA,NA,710,NA,NA,NA,NA,NA,S,Y,3,0,3,2,A,-,03,22350,NA,N,C,C,A,A,C,-,A,D,0,NA,NA,NA,NA,Y,NA,A,01,0,1,2,0,0,0,0,0,0,-,-,33.88605,-118.19032,LOS ANGELES,COMPTON,-118.19026833,33.88602465
90153274,2016,2016-04-07,9550,2016-04-06,0720,015449,NA,3,1,9,1900,0,3,5,NA,2,002,MILLS AVENUE,OVAL DRIVE,0,NA,Y,A,-,N,NA,NA,NA,NA,NA,NA,NA,NA,NA,Y,4,0,1,2,A,-,09,21801,A,N,D,C,A,A,H,-,A,A,0,NA,NA,NA,NA,Y,NA,A,01,0,0,1,0,0,0,0,0,0,-,-,33.04346,-118.02689,LOS ANGELES,UNINCORPORATED,-118.0257901,33.94366004
90153277,2016,2016-04-07,9535,2016-04-01,1600,019125,NA,5,2,5,1947,0,1,3,NA,2,620,SR-60 (POMONA FREEWAY) E/B,GREENWOOD AVE,1325,E,N,A,-,Y,NA,NA,NA,NA,NA,NA,NA,NA,NA,Y,4,0,1,2,A,-,03,22350,NA,N,C,C,A,A,H,-,A,D,0,NA,NA,NA,NA,Y,NA,D,22,0,0,1,0,0,0,0,0,0,-,-,34.06645,-118.06533,LOS ANGELES,MONTEBELLO,-118.1043504,34.03497749
9015328,2019,2020-02-27,1942,2019-12-14,1600,39473,1778,6,5,7,1942,0,0,0,Q,0,17A95,HASKELL AV,PLUMMER ST,0,NA,Y,A,-,N,NA,NA,NA,NA,NA,NA,NA,NA,NA,Y,4,0,1,2,D,-,00,NA,NA,N,D,C,A,A,H,-,A,A,0,NA,NA,NA,NA,Y,NA,-,-,0,0,1,0,0,0,0,0,0,-,-,NA,NA,LOS ANGELES,LOS ANGELES,-118.47625732421876,34.24285125732422
90153288,2016,2016-04-07,9565,2016-04-06,1800,019355,NA,3,2,9,1900,0,2,S,NA,2,001,IMPERIAL HIGHWAY,NORMANDIE AVE.,150,W,N,A,-,N,NA,NA,NA,NA,NA,NA,NA,NA,NA,N,3,0,2,3,A,-,03,22350,NA,N,C,C,A,A,H,-,A,D,0,NA,NA,NA,NA,Y,NA,A,01,0,1,1,0,0,0,0,0,0,-,-,33.9309,-118.30097,LOS ANGELES,UNINCORPORATED,-118.30081352,33.93102309
9015329,2019,2020-02-20,1920,2019-12-18,1027,12605,DOWNE,3,5,6,1920,0,0,0,NA,0,001,PRISCILLA ST,CARFAX AV,230,W,N,B,-,N,NA,NA,NA,NA,NA,NA,NA,NA,NA,N,4,0,1,2,A,-,21,22106,NA,N,D,C,A,A,H,-,A,D,0,NA,NA,NA,NA,Y,NA,A,01,0,0,1,0,0,0,0,0,0,-,-,NA,NA,LOS ANGELES,DOWNEY,-118.1128158569336,33.91133117675781
90153293,2016,2016-04-07,9565,2016-04-07,0910,013744,NA,4,1,7,1942,0,1,S,NA,2,001,I-10 E/B,BAGLEY AVENUE,75,W,N,B,-,Y,NA,NA,10,NA,NA,NA,NA,NA,E,N,4,0,1,2,A,-,03,22350,NA,N,C,C,A,A,H,-,A,D,0,NA,NA,NA,NA,Y,NA,A,01,0,0,1,0,0,0,0,0,0,-,-,34.02914,-118.39865,LOS ANGELES,LOS ANGELES,-118.39864839,34.02915913
9015330,2019,2020-02-19,1900,2019-12-22,2338,506781,0523,7,5,4,1971,0,0,0,NA,0,52T1E,CLOVERLY AV,OLIVE ST,99,N,N,C,-,N,NA,NA,NA,NA,NA,NA,NA,NA,NA,Y,3,0,2,2,A,-,03,22350,NA,N,C,E,A,B,H,-,C,D,0,NA,NA,NA,NA,Y,NA,-,NA,0,1,1,0,0,0,0,0,0,-,-,34.09777069091797,-118.06204223632813,LOS ANGELES,TEMPLE CITY,-118.06195831298828,34.09773635864258
90153303,2016,2016-04-07,9580,2016-03-17,1905,021092,NA,4,2,7,1942,0,1,3,NA,2,171,SR-170 S/B TO VICTORY BLVD E/B,VICTORY BLVD,5,S,N,A,-,Y,NA,NA,170,NA,NA,NA,R,NA,S,N,4,0,2,2,A,-,03,22350,NA,N,C,C,A,A,H,-,C,A,0,NA,NA,NA,NA,Y,NA,A,01,0,0,2,0,0,0,0,0,0,-,-,34.18657,-118.40216,LOS ANGELES,LOS ANGELES,-118.40216,34.18657
9015331,2019,2020-02-18,1942,2019-12-16,0654,38357,0191,1,5,7,1942,0,0,0,A,0,24TL26,FIGUEROA ST,NORTH FIGUEROA ST,0,NA,Y,A,-,N,NA,NA,NA,NA,NA,NA,NA,NA,NA,Y,2,0,1,2,A,-,09,21801,A,N,D,C,A,A,H,-,A,A,0,NA,NA,Y,NA,Y,NA,A,01,1,0,0,0,0,0,0,0,1,-,-,NA,NA,LOS ANGELES,LOS ANGELES,-118.28301239013672,33.798309326171875
90153313,2016,2016-04-07,9580,2016-03-20,1130,20003,NA,7,1,7,1942,0,1,2,NA,2,102,US-101 N/B (VENTURA FREEWAY),HAYVENHURST AVE,700,S,N,A,-,Y,NA,NA,101,NA,NA,NA,NA,NA,N,N,4,0,1,2,A,-,07,21658,A,N,B,C,A,A,H,-,A,D,0,NA,NA,NA,NA,Y,NA,A,01,0,0,1,0,0,0,0,0,0,-,-,34.16543,-118.48846,LOS ANGELES,LOS ANGELES,-118.48845843,34.16531342
9015332,2019,2020-02-13,1942,2019-12-14,2200,42460,1766,6,5,7,1942,0,0,0,Q,0,17A81,LASSEN ST,TAMPA AV,0,E,N,A,-,N,NA,NA,NA,NA,NA,NA,NA,NA,NA,Y,4,0,3,2,A,-,09,21801,A,N,D,C,A,A,H,-,C,A,0,NA,NA,NA,NA,Y,NA,A,01,0,0,3,0,0,0,0,0,0,-,-,NA,NA,LOS ANGELES,LOS ANGELES,-118.55359649658205,34.25
90153324,2016,2016-04-07,9580,2016-03-20,2150,020451,NA,7,2,7,1942,0,1,2,NA,2,101,US-101 S/B (VENTURA FREEWAY),TUJUNGA AVE,275,S,N,A,-,Y,NA,NA,101,NA,NA,NA,NA,NA,S,N,4,0,5,2,A,-,03,22350,NA,N,C,C,A,A,H,-,D,D,0,NA,NA,NA,NA,Y,NA,A,01,0,0,5,0,0,0,0,0,0,-,-,34.15325,-118.37752,LOS ANGELES,LOS ANGELES,-118.37753771,34.15321701
90153328,2016,2016-04-07,9525,2016-03-05,1625,019491,NA,6,2,9,1900,0,3,5,NA,2,002,BONNIE COVE AVENUE (5000 N BLOCK),CIENEGA AVENUE (20300 E BLOCK),0,NA,Y,B,-,N,NA,NA,NA,NA,NA,NA,NA,NA,NA,N,3,0,1,2,A,-,09,21802,A,N,D,C,A,A,H,-,A,A,0,NA,NA,NA,NA,Y,NA,-,-,0,1,0,0,0,0,0,0,0,-,-,34.10319,-117.85528,LOS ANGELES,UNINCORPORATED,-117.85509004,34.10304002
9015333,2019,2020-02-20,1920,2019-12-19,1402,12609,1920,4,5,6,1920,0,0,0,NA,0,005,FLORENCE AV,LA REINA AV,0,NA,Y,A,-,N,NA,NA,NA,NA,NA,NA,NA,NA,NA,N,3,0,3,2,A,-,09,21801,A,N,D,C,A,A,H,-,A,D,0,NA,NA,NA,NA,Y,NA,A,01,0,1,2,0,0,0,0,0,0,-,-,NA,NA,LOS ANGELES,DOWNEY,-118.12687683105467,33.95199966430664
90153336,2016,2016-04-07,9525,2016-03-20,1225,012820,NA,7,1,5,1926,0,1,1,NA,2,217,I-210 W/B (FOOTHILL FREEWAY),LONE HILL AVE,400,E,N,A,-,Y,NA,NA,NA,NA,NA,NA,NA,NA,NA,Y,4,0,1,5,A,-,03,22350,NA,N,C,C,A,A,H,-,A,D,0,NA,NA,NA,NA,Y,NA,A,07,0,0,1,0,0,0,0,0,0,-,-,34.07134,-117.49296,LOS ANGELES,GLENDORA,-117.82883,34.12106
9015334,2019,2020-02-19,1900,2019-12-21,2245,444005,0562,6,5,3,1968,0,0,0,NA,0,55T1EM,LEAFDALE AV,MICHAEL HUNT DR,6,S,N,A,-,N,NA,NA,NA,NA,NA,NA,NA,NA,NA,N,3,0,1,2,A,-,05,21202,A,N,D,G,A,A,H,-,C,D,0,NA,Y,NA,NA,Y,NA,L,04,0,1,0,0,0,0,1,0,0,-,-,34.04248046875,-118.03842163085938,LOS ANGELES,SOUTH EL MONTE,-118.0383758544922,34.04254913330078
90153347,2016,2016-04-08,9535,2016-03-25,0003,017308,NA,5,3,9,1900,0,2,4,NA,2,022,OLYMPIC BLVD,ATLANTIC BLVD,0,NA,Y,A,-,N,NA,NA,NA,NA,NA,NA,NA,NA,NA,Y,4,0,3,2,A,-,12,21453,A,N,D,C,A,A,H,-,C,A,0,NA,NA,NA,NA,Y,NA,A,08,0,0,3,0,0,0,0,0,0,-,-,34.01631,-118.15856,LOS ANGELES,UNINCORPORATED,-118.15854004,34.01630001
9015335,2019,2020-02-18,1942,2019-12-16,1620,38171,0195,1,5,7,1942,0,0,0,A,0,1A85,S MAIN ST,E PICO BL,150,N,N,A,-,N,NA,NA,NA,NA,NA,NA,NA,NA,NA,N,4,0,1,2,A,-,04,21703,NA,N,C,C,A,A,H,-,A,D,0,NA,NA,NA,NA,Y,NA,A,07,0,0,1,0,0,0,0,0,0,-,-,NA,NA,LOS ANGELES,LOS ANGELES,-118.26010131835938,34.036659240722656
9015336,2019,2020-02-13,1942,2019-12-15,1550,41514,1782,7,5,7,1942,0,0,0,Q,0,17A81,CORBIN AV,PARTHENIA ST,0,NA,Y,G,-,N,NA,NA,NA,NA,NA,NA,NA,NA,NA,Y,4,0,4,2,A,-,09,21801,A,N,D,C,A,A,H,-,A,A,0,NA,NA,NA,NA,Y,NA,A,07,0,0,4,0,0,0,0,0,0,-,-,NA,NA,LOS ANGELES,LOS ANGELES,-118.56228637695313,34.22822952270508
9015337,2019,2020-02-20,1920,2019-12-17,2111,13022,NA,2,5,6,1920,0,0,0,NA,0,001,PRISCILLA ST,HANWELL AV S,0,NA,Y,A,-,N,NA,NA,NA,NA,NA,NA,NA,NA,NA,N,3,0,1,2,A,-,08,22107,NA,F,G,B,E,A,H,-,C,A,0,Y,NA,NA,NA,Y,NA,A,01,0,1,0,0,1,0,0,0,0,-,-,NA,NA,LOS ANGELES,DOWNEY,-118.13797760009766,33.911170959472656
9015338,2019,2020-02-19,1900,2019-12-21,1153,600129,05330,6,5,5,1959,0,0,0,NA,0,53T1AM,VALLEY BL,MUSCATEL AV,15,W,N,A,-,N,NA,NA,NA,NA,NA,NA,NA,NA,NA,Y,3,0,2,2,A,-,09,21801,A,N,D,C,A,A,H,-,A,A,0,NA,NA,Y,NA,Y,NA,C,02,0,1,1,0,0,0,0,0,1,-,-,34.080650329589844,-118.07760620117188,LOS ANGELES,ROSEMEAD,-118.07766723632813,34.0806770324707
90153387,2016,2016-04-08,9530,2016-03-30,1205,014661,NA,3,1,7,1941,0,1,1,NA,2,073,I-710 N/B FROM ANAHEIM ST. E/B,ANAHEIM ST.,570,S,N,A,-,Y,NA,NA,710,NA,NA,NA,R,NA,N,Y,3,0,1,1,A,-,03,22350,NA,N,F,A,A,A,H,-,A,D,0,NA,NA,NA,Y,Y,NA,G,25,0,1,0,0,0,0,0,0,0,-,-,33.78104,-118.20706,LOS ANGELES,LONG BEACH,-118.20706,33.78104
9015339,2019,2020-02-18,1942,2019-12-16,1810,43547,0139,1,5,7,1942,0,0,0,A,0,1A2,VIGNES ST,1ST ST,0,NA,Y,A,-,N,NA,NA,NA,NA,NA,NA,NA,NA,NA,N,4,0,1,2,A,-,08,22107,NA,N,D,G,A,A,H,-,C,A,0,NA,Y,NA,NA,Y,NA,A,01,0,0,1,0,0,0,1,0,0,-,-,NA,NA,LOS ANGELES,LOS ANGELES,-118.2339324951172,34.04840087890625
9015340,2019,2020-02-13,1942,2019-12-09,1630,41514,1708,1,5,7,1942,0,0,0,Q,0,17A35,HALSEY ST,BALBOA BL,0,NA,Y,A,-,N,NA,NA,NA,NA,NA,NA,NA,NA,NA,Y,3,0,3,2,A,-,09,21802,A,N,D,C,A,A,H,-,A,A,0,NA,NA,NA,NA,Y,NA,A,01,0,2,1,0,0,0,0,0,0,-,-,NA,NA,LOS ANGELES,LOS ANGELES,-118.50212097167967,34.28102111816406
9015341,2019,2020-02-20,1920,2019-12-14,2132,13321,1920,6,5,6,1920,0,0,0,NA,0,005,DOWNEY AV,7TH ST,0,NA,Y,A,-,N,NA,NA,NA,NA,NA,NA,NA,NA,NA,N,4,0,1,2,A,-,12,22450,A,N,D,C,A,A,H,-,C,A,0,NA,NA,NA,NA,Y,NA,A,01,0,0,1,0,0,0,0,0,0,-,-,NA,NA,LOS ANGELES,DOWNEY,-118.12947845458984,33.94628143310547
90153415,2016,2016-04-08,9530,2016-04-05,1505,014661,NA,2,2,5,1943,0,1,1,NA,2,210,I-105 EASTBOUND,LONB BEACH BLVD.,700,E,N,A,-,Y,NA,NA,105,NA,NA,NA,NA,NA,E,N,4,0,1,2,A,-,03,22350,NA,N,C,C,A,A,H,-,A,C,0,NA,NA,NA,NA,Y,NA,A,01,0,0,1,0,0,0,0,0,0,-,-,33.92392,-118.20791,LOS ANGELES,LYNWOOD,-118.20795741,33.92380747
90153418,2016,2016-04-08,9550,2016-03-30,1430,020533,NA,3,2,9,1900,0,2,4,NA,1,015,PIONEER BOULEVARD,WADDELL STREET,545,N,N,A,-,N,NA,NA,NA,NA,NA,NA,NA,NA,NA,Y,3,0,1,2,A,-,09,21802,A,N,D,C,A,A,H,-,A,D,0,NA,NA,NA,NA,Y,NA,A,08,0,1,0,0,0,0,0,0,0,-,-,33.97174,-118.08005,LOS ANGELES,UNINCORPORATED,-118.07998569,33.97165811
9015342,2019,2020-02-19,1900,2019-12-20,0812,532124,0521,5,5,4,1971,0,0,0,NA,0,52T1AM,GARIBALDI AV,ENCINITAS AV,33,E,N,A,-,N,NA,NA,NA,NA,NA,NA,NA,NA,NA,Y,4,0,2,2,A,-,09,21802,A,N,D,C,A,A,H,-,A,D,0,NA,NA,NA,NA,Y,NA,A,01,0,0,2,0,0,0,0,0,0,-,-,34.10935974121094,-118.06804656982422,LOS ANGELES,TEMPLE CITY,-118.06793212890624,34.109375
9015343,2019,2020-02-21,1942,2019-12-10,1350,39972,0299,2,5,7,1942,0,0,0,B,0,11A51,TOBERMAN ST,17TH ST,100,S,N,A,-,N,NA,NA,NA,NA,NA,NA,NA,NA,NA,N,4,0,1,2,A,-,21,22106,NA,F,D,C,A,A,H,-,A,D,0,NA,NA,NA,NA,Y,NA,-,99,0,0,1,0,0,0,0,0,0,-,-,NA,NA,LOS ANGELES,LOS ANGELES,-118.27818298339844,34.03950500488281
90153432,2016,2016-04-08,9535,2016-01-24,0116,021167,NA,7,3,5,1959,0,1,1,NA,2,401,I-10 (SAN BERNARDINO FREEWAY) W/B,SR-164 (ROSEMEAD BLVD),2400,E,N,A,-,Y,NA,NA,10,NA,NA,NA,NA,NA,W,Y,4,0,1,2,A,-,03,22350,NA,N,C,C,A,A,H,-,D,D,0,NA,NA,NA,NA,Y,NA,A,01,0,0,1,0,0,0,0,0,0,-,-,34.07254,-118.06423,LOS ANGELES,ROSEMEAD,-118.06422953,34.07251073
9015344,2019,2020-02-13,1942,2019-12-15,1545,38191,1701,7,5,7,1942,0,0,0,Q,0,17A23,RINALDI ST,PORTER RANCH DR,1098,E,N,G,-,N,NA,NA,NA,NA,NA,NA,NA,NA,NA,N,3,0,1,2,A,-,10,21950,A,N,G,B,B,A,H,-,A,A,0,Y,NA,NA,NA,Y,NA,A,07,0,1,0,0,1,0,0,0,0,-,-,NA,NA,LOS ANGELES,LOS ANGELES,-118.56671142578124,34.27509307861328
9015345,2019,2020-02-20,1920,2019-12-15,1748,13376,NA,7,5,6,1920,0,0,0,NA,0,006,IMPERIAL HWY,DOWNEY AV,175,E,N,A,-,N,NA,NA,NA,NA,NA,NA,NA,NA,NA,Y,2,0,1,2,A,-,01,23152,B,N,C,C,A,A,H,-,C,A,0,NA,NA,Y,NA,Y,Y,C,02,1,0,0,0,0,0,0,0,1,-,-,NA,NA,LOS ANGELES,DOWNEY,-118.14688110351564,33.92131042480469