CASE_ID,ACCIDENT_YEAR,PROC_DATE,JURIS,COLLISION_DATE,COLLISION_TIME,OFFICER_ID,REPORTING_DISTRICT,DAY_OF_WEEK,CHP_SHIFT,POPULATION,CNTY_CITY_LOC,SPECIAL_COND,BEAT_TYPE,CHP_BEAT_TYPE,CITY_DIVISION_LAPD,CHP_BEAT_CLASS,BEAT_NUMBER,PRIMARY_RD,SECONDARY_RD,DISTANCE,DIRECTION,INTERSECTION,WEATHER_1,WEATHER_2,STATE_HWY_IND,CALTRANS_COUNTY,CALTRANS_DISTRICT,STATE_ROUTE,ROUTE_SUFFIX,POSTMILE_PREFIX,POSTMILE,LOCATION_TYPE,RAMP_INTERSECTION,SIDE_OF_HWY,TOW_AWAY,COLLISION_SEVERITY,NUMBER_KILLED,NUMBER_INJURED,PARTY_COUNT,PRIMARY_COLL_FACTOR,PCF_CODE_OF_VIOL,PCF_VIOL_CATEGORY,PCF_VIOLATION,PCF_VIOL_SUBSECTION,HIT_AND_RUN,TYPE_OF_COLLISION,MVIW,PED_ACTION,ROAD_SURFACE,ROAD_COND_1,ROAD_COND_2,LIGHTING,CONTROL_DEVICE,CHP_ROAD_TYPE,PEDESTRIAN_ACCIDENT,BICYCLE_ACCIDENT,MOTORCYCLE_ACCIDENT,TRUCK_ACCIDENT,NOT_PRIVATE_PROPERTY,ALCOHOL_INVOLVED,STWD_VEHTYPE_AT_FAULT,CHP_VEHTYPE_AT_FAULT,COUNT_SEVERE_INJ,COUNT_VISIBLE_INJ,COUNT_COMPLAINT_PAIN,COUNT_PED_KILLED,COUNT_PED_INJURED,COUNT_BICYCLIST_KILLED,COUNT_BICYCLIST_INJURED,COUNT_MC_KILLED,COUNT_MC_INJURED,PRIMARY_RAMP,SECONDARY_RAMP,LATITUDE,LONGITUDE,COUNTY,CITY,POINT_X,POINT_Y
90154650,2016,2016-04-11,9550,2016-04-02,2225,020969,NA,6,3,9,1900,0,2,4,NA,1,023,MILLS AVENUE,MULBERRY DRIVE,0,NA,Y,A,-,N,NA,NA,NA,NA,NA,NA,NA,NA,NA,Y,4,0,2,2,A,-,12,21453,A,N,D,C,A,A,H,-,C,A,0,NA,NA,NA,NA,Y,NA,A,01,0,0,2,0,0,0,0,0,0,-,-,33.56343,-118.13948,LOS ANGELES,UNINCORPORATED,-118.0276401,33.94286012
90154664,2016,2016-04-11,9550,2016-04-06,1855,020741,NA,3,2,5,1919,0,1,3,NA,2,092,STATE ROUTE 91 (ARTESIA FREEWAY),ARTESIA BOULEVARD,50,W,N,A,-,Y,NA,NA,91,NA,NA,NA,NA,NA,NA,Y,4,0,1,4,A,-,03,22350,NA,N,C,C,A,A,H,-,D,D,0,NA,NA,NA,NA,Y,NA,A,01,0,0,1,0,0,0,0,0,0,-,-,33.87357,-118.06043,LOS ANGELES,CERRITOS,-118.06054454,33.87339954
90154669,2016,2016-04-11,9525,2016-03-07,0525,018992,NA,1,3,5,1990,0,1,3,NA,2,571,SR-57 S/B (ORANGE FREEWAY),SUNSET CROSSING RD.,800,N,N,A,-,Y,NA,NA,57,NA,NA,NA,NA,NA,S,Y,4,0,1,2,A,-,03,22350,NA,N,C,C,A,A,H,-,C,D,0,NA,NA,NA,NA,Y,NA,A,01,0,0,1,0,0,0,0,0,0,-,-,34.03489,-117.8077,LOS ANGELES,DIAMOND BAR,-117.80770829,34.03489567
9015467,2019,2020-02-18,1976,2019-12-11,0814,590,NA,3,5,5,1976,0,0,0,NA,0,003,COLLEGE AV,CHRISTINE DR,0,NA,Y,A,-,N,NA,NA,NA,NA,NA,NA,NA,NA,NA,N,3,0,1,2,A,-,09,21804,A,N,D,C,A,A,H,-,A,D,0,NA,NA,NA,NA,Y,NA,D,22,0,1,0,0,0,0,0,0,0,-,-,NA,NA,LOS ANGELES,WHITTIER,-118.02744293212892,33.96113967895508
90154672,2016,2016-04-11,9550,2016-04-03,1005,021150,NA,7,1,9,1900,0,1,1,NA,2,650,INTERSTATE 605 S/B,RT 60,1400,S,N,A,-,Y,NA,NA,605,NA,NA,NA,NA,NA,S,Y,4,0,2,2,A,-,07,21658,A,M,E,I,A,A,H,-,A,D,0,NA,NA,NA,NA,Y,NA,-,99,0,0,2,0,0,0,0,0,0,-,-,34.03127,-118.03105,LOS ANGELES,UNINCORPORATED,-118.03098977,34.03118808
9015468,2019,2020-01-11,1942,2019-11-24,2000,43687,1035,7,5,7,1942,0,0,0,J,0,10A47,VANOWEN ST,WHITE OAK AV,20,E,N,A,-,N,NA,NA,NA,NA,NA,NA,NA,NA,NA,N,4,0,1,2,A,-,09,21804,A,N,-,C,A,A,H,-,C,A,0,NA,NA,NA,Y,Y,NA,F,26,0,0,1,0,0,0,0,0,0,-,-,NA,NA,LOS ANGELES,LOS ANGELES,-118.51851654052734,34.193870544433594
90154681,2016,2016-04-11,9575,2016-04-02,0115,021006,NA,6,3,6,1912,0,1,1,NA,2,051,I-5 S/B (GOLDEN STATE FWY.),BUENA VISTA STREET,200,N,N,A,-,Y,NA,NA,5,NA,NA,NA,NA,NA,S,Y,2,0,2,2,A,-,01,23152,A,N,C,C,A,A,H,-,C,D,0,NA,NA,NA,NA,Y,Y,A,01,1,0,1,0,0,0,0,0,0,-,-,34.20085,-118.33942,LOS ANGELES,BURBANK,-118.33940472,34.2008603
90154691,2016,2016-04-11,9545,2016-03-27,1620,019872,NA,7,2,9,1900,0,3,5,NA,2,002,ELIZABETH LAKE RD,LOOKABOUT RD,83,W,N,A,-,N,NA,NA,NA,NA,NA,NA,NA,NA,NA,Y,4,0,2,2,A,-,08,22107,NA,N,A,C,A,A,H,-,A,D,0,NA,NA,NA,NA,Y,NA,A,01,0,0,2,0,0,0,0,0,0,-,-,34.66618,-118.39028,LOS ANGELES,UNINCORPORATED,-118.390016,34.6661225
90154698,2016,2016-04-11,9530,2016-03-26,0330,021038,NA,6,3,9,1900,0,3,5,NA,2,006,213TH ST (1200 BL),NORMANDIE AVE.,355,E,N,A,-,N,NA,NA,NA,NA,NA,NA,NA,NA,NA,Y,3,0,1,2,A,-,01,23152,A,N,A,E,A,A,H,-,C,D,0,NA,NA,NA,NA,Y,Y,D,22,0,1,0,0,0,0,0,0,0,-,-,33.50637,-118.17523,LOS ANGELES,UNINCORPORATED,-118.29957,33.83513
90154699,2016,2016-04-11,9550,2016-04-01,1135,021166,NA,5,1,6,1920,0,1,1,NA,2,150,I-105 E/B,BELLFLOWER BLVD,150,W,N,A,-,Y,NA,NA,105,NA,NA,NA,NA,NA,E,Y,4,0,1,2,A,-,03,22350,NA,N,C,C,A,A,H,-,A,D,0,NA,NA,NA,NA,Y,NA,A,01,0,0,1,0,0,0,0,0,0,-,-,33.91286,-118.13331,LOS ANGELES,DOWNEY,-118.13331044,33.91296514
90154701,2016,2016-04-11,9575,2016-04-03,1135,020119,NA,7,1,5,1902,0,1,1,NA,2,065,I-210 W/B (FOOTHILL FREEWAY),SANTA ANITA AVE.,1056,E,N,A,-,Y,NA,NA,210,NA,NA,NA,NA,NA,W,N,4,0,1,2,A,-,03,22350,NA,N,C,C,A,A,H,-,A,D,0,NA,NA,NA,NA,Y,NA,A,07,0,0,1,0,0,0,0,0,0,-,-,34.14797,-118.0309,LOS ANGELES,ARCADIA,-118.03096909,34.14776795
90154708,2015,2016-08-01,9525,2015-12-05,0515,018761,NA,6,3,4,1960,0,1,1,NA,2,207,STATE ROUTE 210 W/B (FOOTHILL FREEWAY),SAN DIMAS AVENUE,1701,W,N,A,-,Y,NA,NA,210,NA,NA,NA,NA,NA,W,Y,1,1,1,3,A,-,07,21658,A,N,C,C,A,A,H,-,C,D,0,NA,NA,NA,NA,Y,Y,A,01,0,0,1,0,0,0,0,0,0,-,-,34.11995,-117.81388,LOS ANGELES,SAN DIMAS,-117.8138798,34.11988203
90154732,2016,2016-04-11,9575,2016-04-03,1115,021144,NA,7,1,9,1900,0,1,3,NA,2,303,SR-2 (ANGELES CREST HIGHWAY),USFS VISITORS CENTER,0,NA,N,A,-,Y,NA,NA,2,NA,NA,NA,NA,NA,NA,Y,4,0,2,2,A,-,03,22350,NA,N,C,C,A,A,H,-,A,D,0,NA,NA,Y,NA,Y,NA,C,02,0,0,2,0,0,0,0,0,2,-,-,34.32,-118.00193,LOS ANGELES,UNINCORPORATED,-118.00200244,34.320051050000004
90154741,2016,2016-04-11,9545,2016-04-01,1615,020849,NA,5,2,9,1900,0,3,5,NA,2,003,CROWN VALLEY RD,COUNTRY WAY,528,E,N,A,-,N,NA,NA,NA,NA,NA,NA,NA,NA,NA,Y,3,0,1,1,A,-,08,22107,NA,N,E,I,A,A,H,-,A,D,0,NA,NA,NA,NA,Y,NA,E,22,0,1,0,0,0,0,0,0,0,-,-,34.45621,-118.19697,LOS ANGELES,UNINCORPORATED,-118.19658,34.45768
9015476,2019,2020-02-12,1942,2019-12-20,0650,44051,1008,5,5,7,1942,0,0,0,J,0,10A39,SATICOY ST,FORBES AV,20,N,N,A,-,N,NA,NA,NA,NA,NA,NA,NA,NA,NA,N,4,0,1,2,A,-,08,22100,A,N,H,A,A,A,H,-,A,D,0,NA,NA,Y,NA,Y,NA,D,22,0,0,1,0,0,0,0,0,1,-,-,34.208431243896484,-118.49928283691406,LOS ANGELES,LOS ANGELES,-118.4992904663086,34.208431243896484
90154782,2016,2016-04-11,9525,2016-03-25,1630,020693,NA,5,2,1,1934,0,1,1,NA,2,204,I-210 E/B (FOOTHILL FREEWAY),SAN GABRIEL RIVER,100,E,N,A,-,Y,NA,NA,210,NA,NA,NA,NA,NA,E,Y,4,0,4,3,A,-,03,22350,NA,N,C,C,A,A,H,-,A,D,0,NA,NA,NA,NA,Y,NA,D,22,0,0,4,0,0,0,0,0,0,-,-,34.13151,-117.94808,LOS ANGELES,IRWINDALE,-117.94815192,34.13131516
90154788,2016,2016-04-11,9525,2016-04-02,1505,020341,NA,6,2,4,1913,0,1,1,NA,2,220,SR-210 E/B (FOOTHILL FREEWAY),TOWNE AVE,600,E,N,A,-,Y,NA,NA,210,NA,NA,NA,NA,NA,E,Y,3,0,1,2,A,-,03,22350,NA,N,C,C,A,A,H,-,A,D,0,NA,NA,Y,NA,Y,NA,C,02,0,1,0,0,0,0,0,0,1,-,-,34.12032,-117.73403,LOS ANGELES,CLAREMONT,-117.73403347,34.12021402
9015480,2019,2020-01-28,1942,2019-12-19,1835,41713,1039,4,5,7,1942,0,0,0,J,0,10X88,VICTORY BL,DEMPSEY AV,50,E,N,A,-,N,NA,NA,NA,NA,NA,NA,NA,NA,NA,N,4,0,2,2,A,-,04,21703,NA,N,C,C,A,A,H,-,C,D,0,NA,NA,NA,NA,Y,NA,D,22,0,0,2,0,0,0,0,0,0,-,-,NA,NA,LOS ANGELES,LOS ANGELES,-118.47539520263672,34.186641693115234
90154802,2016,2016-04-11,9545,2016-04-01,1420,019872,NA,5,2,9,1900,0,3,5,NA,2,004,170TH ST  E,AVENUE S-8,134,N,N,A,-,N,NA,NA,NA,NA,NA,NA,NA,NA,NA,Y,3,0,2,2,A,-,03,22350,NA,N,C,C,A,A,H,-,A,D,0,NA,NA,NA,Y,Y,NA,G,25,0,1,1,0,0,0,0,0,0,-,-,34.55014,-117.82923,LOS ANGELES,UNINCORPORATED,-117.82902019,34.55039146
90154811,2016,2016-04-11,9580,2016-03-23,1340,021092,NA,3,1,7,1942,0,1,1,NA,2,404,I-405 N/B (SAN DIEGO FWY),VICTORY BLVD,10,S,N,A,-,Y,NA,NA,405,NA,NA,NA,NA,NA,N,N,4,0,1,2,A,-,07,21658,A,N,B,C,A,A,H,-,A,D,0,NA,NA,NA,NA,Y,NA,A,01,0,0,1,0,0,0,0,0,0,-,-,34.18516,-118.47347,LOS ANGELES,LOS ANGELES,-118.47362505,34.18509455
90154814,2016,2016-04-11,9540,2016-04-08,1020,018359,NA,5,1,9,1900,0,1,1,NA,2,513,I-5 S/B (GOLDEN STATE FWY),QUAIL LAKE RD,400,S,N,B,-,Y,NA,NA,5,NA,NA,NA,NA,NA,S,Y,4,0,1,3,A,-,07,21658,A,N,E,I,A,A,H,-,A,D,0,NA,NA,NA,NA,Y,NA,A,08,0,0,1,0,0,0,0,0,0,-,-,34.75915,-118.79603,LOS ANGELES,UNINCORPORATED,-118.79628111,34.75910032
90154841,2016,2016-04-11,9525,2016-03-23,1350,020216,NA,3,1,1,1934,0,1,1,NA,2,652,I-605 N/B (SAN GABRIEL RIVER FREEWAY),LOWER AZUSA RD.,50,S,N,A,-,Y,NA,NA,605,NA,NA,NA,NA,NA,N,Y,4,0,1,2,A,-,03,22350,NA,N,C,C,A,A,H,-,A,D,0,NA,NA,NA,NA,Y,NA,A,01,0,0,1,0,0,0,0,0,0,-,-,34.0917,-117.99191,LOS ANGELES,IRWINDALE,-117.99176265,34.09154223
90154844,2016,2016-04-11,9565,2016-02-20,0252,019355,NA,6,3,7,1942,0,1,1,NA,2,063,I-405 S/B (SAN DIEGO FREEWAY),MONTANA AVE,2,N,N,A,-,Y,NA,NA,405,NA,NA,NA,NA,NA,S,N,2,0,1,2,A,-,03,22350,NA,N,G,B,E,A,H,-,C,D,0,Y,NA,NA,NA,Y,NA,A,01,1,0,0,0,1,0,0,0,0,-,-,34.06707,-118.46173,LOS ANGELES,LOS ANGELES,-118.46178153,34.06702416
90154845,2016,2016-04-11,9545,2016-03-28,1735,019872,NA,1,2,9,1900,0,3,5,NA,2,004,MOUNT EMMA RD,WEBBER RANCH RD,750,W,N,B,-,N,NA,NA,NA,NA,NA,NA,NA,NA,NA,Y,3,0,3,1,A,-,08,22107,NA,N,F,A,A,A,H,-,A,D,0,NA,NA,NA,NA,Y,NA,A,07,0,2,1,0,0,0,0,0,0,-,-,34.50509,-118.00333,LOS ANGELES,UNINCORPORATED,-118.00200475,34.50650842
90154896,2016,2016-04-11,9540,2016-04-09,0920,018359,NA,6,1,9,1900,0,2,4,NA,1,204,BOUQUET CANYON RD,VASQUEZ CANYON RD,30624,N,N,B,-,N,NA,NA,NA,NA,NA,NA,NA,NA,NA,Y,4,0,1,1,A,-,03,22350,NA,N,E,I,A,B,H,-,A,D,0,NA,NA,NA,NA,Y,NA,A,01,0,0,1,0,0,0,0,0,0,-,-,34.47316,-118.46782,LOS ANGELES,UNINCORPORATED,-118.43476368,34.5453754
90154897,2016,2016-04-11,9550,2016-04-06,0630,015449,NA,3,1,9,1900,0,3,5,NA,2,001,ROCKNE AVENUE,HOLBROOK ST.,0,NA,Y,A,-,N,NA,NA,NA,NA,NA,NA,NA,NA,NA,N,4,0,3,2,A,-,09,21802,A,N,D,C,A,A,H,-,A,A,0,NA,NA,NA,NA,Y,NA,A,01,0,0,3,0,0,0,0,0,0,-,-,33.98932,-118.06741,LOS ANGELES,UNINCORPORATED,-118.06730007,33.98930009
90154899,2016,2016-04-11,9550,2016-04-04,1140,021107,NA,1,1,7,1941,0,1,3,NA,2,091,SR-91 E/B,PARAMOUNT BOULEVARD,690,E,N,A,-,Y,NA,NA,91,NA,NA,NA,NA,NA,E,N,3,0,1,3,A,-,03,22350,NA,M,C,C,A,A,H,-,A,D,0,NA,NA,NA,NA,Y,NA,A,01,0,1,0,0,0,0,0,0,0,-,-,33.87647,-118.1578,LOS ANGELES,LONG BEACH,-118.15782569,33.87658002
90154913,2016,2016-04-11,9525,2016-02-28,1410,020346,NA,7,2,9,1900,0,3,5,NA,2,005,GLENDORA MOUNTAIN RD.,BIG DALTON CANYON RD.,30096,N,N,A,-,N,NA,NA,NA,NA,NA,NA,NA,NA,NA,Y,3,0,1,2,A,-,05,21650,NA,N,A,C,A,A,H,-,A,D,0,NA,NA,Y,NA,Y,NA,C,02,0,1,0,0,0,0,0,0,1,-,-,34.19233,-117.84224,LOS ANGELES,UNINCORPORATED,-117.84269145,34.19257717
90154922,2016,2016-04-11,9575,2016-03-24,1635,018450,NA,4,2,6,1953,0,1,1,NA,2,065,I-210 W/B (FOOTHILL FREEWAY),MADRE ST.,150,E,N,A,-,Y,NA,NA,210,NA,NA,NA,NA,NA,W,Y,1,1,0,2,A,-,03,22350,NA,N,C,C,A,A,H,-,A,D,0,NA,NA,Y,NA,Y,NA,C,02,0,0,0,0,0,0,0,1,0,-,-,34.14787,-118.0809,LOS ANGELES,PASADENA,-118.08090313,34.14796877
90154924,2016,2016-04-11,9550,2016-03-31,0540,020037,NA,4,3,9,1900,0,3,5,NA,2,003,7TH AVENUE,STATE ROUTE 60 FROM 7TH AVENUE,0,NA,Y,A,-,N,NA,NA,NA,NA,NA,NA,NA,NA,NA,Y,4,0,1,2,A,-,09,21801,A,N,D,C,A,A,H,-,A,D,0,NA,NA,NA,NA,Y,NA,A,01,0,0,1,0,0,0,0,0,0,-,-,34.01768,-117.98912,LOS ANGELES,UNINCORPORATED,-117.98912,34.01768
90154953,2016,2016-04-11,9550,2016-04-05,1720,020959,NA,2,2,6,1949,0,1,1,NA,2,651,INTERSTATE 605 N/B,FIRESTONE BOULEVARD,560,N,N,A,-,Y,NA,NA,605,NA,NA,NA,NA,NA,N,N,4,0,1,2,A,-,03,22350,NA,N,C,C,A,A,H,-,A,D,0,NA,NA,NA,NA,Y,NA,A,01,0,0,1,0,0,0,0,0,0,-,-,33.92635,-118.10361,LOS ANGELES,NORWALK,-118.10353548,33.92632912
90154958,2016,2016-04-11,9575,2016-04-04,1538,019920,NA,1,2,5,1902,0,1,1,NA,2,065,I-210 E/B (FOOTHILL FREEWAY),BALDWIN AVE.,250,E,N,A,-,Y,NA,NA,210,NA,NA,NA,NA,NA,E,Y,4,0,1,3,A,-,03,22350,NA,F,C,C,A,A,H,-,A,D,0,NA,NA,NA,NA,Y,NA,A,01,0,0,1,0,0,0,0,0,0,-,-,34.14874,-118.04659,LOS ANGELES,ARCADIA,-118.04658978,34.14870259
90154963,2016,2016-04-11,9575,2016-03-13,1800,021006,NA,7,2,9,1900,0,1,3,NA,2,081,ROSEMEAD BLVD. N/B (250 BLOCK),DEL MAR BLVD.,40,S,N,A,-,N,NA,NA,NA,NA,NA,NA,NA,NA,NA,Y,4,0,3,2,A,-,03,22350,NA,F,C,C,A,A,H,-,A,A,0,NA,NA,NA,NA,Y,NA,A,07,0,0,3,0,0,0,0,0,0,-,-,34.14246,-118.0734,LOS ANGELES,UNINCORPORATED,-118.07343814,34.14216033
90154978,2015,2016-04-11,9535,2015-12-10,0447,019363,NA,4,3,9,1900,0,2,4,NA,2,014,CESAR E. CHAVEZ AVENUE (4800 BLOCK),MEDNIK AVENUE,14,E,N,A,-,N,NA,NA,NA,NA,NA,NA,NA,NA,NA,Y,1,1,0,2,A,-,09,21804,A,N,H,G,A,A,H,-,C,A,0,NA,Y,NA,NA,Y,NA,L,04,0,0,0,0,0,1,0,0,0,-,-,34.04058,-118.16171,LOS ANGELES,UNINCORPORATED,-118.16183388,34.04061
90154979,2016,2016-04-11,9575,2016-04-05,1725,017852,NA,2,2,6,1925,0,1,1,NA,2,050,I-5 S/B (GOLDEN STATE FREEWAY),WESTERN AVE.,600,S,N,A,-,Y,NA,NA,5,NA,NA,NA,NA,NA,S,Y,4,0,1,2,A,-,03,22350,NA,N,C,C,A,A,H,-,A,D,0,NA,NA,NA,NA,Y,NA,A,01,0,0,1,0,0,0,0,0,0,-,-,34.16205,-118.29393,LOS ANGELES,GLENDALE,-118.29390744,34.16206694
90154991,2016,2017-01-25,9580,2016-03-05,0040,019776,NA,6,3,7,1942,0,1,3,NA,2,170,SR-170 N/B (HOLLYWOOD FWY.),VICTORY BLVD,1320,N,N,B,-,Y,NA,NA,170,NA,NA,NA,NA,NA,N,Y,1,1,0,2,A,-,00,21960,A,N,G,B,D,A,H,-,C,D,0,Y,NA,NA,NA,Y,Y,N,60,0,0,0,1,0,0,0,0,0,-,-,34.19179,-118.40197,LOS ANGELES,LOS ANGELES,-118.40205712,34.19177853
90155005,2016,2016-04-11,9530,2016-03-07,0723,020232,NA,1,1,9,1900,0,1,1,NA,2,120,I-110 S/B (HARBOR FREEWAY),SEPULVEDA BLVD.,200,S,N,B,C,Y,NA,NA,110,NA,NA,NA,NA,NA,S,Y,4,0,2,2,A,-,03,22350,NA,N,B,C,A,B,H,-,A,D,0,NA,NA,NA,NA,Y,NA,D,22,0,0,2,0,0,0,0,0,0,-,-,33.8076,-118.28828,LOS ANGELES,UNINCORPORATED,-118.28806158,33.80754546
90155010,2015,2016-04-11,9535,2015-12-30,1120,017148,NA,3,1,6,1922,0,1,1,NA,2,401,I-10 (SAN BERNARDINO FREEWAY) W/B,SANTA ANA AVE,10,E,N,A,-,Y,NA,NA,10,NA,NA,NA,NA,NA,W,Y,4,0,1,2,A,-,03,22350,NA,N,C,C,A,A,H,-,A,D,0,NA,NA,NA,NA,Y,NA,A,01,0,0,1,0,0,0,0,0,0,-,-,34.06888,-118.04217,LOS ANGELES,EL MONTE,-118.04217291,34.06885965
90155035,2016,2016-04-11,9525,2016-03-25,1815,020693,NA,5,2,3,1921,0,1,1,NA,2,201,I-210 W/B (FOOTHILL FREEWAY),BUENA VISTA ST.,500,E,N,A,-,Y,NA,NA,NA,NA,NA,NA,NA,NA,NA,Y,4,0,3,5,A,-,03,22350,NA,F,C,C,A,A,H,-,A,D,0,NA,NA,NA,NA,Y,NA,A,01,0,0,3,0,0,0,0,0,0,-,-,34.13246,-117.95095,LOS ANGELES,DUARTE,-117.97590193,34.13544978
90155050,2016,2016-04-11,9565,2016-03-01,1605,021200,NA,2,2,9,1900,0,3,5,NA,2,003,ANGELES VISTA BLVD,W 48TH ST,0,NA,Y,A,-,N,NA,NA,NA,NA,NA,NA,NA,NA,NA,Y,4,0,3,3,A,-,09,21801,A,N,D,C,A,A,H,-,A,D,0,NA,NA,NA,NA,Y,NA,A,01,0,0,3,0,0,0,0,0,0,-,-,34,-118.33447,LOS ANGELES,UNINCORPORATED,-118.33448011,34.00002006
9015506,2019,2020-03-02,1900,2019-12-04,0710,601485,2608,3,5,6,1950,0,0,0,NA,0,261T1,AVENUE R,27TH ST EAST,0,NA,Y,C,-,N,NA,NA,NA,NA,NA,NA,NA,NA,NA,Y,4,0,1,2,A,-,08,22101,D,N,D,C,A,B,H,-,A,D,0,NA,NA,NA,NA,Y,NA,D,22,0,0,1,0,0,0,0,0,0,-,-,34.57273864746094,-118.08100128173828,LOS ANGELES,PALMDALE,-118.08100128173828,34.57271957397461
90155063,2016,2016-04-11,9575,2016-04-05,0945,017354,NA,2,1,7,1942,0,1,3,NA,2,043,SR-134 E/B (VENTURA FREEWAY),FOREST LAWN DR. U/C,250,E,N,A,-,Y,NA,NA,134,NA,NA,NA,NA,NA,E,Y,4,0,1,2,A,-,03,22350,NA,N,C,C,A,A,H,-,A,D,0,NA,NA,NA,NA,Y,NA,A,01,0,0,1,0,0,0,0,0,0,-,-,34.15551,-118.30771,LOS ANGELES,LOS ANGELES,-118.30773385,34.155609749999996
90155102,2016,2016-04-11,9550,2016-04-07,0650,015449,NA,4,1,9,1900,0,3,5,NA,2,002,MEYER ROAD,CARMENITA ROAD,0,NA,Y,B,-,N,NA,NA,NA,NA,NA,NA,NA,NA,NA,Y,4,0,1,2,A,-,21,22106,NA,N,C,C,A,A,H,-,A,A,0,NA,NA,NA,NA,Y,NA,A,01,0,0,1,0,0,0,0,0,0,-,-,33.9255,-118.04645,LOS ANGELES,UNINCORPORATED,-118.04658008,33.92560003
90155106,2016,2016-04-11,9565,2016-04-01,1403,020468,NA,5,2,4,1918,0,1,1,NA,2,061,I-405 S/B (SAN DIEGO FREEWAY),JEFFERSON AVE,1300,N,N,A,-,Y,NA,NA,405,NA,NA,NA,NA,NA,S,N,4,0,1,4,A,-,03,22350,NA,N,C,C,A,A,H,-,A,D,0,NA,NA,NA,NA,Y,NA,A,01,0,0,1,0,0,0,0,0,0,-,-,33.99101,-118.40199,LOS ANGELES,CULVER CITY,-118.40188003,33.99109672
90155115,2016,2016-04-11,9550,2016-04-07,1315,015040,NA,4,1,9,1900,0,3,5,NA,2,001,BROADWAY AVE,BEXLEY DR,20,N,N,C,-,Y,NA,NA,NA,NA,NA,NA,NA,NA,NA,Y,4,0,1,2,A,-,03,22350,NA,N,C,C,A,B,H,-,A,D,0,NA,NA,NA,NA,Y,NA,A,07,0,0,1,0,0,0,0,0,0,-,-,33.98094,-118.08152,LOS ANGELES,UNINCORPORATED,-118.06149787,33.98089213
90155117,2016,2016-04-11,9535,2016-01-20,1240,017148,NA,3,1,5,1901,0,1,1,NA,2,421,I-10 (SAN BERNARDINO FREEWAY) W/B,FREMONT AVE,447,W,N,A,-,Y,NA,NA,10,NA,NA,NA,NA,NA,W,Y,3,0,3,5,A,-,07,21658,A,N,C,C,A,A,H,-,A,D,0,NA,NA,NA,NA,Y,NA,-,99,0,1,2,0,0,0,0,0,0,-,-,34.06858,-118.15117,LOS ANGELES,ALHAMBRA,-118.15117496,34.06858935
90155136,2016,2016-04-11,9565,2016-04-07,1406,020468,NA,4,2,9,1900,0,2,S,NA,2,001,LA CIENEGA BOULEVARD,120TH STREET,0,NA,Y,C,-,N,NA,NA,NA,NA,NA,NA,NA,NA,NA,Y,4,0,2,2,A,-,12,21453,A,N,D,C,A,B,H,-,A,A,0,NA,NA,NA,NA,Y,NA,A,07,0,0,2,0,0,0,0,0,0,-,-,33.92364,-118.37006,LOS ANGELES,UNINCORPORATED,-118.37008005,33.92362001
90155142,2016,2016-04-11,9565,2016-04-07,1605,020468,NA,4,2,9,1900,0,2,S,NA,2,001,INGLEWOOD AVE N/B,111TH STREET,50,N,N,C,-,N,NA,NA,NA,NA,NA,NA,NA,NA,NA,N,4,0,1,3,A,-,03,22350,NA,N,C,C,A,B,H,-,A,D,0,NA,NA,NA,NA,Y,NA,A,07,0,0,1,0,0,0,0,0,0,-,-,33.93481,-118.36133,LOS ANGELES,UNINCORPORATED,-118.36133,33.93464714
90155146,2016,2016-04-11,9525,2016-03-26,0805,018505,NA,6,1,5,1906,0,1,1,NA,2,103,I-10 W/B (SAN BERNARDINO FREEWAY),FRANCISQUITO AVE,1584,E,N,A,-,Y,NA,NA,10,NA,NA,NA,NA,NA,W,Y,3,0,2,2,A,-,03,22350,NA,N,C,C,A,A,H,-,A,D,0,NA,NA,NA,NA,Y,NA,A,01,0,1,1,0,0,0,0,0,0,-,-,34.06923,-117.97097,LOS ANGELES,BALDWIN PARK,-117.97094856,34.06906741
90155163,2016,2016-04-11,9530,2016-03-08,0105,020567,NA,2,3,7,1941,0,1,1,NA,2,430,I-405 N/B (SAN DIEGO FREEWAY),WOODRUFF AVE.,500,N,N,A,-,Y,NA,NA,405,NA,NA,NA,NA,NA,N,Y,4,0,1,2,A,-,01,23152,A,N,B,C,A,A,H,-,C,D,0,NA,NA,NA,NA,Y,Y,A,01,0,0,1,0,0,0,0,0,0,-,-,33.80273,-118.11762,LOS ANGELES,LONG BEACH,-118.11761994,33.80273357
90155167,2016,2016-04-11,9565,2016-03-28,2110,020480,NA,1,2,9,1900,0,3,5,NA,2,006,WILSHIRE BLVD,BONSALL AVE,200,E,N,A,-,N,NA,NA,NA,NA,NA,NA,NA,NA,NA,Y,2,0,1,1,A,-,01,23152,A,N,F,I,A,A,H,-,C,D,0,NA,NA,NA,NA,Y,Y,A,01,1,0,0,0,0,0,0,0,0,-,-,34.05494,-118.45466,LOS ANGELES,UNINCORPORATED,-118.454512,34.054791