CASE_ID,ACCIDENT_YEAR,PROC_DATE,JURIS,COLLISION_DATE,COLLISION_TIME,OFFICER_ID,REPORTING_DISTRICT,DAY_OF_WEEK,CHP_SHIFT,POPULATION,CNTY_CITY_LOC,SPECIAL_COND,BEAT_TYPE,CHP_BEAT_TYPE,CITY_DIVISION_LAPD,CHP_BEAT_CLASS,BEAT_NUMBER,PRIMARY_RD,SECONDARY_RD,DISTANCE,DIRECTION,INTERSECTION,WEATHER_1,WEATHER_2,STATE_HWY_IND,CALTRANS_COUNTY,CALTRANS_DISTRICT,STATE_ROUTE,ROUTE_SUFFIX,POSTMILE_PREFIX,POSTMILE,LOCATION_TYPE,RAMP_INTERSECTION,SIDE_OF_HWY,TOW_AWAY,COLLISION_SEVERITY,NUMBER_KILLED,NUMBER_INJURED,PARTY_COUNT,PRIMARY_COLL_FACTOR,PCF_CODE_OF_VIOL,PCF_VIOL_CATEGORY,PCF_VIOLATION,PCF_VIOL_SUBSECTION,HIT_AND_RUN,TYPE_OF_COLLISION,MVIW,PED_ACTION,ROAD_SURFACE,ROAD_COND_1,ROAD_COND_2,LIGHTING,CONTROL_DEVICE,CHP_ROAD_TYPE,PEDESTRIAN_ACCIDENT,BICYCLE_ACCIDENT,MOTORCYCLE_ACCIDENT,TRUCK_ACCIDENT,NOT_PRIVATE_PROPERTY,ALCOHOL_INVOLVED,STWD_VEHTYPE_AT_FAULT,CHP_VEHTYPE_AT_FAULT,COUNT_SEVERE_INJ,COUNT_VISIBLE_INJ,COUNT_COMPLAINT_PAIN,COUNT_PED_KILLED,COUNT_PED_INJURED,COUNT_BICYCLIST_KILLED,COUNT_BICYCLIST_INJURED,COUNT_MC_KILLED,COUNT_MC_INJURED,PRIMARY_RAMP,SECONDARY_RAMP,LATITUDE,LONGITUDE,COUNTY,CITY,POINT_X,POINT_Y
9015518,2019,2020-02-14,1900,2019-12-01,2030,626465,2607,7,5,6,1950,0,0,0,NA,0,263T2,OLIVE DR,25TH ST E,50,W,N,A,-,N,NA,NA,NA,NA,NA,NA,NA,NA,NA,Y,4,0,1,2,A,-,09,21801,A,N,B,C,A,A,H,-,C,D,0,NA,NA,NA,NA,Y,NA,D,22,0,0,1,0,0,0,0,0,0,-,-,34.55657958984375,-118.08482360839844,LOS ANGELES,PALMDALE,-118.08519744873048,34.556697845458984
90155184,2016,2016-04-11,9575,2016-04-06,0750,015935,NA,3,1,9,1900,0,1,1,NA,2,062,I-210 E/B (FOOTHILL FREEWAY),PENNSYLVANIA AVE,200,E,N,A,-,Y,NA,NA,210,NA,NA,NA,NA,NA,E,Y,4,0,2,3,A,-,03,22350,NA,N,C,C,A,A,H,-,A,D,0,NA,NA,NA,NA,Y,NA,A,01,0,0,2,0,0,0,0,0,0,-,-,34.22278,-118.24835,LOS ANGELES,UNINCORPORATED,-118.24834991,34.22278016
90155193,2016,2016-04-27,9565,2016-03-17,2325,019355,NA,4,3,5,1928,0,1,1,NA,2,012,I-105 E/B TO W.120TH ST,W.120TH ST,656,E,N,A,-,Y,NA,NA,105,NA,NA,NA,R,NA,E,Y,3,0,1,2,A,-,01,23152,A,M,C,C,A,A,H,-,C,D,0,NA,NA,NA,Y,Y,Y,A,01,0,1,0,0,0,0,0,0,0,-,-,33.92444,-118.33217,LOS ANGELES,HAWTHORNE,-118.33217,33.92444
90155206,2016,2016-04-11,9530,2016-01-19,0625,018594,NA,2,1,7,1942,0,1,1,NA,2,200,I-105 W/B (GLENN ANDERSON FWY),STANFORD AVE.,149,W,N,A,-,Y,NA,NA,NA,NA,NA,NA,NA,NA,NA,Y,1,1,0,2,A,-,17,21655,NA,N,B,C,A,A,H,-,B,D,0,NA,NA,Y,Y,Y,NA,F,26,0,0,0,0,0,0,0,1,0,-,-,33.5539,-118.1543,LOS ANGELES,LOS ANGELES,-118.26269019,33.92769623
90155225,2016,2016-04-11,9580,2016-03-09,1500,019715,NA,3,2,7,1942,0,1,1,NA,2,404,I-405 N/B (SAN DIEGO FWY),LOS ANGELES RIVER,10,N,N,A,-,Y,NA,NA,405,NA,NA,NA,NA,NA,N,Y,3,0,1,3,A,-,03,22350,NA,F,C,C,A,A,H,-,A,D,0,NA,NA,NA,NA,Y,NA,A,07,0,1,0,0,0,0,0,0,0,-,-,34.16305,-118.46948,LOS ANGELES,LOS ANGELES,-118.4694547,34.1630506
90155230,2016,2016-04-11,9565,2016-04-11,0900,020796,NA,1,1,9,1900,0,2,S,NA,2,001,OVERHILL DRIVE,58TH PLACE,0,NA,Y,A,-,N,NA,NA,NA,NA,NA,NA,NA,NA,NA,N,4,0,1,2,A,-,09,21802,A,N,D,C,A,A,H,-,A,D,0,NA,NA,NA,NA,Y,NA,A,01,0,0,1,0,0,0,0,0,0,-,-,33.988,-118.35406,LOS ANGELES,UNINCORPORATED,-118.35426004,33.9880301
90155248,2016,2016-04-11,9565,2016-03-22,2111,021200,NA,2,2,7,1942,0,1,1,NA,2,082,I-10 E/B (SANTA MONICA FREEWAY),GATEWAY BLVD,200,E,N,A,G,Y,NA,NA,10,NA,NA,NA,NA,NA,E,Y,4,0,1,5,A,-,03,22350,NA,N,C,C,A,A,H,-,D,D,0,NA,NA,NA,NA,Y,NA,A,01,0,0,1,0,0,0,0,0,0,-,-,34.02991,-118.4422,LOS ANGELES,LOS ANGELES,-118.44219956,34.02990795
90155252,2016,2016-04-11,9535,2016-01-09,0920,017148,NA,6,1,4,1962,0,1,1,NA,2,401,I-10 W/B FROM SAN GABRIEL BLVD,SAN GABRIEL BLVD,275,W,N,A,-,Y,NA,NA,NA,NA,NA,NA,NA,NA,NA,N,4,0,1,2,A,-,03,22350,NA,N,C,C,A,A,H,-,A,D,0,NA,NA,NA,NA,Y,NA,A,01,0,0,1,0,0,0,0,0,0,-,-,34.09252,-118.09252,LOS ANGELES,SAN GABRIEL,-118.09154604,34.07219959
90155256,2016,2016-04-11,9565,2016-03-26,1930,018804,NA,6,2,5,1965,0,1,3,NA,2,080,I-10 W/B,LINCOLN BLVD.,100,E,N,A,-,Y,NA,NA,10,NA,NA,NA,NA,NA,W,Y,3,0,1,4,A,-,03,22350,NA,N,C,C,A,A,H,-,C,D,0,NA,NA,NA,NA,Y,NA,A,01,0,1,0,0,0,0,0,0,0,-,-,34.01734,-118.48249,LOS ANGELES,SANTA MONICA,-118.4823851,34.01721632
90155264,2016,2016-04-11,9525,2016-03-27,2045,020693,NA,7,2,4,1946,0,1,1,NA,2,202,I-210 E/B (FOOTHILL FREEWAY),MAYFLOWER AVE,200,W,N,A,-,Y,NA,NA,210,NA,NA,NA,NA,NA,E,Y,4,0,1,2,A,-,03,22350,NA,N,C,C,A,A,H,-,C,D,0,NA,NA,NA,NA,Y,NA,A,01,0,0,1,0,0,0,0,0,0,-,-,34.13711,-118.01233,LOS ANGELES,MONROVIA,-118.01232648,34.13712121
9015527,2019,2020-02-15,1942,2019-12-20,2220,43525,1029,5,5,7,1942,0,0,0,J,0,10A398,WOODLEY AV,GAULT ST,50,S,N,A,-,N,NA,NA,NA,NA,NA,NA,NA,NA,NA,Y,4,0,2,2,A,-,08,22107,NA,N,D,C,A,A,H,-,D,D,0,NA,NA,NA,NA,Y,NA,A,01,0,0,2,0,0,0,0,0,0,-,-,NA,NA,LOS ANGELES,LOS ANGELES,-118.48368072509766,34.19921112060547
90155280,2016,2016-04-12,9550,2016-04-07,0759,020037,NA,4,1,9,1900,0,3,5,NA,2,005,BOLANOS AVENUE,HONORE STREET,8,N,N,B,-,N,NA,NA,NA,NA,NA,NA,NA,NA,NA,N,3,0,1,2,A,-,09,21804,A,N,D,G,A,A,H,-,A,A,0,NA,Y,NA,NA,Y,NA,L,04,0,1,0,0,0,0,1,0,0,-,-,33.98215,-117.89096,LOS ANGELES,UNINCORPORATED,-117.89102756,33.98214101
90155282,2016,2016-04-12,9575,2016-04-07,1920,020526,NA,4,2,7,1942,0,1,1,NA,2,050,I-5 S/B (GOLDEN STATE FREEWAY),SR-134 E/B (VENTURA FREEWAY),10,N,N,B,-,Y,NA,NA,5,NA,NA,NA,NA,NA,S,N,4,0,4,3,A,-,03,22350,NA,N,C,C,A,A,H,-,C,D,0,NA,NA,NA,NA,Y,NA,A,01,0,0,4,0,0,0,0,0,0,-,-,34.15218,-118.28229,LOS ANGELES,LOS ANGELES,-118.2824731,34.15189069
90155283,2016,2016-04-12,9575,2016-04-06,1612,018450,NA,3,2,6,1925,0,1,3,NA,2,042,SR-134 W/B (VENTURA FREEWAY),EAST EDGE OF LA RIVER,100,E,N,A,-,Y,NA,NA,134,NA,NA,NA,NA,NA,W,Y,2,0,5,4,A,-,07,21658,A,N,B,C,A,A,H,-,A,D,0,NA,NA,NA,NA,Y,NA,A,01,2,2,1,0,0,0,0,0,0,-,-,34.15358,-118.27779,LOS ANGELES,GLENDALE,-118.27774703,34.15339266
90155293,2016,2016-04-12,9575,2016-03-28,1405,020030,NA,1,2,7,1942,0,1,1,NA,2,061,I-210 E/B (FOOTHILL FREEWAY),SUNLAND BLVD,7920,E,N,A,-,Y,NA,NA,210,NA,NA,NA,NA,NA,E,Y,3,0,2,2,A,-,03,22350,NA,N,C,C,A,A,H,-,A,D,0,NA,NA,NA,NA,Y,NA,D,22,0,1,1,0,0,0,0,0,0,-,-,34.2414,-118.31089,LOS ANGELES,LOS ANGELES,-118.31092053,34.24130544
9015531,2019,2020-02-15,1942,2019-12-26,1920,38857,1001,4,5,7,1942,0,0,0,J,0,19A3,STRATHERN ST,TAMPA AV,0,NA,Y,A,-,N,NA,NA,NA,NA,NA,NA,NA,NA,NA,N,4,0,1,2,A,-,12,21453,A,N,D,G,A,A,H,-,C,A,0,NA,Y,NA,NA,Y,NA,L,04,0,0,1,0,0,0,1,0,0,-,-,NA,NA,LOS ANGELES,LOS ANGELES,-118.55352020263672,34.215641021728516
90155317,2016,2016-05-25,9565,2016-03-28,1740,021011,NA,1,2,7,1942,0,1,1,NA,2,062,I-405 S/B (SAN DIEGO FREEWAY),PICO BLVD.,500,N,N,A,-,N,NA,NA,405,NA,NA,NA,NA,NA,S,N,4,0,1,2,A,-,03,22350,NA,M,C,C,A,A,H,-,A,D,0,NA,NA,NA,NA,Y,NA,A,01,0,0,1,0,0,0,0,0,0,-,-,34.03705,-118.4388,LOS ANGELES,LOS ANGELES,-118.43882987,34.03703611
90155321,2016,2016-04-12,9565,2016-03-30,1835,020370,NA,3,2,7,1942,0,1,1,NA,2,062,I-405 S/B (SAN DIEGO FREEWAY),NATIONAL BLVD,500,N,N,A,-,Y,NA,NA,NA,NA,NA,NA,NA,NA,NA,Y,3,0,1,2,A,-,07,21658,A,N,B,C,A,A,H,-,A,D,0,NA,NA,Y,NA,Y,NA,D,22,0,1,0,0,0,0,0,0,1,-,-,34.032,-118.427,LOS ANGELES,LOS ANGELES,-118.43104358,34.02794212
90155333,2016,2016-04-12,9535,2016-02-16,1635,021126,NA,2,2,6,1922,0,1,1,NA,2,400,I-10 (SAN BERNARDINO FREEWAY) E/B,SANTA ANITA AVE,400,E,N,A,-,Y,NA,NA,10,NA,NA,NA,NA,NA,E,N,4,0,1,2,A,-,03,22350,NA,N,C,C,A,A,H,-,A,D,0,NA,NA,NA,NA,Y,NA,A,01,0,0,1,0,0,0,0,0,0,-,-,34.06856,-118.04125,LOS ANGELES,EL MONTE,-118.0412481,34.06857271
90155346,2016,2016-04-12,9565,2016-04-03,1600,020747,NA,7,2,9,1900,0,1,1,NA,2,012,I-105 W/B,BUDLONG AVE,20,E,N,A,-,Y,NA,NA,105,NA,NA,NA,NA,NA,W,Y,4,0,1,3,A,-,03,22350,NA,N,C,C,A,A,H,-,A,D,0,NA,NA,NA,NA,Y,NA,A,07,0,0,1,0,0,0,0,0,0,-,-,33.92873,-118.29563,LOS ANGELES,UNINCORPORATED,-118.2956269,33.92870787
9015535,2019,2020-02-15,1942,2019-12-26,1550,40634,1012,4,5,7,1942,0,0,0,J,0,190A21,SHERMAN WY,AMIGO AV,0,NA,Y,B,-,N,NA,NA,NA,NA,NA,NA,NA,NA,NA,N,4,0,1,2,A,-,09,21801,A,N,D,C,A,A,H,-,A,A,0,NA,NA,NA,NA,Y,NA,A,07,0,0,1,0,0,0,0,0,0,-,-,NA,NA,LOS ANGELES,LOS ANGELES,-118.53862762451172,34.20117950439453
90155369,2016,2016-04-12,9565,2016-04-11,0745,015275,NA,1,1,7,1942,0,1,1,NA,2,062,I-405 S/B (PHILIP DENNIS ORTIZ MRL HWY),PALMS BOULEVARD,528,N,N,B,-,Y,NA,NA,405,NA,NA,NA,NA,NA,S,Y,4,0,1,2,A,-,03,22350,NA,N,C,C,A,A,H,-,A,D,0,NA,NA,NA,NA,Y,NA,A,01,0,0,1,0,0,0,0,0,0,-,-,34.02004,-118.42477,LOS ANGELES,LOS ANGELES,-118.42479139,34.02002318
90155381,2016,2016-04-12,9575,2016-03-29,0522,020030,NA,2,3,7,1942,0,1,1,NA,2,052,I-5 S/B (GOLDEN STATE FREEWAY),SUNLAND BLVD.,847,N,N,A,-,Y,NA,NA,5,NA,NA,NA,NA,NA,S,Y,3,0,1,2,A,-,08,22107,NA,N,E,I,A,A,H,-,A,D,0,NA,NA,NA,NA,Y,NA,A,01,0,1,0,0,0,0,0,0,0,-,-,34.22266,-118.37091,LOS ANGELES,LOS ANGELES,-118.37085995,34.22275814
90155397,2016,2016-05-31,9550,2016-04-03,1850,020932,NA,7,2,6,1920,0,1,1,NA,2,651,INTERSTATE 650 SOUTHBOUND,FLORENCE AVENUE,400,S,N,A,-,Y,NA,NA,NA,NA,NA,NA,NA,NA,NA,Y,4,0,2,5,A,-,07,21658,A,N,B,C,A,A,H,-,B,B,0,NA,NA,NA,NA,Y,NA,A,01,0,0,2,0,0,0,0,0,0,-,-,33.93692,-118.09907,LOS ANGELES,DOWNEY,NA,NA
90155403,2016,2016-04-12,9540,2016-04-01,1610,020255,NA,5,2,7,1942,0,1,1,NA,1,501,I-5 S/B (GOLDEN STATE FREEWAY),ROXFORD ST,2640,S,N,A,-,Y,NA,NA,5,NA,NA,NA,NA,NA,S,Y,4,0,3,3,A,-,08,22107,NA,N,B,C,A,A,H,-,A,D,0,NA,NA,NA,NA,Y,NA,A,01,0,0,3,0,0,0,0,0,0,-,-,34.29679,-118.4736,LOS ANGELES,LOS ANGELES,-118.47348936,34.29689975
90155412,2016,2016-04-12,9540,2016-04-09,0320,020837,NA,6,3,9,1900,0,2,4,NA,1,203,PLACERITA CANYON RD,RUNNING HORSE RD,1410,E,N,A,B,N,NA,NA,NA,NA,NA,NA,NA,NA,NA,Y,3,0,1,1,A,-,01,23152,E,N,E,I,A,B,H,-,D,D,0,NA,NA,NA,NA,Y,NA,A,07,0,1,0,0,0,0,0,0,0,-,-,34.37913,-118.45946000000001,LOS ANGELES,UNINCORPORATED,-118.46019444,34.37928698
90155417,2016,2016-04-12,9550,2016-03-30,1120,016109,NA,3,1,9,1900,0,1,3,NA,2,601,STATE ROUTE 60 W/B (POMONA FREEWAY),AZUSA AVENUE,1950,W,N,A,-,Y,NA,NA,60,NA,NA,NA,NA,NA,W,Y,3,0,1,1,A,-,08,22107,NA,N,E,I,A,A,H,-,A,D,0,NA,NA,NA,NA,Y,NA,A,01,0,1,0,0,0,0,0,0,0,-,-,33.99888,-117.93754,LOS ANGELES,UNINCORPORATED,-117.93756648,33.99879301
90155420,2016,2016-05-16,9550,2016-04-05,1140,020025,NA,2,1,9,1900,0,2,4,NA,1,032,GALE AVENUE,HACIENDA BOULEVARD,330,E,N,A,-,N,NA,NA,NA,NA,NA,NA,NA,NA,NA,Y,4,0,1,2,A,-,03,22350,NA,N,C,C,A,A,H,-,A,D,0,NA,NA,NA,NA,Y,NA,D,22,0,0,1,0,0,0,0,0,0,-,-,33.01059,-117.96178,LOS ANGELES,UNINCORPORATED,-117.96199267,34.01054608
90155513,2016,2016-04-12,9545,2016-03-29,2035,018090,NA,2,2,9,1900,0,2,4,NA,1,027,BOUQUET CANYON RD,ELIZABETH LAKE RD,29568,S,N,A,-,N,NA,NA,NA,NA,NA,NA,NA,NA,NA,Y,4,0,1,1,A,-,01,23152,E,N,E,J,A,A,H,-,D,D,0,NA,NA,NA,NA,Y,NA,A,01,0,0,1,0,0,0,0,0,0,-,-,34.58307,-118.34465,LOS ANGELES,UNINCORPORATED,-118.34407264,34.58310392
90155514,2016,2016-04-12,9530,2016-03-29,1945,020300,NA,2,2,9,1900,0,3,5,NA,2,001,FIRESTONE BLVD. (1500 BLOCK),COMPTON AVE.,160,E,N,A,-,N,NA,NA,NA,NA,NA,NA,NA,NA,NA,Y,3,0,1,2,A,-,09,21801,A,N,D,C,A,A,H,-,C,D,0,NA,NA,Y,NA,Y,NA,A,01,0,1,0,0,0,0,0,0,1,-,-,33.96005,-118.24672,LOS ANGELES,UNINCORPORATED,-118.24692345,33.96015537
90155516,2016,2016-12-05,9590,2016-03-06,0354,021201,NA,7,3,7,1942,0,1,2,NA,2,072,US-101 N/B (HOLLYWOOD FREEWAY),UNIVERSAL STUDIOS BLVD,50,S,N,C,-,Y,NA,NA,101,NA,NA,NA,NA,NA,N,Y,3,0,2,2,A,-,01,23152,A,N,C,C,A,B,H,-,C,D,0,NA,NA,NA,NA,Y,Y,A,01,0,2,0,0,0,0,0,0,0,-,-,34.13286,-118.35141,LOS ANGELES,LOS ANGELES,-118.35140198,34.13287436
9015552,2019,2020-02-13,1942,2019-12-16,1635,39301,1023,1,5,7,1942,0,0,0,J,0,10A21,VANOWEN ST,SYLVIA AV,0,NA,Y,A,-,N,NA,NA,NA,NA,NA,NA,NA,NA,NA,N,4,0,2,2,A,-,09,21804,A,N,D,C,A,A,H,-,B,D,0,NA,NA,NA,NA,Y,NA,A,01,0,0,2,0,0,0,0,0,0,-,-,NA,NA,LOS ANGELES,LOS ANGELES,-118.55240631103516,34.19384002685547
90155556,2016,2016-04-12,9590,2016-02-29,0700,016692,NA,1,1,7,1942,0,1,1,NA,2,010,SR-110 N/B (ARROYO SECO PKWY.),AVE. 43,190,S,N,A,-,Y,NA,NA,NA,NA,NA,NA,NA,NA,NA,Y,2,0,1,1,A,-,08,22107,NA,N,E,I,A,A,H,-,A,D,0,NA,NA,NA,NA,Y,NA,A,01,1,0,0,0,0,0,0,0,0,-,-,34.53338,-118.1222,LOS ANGELES,LOS ANGELES,-118.20621608,34.09270902
90155580,2016,2016-04-12,9575,2016-04-02,1916,020771,NA,6,2,5,1902,0,1,1,NA,2,065,I-210 E/B (FOOTHILL FREEWAY),SANTA ANITA AVE.,125,W,N,A,-,Y,NA,NA,210,NA,NA,NA,NA,NA,E,N,4,0,1,3,A,-,03,22350,NA,N,C,C,A,A,H,-,B,D,0,NA,NA,NA,NA,Y,NA,A,01,0,0,1,0,0,0,0,0,0,-,-,34.14798,-118.03266,LOS ANGELES,ARCADIA,-118.0326721,34.14789633
90155643,2016,2016-04-12,9575,2016-04-07,2021,021188,NA,4,2,6,1912,0,1,3,NA,2,044,SR-134 E/B (VENTURA FREEWAY),RIVERSIDE DR.,950,E,N,B,-,Y,NA,NA,134,NA,NA,NA,NA,NA,E,Y,3,0,4,2,A,-,03,22350,NA,N,C,C,A,A,H,-,C,D,0,NA,NA,NA,NA,Y,NA,A,01,0,1,3,0,0,0,0,0,0,-,-,34.15409,-118.32348,LOS ANGELES,BURBANK,-118.32348629,34.15412115
90155698,2016,2016-04-12,9530,2016-03-03,1540,020695,NA,4,2,7,1942,0,1,1,NA,2,120,I-110 S/B TO I-405 S/B,I-405,48,S,N,B,-,Y,NA,NA,NA,NA,NA,NA,NA,NA,NA,Y,3,0,1,2,A,-,07,21658,A,N,B,C,A,A,H,-,A,D,0,NA,NA,Y,NA,Y,NA,A,01,0,1,0,0,0,0,0,0,1,-,-,33.85694,-118.28544,LOS ANGELES,LOS ANGELES,NA,NA
90155723,2016,2016-04-12,9530,2016-03-06,1615,021235,NA,7,2,9,1900,0,3,5,NA,2,001,BROADWAY (2700 BLOCK),SEVILLE AVE.,0,NA,N,A,-,N,NA,NA,NA,NA,NA,NA,NA,NA,NA,N,3,0,1,2,A,-,11,21954,A,N,G,B,D,A,H,-,A,D,0,Y,NA,NA,NA,Y,NA,N,60,0,1,0,0,1,0,0,0,0,-,-,33.9663,-118.2219,LOS ANGELES,UNINCORPORATED,-118.22243012,33.96639004
90155724,2016,2016-04-12,9530,2016-03-30,1005,016110,NA,3,1,9,1900,0,3,5,NA,2,001,ALAMEDA ST.           (8300 BLOCK),83RD ST.,180,S,N,A,-,N,NA,NA,NA,NA,NA,NA,NA,NA,NA,N,4,0,1,2,A,-,03,22350,NA,N,C,C,A,A,H,-,A,D,0,NA,NA,NA,NA,Y,NA,D,22,0,0,1,0,0,0,0,0,0,-,-,33.9671,-118.2321,LOS ANGELES,UNINCORPORATED,-118.23211213,33.96248462
90155725,2016,2016-04-12,9550,2016-04-05,1315,020025,NA,2,1,9,1900,0,2,4,NA,1,051,NOGALES STREET,COLIMA ROAD,50,S,N,A,-,N,NA,NA,NA,NA,NA,NA,NA,NA,NA,N,4,0,1,2,A,-,03,22350,NA,N,C,C,A,A,H,-,A,D,0,NA,NA,NA,NA,Y,NA,A,01,0,0,1,0,0,0,0,0,0,-,-,33.98772,-117.88928,LOS ANGELES,UNINCORPORATED,-117.88930746,33.98739294
90155742,2016,2016-04-12,9590,2016-03-25,2259,021040,NA,5,3,7,1942,0,1,1,NA,2,052,I-110 N/B (HARBOR FREEWAY),MARTIN LUTHER KING BLVD.,300,S,N,A,-,Y,NA,NA,110,NA,NA,NA,NA,NA,N,N,4,0,1,2,A,-,07,21658,A,N,B,C,A,A,H,-,D,D,0,NA,NA,NA,NA,Y,NA,A,01,0,0,1,0,0,0,0,0,0,-,-,34.00723,-118.28085,LOS ANGELES,LOS ANGELES,-118.28095281,34.00723109
90155750,2016,2016-04-12,9545,2016-04-06,1950,014790,NA,3,2,9,1900,0,3,5,NA,2,004,AVENUE T,82ND ST  E,215,E,N,B,-,N,NA,NA,NA,NA,NA,NA,NA,NA,NA,Y,4,0,1,2,A,-,03,22350,NA,N,C,C,A,A,H,-,D,D,0,NA,NA,NA,NA,Y,NA,A,08,0,0,1,0,0,0,0,0,0,-,-,34.54297,-117.98309,LOS ANGELES,UNINCORPORATED,-117.98305771,34.54287472
9015576,2019,2020-02-13,1942,2019-12-20,1315,43703,1075,5,5,7,1942,0,0,0,J,0,10X44,NEWCASTLE,SANTA RITA,0,NA,Y,A,-,N,NA,NA,NA,NA,NA,NA,NA,NA,NA,N,4,0,2,3,A,-,12,21453,A,N,C,C,A,A,H,-,A,A,0,NA,NA,NA,NA,Y,NA,A,07,0,0,2,0,0,0,0,0,0,-,-,NA,NA,LOS ANGELES,LOS ANGELES,-118.52491760253906,34.163631439208984
90155772,2016,2016-04-12,9590,2016-03-26,0402,021201,NA,6,3,7,1942,0,1,1,NA,2,053,I-110 S/B (HARBOR FREEWAY) TO 6TH ST,6TH STREET,175,N,N,A,-,Y,NA,NA,110,NA,NA,NA,R,NA,S,Y,3,0,1,1,A,-,01,23152,A,N,E,I,A,A,H,-,C,D,0,NA,NA,NA,NA,Y,Y,A,07,0,1,0,0,0,0,0,0,0,-,-,34.05206,-118.25982,LOS ANGELES,LOS ANGELES,-118.25982,34.05206
90155787,2016,2016-04-12,9535,2016-03-29,1000,013259,NA,2,1,9,1900,0,1,1,NA,2,651,I-605 S/B (SAN GABRIEL RIVER FREEWAY),SR-60 (POMONA FREEWAY) E/B,826,N,N,A,-,Y,NA,NA,NA,NA,NA,NA,NA,NA,NA,Y,3,0,1,2,A,-,07,21658,A,N,C,C,A,A,H,-,A,D,0,NA,NA,NA,NA,Y,NA,A,01,0,1,0,0,0,0,0,0,0,-,-,34.04011,-118.01767,LOS ANGELES,UNINCORPORATED,NA,NA
90155790,2016,2016-04-12,9575,2016-04-07,1645,018381,NA,4,2,9,1900,0,1,3,NA,2,081,ROSEMEAD BLVD.,COLORADO BLVD.,175,N,N,B,-,N,NA,NA,NA,NA,NA,NA,NA,NA,NA,Y,3,0,2,1,A,-,08,22107,NA,N,E,I,A,B,H,-,A,D,0,NA,NA,NA,NA,Y,NA,D,22,0,1,1,0,0,0,0,0,0,-,-,34.14679,-118.07328,LOS ANGELES,UNINCORPORATED,-118.07339,34.1463
90155805,2016,2016-04-12,9545,2016-04-07,1812,014790,NA,4,2,9,1900,0,3,5,NA,2,004,AVENUE P,MACKENNAS GOLD AVE,8,W,N,B,C,N,NA,NA,NA,NA,NA,NA,NA,NA,NA,Y,3,0,2,1,A,-,03,22350,NA,N,E,I,A,B,H,-,A,D,0,NA,NA,NA,NA,Y,NA,A,01,0,2,0,0,0,0,0,0,0,-,-,34.60797,-117.83568,LOS ANGELES,UNINCORPORATED,-117.83462322,34.6076306
90155807,2016,2016-04-12,9550,2016-04-08,1630,021123,NA,5,2,5,1919,0,1,3,NA,2,092,SR-91 W/B,BLOOMFIELD AVENUE,750,E,N,B,C,Y,NA,NA,91,NA,NA,NA,NA,NA,W,Y,4,0,1,3,A,-,03,22350,NA,N,C,C,A,B,H,-,B,D,0,NA,NA,NA,NA,Y,NA,A,07,0,0,1,0,0,0,0,0,0,-,-,33.87436,-118.06165,LOS ANGELES,CERRITOS,-118.06175076,33.87421005
90155808,2016,2016-04-12,9535,2016-01-01,0033,018527,NA,5,3,9,1900,0,3,5,NA,2,002,GERHART AVENUE (600 BLOCK),6 TH STREET,130,S,N,A,-,N,NA,NA,NA,NA,NA,NA,NA,NA,NA,Y,4,0,1,4,C,-,18,NA,NA,N,C,E,A,A,H,-,C,D,0,NA,NA,NA,NA,Y,NA,-,-,0,0,1,0,0,0,0,0,0,-,-,34.02228,-118.14611,LOS ANGELES,UNINCORPORATED,-118.14605362,34.02243412
9015582,2019,2020-02-14,1942,2019-12-05,0753,40730,1345,4,5,7,1942,0,0,0,M,0,13A27,41ST ST,NAOMI ST,0,NA,Y,A,-,N,NA,NA,NA,NA,NA,NA,NA,NA,NA,N,3,0,1,2,A,-,05,21650,1,N,D,G,A,A,H,-,A,D,0,NA,Y,NA,NA,Y,NA,L,04,0,1,0,0,0,0,1,0,0,-,-,NA,NA,LOS ANGELES,LOS ANGELES,-118.25428009033205,34.00925827026367
90155822,2016,2016-04-12,9550,2016-04-01,1130,017511,NA,5,1,9,1900,0,1,3,NA,2,601,SR-60 W/B (POMONA FREEWAY),HACIENDA BLVD,1200,E,N,A,-,Y,NA,NA,60,NA,NA,NA,NA,NA,W,Y,4,0,2,2,A,-,03,22350,NA,N,C,C,A,A,H,-,A,D,0,NA,NA,NA,NA,Y,NA,A,01,0,0,2,0,0,0,0,0,0,-,-,34.007,-117.964,LOS ANGELES,UNINCORPORATED,-117.96403141,34.00690133
90155844,2016,2016-04-12,9590,2016-02-28,1130,021201,NA,7,1,7,1942,0,1,2,NA,2,073,US-101 S/B (HOLLYWOOD FREEWAY),BENTON,50,S,N,A,-,Y,NA,NA,101,NA,NA,NA,NA,NA,S,Y,4,0,1,2,A,-,03,22350,NA,N,C,C,A,A,H,-,A,D,0,NA,NA,NA,NA,Y,NA,A,01,0,0,1,0,0,0,0,0,0,-,-,34.07531,-118.27506,LOS ANGELES,LOS ANGELES,-118.27505951,34.07531172
90155847,2016,2016-04-12,9540,2016-04-02,1230,019254,NA,6,1,7,1942,0,1,1,NA,1,502,I-5 N/B (GOLDEN STATE FREEWAY),BALBOA BLVD.,1056,N,N,A,-,Y,NA,NA,5,NA,NA,NA,NA,NA,N,N,4,0,1,2,A,-,07,21658,A,N,B,C,A,A,H,-,A,D,0,NA,NA,NA,NA,Y,NA,-,-,0,0,1,0,0,0,0,0,0,-,-,34.32338,-118.49996,LOS ANGELES,LOS ANGELES,-118.5000279,34.32325889