CASE_ID,ACCIDENT_YEAR,PROC_DATE,JURIS,COLLISION_DATE,COLLISION_TIME,OFFICER_ID,REPORTING_DISTRICT,DAY_OF_WEEK,CHP_SHIFT,POPULATION,CNTY_CITY_LOC,SPECIAL_COND,BEAT_TYPE,CHP_BEAT_TYPE,CITY_DIVISION_LAPD,CHP_BEAT_CLASS,BEAT_NUMBER,PRIMARY_RD,SECONDARY_RD,DISTANCE,DIRECTION,INTERSECTION,WEATHER_1,WEATHER_2,STATE_HWY_IND,CALTRANS_COUNTY,CALTRANS_DISTRICT,STATE_ROUTE,ROUTE_SUFFIX,POSTMILE_PREFIX,POSTMILE,LOCATION_TYPE,RAMP_INTERSECTION,SIDE_OF_HWY,TOW_AWAY,COLLISION_SEVERITY,NUMBER_KILLED,NUMBER_INJURED,PARTY_COUNT,PRIMARY_COLL_FACTOR,PCF_CODE_OF_VIOL,PCF_VIOL_CATEGORY,PCF_VIOLATION,PCF_VIOL_SUBSECTION,HIT_AND_RUN,TYPE_OF_COLLISION,MVIW,PED_ACTION,ROAD_SURFACE,ROAD_COND_1,ROAD_COND_2,LIGHTING,CONTROL_DEVICE,CHP_ROAD_TYPE,PEDESTRIAN_ACCIDENT,BICYCLE_ACCIDENT,MOTORCYCLE_ACCIDENT,TRUCK_ACCIDENT,NOT_PRIVATE_PROPERTY,ALCOHOL_INVOLVED,STWD_VEHTYPE_AT_FAULT,CHP_VEHTYPE_AT_FAULT,COUNT_SEVERE_INJ,COUNT_VISIBLE_INJ,COUNT_COMPLAINT_PAIN,COUNT_PED_KILLED,COUNT_PED_INJURED,COUNT_BICYCLIST_KILLED,COUNT_BICYCLIST_INJURED,COUNT_MC_KILLED,COUNT_MC_INJURED,PRIMARY_RAMP,SECONDARY_RAMP,LATITUDE,LONGITUDE,COUNTY,CITY,POINT_X,POINT_Y
9015907,2019,2020-01-10,1900,2019-11-18,2020,529141,1514,1,5,5,1954,0,0,0,NA,0,151T2,WHITTIER BL,ROSEMEAD BL,60,E,N,A,-,N,NA,NA,NA,NA,NA,NA,NA,NA,NA,N,3,0,1,2,A,-,08,22107,NA,N,C,G,A,A,H,-,C,D,0,NA,Y,NA,NA,Y,NA,A,01,0,1,0,0,0,0,1,0,0,-,-,34.0010986328125,-118.08360290527344,LOS ANGELES,PICO RIVERA,-118.08380889892578,34.00123596191406
90159070,2016,2016-04-18,9575,2016-04-01,0553,020702,NA,5,3,7,1942,0,1,1,NA,2,053,I-5 S/B (GOLDEN STATE FREEWAY),BRANFORD ST.,100,S,N,A,-,Y,NA,NA,5,NA,NA,NA,NA,NA,S,Y,4,0,2,2,A,-,07,21658,A,N,B,C,A,A,H,-,A,D,0,NA,NA,NA,NA,Y,NA,I,09,0,0,2,0,0,0,0,0,0,-,-,34.23679,-118.41416,LOS ANGELES,LOS ANGELES,-118.41416898,34.23678053
90159073,2016,2016-04-18,9575,2016-04-05,0855,015935,NA,2,1,9,1900,0,3,5,NA,2,001,PROSPECT AVE,LA CRESCENTA AVE,10,W,N,A,-,N,NA,NA,NA,NA,NA,NA,NA,NA,NA,N,4,0,1,2,A,-,21,22106,NA,N,C,C,A,A,H,-,A,A,0,NA,NA,NA,NA,Y,NA,A,01,0,0,1,0,0,0,0,0,0,-,-,34.22143,-118.24004,LOS ANGELES,UNINCORPORATED,-118.23998672,34.22139611
90159077,2016,2016-04-18,9575,2016-04-05,2108,020902,NA,2,2,9,1900,0,1,3,NA,2,081,S/B ROSEMEAD BLVD (6900 BLOCK),DUARTE RD,250,N,N,A,-,Y,NA,NA,NA,NA,NA,NA,NA,NA,NA,Y,3,0,2,2,A,-,07,21658,A,F,C,C,A,A,H,-,C,D,0,NA,NA,NA,NA,Y,NA,A,01,0,1,1,0,0,0,0,0,0,-,-,34.12377,-118.07315,LOS ANGELES,UNINCORPORATED,NA,NA
90159086,2016,2016-04-18,9590,2016-03-02,1125,015575,NA,3,1,7,1942,0,1,1,NA,2,085,I-5 S/B (GOLDEN STATE FREEWAY),GILROY STREET,480,N,N,A,-,Y,NA,NA,5,NA,NA,NA,NA,NA,S,N,4,0,3,3,A,-,03,22350,NA,N,C,C,A,A,H,-,A,D,0,NA,NA,NA,NA,Y,NA,A,01,0,0,3,0,0,0,0,0,0,-,-,34.10562,-118.25435,LOS ANGELES,LOS ANGELES,-118.25436171,34.10560282
90159089,2016,2016-04-18,9590,2016-02-24,1520,015575,NA,3,2,7,1942,0,1,2,NA,2,071,US-101 S/B (HOLLYWOOD FREEWAY),VIRGIL AVENUE,305,S,N,A,-,Y,NA,NA,101,NA,NA,NA,NA,NA,S,Y,4,0,1,2,A,-,07,21658,A,N,B,C,A,A,H,-,A,D,0,NA,NA,Y,NA,Y,NA,A,01,0,0,1,0,0,0,0,0,1,-,-,34.07802,-118.28564,LOS ANGELES,LOS ANGELES,-118.28564649,34.07798135
9015909,2019,2020-02-13,1942,2019-12-21,1645,38191,1065,6,5,7,1942,0,0,0,J,0,10A99,LINDLEY AV,KILLION ST,71,N,N,A,-,N,NA,NA,NA,NA,NA,NA,NA,NA,NA,Y,3,0,1,2,A,-,21,22106,NA,N,B,C,A,A,H,-,C,D,0,NA,NA,NA,NA,Y,NA,A,01,0,1,0,0,0,0,0,0,0,-,-,NA,NA,LOS ANGELES,LOS ANGELES,-118.52725219726564,34.17099380493164
90159093,2016,2016-04-18,9590,2016-03-26,1335,019008,NA,6,1,7,1942,0,1,2,NA,2,073,US-101 SB (HOLLYWOOD FREEWAY),MULHOLLAND DRIVE,300,S,N,A,-,Y,NA,NA,101,NA,NA,NA,NA,NA,S,Y,4,0,1,2,A,-,03,22350,NA,N,C,C,A,A,H,-,A,D,0,NA,NA,NA,NA,Y,NA,A,01,0,0,1,0,0,0,0,0,0,-,-,34.12257,-118.3411,LOS ANGELES,LOS ANGELES,-118.34113728,34.12252642
90159094,2016,2016-04-18,9590,2016-04-08,1245,018997,NA,5,1,7,1942,0,1,1,NA,2,060,I-10 E/B (SANTA MONICA FREEWAY),WASHINGTON BLVD.,1200,E,N,C,-,Y,NA,NA,10,NA,NA,NA,NA,NA,E,Y,4,0,2,2,A,-,03,22350,NA,N,C,C,A,B,H,-,A,D,0,NA,NA,NA,NA,Y,NA,A,01,0,0,2,0,0,0,0,0,0,-,-,34.03493,-118.36723,LOS ANGELES,LOS ANGELES,-118.36728162,34.03468682
9015910,2019,2020-02-15,1942,2019-12-02,1305,39655,1067,1,5,7,1942,0,0,0,J,0,10A99,BALBOA BL,MAGNOLIA BL,0,NA,Y,A,-,N,NA,NA,NA,NA,NA,NA,NA,NA,NA,Y,3,0,1,2,A,-,12,21453,A,N,D,C,A,A,H,-,A,A,0,NA,NA,NA,NA,Y,NA,A,07,0,1,0,0,0,0,0,0,0,-,-,NA,NA,LOS ANGELES,LOS ANGELES,-118.50109100341795,34.16495132446289
9015911,2019,2020-01-10,1900,2019-11-28,1036,530167,1513,4,5,5,1954,0,0,0,NA,0,151T1,WASHINGTON BL,PARAMOUNT BL,30,W,N,C,-,N,NA,NA,NA,NA,NA,NA,NA,NA,NA,N,3,0,1,2,A,-,11,21956,A,N,G,B,E,B,H,-,A,D,0,Y,NA,NA,NA,Y,NA,N,60,0,1,0,0,1,0,0,0,0,-,-,NA,NA,LOS ANGELES,PICO RIVERA,-118.10530853271484,33.98759841918945
90159114,2016,2016-04-18,9530,2016-03-05,1330,021191,NA,6,1,9,1900,0,3,5,NA,2,002,EL SEGUNDO BLVD (2300 BLOCK),WILLOWBROOK AVE.,70,E,N,A,-,N,NA,NA,NA,NA,NA,NA,NA,NA,NA,N,3,0,2,2,A,-,09,21804,A,N,A,C,A,A,H,-,A,D,0,NA,NA,NA,NA,Y,NA,A,01,0,1,1,0,0,0,0,0,0,-,-,33.91624,-118.23058,LOS ANGELES,UNINCORPORATED,-118.23144974,33.9162
90159117,2016,2016-04-18,9565,2016-04-11,1445,020495,NA,1,2,7,1942,0,1,1,NA,2,063,I-405 S/B (SAN DIEGO FREEWAY),SANTA MONICA BOULEVARD,550,N,N,A,-,Y,NA,NA,405,NA,NA,NA,NA,NA,S,N,4,0,1,2,A,-,03,22350,NA,N,C,C,A,A,H,-,A,D,0,NA,NA,NA,NA,Y,NA,A,07,0,0,1,0,0,0,0,0,0,-,-,34.04695,-118.44677,LOS ANGELES,LOS ANGELES,-118.44679167,34.04693116
90159118,2016,2016-04-18,9530,2016-03-12,1525,020349,NA,6,2,9,1900,0,3,5,NA,2,005,REDONDO BCH BLVD (3400 BLOCK),YUKON AVE.,700,E,N,A,-,Y,NA,NA,NA,NA,NA,NA,NA,NA,NA,Y,4,0,1,2,A,-,09,21804,A,N,D,C,A,A,H,-,A,D,0,NA,NA,NA,NA,Y,NA,A,01,0,0,1,0,0,0,0,0,0,-,-,33.88077,-118.33308,LOS ANGELES,UNINCORPORATED,-118.33306746,33.88079182
90159120,2016,2016-04-18,9565,2016-04-11,0545,017060,NA,1,3,9,1900,0,1,S,NA,2,001,I-105 W/B (CENTURY FREEWAY),WILTON PLACE,200,W,N,A,-,Y,NA,NA,105,NA,NA,NA,NA,NA,W,Y,4,0,1,4,A,-,03,22350,NA,N,C,C,A,A,H,-,A,D,0,NA,NA,NA,Y,Y,NA,F,26,0,0,1,0,0,0,0,0,0,-,-,33.92559,-118.31189,LOS ANGELES,UNINCORPORATED,-118.31189039,33.92560529
90159122,2016,2016-04-18,9530,2016-03-18,2000,021089,NA,5,2,9,1900,0,3,5,NA,2,006,VERMONT AVE.,223RD ST.,0,NA,Y,A,-,N,NA,NA,NA,NA,NA,NA,NA,NA,NA,Y,4,0,1,2,A,-,09,21801,A,N,A,C,A,A,H,-,C,A,0,NA,NA,NA,NA,Y,NA,A,07,0,0,1,0,0,0,0,0,0,-,-,33.82434,-118.29027,LOS ANGELES,UNINCORPORATED,-118.2903501,33.82446004
9015913,2019,2020-03-04,1942,2019-12-03,1020,30452,1025,2,5,7,1942,0,0,0,J,0,10A3,LINDLEY AV,SHERMAN WAY,0,NA,Y,A,-,N,NA,NA,NA,NA,NA,NA,NA,NA,NA,N,4,0,2,2,D,-,00,NA,NA,N,D,C,A,A,H,-,A,A,0,NA,NA,NA,NA,Y,NA,-,-,0,0,2,0,0,0,0,0,0,-,-,NA,NA,LOS ANGELES,LOS ANGELES,-118.5272979736328,34.201080322265625
90159132,2016,2016-04-18,9530,2016-03-19,1507,020096,NA,6,2,5,1977,0,1,1,NA,2,410,I-405 S/B (SAN DIEGO FREEWAY),WILMINGTON AVE.,1000,N,N,A,-,Y,NA,NA,405,NA,NA,NA,NA,NA,S,N,3,0,2,2,A,-,07,21658,A,N,B,C,A,A,H,-,A,D,0,NA,NA,Y,NA,Y,NA,-,-,0,1,1,0,0,0,0,0,1,-,-,33.8257,-118.24501,LOS ANGELES,CARSON,-118.24501,33.82575283
90159134,2016,2016-04-18,9530,2016-03-19,1040,017860,NA,6,1,9,1900,0,3,5,NA,2,005,CHADRON AVE. (14800 BLOCK),147TH ST.,430,S,N,A,-,Y,NA,NA,NA,NA,NA,NA,NA,NA,NA,Y,4,0,1,3,A,-,09,21804,A,N,D,C,A,A,H,-,A,D,0,NA,NA,NA,NA,Y,NA,A,01,0,0,1,0,0,0,0,0,0,-,-,33.89697,-118.32867,LOS ANGELES,UNINCORPORATED,-118.32869326,33.89711064
9015914,2019,2020-02-15,1942,2019-12-04,1520,41514,1023,3,5,7,1942,0,0,0,J,0,10A21,TAMPA AV,HART ST,0,NA,Y,A,-,N,NA,NA,NA,NA,NA,NA,NA,NA,NA,Y,4,0,1,2,A,-,09,21801,A,N,D,C,A,A,H,-,A,A,0,NA,NA,NA,NA,Y,NA,A,01,0,0,1,0,0,0,0,0,0,-,-,NA,NA,LOS ANGELES,LOS ANGELES,-118.55345916748048,34.19746017456055
90159142,2016,2016-04-18,9530,2016-03-19,2230,020774,NA,6,3,9,1900,0,3,5,NA,2,001,HOOPER AVE.,87TH PL.,0,NA,Y,A,-,N,NA,NA,NA,NA,NA,NA,NA,NA,NA,N,2,0,1,2,A,-,12,22450,A,N,D,G,A,A,H,-,C,D,0,NA,Y,NA,NA,Y,NA,L,04,1,0,0,0,0,0,1,0,0,-,-,33.57334,-118.15143,LOS ANGELES,UNINCORPORATED,-118.25404011,33.95835004
90159147,2016,2016-04-18,9575,2016-04-09,1045,18450,NA,6,1,9,1900,0,2,4,NA,2,027,ALLEN AVE. (1800 BLOCK),NEW YORK DR. (1800 BLOCK),0,NA,Y,B,C,N,NA,NA,NA,NA,NA,NA,NA,NA,NA,Y,3,0,2,2,A,-,09,21801,A,N,D,C,A,B,H,-,A,A,0,NA,NA,NA,NA,Y,NA,A,01,0,1,1,0,0,0,0,0,0,-,-,34.17845,-118.11216,LOS ANGELES,UNINCORPORATED,-118.11207002,34.17853004
9015915,2019,2020-01-10,1900,2019-11-27,2318,531724,1512,3,5,5,1954,0,0,0,NA,0,151T3,WHITTIER BL,GREGG RD,128,W,N,C,-,N,NA,NA,NA,NA,NA,NA,NA,NA,NA,Y,3,0,1,1,A,-,03,22350,A,N,E,I,A,B,G,-,C,D,0,NA,NA,NA,NA,Y,NA,A,01,0,1,0,0,0,0,0,0,0,-,-,33.99729919433594,-118.07431793212892,LOS ANGELES,PICO RIVERA,-118.07431793212892,33.997074127197266
90159158,2016,2016-04-18,9575,2016-04-13,1735,020251,NA,3,2,7,1942,0,1,3,NA,2,043,SR-134 E/B (VENTURA FREEWAY),RIVERSIDE DR. (VICTROY BLVD.),1925,W,N,A,-,Y,NA,NA,134,NA,NA,NA,NA,NA,E,Y,4,0,1,2,A,-,03,22350,NA,N,C,C,A,A,H,-,A,D,0,NA,NA,NA,NA,Y,NA,A,07,0,0,1,0,0,0,0,0,0,-,-,34.15621,-118.3006,LOS ANGELES,LOS ANGELES,-118.30060532,34.15617654
9015917,2019,2020-02-13,1942,2019-12-08,1730,41158,1023,7,5,7,1942,0,0,0,J,0,10A21,TAMPA AV,HART ST,0,NA,Y,C,-,N,NA,NA,NA,NA,NA,NA,NA,NA,NA,Y,4,0,2,2,A,-,09,21801,A,N,D,C,A,B,H,-,C,A,0,NA,NA,NA,NA,Y,NA,A,01,0,0,2,0,0,0,0,0,0,-,-,NA,NA,LOS ANGELES,LOS ANGELES,-118.55345916748048,34.19746017456055
9015918,2019,2020-02-15,1942,2019-12-05,1505,37686,1015,4,5,7,1942,0,0,0,J,0,19A3,LINDLEY AV,SATICOY ST,0,NA,Y,A,-,N,NA,NA,NA,NA,NA,NA,NA,NA,NA,Y,3,0,2,2,A,-,09,21801,A,N,A,C,A,A,H,-,A,A,0,NA,NA,NA,NA,Y,NA,A,01,0,1,1,0,0,0,0,0,0,-,-,NA,NA,LOS ANGELES,LOS ANGELES,-118.52734375,34.20840072631836
90159181,2016,2016-04-18,9530,2016-03-20,0815,021004,NA,7,1,9,1900,0,3,5,NA,2,002,AVALON BLVD. (15000 BLOCK),SAN PEDRO ST.,567,N,N,B,-,N,NA,NA,NA,NA,NA,NA,NA,NA,NA,Y,4,0,1,2,A,-,09,21801,A,N,A,C,A,A,H,-,A,D,0,NA,NA,NA,NA,Y,NA,A,07,0,0,1,0,0,0,0,0,0,-,-,33.88964,-118.26479,LOS ANGELES,UNINCORPORATED,-118.26467,33.88235
9015919,2019,2020-01-10,1900,2019-11-30,2118,499039,1512,6,5,5,1954,0,0,0,NA,0,151T3,WHITTIER BL,GREGG RD,436,W,N,A,-,N,NA,NA,NA,NA,NA,NA,NA,NA,NA,N,2,0,1,1,A,-,03,22350,NA,N,E,I,A,A,-,-,C,D,0,NA,NA,NA,NA,Y,NA,A,01,1,0,0,0,0,0,0,0,0,-,-,33.99694061279297,-118.07422637939452,LOS ANGELES,PICO RIVERA,-118.07518005371094,33.99751281738281
90159200,2016,2016-04-18,9530,2016-03-21,1835,20716,NA,1,2,5,1977,0,1,3,NA,2,310,SR-91 W/B (ARTESIA FREEWAY),MAIN ST.,560,E,N,A,-,Y,NA,NA,NA,NA,NA,NA,NA,NA,NA,Y,4,0,2,2,A,-,03,22350,NA,F,C,C,A,A,H,-,A,D,0,NA,NA,NA,NA,Y,NA,A,01,0,0,2,0,0,0,0,0,0,-,-,33.52221,-118.16246,LOS ANGELES,CARSON,-118.27365028,33.87273011
90159261,2015,2016-04-18,9590,2015-11-16,1650,017520,NA,1,2,7,1942,1,4,S,NA,2,901,WESTERN AVENUE (3700 N. BLOCK),37TH PLACE (3700 BLOCK),200,N,N,A,-,N,NA,NA,NA,NA,NA,NA,NA,NA,NA,N,4,0,4,2,A,-,03,22350,NA,N,C,C,A,A,H,-,A,D,0,NA,NA,NA,NA,Y,NA,D,22,0,0,4,0,0,0,0,0,0,-,-,34.77201,-118.99045,LOS ANGELES,LOS ANGELES,-118.30890062,34.02077846
90159267,2016,2016-04-18,9575,2016-04-13,0725,020030,NA,3,1,7,1942,0,1,1,NA,2,052,I-5 S/B (GOLDEN STATE FREEWAY),PENROSE ST.,300,S,N,A,-,Y,NA,NA,5,NA,NA,NA,NA,NA,S,N,4,0,1,3,A,-,03,22350,NA,N,C,C,A,A,H,-,A,D,0,NA,NA,NA,NA,Y,NA,A,07,0,0,1,0,0,0,0,0,0,-,-,34.22407,-118.37286,LOS ANGELES,LOS ANGELES,-118.37282797,34.22410975
90159293,2016,2017-01-19,9540,2016-04-13,1945,019788,NA,3,2,7,1942,0,1,1,NA,1,502,I-5 (N/B) GOLDEN STATE FREEWAY,ROXFORD STREET,6687,N,N,A,-,Y,NA,NA,5,NA,NA,NA,NA,NA,NA,Y,1,1,0,1,A,-,08,22107,NA,N,E,I,A,A,H,-,C,D,0,NA,NA,Y,NA,Y,NA,C,02,0,0,0,0,0,0,0,1,0,-,-,34.31228,-118.48736,LOS ANGELES,LOS ANGELES,-118.48740372,34.31224804
90159298,2016,2016-04-18,9540,2016-04-01,0001,021214,NA,5,3,9,1900,0,1,1,NA,2,510,I-5 N/B (GOLDEN STATE FREEWAY),VISTA DEL LAGO RD.,10032,S,N,A,-,Y,NA,NA,5,NA,NA,NA,NA,NA,N,Y,3,0,1,1,A,-,01,23152,A,N,E,I,A,A,H,-,D,D,0,NA,NA,NA,NA,Y,Y,A,01,0,1,0,0,0,0,0,0,0,-,-,34.64081,-118.74878,LOS ANGELES,UNINCORPORATED,-118.74885543,34.64073664
90159302,2016,2016-04-18,9540,2016-04-10,0225,020875,NA,7,3,6,1985,0,1,3,NA,1,145,SR-14 S/B (ANTELOPE VALLEY FREEWAY),GOLDEN VALLEY ROAD,2640,S,N,A,-,Y,NA,NA,14,NA,NA,NA,NA,NA,S,Y,4,0,1,1,A,-,01,23152,A,N,E,I,A,B,H,-,D,D,0,NA,NA,NA,NA,Y,Y,A,01,0,0,1,0,0,0,0,0,0,-,-,34.38494,-118.4845,LOS ANGELES,SANTA CLARITA,-118.48450268,34.38494492
90159338,2016,2016-04-18,9530,2016-04-15,2100,020776,NA,5,2,9,1900,0,3,5,NA,2,001,ALAMEDA ST.,74TH ST.,0,NA,Y,A,-,N,NA,NA,NA,NA,NA,NA,NA,NA,NA,Y,4,0,2,2,A,-,01,23152,A,N,D,C,A,A,H,-,C,A,0,NA,NA,NA,NA,Y,Y,A,01,0,0,2,0,0,0,0,0,0,-,-,33.58227,-118.14419,LOS ANGELES,UNINCORPORATED,-118.23445,33.97296005
90159362,2016,2016-04-18,9525,2016-03-10,1440,020114,NA,4,2,1,1934,0,1,1,NA,2,204,I-210 E/B (FOOTHILL FREEWAY),IRWINDALE AVE,700,W,N,A,-,Y,NA,NA,210,NA,NA,NA,NA,NA,E,Y,4,0,3,4,A,-,03,22350,NA,N,C,C,A,A,H,-,A,D,0,NA,NA,NA,NA,Y,NA,D,22,0,0,3,0,0,0,0,0,0,-,-,34.12887,-117.94012,LOS ANGELES,IRWINDALE,-117.94013582,34.12869869
90159376,2016,2016-04-18,9525,2016-02-22,2300,021074,NA,1,3,1,1934,0,1,1,NA,2,651,I-605 S/B (SAN GABRIEL RIVER FREEWAY),I-210 W/B (FOOTHILL FREEWAY),2640,S,N,A,-,Y,NA,NA,605,NA,NA,NA,NA,NA,S,Y,3,0,1,2,A,-,08,22107,NA,N,C,C,A,A,H,-,C,D,0,NA,NA,NA,NA,Y,NA,A,01,0,1,0,0,0,0,0,0,0,-,-,34.12625,-117.9646,LOS ANGELES,IRWINDALE,-117.96453274,34.12618024
90159398,2016,2016-04-18,9525,2016-02-26,2145,021074,NA,5,2,9,1900,0,3,5,NA,2,002,I-210 W/B AT CITRUS AVE. OFF-RAMP,BASELINE RD.,0,NA,Y,A,-,Y,NA,NA,NA,NA,NA,NA,NA,NA,NA,Y,4,0,3,2,A,-,12,21453,A,N,A,C,A,A,H,-,D,A,0,NA,NA,NA,NA,Y,NA,A,07,0,0,3,0,0,0,0,0,0,-,-,34.12147,-117.00759,LOS ANGELES,UNINCORPORATED,-117.69677006,34.12159004
90159402,2016,2016-04-18,9550,2016-04-14,1000,020392,NA,4,1,5,1919,0,1,3,NA,2,091,SR-91 EASTBOUND,STUDEBAKER RD.,800,E,N,A,-,Y,NA,NA,91,NA,NA,NA,NA,NA,E,Y,4,0,1,1,A,-,08,22107,NA,N,F,A,A,A,H,-,A,D,0,NA,NA,NA,NA,Y,NA,D,22,0,0,1,0,0,0,0,0,0,-,-,33.87627,-118.09696,LOS ANGELES,CERRITOS,-118.09696052,33.87639636
90159406,2016,2016-04-18,9550,2016-04-02,1645,021110,NA,6,2,6,1949,0,1,1,NA,2,651,INTERSTATE 605 SOUTHBOUND,ALONDRA BOULEVARD,50,N,N,A,-,Y,NA,NA,605,NA,NA,NA,NA,NA,S,Y,3,0,1,3,A,-,03,22350,NA,F,C,C,A,A,H,-,A,D,0,NA,NA,NA,NA,Y,NA,D,22,0,1,0,0,0,0,0,0,0,-,-,33.8878,-118.10449,LOS ANGELES,NORWALK,-118.10456466,33.88779556
9015944,2019,2020-02-08,1942,2019-12-23,1420,36678,2146,1,5,7,1942,0,0,0,NA,0,21A97,CANOGA AV,VANOWEN ST,0,NA,Y,B,-,N,NA,NA,NA,NA,NA,NA,NA,NA,NA,Y,3,0,1,2,A,-,09,21801,A,N,D,C,A,A,H,-,A,A,0,NA,NA,NA,Y,Y,NA,A,01,0,1,0,0,0,0,0,0,0,-,-,NA,NA,LOS ANGELES,LOS ANGELES,-118.59748077392578,34.193748474121094
90159447,2016,2016-04-18,9580,2016-04-03,1120,018101,NA,7,1,7,1942,0,2,4,NA,1,131,MULHOLLAND HWY,SR-1 (PACIFIC COAST HWY),5280,N,N,A,-,N,NA,NA,NA,NA,NA,NA,NA,NA,NA,Y,4,0,1,2,A,-,05,21650,NA,N,A,C,A,A,H,-,A,D,0,NA,NA,Y,NA,Y,NA,C,02,0,0,1,0,0,0,0,0,1,-,-,34.05788,-118.9344,LOS ANGELES,LOS ANGELES,NA,NA
9015948,2019,2020-02-08,1942,2019-12-16,1230,40634,2158,1,5,7,1942,0,0,0,NA,0,21A57,CANOGA AV,VICTORY BL,258,S,N,A,-,N,NA,NA,NA,NA,NA,NA,NA,NA,NA,N,2,0,1,2,A,-,15,21235,A,N,D,G,A,A,H,-,A,D,0,NA,Y,NA,NA,Y,NA,L,04,1,0,0,0,0,0,1,0,0,-,-,NA,NA,LOS ANGELES,LOS ANGELES,-118.5975341796875,34.18766784667969
90159497,2016,2016-04-18,9530,2016-04-16,1700,020930,NA,6,2,9,1900,0,3,5,NA,2,002,AVALON BLVD (12800 BLOCK),EL SEGUNDO BLVD.,29,S,N,A,-,N,NA,NA,NA,NA,NA,NA,NA,NA,NA,Y,4,0,1,2,A,-,01,23152,A,F,C,C,A,A,H,-,A,D,0,NA,NA,NA,NA,Y,Y,A,01,0,0,1,0,0,0,0,0,0,-,-,33.9162,-118.2652,LOS ANGELES,UNINCORPORATED,-118.26525137,33.91634048
90159539,2016,2016-04-18,9550,2016-04-08,1440,020037,NA,5,2,9,1900,0,2,4,NA,1,023,LA MIRADA BOULEVARD,MULBERRY DRIVE,0,NA,Y,A,-,N,NA,NA,NA,NA,NA,NA,NA,NA,NA,N,4,0,1,2,A,-,10,21950,NA,N,H,A,B,A,H,-,A,A,0,Y,NA,NA,NA,Y,NA,A,01,0,0,1,0,1,0,0,0,0,-,-,33.93514,-118.01169,LOS ANGELES,UNINCORPORATED,-118.01185002,33.93525002
90159543,2016,2016-04-18,9525,2016-04-01,0942,018992,NA,5,1,4,1905,0,1,1,NA,2,205,I-210 W/B (FOOTHILL FREEWAY),CITRUS AVE,0,NA,N,A,-,Y,NA,NA,210,NA,NA,NA,NA,NA,W,Y,4,0,1,2,A,-,03,22350,NA,N,F,A,A,A,H,-,A,D,0,NA,NA,Y,NA,Y,NA,C,02,0,0,1,0,0,0,0,0,1,-,-,34.1209,-117.88869,LOS ANGELES,AZUSA,-117.88869045,34.12098377
90159544,2016,2016-04-18,9590,2016-01-29,1118,020679,NA,5,1,7,1942,0,1,1,NA,2,061,I-10 WB (SANTA MONICA FREEWAY),WASHINGTON BLVD,200,E,N,A,-,Y,NA,NA,10,NA,NA,NA,NA,NA,W,Y,3,0,1,2,A,-,03,22350,NA,N,C,C,A,A,H,-,A,D,0,NA,NA,Y,NA,Y,NA,C,02,0,1,0,0,0,0,0,0,1,-,-,34.03543,-118.36745,LOS ANGELES,LOS ANGELES,-118.36755288,34.03494267
90159554,2016,2016-04-18,9545,2016-04-08,0745,018862,NA,5,1,6,1950,0,1,3,NA,2,021,SR-14 S/B TO PALMDALE BLVD,PALMDALE BLVD,400,N,N,B,C,Y,NA,NA,14,NA,NA,NA,R,NA,S,Y,3,0,1,1,A,-,03,22350,NA,N,E,I,A,B,H,-,A,D,0,NA,NA,NA,NA,Y,NA,A,01,0,1,0,0,0,0,0,0,0,-,-,34.58297,-118.13442,LOS ANGELES,PALMDALE,-118.13442,34.58297
90159563,2016,2016-04-18,9580,2016-04-06,1925,021173,NA,3,2,7,1942,0,1,1,NA,2,405,I-405 S/B (SAN DIEGO FWY),SHERMAN WAY,1320,N,N,A,-,Y,NA,NA,NA,NA,NA,NA,NA,NA,NA,N,2,0,1,2,A,-,11,21954,A,N,G,B,E,A,H,-,B,D,0,Y,NA,NA,NA,Y,NA,N,60,1,0,0,0,1,0,0,0,0,-,-,34.12196,-118.28408,LOS ANGELES,LOS ANGELES,-118.47359,34.20124
90159572,2016,2016-04-18,9530,2016-02-25,1510,020349,NA,4,2,6,1972,0,1,1,NA,2,400,I-405 S/B (SAN DIEGO FREEWAY),VAN NESS AVE.,158,N,N,A,-,Y,NA,NA,405,NA,NA,NA,NA,NA,S,Y,2,0,1,3,A,-,03,22350,NA,N,B,C,A,A,H,-,A,D,0,NA,NA,Y,NA,Y,NA,C,02,1,0,0,0,0,0,0,0,1,-,-,33.86356,-118.32308,LOS ANGELES,TORRANCE,-118.32311121,33.8634578
90159579,2016,2016-04-18,9580,2016-04-08,0035,020836,NA,5,3,7,1942,0,1,3,NA,2,116,SR-118 E/B (RONALD REAGAN FWY.),BALBOA BLVD,300,E,N,B,-,Y,NA,NA,NA,NA,NA,NA,NA,NA,NA,Y,2,0,3,4,A,-,01,23152,A,N,C,C,A,B,H,-,D,D,0,NA,NA,NA,NA,Y,Y,A,01,1,1,1,0,0,0,0,0,0,-,-,34.26698,-118.47789,LOS ANGELES,LOS ANGELES,-118.50116074,34.27793701
90159591,2016,2016-04-18,9525,2016-04-02,1840,020114,NA,6,2,5,1906,0,1,1,NA,2,104,I-10 E/B (SAN BERNARDINO FREEWAY),BALDWIN PARK BLVD,500,W,N,A,-,Y,NA,NA,10,NA,NA,NA,NA,NA,E,N,4,0,1,2,A,-,03,22350,NA,N,C,C,A,A,H,-,A,D,0,NA,NA,NA,NA,Y,NA,A,01,0,0,1,0,0,0,0,0,0,-,-,34.0668,-117.98743,LOS ANGELES,BALDWIN PARK,-117.98742095,34.06673019