CASE_ID,ACCIDENT_YEAR,PROC_DATE,JURIS,COLLISION_DATE,COLLISION_TIME,OFFICER_ID,REPORTING_DISTRICT,DAY_OF_WEEK,CHP_SHIFT,POPULATION,CNTY_CITY_LOC,SPECIAL_COND,BEAT_TYPE,CHP_BEAT_TYPE,CITY_DIVISION_LAPD,CHP_BEAT_CLASS,BEAT_NUMBER,PRIMARY_RD,SECONDARY_RD,DISTANCE,DIRECTION,INTERSECTION,WEATHER_1,WEATHER_2,STATE_HWY_IND,CALTRANS_COUNTY,CALTRANS_DISTRICT,STATE_ROUTE,ROUTE_SUFFIX,POSTMILE_PREFIX,POSTMILE,LOCATION_TYPE,RAMP_INTERSECTION,SIDE_OF_HWY,TOW_AWAY,COLLISION_SEVERITY,NUMBER_KILLED,NUMBER_INJURED,PARTY_COUNT,PRIMARY_COLL_FACTOR,PCF_CODE_OF_VIOL,PCF_VIOL_CATEGORY,PCF_VIOLATION,PCF_VIOL_SUBSECTION,HIT_AND_RUN,TYPE_OF_COLLISION,MVIW,PED_ACTION,ROAD_SURFACE,ROAD_COND_1,ROAD_COND_2,LIGHTING,CONTROL_DEVICE,CHP_ROAD_TYPE,PEDESTRIAN_ACCIDENT,BICYCLE_ACCIDENT,MOTORCYCLE_ACCIDENT,TRUCK_ACCIDENT,NOT_PRIVATE_PROPERTY,ALCOHOL_INVOLVED,STWD_VEHTYPE_AT_FAULT,CHP_VEHTYPE_AT_FAULT,COUNT_SEVERE_INJ,COUNT_VISIBLE_INJ,COUNT_COMPLAINT_PAIN,COUNT_PED_KILLED,COUNT_PED_INJURED,COUNT_BICYCLIST_KILLED,COUNT_BICYCLIST_INJURED,COUNT_MC_KILLED,COUNT_MC_INJURED,PRIMARY_RAMP,SECONDARY_RAMP,LATITUDE,LONGITUDE,COUNTY,CITY,POINT_X,POINT_Y
90162332,2016,2016-04-21,9530,2016-03-17,1250,014451,NA,4,1,9,1900,0,3,5,NA,2,002,CENTRAL AVE.,EL SEGUNDO BLVD.,0,NA,Y,A,-,N,NA,NA,NA,NA,NA,NA,NA,NA,NA,Y,1,1,1,4,A,-,09,21801,A,N,D,C,F,A,H,-,A,A,0,Y,NA,NA,NA,Y,NA,A,01,0,1,0,1,1,0,0,0,0,-,-,33.928,-118.33621,LOS ANGELES,UNINCORPORATED,-118.25449011,33.91636011
90162336,2016,2016-04-21,9530,2016-03-03,1335,019941,NA,4,1,7,1942,0,1,3,NA,1,470,SR-47 N/B (VINCENT THOMAS BRIDGE),FERRY STREET,1701,N,N,A,-,Y,NA,NA,47,NA,NA,NA,NA,NA,N,N,1,1,0,1,C,-,18,NA,NA,N,H,A,A,A,H,-,A,D,0,NA,NA,NA,NA,Y,Y,-,-,0,0,0,0,0,0,0,0,0,-,-,33.75031,-118.25921,LOS ANGELES,LOS ANGELES,-118.2592329,33.7503728
90162352,2016,2016-04-21,9575,2016-04-18,1455,017354,NA,1,2,7,1942,0,1,3,NA,2,043,SR-134 W/B (VENTURA FREEWAY),I-5 (GOLDEN STATE FWY) O/C,300,E,N,A,-,Y,NA,NA,134,NA,NA,NA,NA,NA,W,N,4,0,1,2,A,-,08,22107,NA,N,B,C,A,A,H,-,A,D,0,NA,NA,NA,NA,Y,NA,A,01,0,0,1,0,0,0,0,0,0,-,-,34.1548,-118.28633,LOS ANGELES,LOS ANGELES,-118.28637129,34.15472841
90162354,2016,2016-04-21,9565,2016-03-08,2027,019443,NA,2,2,7,1942,0,1,1,NA,2,083,I-10 E/B (SANTA MONICA FREEWAY),BAGLEY AVE.,304,W,N,A,-,Y,NA,NA,10,NA,NA,NA,NA,NA,E,N,3,0,1,2,A,-,08,22107,NA,F,G,B,A,A,H,-,C,D,0,NA,NA,NA,NA,Y,NA,A,07,0,1,0,0,0,0,0,0,0,-,-,34.02911,-118.39805,LOS ANGELES,LOS ANGELES,-118.3980501,34.02910881
90162367,2016,2016-04-21,9530,2016-03-18,0945,021174,NA,5,1,7,1941,0,1,1,NA,2,430,I-405 S/B TO STUDEBAKER RD. S/B,STUDEBAKER RD.,25,N,N,A,-,Y,NA,NA,NA,NA,NA,NA,NA,NA,NA,N,4,0,1,2,A,-,03,22350,NA,N,C,C,A,A,H,-,A,D,0,NA,NA,NA,NA,Y,NA,A,07,0,0,1,0,0,0,0,0,0,-,-,33.4723,-118.5582,LOS ANGELES,LONG BEACH,-118.09941148,33.79045544
90162368,2016,2016-04-21,9575,2016-04-19,1245,017751,NA,2,1,6,1925,0,1,3,NA,2,042,SR-134 W/B (VENTURA FREEWAY),BRAND BLVD.,450,E,N,A,-,Y,NA,NA,134,NA,NA,NA,NA,NA,W,Y,4,0,1,2,A,-,03,22350,NA,N,C,C,A,A,H,-,A,D,0,NA,NA,NA,NA,Y,NA,A,07,0,0,1,0,0,0,0,0,0,-,-,34.15668,-118.25346,LOS ANGELES,GLENDALE,-118.25345638,34.15645666
9016238,2020,2020-06-03,1942,2020-05-08,0038,31713,1149,5,5,7,1942,0,0,0,K,0,11A37,AVENUE 52,FIGUEROA ST,0,NA,Y,A,-,N,NA,NA,NA,NA,NA,NA,NA,NA,NA,Y,3,0,1,2,A,-,12,21453,A,N,D,C,A,A,H,-,C,A,0,NA,NA,NA,NA,Y,NA,-,-,0,1,0,0,0,0,0,0,0,-,-,NA,NA,LOS ANGELES,LOS ANGELES,-118.1995086669922,34.10628128051758
90162383,2016,2016-04-21,9575,2016-04-19,1505,017354,NA,2,2,6,1912,0,1,3,NA,2,044,SR-134 E/B (VENTURA FREEWAY),RIVERSIDE DR. U.C (BUENA VISTA ST.),1156,E,N,A,-,Y,NA,NA,134,NA,NA,NA,NA,NA,E,Y,3,0,1,2,A,-,03,22350,NA,N,C,C,A,A,H,-,A,D,0,NA,NA,NA,NA,Y,NA,A,08,0,1,0,0,0,0,0,0,0,-,-,34.15442,-118.32151,LOS ANGELES,BURBANK,-118.32152941,34.15451632
90162386,2016,2016-04-21,9545,2016-04-17,1435,020849,NA,7,2,9,1900,0,3,5,NA,2,003,ANGELES FOREST HWY,PACIFICO MOUNTAIN RD,2112,N,N,A,-,Y,NA,NA,NA,NA,NA,NA,NA,NA,NA,Y,3,0,1,1,A,-,08,22107,NA,N,E,I,A,A,H,-,A,D,0,NA,NA,NA,NA,Y,NA,A,01,0,1,0,0,0,0,0,0,0,-,-,34.39225,-118.0774,LOS ANGELES,UNINCORPORATED,NA,NA
9016239,2020,2020-09-25,1942,2020-01-20,2120,31652,1651,1,5,7,1942,0,0,0,P,0,16A23,BRANFORD ST,SHARP AV,268,E,N,A,-,Y,LA,7,5,-,-,36.644,R,4,N,Y,4,0,2,1,A,-,03,22350,NA,N,E,I,A,A,H,-,C,A,0,NA,NA,NA,NA,Y,Y,D,22,0,0,2,0,0,0,0,0,0,-,-,NA,NA,LOS ANGELES,LOS ANGELES,-118.4133071899414,34.23637390136719
9016240,2020,2020-06-09,1955,2020-05-12,1019,42150,7,2,5,6,1955,0,0,0,NA,0,003,HOLT AV,PALOMARES ST,0,NA,Y,A,-,N,NA,NA,NA,NA,NA,NA,NA,NA,NA,Y,3,0,3,2,A,-,09,21801,A,N,D,C,A,A,H,-,A,A,0,NA,NA,NA,NA,Y,NA,A,08,0,1,2,0,0,0,0,0,0,-,-,NA,NA,LOS ANGELES,POMONA,-117.74595642089844,34.0624885559082
90162411,2016,2016-04-21,9545,2016-04-17,2005,020244,NA,7,2,9,1900,0,3,5,NA,2,004,PEARBLOSSOM HWY,OLD NADEAU RD,900,E,N,A,-,N,NA,NA,NA,NA,NA,NA,NA,NA,NA,Y,4,0,1,2,A,-,03,22350,NA,N,C,C,A,A,H,-,D,D,0,NA,NA,NA,NA,Y,NA,A,01,0,0,1,0,0,0,0,0,0,-,-,34.52716,-118.09298,LOS ANGELES,UNINCORPORATED,-118.09424488,34.52572674
90162412,2016,2016-04-21,9550,2016-04-15,0410,021177,NA,5,3,9,1900,0,2,4,NA,1,063,BREA CANYON ROAD,STATE ROUTE 57 S/B,2500,S,N,A,-,N,NA,NA,NA,NA,NA,NA,NA,NA,NA,Y,3,0,1,1,A,-,08,22107,NA,N,E,I,A,A,H,-,D,D,0,NA,NA,NA,NA,Y,NA,A,01,0,1,0,0,0,0,0,0,0,-,-,33.95173,-117.86558,LOS ANGELES,UNINCORPORATED,-117.86564417,33.95165484
90162419,2016,2016-04-21,9530,2016-04-13,1523,014451,NA,3,2,9,1900,0,3,5,NA,2,002,COMPTON AVE.,IMPERIAL HWY.,0,NA,Y,A,-,Y,NA,NA,NA,NA,NA,NA,NA,NA,NA,N,4,0,1,2,A,-,21,22106,NA,N,C,C,A,A,H,-,A,A,0,NA,NA,NA,NA,Y,NA,A,07,0,0,1,0,0,0,0,0,0,-,-,33.92951,-118.24621,LOS ANGELES,UNINCORPORATED,-118.24628011,33.92949001
90162421,2016,2016-04-21,9530,2016-04-18,1550,018200,NA,1,2,7,1941,0,1,3,NA,2,320,SR-91 E/B (ARTESIA FREEWAY),SUSANA RD.,5,E,N,A,-,Y,NA,NA,NA,NA,NA,NA,NA,NA,NA,Y,3,0,2,2,A,-,01,23152,A,N,D,C,A,A,H,-,A,D,0,NA,NA,NA,NA,Y,Y,D,22,0,2,0,0,0,0,0,0,0,-,-,33.52249,-118.12257,LOS ANGELES,LONG BEACH,-118.20710412,33.87333647
90162441,2016,2016-04-21,9575,2016-04-19,0425,020172,NA,2,3,9,1900,0,2,4,NA,2,028,MARENGO AVE. (3400 BLOCK),MOUNT CURVE AVE.,120,N,N,A,-,N,NA,NA,NA,NA,NA,NA,NA,NA,NA,Y,4,0,1,2,A,-,08,22107,NA,N,B,E,A,A,H,-,D,D,0,NA,NA,NA,NA,Y,NA,A,01,0,0,1,0,0,0,0,0,0,-,-,34.20275,-118.1341,LOS ANGELES,UNINCORPORATED,-118.13427841,34.20247323
90162454,2016,2016-04-21,9525,2016-03-23,2148,020823,NA,3,2,9,1900,0,3,5,NA,2,002,BADILLO ST.,SUNFLOWER AVE,0,NA,Y,A,-,N,NA,NA,NA,NA,NA,NA,NA,NA,NA,Y,3,0,2,2,A,-,09,21801,A,N,A,C,A,A,H,-,C,A,0,NA,NA,NA,NA,Y,NA,A,01,0,1,1,0,0,0,0,0,0,-,-,34.09294,-117.84647,LOS ANGELES,UNINCORPORATED,-117.84641,34.09297005
90162456,2016,2016-04-21,9575,2016-04-20,1150,017354,NA,3,1,7,1942,0,1,3,NA,2,044,SR-134 W/B (VENTURA FREEWAY),LEDGE AVE. U/C,300,W,N,A,-,Y,NA,NA,134,NA,NA,NA,NA,NA,W,Y,4,0,1,1,A,-,08,22107,NA,N,E,I,A,A,H,-,A,D,0,NA,NA,NA,NA,Y,NA,A,01,0,0,1,0,0,0,0,0,0,-,-,34.15314,-118.35814,LOS ANGELES,LOS ANGELES,-118.35813915,34.15315835
90162463,2016,2016-04-21,9575,2016-04-20,0620,020030,NA,3,1,7,1942,0,1,1,NA,2,050,I-5 N/B (GOLDEN STATE FREEWAY),LOS ANGELES RIVER,50,N,N,A,-,Y,NA,NA,5,NA,NA,NA,NA,NA,N,Y,4,0,1,2,A,-,07,21658,A,N,B,C,A,A,H,-,A,D,0,NA,NA,NA,NA,Y,NA,A,01,0,0,1,0,0,0,0,0,0,-,-,34.15919,-118.29171,LOS ANGELES,LOS ANGELES,-118.29187036,34.15909573
90162473,2016,2016-04-21,9530,2016-04-14,0220,021235,NA,4,3,7,1942,0,1,1,NA,2,110,I-110 N/B TO I-105 E/B,117TH ST.,160,N,N,A,-,Y,NA,NA,110,NA,NA,NA,R,NA,N,Y,4,0,1,1,A,-,03,22350,NA,N,E,I,A,A,H,-,C,D,0,NA,NA,NA,NA,Y,NA,A,01,0,0,1,0,0,0,0,0,0,-,-,33.9281,-118.2802,LOS ANGELES,LOS ANGELES,-118.2802,33.9281
90162478,2016,2016-04-21,9575,2016-04-20,1745,020172,NA,3,2,6,1925,0,1,1,NA,2,050,I-5 S/B (GOLDEN STATE FREEWAY),WESTERN AVE,400,N,N,A,-,Y,NA,NA,5,NA,NA,NA,NA,NA,S,N,4,0,2,4,A,-,03,22350,NA,M,C,C,A,A,H,-,A,D,0,NA,NA,NA,NA,Y,NA,-,99,0,0,2,0,0,0,0,0,0,-,-,34.16541,-118.29798,LOS ANGELES,GLENDALE,-118.29792457,34.1654856
90162479,2016,2016-04-21,9525,2016-04-16,1550,017637,NA,6,2,5,1990,0,1,3,NA,2,602,SR-60 E/B (POMONA FREEWAY),GRAND AVE,1500,W,N,A,-,Y,NA,NA,60,NA,NA,NA,NA,NA,E,Y,4,0,1,2,A,-,03,22350,NA,N,C,C,A,A,H,-,A,D,0,NA,NA,NA,NA,Y,NA,A,01,0,0,1,0,0,0,0,0,0,-,-,34.00631,-117.82702,LOS ANGELES,DIAMOND BAR,-117.82710592,34.00641474
90162480,2016,2016-04-21,9590,2016-03-22,0015,021222,NA,2,3,7,1942,0,1,1,NA,2,052,I-110 N/B (HAF) TO 4TH STREET,4TH STREET OVERCROSS,83,N,N,A,-,Y,NA,NA,NA,NA,NA,NA,NA,NA,NA,Y,4,0,2,2,A,-,01,23152,A,N,A,C,A,A,H,-,C,D,0,NA,NA,NA,NA,Y,Y,A,01,0,0,2,0,0,0,0,0,0,-,-,34.10883,-118.31097,LOS ANGELES,LOS ANGELES,-118.28116651,33.78657556
90162485,2016,2016-04-21,9550,2016-04-11,1950,021100,NA,1,2,6,1920,0,1,1,NA,2,500,INTERSTATE 5 S/B FROM PARAMOUNT BLVD.,PARAMOUNT BOULEVARD,520,S,N,A,-,Y,NA,NA,5,NA,NA,NA,R,NA,S,Y,4,0,1,1,A,-,01,23152,A,N,E,I,A,A,H,-,C,D,0,NA,NA,NA,NA,Y,Y,D,22,0,0,1,0,0,0,0,0,0,-,-,33.96365,-118.11997,LOS ANGELES,DOWNEY,-118.11997,33.96365
90162491,2016,2016-04-21,9530,2016-04-13,1350,014451,NA,3,1,9,1900,0,3,5,NA,2,002,EL SEGUNDO BLVD (400 BLOCK),TOWNE AVE.,80,E,N,A,-,N,NA,NA,NA,NA,NA,NA,NA,NA,NA,N,4,0,1,1,A,-,08,22107,NA,N,E,I,A,A,H,-,A,A,0,NA,NA,NA,NA,Y,NA,A,01,0,0,1,0,0,0,0,0,0,-,-,33.9164,-118.26621,LOS ANGELES,UNINCORPORATED,-118.26717684,33.91642
90162502,2016,2016-04-21,9530,2016-04-09,0818,020096,NA,6,1,5,1977,0,1,1,NA,2,410,I-405 NORTHBOUND,213TH STREET,260,N,N,C,-,Y,NA,NA,NA,NA,NA,NA,NA,NA,NA,Y,4,0,1,2,A,-,03,22350,NA,F,C,C,A,B,H,-,A,D,0,NA,NA,NA,NA,Y,NA,A,01,0,0,1,0,0,0,0,0,0,-,-,33.50909,-118.1536,LOS ANGELES,CARSON,-118.25990997,33.83591263
90162503,2016,2016-04-21,9525,2016-04-18,0804,017506,NA,1,1,4,1905,0,1,1,NA,2,204,I-210 E/B (FOOTHILL FREEWAY),VERNON AVE,100,E,N,A,-,Y,NA,NA,210,NA,NA,NA,NA,NA,E,Y,4,0,1,3,A,-,03,22350,NA,N,C,C,A,A,H,-,A,D,0,NA,NA,NA,NA,Y,NA,D,22,0,0,1,0,0,0,0,0,0,-,-,34.12568,-117.91572,LOS ANGELES,AZUSA,-117.9156769,34.12572374
90162522,2016,2016-04-21,9575,2016-04-20,0813,020708,NA,3,1,7,1942,0,1,1,NA,2,052,I-5 S/B (GOLDEN STATE FREEWAY),PENROSE STREET,300,S,N,A,-,Y,NA,NA,5,NA,NA,NA,NA,NA,S,Y,3,0,1,2,A,-,07,21658,A,N,F,A,A,A,H,-,A,D,0,NA,NA,Y,NA,Y,NA,-,99,0,1,0,0,0,0,0,0,1,-,-,34.225,-118.3736,LOS ANGELES,LOS ANGELES,-118.373731,34.22483744
90162529,2016,2016-04-21,9525,2016-04-08,2040,020719,NA,5,2,5,1990,0,1,3,NA,2,602,SR-60 E/B (POMONA FREEWAY),GRAND AVE,1320,W,N,A,-,Y,NA,NA,NA,NA,NA,NA,NA,NA,NA,Y,4,0,1,3,A,-,07,21658,A,N,B,C,A,A,H,-,D,D,0,NA,NA,NA,Y,Y,NA,G,25,0,0,1,0,0,0,0,0,0,-,-,33.99822,-117.83818,LOS ANGELES,DIAMOND BAR,-118.28002,33.98509
9016255,2020,2020-02-25,1900,2020-01-22,1234,480772,1264,3,5,3,1991,0,0,0,NA,0,121T1,BERKSHIRE PL,RT 210,0,NA,Y,A,-,N,NA,NA,NA,NA,NA,NA,NA,NA,NA,Y,4,0,1,2,A,-,09,21804,A,N,D,C,A,A,A,-,A,A,0,NA,NA,NA,NA,Y,NA,D,22,0,0,1,0,0,0,0,0,0,-,-,34.189910888671875,-118.18087768554688,LOS ANGELES,LA CANADA-FLINTRIDGE,-118.18103790283205,34.18999099731445
90162550,2016,2016-04-21,9530,2016-04-14,1215,017695,NA,4,1,9,1900,0,3,5,NA,2,002,AVALON BLVD,ALONDRA BLVD.,0,NA,Y,A,-,N,NA,NA,NA,NA,NA,NA,NA,NA,NA,Y,3,0,3,3,A,-,12,21453,A,N,D,C,A,A,H,-,A,A,0,NA,NA,NA,Y,Y,NA,F,25,0,2,1,0,0,0,0,0,0,-,-,33.53976,-118.15556,LOS ANGELES,UNINCORPORATED,-118.26544003,33.88610002
90162564,2016,2016-04-21,9535,2016-02-23,2305,021078,NA,2,3,9,1900,0,1,3,NA,2,620,SR-60 E/B TO SANTA ANITA AVE.,SANTA ANITA AVE.,290,W,N,A,-,Y,NA,NA,NA,NA,NA,NA,NA,NA,NA,Y,3,0,1,1,A,-,01,23152,A,N,E,I,A,A,H,-,D,D,0,NA,NA,NA,NA,Y,Y,A,01,0,1,0,0,0,0,0,0,0,-,-,37.01948,-118.16096,LOS ANGELES,UNINCORPORATED,-118.05296553,34.03984021
90162565,2016,2016-04-21,9530,2016-04-09,1535,020624,NA,6,2,7,1942,0,1,1,NA,2,110,I-110 N/B (HARBOR FREEWAY),190TH ST.,400,N,N,B,-,Y,NA,NA,110,NA,NA,NA,NA,NA,N,Y,4,0,2,3,A,-,03,22350,NA,N,C,C,A,A,H,-,A,D,0,NA,NA,NA,NA,Y,NA,D,22,0,0,2,0,0,0,0,0,0,-,-,33.863,-118.28489,LOS ANGELES,LOS ANGELES,-118.28494317,33.86300334
90162566,2016,2016-04-21,9565,2016-04-19,1645,021118,NA,2,2,9,1900,0,3,5,NA,2,003,ANGELES VISTA BLVD,VALLEY RIDGE AVE,40,W,N,A,-,N,NA,NA,NA,NA,NA,NA,NA,NA,NA,N,4,0,1,2,A,-,03,22350,NA,M,C,C,A,A,H,-,A,D,0,NA,NA,NA,NA,Y,NA,A,01,0,0,1,0,0,0,0,0,0,-,-,33.99418,-118.34485,LOS ANGELES,UNINCORPORATED,-118.34484293,33.99419354
90162576,2016,2016-04-21,9530,2016-04-07,1310,020923,NA,4,1,9,1900,0,3,5,NA,2,001,HOOPER AVE.,59TH ST.,0,NA,Y,B,C,N,NA,NA,NA,NA,NA,NA,NA,NA,NA,Y,4,0,1,2,A,-,09,21802,A,N,D,C,A,B,H,-,A,A,0,NA,NA,NA,NA,Y,NA,A,01,0,0,1,0,0,0,0,0,0,-,-,33.9861,-118.2521,LOS ANGELES,UNINCORPORATED,-118.25213007,33.98706007
90162586,2016,2016-04-21,9530,2016-04-13,1959,020375,NA,3,2,9,1900,0,1,3,NA,2,310,SR-91 W/B (ARTESIA FREEWAY),SANTA FE AVE.,140,W,N,A,-,Y,NA,NA,91,NA,NA,NA,NA,NA,W,Y,4,0,1,3,A,-,01,23152,A,N,C,C,A,A,H,-,C,D,0,NA,NA,NA,NA,Y,Y,A,01,0,0,1,0,0,0,0,0,0,-,-,33.87352,-118.215,LOS ANGELES,UNINCORPORATED,-118.21500135,33.87358849
90162598,2016,2016-04-21,9525,2016-04-10,1640,021097,NA,7,2,9,1900,0,2,4,NA,2,045,VALLEY BLVD(14900 BLOCK),TURNBULL CANYON RD.,0,NA,Y,A,B,N,NA,NA,NA,NA,NA,NA,NA,NA,NA,Y,4,0,2,2,A,-,09,21453,NA,N,D,C,A,A,H,-,A,A,0,NA,NA,NA,NA,Y,NA,A,07,0,0,2,0,0,0,0,0,0,-,-,34.02747,-117.96448,LOS ANGELES,UNINCORPORATED,-117.96445008,34.02744011
90162616,2016,2016-05-12,9550,2016-04-14,0835,020966,NA,4,1,9,1900,0,1,3,NA,2,090,SR-91 W/B,PARAMOUNT BOULEVARD,1250,E,N,A,-,Y,NA,NA,NA,NA,NA,NA,NA,NA,NA,Y,4,0,1,3,A,-,03,22350,NA,N,C,C,A,A,H,-,A,D,0,NA,NA,NA,NA,Y,NA,A,01,0,0,1,0,0,0,0,0,0,-,-,33.87707,-118.15126,LOS ANGELES,UNINCORPORATED,-118.15599447,33.87701055
90162619,2016,2016-04-21,9550,2016-04-15,1055,020966,NA,5,1,9,1900,0,2,4,NA,1,021,MEYER ROAD,HASTINGS DRIVE,0,NA,Y,A,-,N,NA,NA,NA,NA,NA,NA,NA,NA,NA,Y,3,0,1,2,A,-,09,21802,A,N,D,C,A,A,H,-,A,A,0,NA,NA,NA,NA,Y,NA,D,22,0,1,0,0,0,0,0,0,0,-,-,33.922,-118.04081,LOS ANGELES,UNINCORPORATED,-118.04082006,33.92200001
9016265,2020,2020-02-26,1900,2020-01-06,1115,507732,2222,1,5,3,1994,0,0,0,NA,0,222T2,KANAN RD,ROADSIDE DR,236,S,N,A,-,N,NA,NA,NA,NA,NA,NA,NA,NA,NA,N,4,0,1,2,A,-,05,21651,B,N,D,C,A,A,H,-,A,D,0,NA,NA,NA,NA,Y,NA,A,07,0,0,1,0,0,0,0,0,0,NO,-,34.14440155029297,-118.76136779785156,LOS ANGELES,AGOURA HILLS,-118.76161956787108,34.14448165893555
90162664,2016,2016-04-21,9535,2016-02-26,0925,013259,NA,5,1,9,1900,0,1,3,NA,2,601,SR-60 WESTBOUND (POMONA FREEWAY),ROWAN AVENUE,4,W,N,A,-,Y,NA,NA,60,NA,NA,NA,NA,NA,W,N,4,0,4,4,A,-,03,22350,NA,M,C,C,A,A,H,-,A,D,0,NA,NA,NA,NA,Y,NA,A,01,0,0,4,0,0,0,0,0,0,-,-,34.0316,-118.1873,LOS ANGELES,UNINCORPORATED,-118.18730555,34.03183843
90162665,2016,2016-04-21,9580,2016-04-03,1440,021079,NA,7,2,7,1942,0,1,2,NA,2,100,US-101 N/B (VENTURA FREEWAY),WOODMAN AVE,600,S,N,A,-,Y,NA,NA,101,NA,NA,NA,NA,NA,N,Y,4,0,1,3,A,-,03,22350,NA,N,C,C,A,A,H,-,A,D,0,NA,NA,NA,NA,Y,NA,A,01,0,0,1,0,0,0,0,0,0,-,-,34.15678,-118.41047,LOS ANGELES,LOS ANGELES,-118.41046984,34.15681824
9016267,2020,2020-02-25,1900,2020-01-22,1150,480772,1262,3,5,3,1991,0,0,0,NA,0,121T1,FOOTHILL BL,BEL AIR DR,0,NA,Y,A,-,N,NA,NA,NA,NA,NA,NA,NA,NA,NA,Y,4,0,2,2,A,-,09,21801,A,N,D,C,A,A,H,-,A,A,0,NA,NA,NA,NA,Y,NA,A,01,0,0,2,0,0,0,0,0,0,-,-,34.204200744628906,-118.19950103759766,LOS ANGELES,LA CANADA-FLINTRIDGE,-118.19954,34.20408
90162694,2016,2016-04-21,9580,2016-04-18,2050,020811,NA,1,2,7,1942,0,1,3,NA,2,116,SR-118 E/B (RONALD REAGAN FWY.),TAMPA AVE,50,W,N,A,-,Y,NA,NA,118,NA,NA,NA,NA,NA,E,Y,4,0,1,2,A,-,01,23152,A,N,C,C,A,A,H,-,D,D,0,NA,NA,NA,NA,Y,Y,A,01,0,0,1,0,0,0,0,0,0,-,-,34.27228,-118.55652,LOS ANGELES,LOS ANGELES,-118.55651791,34.27230019
90162698,2016,2016-04-21,9530,2016-04-17,1800,020546,NA,7,2,9,1900,0,3,5,NA,2,001,FLORENCE AVE. (2500 BLOCK),PACIFIC BLVD.,50,W,N,A,-,N,NA,NA,NA,NA,NA,NA,NA,NA,NA,N,4,0,2,2,A,-,03,22350,NA,N,C,C,A,A,H,-,A,A,0,NA,NA,NA,NA,Y,NA,A,01,0,0,2,0,0,0,0,0,0,-,-,33.5827,-118.13319,LOS ANGELES,UNINCORPORATED,-118.2253935,33.97423568
90162703,2016,2016-04-21,9535,2016-04-10,1705,020851,NA,7,2,5,1948,0,1,3,NA,2,620,SR-60 (POMONA FREEWAY) E/B,PARAMOUNT BLVD,500,W,N,B,-,Y,NA,NA,60,NA,NA,NA,NA,NA,E,Y,4,0,1,3,A,-,04,21703,NA,N,C,C,A,A,H,-,A,D,0,NA,NA,NA,NA,Y,NA,A,01,0,0,1,0,0,0,0,0,0,-,-,34.03564,-118.0991,LOS ANGELES,MONTEREY PARK,-118.0990985,34.03568489
90162710,2016,2016-09-19,9530,2016-03-22,2140,020935,NA,2,2,5,1977,0,1,1,NA,2,410,I-405 N/B (SAN DIEGO FREEWAY),CARSON ST.,1200,S,N,A,-,Y,NA,NA,405,NA,NA,NA,NA,NA,N,Y,4,0,2,2,A,-,03,22350,NA,F,C,C,A,A,H,-,C,D,0,NA,NA,NA,NA,Y,NA,A,07,0,0,2,0,0,0,0,0,0,-,-,33.8276,-118.2511,LOS ANGELES,CARSON,-118.25131215,33.82730064
90162721,2016,2016-04-21,9580,2016-04-04,0810,015841,NA,1,1,9,1900,0,1,2,NA,2,106,U.S. 101 N/B (VENTURA FWY),LAS VIRGENES RD.,1320,S,N,A,-,Y,NA,NA,NA,NA,NA,NA,NA,NA,NA,N,4,0,1,2,A,-,04,21703,NA,N,C,C,A,A,H,-,A,D,0,NA,NA,NA,NA,Y,NA,A,01,0,0,1,0,0,0,0,0,0,-,-,34.15116,-118.69342,LOS ANGELES,UNINCORPORATED,-118.70070309,34.14578234
90162723,2016,2016-04-21,9580,2016-04-08,1632,018803,NA,5,2,7,1942,0,1,2,NA,2,102,US-101 N/B (VENTURA FREEWAY),BALBOA BLVD,1320,N,N,B,C,Y,NA,NA,101,NA,NA,NA,NA,NA,N,N,4,0,1,3,A,-,03,22350,NA,N,C,C,A,B,H,-,A,D,0,NA,NA,NA,NA,Y,NA,A,01,0,0,1,0,0,0,0,0,0,-,-,34.17203,-118.51838,LOS ANGELES,LOS ANGELES,-118.51838,34.17128385
90162726,2016,2016-04-21,9535,2016-04-20,0645,017789,NA,3,1,9,1900,0,1,3,NA,2,066,SR-164 N/B (ROSEMEAD BLVD),SAN GABRIEL BLVD,600,S,N,A,-,Y,NA,NA,164,NA,NA,NA,NA,NA,N,Y,4,0,1,2,A,-,04,21703,NA,N,C,C,A,A,H,-,A,A,0,NA,NA,NA,NA,Y,NA,A,07,0,0,1,0,0,0,0,0,0,-,-,34.02707,-118.06881,LOS ANGELES,UNINCORPORATED,-118.06879633,34.02706138
90162780,2016,2016-04-21,9580,2016-04-14,0110,016695,NA,4,3,9,1900,0,2,4,NA,1,131,MULHOLLAND HWY,ENCINAL CANYON RD,1035,W,N,A,-,Y,NA,NA,NA,NA,NA,NA,NA,NA,NA,Y,2,0,1,1,A,-,08,22107,NA,N,F,A,A,A,H,-,D,D,0,NA,NA,NA,NA,Y,NA,A,01,1,0,0,0,0,0,0,0,0,-,-,34.09364,-118.83171,LOS ANGELES,UNINCORPORATED,-118.83139943,34.09315736
90162792,2016,2016-05-13,9530,2016-04-03,1720,017860,NA,7,2,7,1942,0,1,1,NA,2,110,I-110 S/B (HARBOR FREEWAY),190TH ST.,500,N,N,A,-,Y,NA,NA,110,NA,NA,NA,NA,NA,S,Y,4,0,5,3,A,-,07,21658,A,N,B,C,A,A,H,-,A,D,0,NA,NA,NA,NA,Y,NA,A,07,0,0,5,0,0,0,0,0,0,-,-,33.86186,-118.28525,LOS ANGELES,LOS ANGELES,-118.28525058,33.86185994