CASE_ID,ACCIDENT_YEAR,PROC_DATE,JURIS,COLLISION_DATE,COLLISION_TIME,OFFICER_ID,REPORTING_DISTRICT,DAY_OF_WEEK,CHP_SHIFT,POPULATION,CNTY_CITY_LOC,SPECIAL_COND,BEAT_TYPE,CHP_BEAT_TYPE,CITY_DIVISION_LAPD,CHP_BEAT_CLASS,BEAT_NUMBER,PRIMARY_RD,SECONDARY_RD,DISTANCE,DIRECTION,INTERSECTION,WEATHER_1,WEATHER_2,STATE_HWY_IND,CALTRANS_COUNTY,CALTRANS_DISTRICT,STATE_ROUTE,ROUTE_SUFFIX,POSTMILE_PREFIX,POSTMILE,LOCATION_TYPE,RAMP_INTERSECTION,SIDE_OF_HWY,TOW_AWAY,COLLISION_SEVERITY,NUMBER_KILLED,NUMBER_INJURED,PARTY_COUNT,PRIMARY_COLL_FACTOR,PCF_CODE_OF_VIOL,PCF_VIOL_CATEGORY,PCF_VIOLATION,PCF_VIOL_SUBSECTION,HIT_AND_RUN,TYPE_OF_COLLISION,MVIW,PED_ACTION,ROAD_SURFACE,ROAD_COND_1,ROAD_COND_2,LIGHTING,CONTROL_DEVICE,CHP_ROAD_TYPE,PEDESTRIAN_ACCIDENT,BICYCLE_ACCIDENT,MOTORCYCLE_ACCIDENT,TRUCK_ACCIDENT,NOT_PRIVATE_PROPERTY,ALCOHOL_INVOLVED,STWD_VEHTYPE_AT_FAULT,CHP_VEHTYPE_AT_FAULT,COUNT_SEVERE_INJ,COUNT_VISIBLE_INJ,COUNT_COMPLAINT_PAIN,COUNT_PED_KILLED,COUNT_PED_INJURED,COUNT_BICYCLIST_KILLED,COUNT_BICYCLIST_INJURED,COUNT_MC_KILLED,COUNT_MC_INJURED,PRIMARY_RAMP,SECONDARY_RAMP,LATITUDE,LONGITUDE,COUNTY,CITY,POINT_X,POINT_Y
90164286,2016,2016-04-25,9535,2016-04-11,0115,021149,NA,1,3,4,1907,0,1,1,NA,2,073,I-710 (LONG BEACH FREEWAY) S/B,CLARA ST.,100,S,N,B,-,Y,NA,NA,710,NA,NA,NA,NA,NA,S,N,4,0,3,2,A,-,07,21658,A,N,B,C,A,A,H,-,C,D,0,NA,NA,NA,NA,Y,NA,-,-,0,0,3,0,0,0,0,0,0,-,-,33.96328,-118.16964,LOS ANGELES,BELL,-118.16965405,33.96328467
90164287,2016,2016-04-25,9575,2016-04-11,0739,018353,NA,1,1,6,1925,0,1,3,NA,2,042,SR-134 W/B (VENTURA FREEWAY),PACIFIC AVE,1584,W,N,A,-,Y,NA,NA,134,NA,NA,NA,NA,NA,W,N,4,0,1,3,A,-,03,22350,NA,N,C,C,A,A,H,-,A,D,0,NA,NA,NA,NA,Y,NA,A,01,0,0,1,0,0,0,0,0,0,-,-,34.15542,-118.26922,LOS ANGELES,GLENDALE,-118.26920576,34.15536546
90164303,2016,2016-04-25,9590,2016-02-18,2338,021069,NA,4,3,7,1942,0,1,2,NA,2,072,US-101 N/B FROM WESTERN AVENUE,WESTERN AVENUE,200,N,N,A,-,Y,NA,NA,101,NA,NA,NA,R,NA,N,N,4,0,1,2,A,-,03,22350,NA,N,C,C,A,A,H,-,D,A,0,NA,NA,NA,NA,Y,NA,A,01,0,0,1,0,0,0,0,0,0,-,-,34.0946,-118.3101,LOS ANGELES,LOS ANGELES,-118.3101,34.0946
90164305,2016,2016-04-25,9575,2016-04-12,0925,017354,NA,2,1,7,1942,0,1,3,NA,2,043,SR-134 E/B (VENTURA FREEWAY),FOREST LAWN DR. U/C,1082,E,N,A,-,Y,NA,NA,134,NA,NA,NA,NA,NA,E,Y,3,0,4,4,A,-,03,22350,NA,N,C,C,A,A,H,-,A,D,0,NA,NA,NA,NA,Y,NA,A,07,0,3,1,0,0,0,0,0,0,-,-,34.15549,-118.3078,LOS ANGELES,LOS ANGELES,-118.30782351,34.15558832
90164306,2016,2016-04-25,9590,2016-02-18,1406,021190,NA,4,2,7,1942,0,1,1,NA,2,012,SR-110 N/B (ASP),AVENUE 52,300,N,N,A,-,Y,NA,NA,110,NA,NA,NA,NA,NA,N,Y,3,0,3,2,A,-,03,22350,NA,N,C,C,A,A,H,-,A,D,0,NA,NA,NA,NA,Y,NA,A,01,0,1,2,0,0,0,0,0,0,-,-,34.10282,-118.19464,LOS ANGELES,LOS ANGELES,-118.19464073,34.10280453
90164310,2016,2016-04-25,9525,2016-03-19,1048,018992,NA,6,1,5,1906,0,1,1,NA,2,651,I-605 S/B (SAN GABRIEL RIVER FREEWAY),I-10 W/B (SAN BERNARDINO FREEWAY),400,N,N,A,-,Y,NA,NA,605,NA,NA,NA,NA,NA,S,Y,3,0,1,3,A,-,07,21658,A,N,B,C,A,A,H,-,A,D,0,NA,NA,NA,NA,Y,NA,A,01,0,1,0,0,0,0,0,0,0,-,-,34.06697,-118.00045,LOS ANGELES,BALDWIN PARK,-118.00059588,34.06694441
90164323,2016,2016-04-25,9525,2016-04-02,1338,018992,NA,6,1,3,1921,0,1,1,NA,2,201,I-210 W/B (FOOTHILL FREEWAY),BUENA VISTA ST.,900,E,N,A,-,Y,NA,NA,210,NA,NA,NA,NA,NA,W,N,4,0,1,2,A,-,03,22350,NA,N,C,C,A,A,H,-,A,D,0,NA,NA,NA,NA,Y,NA,A,08,0,0,1,0,0,0,0,0,0,-,-,34.13551,-117.97144,LOS ANGELES,DUARTE,-117.97144565,34.13564105
90164325,2016,2016-04-25,9550,2016-04-12,1620,020399,NA,2,2,7,1941,0,1,3,NA,2,090,STATE ROUTE 91 W/B TO DOWNEY AVENUE,DOWNEY AVENUE,8,E,N,A,-,Y,NA,NA,91,NA,NA,NA,R,NA,W,N,3,0,1,2,A,-,09,21804,A,N,H,G,A,A,H,-,A,A,0,NA,Y,NA,NA,Y,NA,L,04,0,1,0,0,0,0,1,0,0,-,-,33.87753,-118.15118,LOS ANGELES,LONG BEACH,-118.15118,33.87753
90164326,2016,2016-04-25,9535,2016-04-12,0945,017302,NA,2,1,5,1943,0,1,1,NA,2,075,I-710 (LONG BEACH FREEWAY) S/B,MARTIN LUTHER KING JR BLVD,125,S,N,A,-,Y,NA,NA,NA,NA,NA,NA,NA,NA,NA,Y,4,0,1,3,A,-,07,21658,A,M,B,C,A,A,H,-,A,D,0,NA,NA,NA,Y,Y,NA,A,01,0,0,1,0,0,0,0,0,0,-,-,34.9131,-118.18,LOS ANGELES,LYNWOOD,NA,NA
90164337,2016,2016-04-25,9590,2016-03-12,1055,020929,NA,6,1,7,1942,0,1,1,NA,2,084,I-5 N/B (GOLDEN STATE FREEWAY),GLENDALE BOULEVARD,900,N,N,A,-,Y,NA,NA,5,NA,NA,NA,NA,NA,N,Y,4,0,1,3,A,-,03,22350,NA,N,C,C,A,A,H,-,A,D,0,NA,NA,NA,NA,Y,NA,A,01,0,0,1,0,0,0,0,0,0,-,-,34.11532,-118.26815,LOS ANGELES,LOS ANGELES,-118.26827011,34.1152555
90164350,2016,2016-04-25,9530,2016-04-24,1553,017860,NA,7,2,5,1943,0,1,1,NA,2,210,I-105 W/B (GLENN ANDERSON FWY),MONA BLVD.,150,E,N,A,-,Y,NA,NA,105,NA,NA,NA,NA,NA,W,Y,4,0,1,2,A,-,07,21658,A,N,B,C,A,A,H,-,A,D,0,NA,NA,Y,NA,Y,NA,A,01,0,0,1,0,0,0,0,0,1,-,-,33.92864,-118.22984,LOS ANGELES,LYNWOOD,-118.22984949,33.9286806
90164353,2016,2016-04-25,9550,2016-04-18,0745,021150,NA,1,1,9,1900,0,1,1,NA,2,650,INTERSTATE 605 N/B,ROSE HILLS ROAD,1500,S,N,A,-,Y,NA,NA,605,NA,NA,NA,NA,NA,N,Y,4,0,1,2,A,-,07,21658,A,N,B,C,A,A,H,-,A,D,0,NA,NA,NA,Y,Y,NA,G,25,0,0,1,0,0,0,0,0,0,-,-,34.01427,-118.0559,LOS ANGELES,UNINCORPORATED,-118.0559352,34.01428709
90164362,2016,2016-04-25,9525,2016-04-03,1112,018992,NA,7,1,9,1900,0,3,5,NA,2,005,GLENDORA MOUNTAIN RD.,GLENDORA RIDGE RD.,0,NA,Y,A,-,Y,NA,NA,NA,NA,NA,NA,NA,NA,NA,N,3,0,1,2,A,-,09,21801,A,N,D,G,A,A,H,-,A,D,0,NA,Y,NA,NA,Y,NA,A,01,0,1,0,0,0,0,1,0,0,-,-,34.20398,-117.80882,LOS ANGELES,UNINCORPORATED,-117.8087901,34.20403003
9016440,2020,2020-05-28,1900,2020-02-04,1000,472479,2924,2,5,5,1990,0,0,0,NA,0,292K1,GOLDEN SPRINGS DR,GATEWAY CENTER DR,0,NA,Y,A,-,N,NA,NA,NA,NA,NA,NA,NA,NA,NA,Y,4,0,2,2,A,-,12,21453,A,N,D,C,A,A,H,-,A,A,0,NA,NA,NA,NA,Y,NA,A,01,0,0,2,0,0,0,0,0,0,-,-,34,-117.83200073242188,LOS ANGELES,DIAMOND BAR,-117.83251953125,34.00191879272461
90164427,2016,2016-04-25,9550,2016-04-15,1920,020983,NA,5,2,9,1900,0,1,3,NA,1,014,WHITTIER BLVD.,BROADWAY AVE.,0,NA,Y,A,-,N,NA,NA,NA,NA,NA,NA,NA,NA,NA,N,4,0,1,2,A,-,05,21650,NA,N,H,G,A,A,H,-,B,D,0,NA,Y,NA,NA,Y,NA,L,04,0,0,1,0,0,0,1,0,0,-,-,33.9852,-118.0573,LOS ANGELES,UNINCORPORATED,-118.05720002,33.98528
90164434,2016,2016-04-25,9530,2016-04-22,0240,020567,NA,5,3,9,1900,0,1,1,NA,2,210,I-105 E/B (GLENN ANDERSON FWY),WILLOWBROOK AVE.,490,E,N,A,-,Y,NA,NA,105,NA,NA,NA,NA,NA,E,Y,2,0,2,3,A,-,01,23152,A,N,C,C,A,A,H,-,C,D,0,NA,NA,NA,NA,Y,Y,A,07,1,1,0,0,0,0,0,0,0,-,-,33.9279,-118.2367,LOS ANGELES,UNINCORPORATED,-118.23669321,33.92801251
9016444,2020,2020-07-16,1900,2020-02-07,0731,472479,2925,5,5,5,1990,0,0,0,NA,0,292K1,DIAMOND BAR BL,MORNING CANYON RD,0,NA,Y,A,-,N,NA,NA,NA,NA,NA,NA,NA,NA,NA,Y,4,0,3,2,A,-,09,21804,A,N,D,C,A,A,H,-,A,A,0,NA,NA,NA,NA,Y,NA,A,01,0,0,3,0,0,0,0,0,0,-,-,NA,NA,LOS ANGELES,DIAMOND BAR,-117.82958221435548,33.9829216003418
90164449,2016,2016-04-25,9530,2016-04-20,0750,015760,NA,3,1,9,1900,0,3,5,NA,2,004,DEL AMO BOULEVARD (2800 BLOCK),SANTA FE AVE.,950,E,N,A,-,N,NA,NA,NA,NA,NA,NA,NA,NA,NA,N,4,0,1,3,A,-,03,22350,NA,N,C,C,A,A,H,-,A,D,0,NA,NA,NA,NA,Y,NA,A,07,0,0,1,0,0,0,0,0,0,-,-,33.84731,-118.2121,LOS ANGELES,UNINCORPORATED,-118.20859778,33.8465704
9016446,2020,2020-05-27,1900,2020-02-02,0004,542188,2923,7,5,5,1990,0,0,0,NA,0,29K5,CHINO HILLS PKWY,CHINO AV,74,W,N,A,-,N,NA,NA,NA,NA,NA,NA,NA,NA,NA,Y,4,0,1,2,A,-,08,22100,A,N,A,C,A,A,H,-,C,A,0,NA,NA,NA,NA,Y,NA,A,01,0,0,1,0,0,0,0,0,0,-,-,NA,NA,LOS ANGELES,DIAMOND BAR,-117.76876831054688,34.01344299316406
9016448,2020,2020-05-28,1900,2020-02-07,0831,472479,2925,5,5,5,1990,0,0,0,NA,0,292K1,RIDGELINE RD,FLINTROCK RD,800,E,N,A,-,N,NA,NA,NA,NA,NA,NA,NA,NA,NA,Y,3,0,1,1,A,-,08,22107,NA,N,E,I,A,A,H,-,A,D,0,NA,NA,NA,NA,Y,NA,A,01,0,1,0,0,0,0,0,0,0,-,-,NA,NA,LOS ANGELES,DIAMOND BAR,-117.80908966064452,33.990234375
9016452,2020,2020-05-28,1900,2020-02-07,1703,520671,2925,5,5,5,1990,0,0,0,NA,0,292T1,DIAMOND BAR BL,SILVER HAWK DR,303,N,N,A,-,N,NA,NA,NA,NA,NA,NA,NA,NA,NA,Y,3,0,1,2,A,-,03,22350,NA,N,C,C,A,A,H,-,A,A,0,NA,NA,NA,NA,Y,NA,A,01,0,1,0,0,0,0,0,0,0,-,-,33.98558044433594,-117.82631683349608,LOS ANGELES,DIAMOND BAR,-117.82634735107422,33.98564529418945
90164534,2016,2016-04-25,9525,2016-04-11,1430,020552,NA,1,2,9,1900,0,3,5,NA,2,002,BASELINE RD (18500 BLOCK),CITRUS AVE,350,E,N,A,-,N,NA,NA,NA,NA,NA,NA,NA,NA,NA,Y,4,0,1,3,A,-,03,22350,NA,N,C,C,A,A,H,-,A,A,0,NA,NA,NA,NA,Y,NA,A,01,0,0,1,0,0,0,0,0,0,-,-,34.12143,-117.8892,LOS ANGELES,UNINCORPORATED,-117.89016,34.12143
90164539,2016,2016-04-25,9530,2016-04-17,1800,020938,NA,7,2,7,1941,0,1,1,NA,2,071,I-710 N/B (LONG BEACH FREEWAY),SR-91,213,N,N,A,-,Y,NA,NA,710,NA,NA,NA,NA,NA,N,Y,3,0,1,1,A,-,08,22107,NA,N,F,A,A,A,H,-,A,D,0,NA,NA,Y,NA,Y,NA,C,02,0,1,0,0,0,0,0,0,1,-,-,33.8731,-118.1931,LOS ANGELES,LONG BEACH,-118.19360118,33.87321771
90164556,2016,2016-04-25,9550,2016-04-16,1445,021141,NA,6,2,9,1900,0,1,1,NA,2,650,INTERSTATE 605 N/B,ROSE HILLS ROAD,1400,N,N,A,-,Y,NA,NA,NA,NA,NA,NA,NA,NA,NA,Y,4,0,1,2,A,-,03,22350,NA,N,C,C,A,A,H,-,A,D,0,NA,NA,NA,NA,Y,NA,A,07,0,0,1,0,0,0,0,0,0,-,-,34.02014,-118.04899,LOS ANGELES,UNINCORPORATED,-118.04902712,34.02016515
9016456,2020,2020-06-08,1900,2020-02-11,0730,472479,2824,2,5,5,1990,0,0,0,NA,0,292K1,MOUNTAIN LAUREL WY,MAPLE HILL RD,248,E,N,A,-,N,NA,NA,NA,NA,NA,NA,NA,NA,NA,N,3,0,1,2,A,-,11,21954,A,N,G,B,D,A,H,-,A,D,0,Y,NA,NA,NA,Y,NA,N,60,0,1,0,0,1,0,0,0,0,-,-,NA,NA,LOS ANGELES,DIAMOND BAR,-117.82172393798828,33.9932861328125
90164587,2016,2016-04-25,9530,2016-04-23,1540,017860,NA,6,2,5,1977,0,1,1,NA,2,410,I-405 S/B (SAN DIEGO FREEWAY),I-110,75,S,N,A,-,Y,NA,NA,405,NA,NA,NA,NA,NA,S,N,3,0,1,3,A,-,07,21658,A,F,C,C,A,A,H,-,A,D,0,NA,NA,NA,NA,Y,NA,A,01,0,1,0,0,0,0,0,0,0,-,-,33.85606,-118.28368,LOS ANGELES,CARSON,-118.28368747,33.85605037
9016460,2020,2020-05-28,1900,2020-02-09,2006,520671,2928,7,5,5,1990,0,0,0,NA,0,292T1,GOLDEN SPRINGS DR,LEMON AV,13,W,N,A,-,N,NA,NA,NA,NA,NA,NA,NA,NA,NA,Y,4,0,1,2,A,-,09,21800,A,N,D,C,A,A,H,-,C,A,0,NA,NA,NA,NA,Y,NA,A,07,0,0,1,0,0,0,0,0,0,-,-,33.99699020385742,-117.85424041748048,LOS ANGELES,DIAMOND BAR,-117.8543701171875,33.99702453613281
90164603,2016,2016-04-25,9545,2016-04-20,0057,020521,NA,3,3,9,1900,0,3,5,NA,2,004,PALMDALE BLVD,87TH ST  E,836,W,N,A,-,N,NA,NA,NA,NA,NA,NA,NA,NA,NA,Y,4,0,2,1,A,-,08,22107,NA,N,E,I,A,A,H,-,D,D,0,NA,NA,NA,NA,Y,NA,A,07,0,0,2,0,0,0,0,0,0,-,-,34.57964,-117.97368,LOS ANGELES,UNINCORPORATED,-117.97652102,34.57973708
90164605,2016,2016-04-25,9590,2016-04-09,0730,021111,NA,6,1,7,1942,0,1,1,NA,2,080,I-5 N/B (GOLDEN STATE FREEWAY),FOURTH STREET,500,S,N,B,-,Y,NA,NA,5,NA,NA,NA,NA,NA,N,Y,4,0,1,3,A,-,07,21658,A,N,B,C,A,A,H,-,A,D,0,NA,NA,NA,NA,Y,NA,A,01,0,0,1,0,0,0,0,0,0,-,-,34.03998,-118.21906,LOS ANGELES,LOS ANGELES,-118.2190612,34.03998078
90164619,2016,2016-04-25,9550,2016-04-16,0543,021129,NA,6,3,4,1936,0,1,1,NA,2,501,INTERSTATE-5 N/B,VALLEY VIEW AVENUE,3200,S,N,A,-,Y,NA,NA,5,NA,NA,NA,NA,NA,N,Y,4,0,1,2,A,-,07,21658,A,F,B,C,A,A,H,-,B,D,0,NA,NA,NA,NA,Y,NA,-,99,0,0,1,0,0,0,0,0,0,-,-,33.87933,-118.01981,LOS ANGELES,LA MIRADA,-118.01984166,33.879270149999996
9016462,2020,2020-10-13,1900,2020-02-01,1751,648563,1012,6,5,3,1995,0,0,0,NA,0,101,RT 1,WEBB WY,135,E,N,A,-,Y,LA,7,1,-,-,47.41,H,-,S,N,4,0,2,3,D,-,00,NA,NA,N,B,C,A,A,H,-,C,A,0,NA,NA,Y,NA,Y,NA,-,-,0,0,2,0,0,0,0,0,2,-,-,NA,NA,LOS ANGELES,MALIBU,-118.69063568115234,34.03459167480469
90164627,2016,2016-04-25,9525,2016-04-08,0750,018364,NA,5,1,4,1960,0,1,3,NA,2,572,SR-57 N/B-TO-I-210 W/B,I-210 W/B (FOOTHILL FREEWAY),65,S,N,B,-,Y,NA,NA,57,NA,NA,NA,R,NA,N,Y,4,0,2,3,A,-,03,22350,NA,N,C,C,A,A,H,-,A,D,0,NA,NA,NA,NA,Y,NA,A,08,0,0,2,0,0,0,0,0,0,-,-,34.11901,-117.82401,LOS ANGELES,SAN DIMAS,-117.82401,34.11901
90164629,2016,2016-04-25,9530,2016-04-23,1120,020427,NA,6,1,9,1900,0,3,5,NA,2,001,COMPTON AVE. (8600 BLOCK),87TH ST.,45,N,N,A,-,N,NA,NA,NA,NA,NA,NA,NA,NA,NA,N,4,0,1,2,A,-,08,22102,NA,N,D,C,A,A,H,-,A,D,0,NA,NA,NA,NA,Y,NA,A,01,0,0,1,0,0,0,0,0,0,-,-,33.9601,-118.247,LOS ANGELES,UNINCORPORATED,-118.24727426,33.95931332
9016464,2020,2020-06-08,1900,2020-02-11,1540,540702,2262,2,5,2,1993,0,0,0,NA,0,222T2,VIA COLINAS,THOUSAND OAKS BL,55,S,N,A,-,N,NA,NA,NA,NA,NA,NA,NA,NA,NA,Y,3,0,1,2,A,-,08,22107,NA,N,H,C,A,A,H,-,B,D,0,NA,NA,NA,NA,Y,NA,A,01,0,1,0,0,0,0,0,0,0,-,-,NA,NA,LOS ANGELES,WESTLAKE VILLAGE,-118.80632019042967,34.156890869140625
90164652,2016,2016-04-25,9550,2016-04-16,1730,021123,NA,6,2,5,1908,0,1,3,NA,2,091,SR-91 E/B,BELLFLOWER BLVD.,400,E,N,A,-,Y,NA,NA,91,NA,NA,NA,NA,NA,E,Y,4,0,3,3,A,-,07,21658,NA,N,B,C,A,A,H,-,A,D,0,NA,NA,NA,NA,Y,NA,A,07,0,0,3,0,0,0,0,0,0,-,-,33.8763,-118.12345,LOS ANGELES,BELLFLOWER,-118.12345071,33.87608712
90164657,2016,2016-04-25,9525,2016-04-09,1411,020216,NA,6,2,1,1934,0,1,1,NA,2,651,I-605 S/B (SAN GABRIEL RIVER FREEWAY),ARROW HWY.,579,N,N,C,-,Y,NA,NA,605,NA,NA,NA,NA,NA,S,Y,2,0,3,1,A,-,03,22350,NA,N,E,I,A,B,H,-,A,D,0,NA,NA,NA,NA,Y,NA,A,07,3,0,0,0,0,0,0,0,0,-,-,34.11676,-117.97621,LOS ANGELES,IRWINDALE,-117.97612419,34.11662561
90164661,2016,2016-04-25,9525,2016-04-10,2230,019707,NA,7,3,9,1900,0,3,5,NA,2,004,TEMPLE AVE. (15100 BLOCK),UNRUH AVE.,247,W,N,B,-,N,NA,NA,NA,NA,NA,NA,NA,NA,NA,Y,3,0,1,1,A,-,08,22107,NA,N,E,I,A,A,H,-,C,D,0,NA,NA,NA,NA,Y,NA,A,01,0,1,0,0,0,0,0,0,0,-,-,34.03432,-117.95939,LOS ANGELES,UNINCORPORATED,-117.95919759,34.03415018
90164665,2016,2016-04-25,9525,2016-03-13,1330,019506,NA,7,1,9,1900,0,3,5,NA,2,005,MOUNT BALDY RD.,SHINN RD.,10560,N,N,A,-,N,NA,NA,NA,NA,NA,NA,NA,NA,NA,N,4,0,1,1,A,-,03,22350,NA,N,E,J,A,A,B,-,A,D,0,NA,NA,Y,NA,Y,NA,C,02,0,0,1,0,0,0,0,0,1,-,-,34.20808,-117.67597,LOS ANGELES,UNINCORPORATED,-117.67661125,34.20266813
90164678,2016,2016-04-25,9525,2016-04-12,2125,020693,NA,2,2,5,1926,0,1,3,NA,1,024,GLENDORA MOUNTAIN RD.,SIERRA MADRE AVENUE,7920,N,N,A,-,N,NA,NA,NA,NA,NA,NA,NA,NA,NA,N,4,0,1,1,A,-,08,22107,NA,N,F,A,A,A,H,-,D,A,0,NA,NA,NA,NA,Y,NA,A,01,0,0,1,0,0,0,0,0,0,-,-,34.19394,-117.84124,LOS ANGELES,GLENDORA,-117.83897686,34.16648882
9016468,2020,2020-06-22,1900,2020-02-01,1636,628001,1018,6,5,3,1995,0,0,0,NA,0,225,PACIFIC COAST HWY,TUNA CANYON RD,200,E,N,A,-,N,NA,NA,NA,NA,NA,NA,NA,NA,NA,Y,2,0,1,2,A,-,06,21755,A,N,D,C,A,A,H,-,A,D,0,NA,NA,Y,NA,Y,NA,-,-,1,0,0,0,0,0,0,0,1,-,-,NA,NA,LOS ANGELES,MALIBU,-118.58878326416016,34.03941345214844
90164697,2016,2016-04-25,9530,2016-04-18,1817,020232,NA,1,2,7,1942,0,1,1,NA,2,400,I-405 N/B (SAN DIEGO FREEWAY),NORMANDIE AVE.,150,S,N,A,-,Y,NA,NA,405,NA,NA,NA,NA,NA,N,Y,3,0,1,3,A,-,07,21658,A,M,B,C,A,A,H,-,A,D,0,NA,NA,Y,NA,Y,NA,C,02,0,1,0,0,0,0,0,0,1,-,-,33.8595,-118.29043,LOS ANGELES,LOS ANGELES,-118.29043222,33.85949215
90164715,2016,2016-04-25,9550,2016-04-17,2225,020932,NA,7,3,9,1900,0,2,4,NA,1,042,COLIMA ROAD,JELLICK AVENUE,400,W,N,A,-,N,NA,NA,NA,NA,NA,NA,NA,NA,NA,Y,3,0,1,1,A,-,08,22107,NA,N,E,I,A,A,H,-,C,D,0,NA,NA,NA,Y,Y,NA,F,55,0,1,0,0,0,0,0,0,0,-,-,33.98814,-117.90264,LOS ANGELES,UNINCORPORATED,-117.9025134,33.98817445
9016472,2020,2020-05-28,1900,2020-02-04,2230,614591,1015,2,5,3,1995,0,0,0,NA,0,101,MALIBU CANYON RD,POTTER RD,0,NA,Y,A,-,N,NA,NA,NA,NA,NA,NA,NA,NA,NA,Y,4,0,1,1,A,-,08,22107,NA,M,E,I,A,A,H,-,D,D,0,NA,NA,NA,NA,Y,NA,A,01,0,0,1,0,0,0,0,0,0,-,-,NA,NA,LOS ANGELES,MALIBU,-118.69245,34.04367
90164724,2016,2016-04-25,9525,2016-04-03,0905,021138,NA,7,1,6,1955,0,1,1,NA,2,119,I-10 W/B (SAN BERNARDINO FREEWAY),WHITE AVE,2640,W,N,A,-,Y,NA,NA,10,NA,NA,NA,NA,NA,W,Y,4,0,1,1,A,-,08,22107,NA,N,E,I,A,A,H,-,A,D,0,NA,NA,NA,NA,Y,NA,A,01,0,0,1,0,0,0,0,0,0,-,-,34.0713,-117.75953,LOS ANGELES,POMONA,-117.75952026,34.0712525
90164747,2016,2016-04-25,9545,2016-04-17,1430,019872,NA,7,2,9,1900,0,3,5,NA,2,004,150TH ST  E,AVENUE J,0,NA,Y,A,-,N,NA,NA,NA,NA,NA,NA,NA,NA,NA,Y,4,0,2,2,A,-,09,21802,A,N,D,C,A,A,H,-,A,A,0,NA,NA,NA,NA,Y,NA,A,01,0,0,2,0,0,0,0,0,0,-,-,34.69008,-117.86294,LOS ANGELES,UNINCORPORATED,-117.86295009,34.69008003
90164750,2016,2016-04-25,9525,2016-04-03,1630,020869,NA,7,2,9,1900,0,3,5,NA,2,004,SANDY HOOK AVE (1100 BLOCK),RAGUS ST.,0,NA,N,A,-,N,NA,NA,NA,NA,NA,NA,NA,NA,NA,Y,3,0,2,2,A,-,09,21800,B,N,A,C,A,A,H,-,A,D,0,NA,NA,NA,NA,Y,NA,A,01,0,2,0,0,0,0,0,0,0,-,-,34.0433,-117.95416,LOS ANGELES,UNINCORPORATED,-117.95425004,34.04317001
90164755,2016,2016-04-25,9530,2016-04-17,1112,020349,NA,7,1,9,1900,0,3,5,NA,2,001,FIRESTONE BLVD. (1200 BLOCK),HOOPER AVE.,75,W,N,A,-,N,NA,NA,NA,NA,NA,NA,NA,NA,NA,Y,4,0,2,2,A,-,03,22350,NA,N,C,C,A,A,H,-,A,D,0,NA,NA,NA,NA,Y,NA,A,07,0,0,2,0,0,0,0,0,0,-,-,33.96016,-118.25438,LOS ANGELES,UNINCORPORATED,-118.25427684,33.96015
9016476,2020,2020-06-22,1900,2020-02-02,1639,641006,2224,7,5,3,1994,0,0,0,NA,0,222A,ROADSIDE DR,LEWIS RD,1426,W,N,A,-,N,NA,NA,NA,NA,NA,NA,NA,NA,NA,Y,4,0,2,2,A,-,09,21801,A,N,A,C,A,A,H,-,A,D,0,NA,NA,NA,NA,Y,NA,A,01,0,0,2,0,0,0,0,0,0,-,-,34.143280029296875,-118.7431411743164,LOS ANGELES,AGOURA HILLS,-118.74726104736328,34.1432991027832
90164763,2016,2016-04-25,9525,2016-04-03,1710,021156,NA,7,2,1,1934,0,1,1,NA,2,652,I-605 N/B (SAN GABRIEL RIVER FREEWAY),LOWER AZUSA RD.,1800,N,N,A,-,Y,NA,NA,605,NA,NA,NA,NA,NA,N,Y,3,0,4,1,A,-,08,22107,NA,N,E,I,A,A,H,-,A,D,0,NA,NA,NA,NA,Y,NA,A,07,0,2,2,0,0,0,0,0,0,-,-,34.09528,-117.98691,LOS ANGELES,IRWINDALE,-117.98701035,34.09536902
90164764,2016,2016-04-25,9565,2016-04-24,0110,021011,NA,7,3,9,1900,0,2,4,NA,2,022,NORMANDIE AVE.,EL SEGUNDO BLVD.,0,NA,Y,A,-,N,NA,NA,NA,NA,NA,NA,NA,NA,NA,Y,4,0,3,4,A,-,01,23152,A,N,D,C,A,A,H,-,C,A,0,NA,NA,Y,NA,Y,Y,A,01,0,0,3,0,0,0,0,0,1,-,-,33.91636,-118.30066,LOS ANGELES,UNINCORPORATED,-118.30039009,33.91643006
90164768,2016,2016-04-25,9530,2016-04-22,0815,020923,NA,5,1,9,1900,0,3,5,NA,2,001,MOUNTAIN VIEW AVE.,CALIFORNIA ST.,0,NA,Y,A,-,N,NA,NA,NA,NA,NA,NA,NA,NA,NA,Y,3,0,1,2,A,-,09,21802,A,N,D,C,A,A,H,-,A,A,0,NA,NA,NA,NA,Y,NA,D,22,0,1,0,0,0,0,0,0,0,-,-,33.97179,-118.2178,LOS ANGELES,UNINCORPORATED,-118.21777012,33.97170012
90164769,2016,2016-04-25,9525,2016-04-07,2050,021229,NA,4,2,9,1900,0,1,3,NA,1,024,SR-39 (SAN GABRIEL CANYON RD.),EAST FORK RD.,2640,S,N,B,C,Y,NA,NA,39,NA,NA,NA,NA,NA,NA,Y,3,0,1,2,A,-,03,22350,NA,N,A,C,A,B,H,-,D,D,0,NA,NA,NA,NA,Y,NA,D,22,0,1,0,0,0,0,0,0,0,-,-,34.24271,-117.86987,LOS ANGELES,UNINCORPORATED,-117.86980276,34.24270724