CASE_ID,ACCIDENT_YEAR,PROC_DATE,JURIS,COLLISION_DATE,COLLISION_TIME,OFFICER_ID,REPORTING_DISTRICT,DAY_OF_WEEK,CHP_SHIFT,POPULATION,CNTY_CITY_LOC,SPECIAL_COND,BEAT_TYPE,CHP_BEAT_TYPE,CITY_DIVISION_LAPD,CHP_BEAT_CLASS,BEAT_NUMBER,PRIMARY_RD,SECONDARY_RD,DISTANCE,DIRECTION,INTERSECTION,WEATHER_1,WEATHER_2,STATE_HWY_IND,CALTRANS_COUNTY,CALTRANS_DISTRICT,STATE_ROUTE,ROUTE_SUFFIX,POSTMILE_PREFIX,POSTMILE,LOCATION_TYPE,RAMP_INTERSECTION,SIDE_OF_HWY,TOW_AWAY,COLLISION_SEVERITY,NUMBER_KILLED,NUMBER_INJURED,PARTY_COUNT,PRIMARY_COLL_FACTOR,PCF_CODE_OF_VIOL,PCF_VIOL_CATEGORY,PCF_VIOLATION,PCF_VIOL_SUBSECTION,HIT_AND_RUN,TYPE_OF_COLLISION,MVIW,PED_ACTION,ROAD_SURFACE,ROAD_COND_1,ROAD_COND_2,LIGHTING,CONTROL_DEVICE,CHP_ROAD_TYPE,PEDESTRIAN_ACCIDENT,BICYCLE_ACCIDENT,MOTORCYCLE_ACCIDENT,TRUCK_ACCIDENT,NOT_PRIVATE_PROPERTY,ALCOHOL_INVOLVED,STWD_VEHTYPE_AT_FAULT,CHP_VEHTYPE_AT_FAULT,COUNT_SEVERE_INJ,COUNT_VISIBLE_INJ,COUNT_COMPLAINT_PAIN,COUNT_PED_KILLED,COUNT_PED_INJURED,COUNT_BICYCLIST_KILLED,COUNT_BICYCLIST_INJURED,COUNT_MC_KILLED,COUNT_MC_INJURED,PRIMARY_RAMP,SECONDARY_RAMP,LATITUDE,LONGITUDE,COUNTY,CITY,POINT_X,POINT_Y
9016802,2020,2020-02-24,1900,2020-01-23,1820,623651,2833,4,5,5,1915,0,0,0,NA,0,283T1,NORTHWOOD AV,165TH ST,0,NA,Y,A,-,N,NA,NA,NA,NA,NA,NA,NA,NA,NA,N,3,0,1,2,D,-,00,NA,NA,N,D,G,A,A,H,-,B,A,0,NA,Y,NA,NA,Y,NA,-,-,0,1,0,0,0,0,1,0,0,-,-,NA,NA,LOS ANGELES,COMPTON,-118.24407196044922,33.88290023803711
9016803,2020,2020-02-25,1942,2020-01-27,1600,38399,1514,1,5,7,1942,0,0,0,O,0,15A3,ARCHWOOD ST,AGNES AV,10,E,N,A,-,N,NA,NA,NA,NA,NA,NA,NA,NA,NA,Y,4,0,2,2,A,-,09,21800,C,N,D,C,A,A,H,-,A,A,0,NA,NA,NA,NA,Y,NA,A,01,0,0,2,0,0,0,0,0,0,-,-,NA,NA,LOS ANGELES,LOS ANGELES,-118.39537811279295,34.19211959838867
9016804,2020,2020-02-25,1942,2020-01-04,1155,43084,1583,6,5,7,1942,0,0,0,O,0,15A68,HOFFMAN ST,RADFORD AV,300,W,N,A,-,N,NA,NA,NA,NA,NA,NA,NA,NA,NA,N,3,0,1,2,A,-,03,22350,NA,N,G,B,D,A,H,-,A,D,0,Y,NA,NA,NA,Y,NA,A,01,0,1,0,0,1,0,0,0,0,-,-,NA,NA,LOS ANGELES,LOS ANGELES,-118.39353942871094,34.145050048828125
90168042,2016,2016-04-28,9580,2016-04-21,2315,021241,NA,4,3,7,1942,0,1,2,NA,2,102,US-101 N/B (VENTURA FREEWAY),HAYVENHURST AVE,2112,S,N,A,-,Y,NA,NA,101,NA,NA,NA,NA,NA,N,Y,3,0,1,2,A,-,01,23152,A,M,B,C,A,A,H,-,D,D,0,NA,NA,NA,NA,Y,Y,A,01,0,1,0,0,0,0,0,0,0,-,-,34.16534,-118.48454,LOS ANGELES,LOS ANGELES,-118.48454035,34.16536605
90168048,2016,2016-04-28,9530,2016-04-20,0135,021235,NA,3,3,5,1977,0,1,1,NA,2,410,I-405 S/B (SAN DIEGO FREEWAY),WILMINGTON AVE.,1320,S,N,A,-,Y,NA,NA,405,NA,NA,NA,NA,NA,S,Y,3,0,1,2,A,-,01,23152,A,N,C,C,A,A,H,-,C,D,0,NA,NA,NA,NA,Y,Y,A,01,0,1,0,0,0,0,0,0,0,-,-,33.8257,-118.2371,LOS ANGELES,CARSON,-118.23709988,33.82576604
9016806,2020,2020-02-24,1900,2020-01-22,1056,545089,2813,3,5,5,1915,0,0,0,NA,0,282T1,WILLOWBROOK AV E,WINDWA AV,347,S,N,A,-,N,NA,NA,NA,NA,NA,NA,NA,NA,NA,N,3,0,1,1,A,-,03,22350,NA,N,H,A,A,A,B,-,A,D,0,NA,NA,Y,NA,Y,NA,C,02,0,1,0,0,0,0,0,0,1,-,-,NA,NA,LOS ANGELES,COMPTON,NA,NA
90168062,2016,2016-04-28,9580,2016-04-22,2045,020791,NA,5,2,7,1942,0,1,2,NA,2,101,US-101 S/B (VENTURA FREEWAY),TUJUNGA AVE,1200,N,N,A,-,Y,NA,NA,101,NA,NA,NA,NA,NA,S,Y,4,0,2,2,A,-,03,22350,NA,N,C,C,A,A,H,-,C,D,0,NA,NA,NA,NA,Y,NA,A,07,0,0,2,0,0,0,0,0,0,-,-,34.15401,-118.38494,LOS ANGELES,LOS ANGELES,-118.38494093,34.15437039
9016807,2020,2020-02-25,1942,2020-01-23,1820,41608,1523,4,5,7,1942,0,0,0,O,0,15A21,VICTORY BL,WHITSETT AV,50,E,N,A,-,N,NA,NA,NA,NA,NA,NA,NA,NA,NA,N,4,0,1,2,A,-,08,22100,B,N,A,C,A,A,H,-,C,A,0,NA,NA,NA,NA,Y,NA,A,01,0,0,1,0,0,0,0,0,0,-,-,NA,NA,LOS ANGELES,LOS ANGELES,-118.40509796142578,34.186676025390625
9016808,2020,2020-03-03,1942,2020-01-12,2003,42766,1522,7,5,7,1942,0,0,0,O,0,19A7S,VICTORY BL,ETHEL AV,400,E,N,A,-,N,NA,NA,NA,NA,NA,NA,NA,NA,NA,N,4,0,1,2,A,-,08,22107,NA,N,B,C,A,A,H,-,C,D,0,NA,NA,NA,NA,Y,NA,A,08,0,0,1,0,0,0,0,0,0,-,-,NA,NA,LOS ANGELES,LOS ANGELES,-118.41681671142578,34.18667984008789
90168089,2016,2016-04-28,9530,2016-04-12,1230,019792,NA,2,1,9,1900,0,3,5,NA,2,001,FLORENCE AVE.,COMPTON AVE.,0,NA,Y,A,-,N,NA,NA,NA,NA,NA,NA,NA,NA,NA,Y,3,0,1,2,A,-,12,21453,A,N,D,C,A,A,H,-,A,A,0,NA,NA,NA,NA,Y,NA,-,-,0,1,0,0,0,0,0,0,0,-,-,33.9747,-118.2477,LOS ANGELES,UNINCORPORATED,-118.24769007,33.97474009
9016809,2020,2020-02-24,1942,2020-01-28,2320,43727,1263,2,5,7,1942,0,0,0,L,0,3A63,MANCHESTER,CIMARRON ST,0,NA,Y,A,-,N,NA,NA,NA,NA,NA,NA,NA,NA,NA,N,3,0,1,2,A,-,09,21804,NA,F,D,C,A,A,H,-,C,A,0,NA,NA,Y,NA,Y,NA,-,99,0,1,0,0,0,0,0,0,1,-,-,NA,NA,LOS ANGELES,LOS ANGELES,-118.3161392211914,33.9599609375
90168109,2016,2016-04-28,9580,2016-04-23,1542,019319,NA,6,2,7,1942,0,1,1,NA,2,406,I-405 N/B (SAN DIEGO FWY),ROSCOE BLVD,1584,S,N,A,-,Y,NA,NA,NA,NA,NA,NA,NA,NA,NA,Y,4,0,2,2,A,-,03,22350,NA,N,C,C,A,A,H,-,A,D,0,NA,NA,NA,NA,Y,NA,A,01,0,0,2,0,0,0,0,0,0,-,-,34.21579,-116.47309,LOS ANGELES,LOS ANGELES,-118.4731544,34.21702528
9016811,2020,2020-02-25,1942,2020-01-12,0332,42747,1544,7,5,7,1942,0,0,0,O,0,15A43,LAUREL CANYON,MAGNOLIA BL,50,N,N,A,-,N,NA,NA,NA,NA,NA,NA,NA,NA,NA,Y,4,0,1,1,A,-,03,22350,NA,N,E,J,A,A,H,-,C,A,0,NA,NA,NA,NA,Y,NA,A,01,0,0,1,0,0,0,0,0,0,-,-,NA,NA,LOS ANGELES,LOS ANGELES,-118.39649963378906,34.165016174316406
9016812,2020,2020-02-25,1942,2020-01-10,0745,30452,1557,5,5,7,1942,0,0,0,O,0,1557,MAGNOLIA BL,DENNY AV,40,W,N,A,-,N,NA,NA,NA,NA,NA,NA,NA,NA,NA,N,4,0,2,2,A,-,09,21804,A,N,D,C,A,A,H,-,A,D,0,NA,NA,NA,NA,Y,NA,A,01,0,0,2,0,0,0,0,0,0,-,-,NA,NA,LOS ANGELES,LOS ANGELES,-118.36492919921876,34.16490173339844
90168127,2016,2016-04-28,9565,2016-04-26,1305,016943,NA,2,1,7,1942,0,1,1,NA,2,060,I-405 S/B FROM LA TIJERA BLVD.,LA TIJERA BLVD,100,S,N,A,-,Y,NA,NA,405,NA,NA,NA,R,NA,S,Y,4,0,2,3,A,-,03,22350,NA,N,C,C,A,A,H,-,A,A,0,NA,NA,NA,NA,Y,NA,D,22,0,0,2,0,0,0,0,0,0,-,-,33.97176,-118.37737,LOS ANGELES,LOS ANGELES,-118.37737,33.97176
9016813,2020,2020-03-03,1953,2020-01-29,1028,8091,PASAD,3,5,6,1953,0,0,0,NA,0,005,CORDOVA,LAKE AV,0,NA,Y,A,-,N,NA,NA,NA,NA,NA,NA,NA,NA,NA,N,4,0,1,2,D,-,00,NA,NA,N,D,G,A,A,H,-,A,A,0,NA,NA,Y,NA,Y,NA,-,-,0,0,1,0,0,0,0,0,1,-,-,NA,NA,LOS ANGELES,PASADENA,-118.13240051269533,34.142539978027344
9016815,2020,2020-03-03,1942,2020-01-19,1900,43692,1506,7,5,7,1942,0,0,0,O,0,9X14,SHERMAN WY,VINELAND AV,0,NA,Y,A,-,N,NA,NA,NA,NA,NA,NA,NA,NA,NA,N,4,0,1,2,A,-,08,22107,NA,N,B,C,A,A,H,-,C,A,0,NA,NA,NA,NA,Y,NA,A,01,0,0,1,0,0,0,0,0,0,-,-,NA,NA,LOS ANGELES,LOS ANGELES,-118.37032318115234,34.20117950439453
90168158,2016,2016-04-28,9535,2016-04-15,0445,021169,NA,5,3,5,1969,0,1,1,NA,2,075,I-710 (LONG BEACH FREEWAY) S/B,NORTH EDGE OF LOS ANGELES RIVER,125,S,N,A,-,Y,NA,NA,710,NA,NA,NA,NA,NA,S,Y,4,0,4,2,A,-,08,22107,NA,N,D,C,A,A,H,-,D,D,0,NA,NA,NA,NA,Y,NA,A,01,0,0,4,0,0,0,0,0,0,-,-,33.93606,-118.17481,LOS ANGELES,SOUTH GATE,-118.17485197,33.93612149
90168159,2016,2016-04-28,9530,2016-04-27,1350,015063,NA,3,1,9,1900,0,3,5,NA,2,005,MARINE AVENUE,LEMOLI AVENUE,0,NA,Y,A,-,N,NA,NA,NA,NA,NA,NA,NA,NA,NA,Y,3,0,3,2,A,-,01,23152,A,F,A,C,A,A,H,-,A,A,0,NA,NA,NA,NA,Y,Y,A,07,0,2,1,0,0,0,0,0,0,-,-,33.8946,-118.3308,LOS ANGELES,UNINCORPORATED,-118.33087004,33.89467007
9016816,2020,2020-03-03,1942,2020-01-07,0350,43657,15A48,2,5,7,1942,0,0,0,O,0,15A21,MAGNOLIA BL,CAHUENGA BL,0,NA,Y,A,-,N,NA,NA,NA,NA,NA,NA,NA,NA,NA,Y,3,0,1,2,A,-,12,21453,A,N,D,C,A,A,H,-,C,A,0,NA,NA,NA,NA,Y,NA,A,01,0,1,0,0,0,0,0,0,0,-,-,NA,NA,LOS ANGELES,LOS ANGELES,-118.36154174804688,34.16490173339844
9016817,2020,2020-02-24,1953,2020-01-29,0935,8091,PASAD,3,5,6,1953,0,0,0,NA,0,002,LAKE AV,WASHINGTON BL,0,NA,Y,A,-,N,NA,NA,NA,NA,NA,NA,NA,NA,NA,Y,4,0,1,2,A,-,09,21801,A,N,B,C,A,A,H,-,A,A,0,NA,NA,NA,NA,Y,NA,A,01,0,0,1,0,0,0,0,0,0,-,-,NA,NA,LOS ANGELES,PASADENA,-118.13224792480467,34.16897964477539
90168172,2016,2016-07-07,9535,2016-03-06,1225,021169,NA,7,1,9,1900,0,2,4,NA,2,024,WHITTIER BOULEVARD,SUNOL DRIVE,0,NA,Y,A,-,N,NA,NA,NA,NA,NA,NA,NA,NA,NA,Y,4,0,2,3,A,-,09,21801,A,N,D,C,A,A,H,-,A,D,0,NA,NA,NA,NA,Y,NA,A,01,0,0,2,0,0,0,0,0,0,-,-,34.02393,-118.179,LOS ANGELES,UNINCORPORATED,-118.17905013,34.02394001
90168174,2016,2016-04-28,9565,2016-04-20,1225,019320,NA,3,1,6,1933,0,1,1,NA,2,060,I-405 NB,MANCHESTER BLVD.,200,S,N,A,-,Y,NA,NA,405,NA,NA,NA,NA,NA,N,Y,4,0,1,3,A,-,03,22350,NA,N,C,C,A,A,H,-,A,D,0,NA,NA,NA,NA,Y,NA,A,01,0,0,1,0,0,0,0,0,0,-,-,33.96023,-118.36928,LOS ANGELES,INGLEWOOD,-118.3692261,33.96023173
90168185,2016,2016-04-28,9580,2016-04-12,1200,014900,NA,2,1,9,1900,0,3,5,NA,1,020,1875 TUNA CYN RD.,BAINUM DR.,2640,S,N,A,-,N,NA,NA,NA,NA,NA,NA,NA,NA,NA,Y,3,0,1,2,A,-,05,21650,NA,N,B,C,A,A,H,-,A,A,0,NA,NA,NA,NA,Y,NA,A,01,0,1,0,0,0,0,0,0,0,-,-,34.07332,-118.60856,LOS ANGELES,UNINCORPORATED,NA,NA
90168189,2016,2016-04-28,9565,2016-03-29,1925,020264,NA,2,2,7,1942,0,1,1,NA,2,082,I-10 E/B (SANTA MONICA FWY),BUNDY DR,100,E,N,A,-,Y,NA,NA,10,NA,NA,NA,NA,NA,E,Y,3,0,1,3,A,-,07,21658,A,N,B,C,A,A,H,-,C,D,0,NA,NA,Y,NA,Y,NA,A,01,0,1,0,0,0,0,0,0,1,-,-,34.02828,-118.44877,LOS ANGELES,LOS ANGELES,-118.4487751,34.02829952
9016819,2020,2020-02-25,1942,2020-01-23,1730,27145,1524,4,5,7,1942,0,0,0,O,0,PATROL,VICTORY BL,BELLINGHAM AV,0,NA,Y,A,-,N,NA,NA,NA,NA,NA,NA,NA,NA,NA,Y,4,0,1,2,A,-,12,21453,A,N,D,C,A,A,H,-,A,A,0,NA,NA,NA,NA,Y,NA,A,01,0,0,1,0,0,0,0,0,0,-,-,NA,NA,LOS ANGELES,LOS ANGELES,-118.39875030517578,34.186668395996094
9016820,2020,2020-02-25,1942,2020-01-19,1230,38399,1581,7,5,7,1942,0,0,0,O,0,26TL79,WHITSETT AV,VALLEY SPRING LN,15,S,N,A,-,N,NA,NA,NA,NA,NA,NA,NA,NA,NA,Y,4,0,2,2,A,-,09,21802,A,N,D,C,A,A,H,-,A,A,0,NA,NA,NA,NA,Y,NA,A,01,0,0,2,0,0,0,0,0,0,-,-,NA,NA,LOS ANGELES,LOS ANGELES,-118.40522003173828,34.146697998046875
90168202,2016,2016-04-28,9535,2016-03-30,2015,021143,NA,3,2,5,1952,0,1,1,NA,2,074,I-710 NB FROM W/B ROSECRANS AVE WB,ROSECRANS AVE,20,N,N,A,-,Y,NA,NA,710,NA,NA,NA,R,NA,N,N,3,0,1,1,A,-,08,22107,NA,N,E,I,A,A,H,-,C,D,0,NA,NA,NA,NA,Y,NA,A,01,0,1,0,0,0,0,0,0,0,-,-,33.90384,-118.18394,LOS ANGELES,PARAMOUNT,-118.18394,33.90384
90168207,2016,2016-04-28,9580,2016-04-13,1020,017228,NA,3,1,7,1942,0,1,3,NA,2,171,SR-170 S/B (HOLLYWOOD FWY.),MAGNOLIA BOULEVARD,600,S,N,A,-,Y,NA,NA,170,NA,NA,NA,NA,NA,S,N,4,0,1,2,A,-,03,22350,NA,F,C,C,A,A,H,-,A,D,0,NA,NA,NA,NA,Y,NA,-,99,0,0,1,0,0,0,0,0,0,-,-,34.16251,-118.38174,LOS ANGELES,LOS ANGELES,-118.38178327,34.16249111
90168221,2016,2016-04-28,9580,2016-04-14,1640,018580,NA,4,2,7,1942,0,1,1,NA,2,406,I-405 S/B (SAN DIEGO FWY),ROSCOE BLVD,1483,N,N,A,-,Y,NA,NA,405,NA,NA,NA,NA,NA,S,N,4,0,4,4,A,-,07,21658,A,N,C,C,A,A,H,-,A,D,0,NA,NA,NA,NA,Y,NA,A,01,0,0,4,0,0,0,0,0,0,-,-,34.22554,-118.47338,LOS ANGELES,LOS ANGELES,-118.47327725,34.22553896
90168223,2016,2016-04-28,9535,2016-02-28,1445,021143,NA,7,2,9,1900,0,2,4,NA,2,018,3RD ST (4000 BLOCK),DOWNEY RD,0,NA,Y,A,-,N,NA,NA,NA,NA,NA,NA,NA,NA,NA,Y,4,0,4,2,A,-,09,21453,C,N,D,C,A,A,H,-,A,A,0,NA,NA,NA,NA,Y,NA,A,01,0,0,4,0,0,0,0,0,0,-,-,34.01597,-118.10488,LOS ANGELES,UNINCORPORATED,-118.13180004,33.9418001
90168227,2016,2016-04-28,9535,2016-03-04,0805,021169,NA,5,1,9,1900,0,2,4,NA,2,024,WHITTIER BOULEVARD (3800 BLOCK),ALMA AVENUE,125,E,N,A,-,N,NA,NA,NA,NA,NA,NA,NA,NA,NA,Y,3,0,1,2,C,-,18,NA,NA,N,C,C,A,A,H,-,A,D,0,NA,NA,NA,NA,Y,NA,-,-,0,1,0,0,0,0,0,0,0,-,-,34.02391,-118.19068,LOS ANGELES,UNINCORPORATED,-118.19074831,34.02392
9016823,2020,2020-03-11,1942,2020-01-26,1800,36102,1532,7,5,7,1942,0,0,0,O,0,15A33,LAUREL CANYON BL,OXNARD ST,202,S,N,A,-,N,NA,NA,NA,NA,NA,NA,NA,NA,NA,N,2,0,1,2,A,-,01,23152,A,N,H,G,A,A,H,-,C,A,0,NA,Y,NA,NA,Y,Y,L,04,1,0,0,0,0,0,1,0,0,-,-,NA,NA,LOS ANGELES,LOS ANGELES,-118.39652252197266,34.17886734008789
90168230,2016,2016-04-28,9565,2016-04-27,1910,021200,NA,3,2,7,1942,0,1,1,NA,2,060,I-405 S/B FROM LA CIENEGA BLVD,LA CIENEGA BLVD,60,S,N,A,-,Y,NA,NA,405,NA,NA,NA,R,NA,S,Y,3,0,2,2,A,-,03,22350,NA,N,C,C,A,A,H,-,B,A,0,NA,NA,NA,NA,Y,NA,A,01,0,1,1,0,0,0,0,0,0,-,-,33.96456,-118.37055,LOS ANGELES,LOS ANGELES,-118.37055,33.96456
90168234,2016,2016-04-28,9580,2016-04-20,1052,016523,NA,3,1,7,1942,0,1,3,NA,2,171,SR-170 S/B (HOLLYWOOD FWY.),SHERMAN WAY,1056,S,N,A,-,Y,NA,NA,NA,NA,NA,NA,NA,NA,NA,Y,4,0,2,2,A,-,03,22350,NA,N,C,C,A,A,H,-,A,D,0,NA,NA,NA,NA,Y,NA,A,01,0,0,2,0,0,0,0,0,0,-,-,34.14299,-118.36742,LOS ANGELES,LOS ANGELES,-118.40369,34.20113
90168236,2016,2016-04-28,9580,2016-04-22,1000,019620,NA,5,1,7,1942,0,1,2,NA,2,102,US-101 N/B (VENTURA FREEWAY),SEPULVEDA BLVD,2640,S,N,A,-,Y,NA,NA,101,NA,NA,NA,NA,NA,N,Y,4,0,2,3,A,-,03,22350,NA,N,C,C,A,A,H,-,A,D,0,NA,NA,NA,NA,Y,NA,A,01,0,0,2,0,0,0,0,0,0,-,-,34.15967,-118.46209,LOS ANGELES,LOS ANGELES,-118.46208993,34.15950674
9016824,2020,2020-02-25,1942,2020-01-17,2045,34561,34561,5,5,7,1942,0,0,0,NA,0,15A21,COLDWATER CANYON AV,VOSE ST,425,S,N,A,-,N,NA,NA,NA,NA,NA,NA,NA,NA,NA,Y,4,0,1,2,A,-,09,21804,A,N,D,C,A,A,H,-,C,D,0,NA,NA,NA,NA,Y,NA,A,01,0,0,1,0,0,0,0,0,0,-,-,NA,NA,LOS ANGELES,LOS ANGELES,-118.41380310058594,34.19728469848633
90168241,2016,2016-04-28,9550,2016-04-28,1050,016109,NA,4,1,9,1900,0,2,4,NA,1,042,COLIMA ROAD,ALBATROSS ROAD,0,NA,Y,A,-,N,NA,NA,NA,NA,NA,NA,NA,NA,NA,Y,4,0,3,2,A,-,12,21453,A,N,D,C,A,A,H,-,A,A,0,NA,NA,NA,NA,Y,NA,A,07,0,0,3,0,0,0,0,0,0,-,-,33.99071,-117.92439,LOS ANGELES,UNINCORPORATED,-117.92433003,33.99042008
90168242,2016,2016-04-28,9580,2016-04-23,1330,020400,NA,6,1,9,1900,0,1,2,NA,2,106,US-101 N/B (VENTURA FREEWAY),MUREAU RD,500,N,N,A,-,Y,NA,NA,101,NA,NA,NA,NA,NA,N,Y,4,0,2,2,A,-,03,22350,NA,N,C,C,A,A,H,-,A,D,0,NA,NA,NA,NA,Y,NA,A,01,0,0,2,0,0,0,0,0,0,-,-,34.15009,-118.67541,LOS ANGELES,UNINCORPORATED,-118.67545161,34.14996806
90168248,2016,2016-04-28,9565,2016-04-20,2150,021171,NA,3,2,7,1942,0,1,1,NA,2,082,I-10 E/B (SANTA MONICA FREEWAY),GATEWAY BOULEVARD,100,E,N,A,-,Y,NA,NA,10,NA,NA,NA,NA,NA,E,N,4,0,1,2,A,-,03,22350,NA,N,C,C,A,A,H,-,C,D,0,NA,NA,NA,NA,Y,NA,D,22,0,0,1,0,0,0,0,0,0,-,-,34.0302,-118.4404,LOS ANGELES,LOS ANGELES,-118.44040492,34.03023465
90168257,2016,2016-04-29,9535,2016-04-23,1215,021052,NA,6,1,6,1922,0,1,1,NA,2,401,I-10 W/B (SAN BERNARDINO FREEWAY),SANTA ANITA AVE.,1790,E,N,A,-,Y,NA,NA,10,NA,NA,NA,NA,NA,W,Y,3,0,2,2,A,-,07,21658,A,N,B,C,A,A,H,-,A,D,0,NA,NA,NA,NA,Y,NA,A,01,0,1,1,0,0,0,0,0,0,-,-,34.0681,-118.0271,LOS ANGELES,EL MONTE,-118.0271014,34.06813942
9016827,2020,2020-02-25,1942,2020-01-19,0345,33223,1596,7,5,7,1942,0,0,0,O,0,15A67,LAUREL CANYON BL,S DONA PEGITA DR,300,S,N,A,-,N,NA,NA,NA,NA,NA,NA,NA,NA,NA,N,4,0,1,1,A,-,08,22107,NA,N,E,I,A,A,H,-,C,D,0,NA,NA,NA,NA,Y,NA,A,01,0,0,1,0,0,0,0,0,0,-,-,NA,NA,LOS ANGELES,LOS ANGELES,-118.38053894042967,34.13075256347656
9016828,2020,2020-09-03,1942,2020-01-16,0720,27792,1526,4,5,7,1942,0,0,0,O,0,15A39,COLFAX AV,OXNARD ST,0,NA,Y,A,-,N,NA,NA,NA,NA,NA,NA,NA,NA,NA,N,4,0,1,2,A,-,12,21453,A,N,D,G,A,A,H,-,A,A,0,NA,Y,NA,NA,Y,NA,-,-,0,0,1,0,0,0,1,0,0,-,-,NA,NA,LOS ANGELES,LOS ANGELES,-118.38780212402344,34.17940902709961
9016831,2020,2020-02-25,1942,2020-01-18,0130,38119,1538,6,5,7,1942,0,0,0,O,0,15A39,BURBANK BL,VINELAND AV,100,E,N,A,-,N,NA,NA,NA,NA,NA,NA,NA,NA,NA,Y,4,0,1,2,A,-,09,21804,A,N,D,C,A,A,H,-,C,D,0,NA,NA,NA,NA,Y,NA,A,01,0,0,1,0,0,0,0,0,0,-,-,NA,NA,LOS ANGELES,LOS ANGELES,-118.36997222900392,34.17216110229492
9016832,2020,2020-02-25,1942,2020-01-12,0945,42658,1512,7,5,7,1942,0,0,0,O,0,15A21,COLDWATER CANYON,KITTRIDGE ST,25,S,N,A,-,N,NA,NA,NA,NA,NA,NA,NA,NA,NA,N,4,0,1,2,A,-,03,22350,NA,N,C,C,A,A,H,-,A,D,0,NA,NA,NA,NA,Y,NA,A,01,0,0,1,0,0,0,0,0,0,-,-,NA,NA,LOS ANGELES,LOS ANGELES,-118.41380310058594,34.190250396728516
9016835,2020,2020-02-25,1942,2020-01-17,0940,42615,1532,5,5,7,1942,0,0,0,O,0,15A27,LAUREL CANYON BL,ERWIN ST,100,S,N,A,-,N,NA,NA,NA,NA,NA,NA,NA,NA,NA,N,3,0,1,2,A,-,06,21750,A,N,B,G,A,A,H,-,A,D,0,NA,Y,NA,NA,Y,NA,A,08,0,1,0,0,0,0,1,0,0,-,-,NA,NA,LOS ANGELES,LOS ANGELES,-118.3965301513672,34.18282699584961
9016836,2020,2020-02-25,1942,2020-01-20,1355,30702,1583,1,5,7,1942,0,0,0,O,0,15A85,VENTURA BL,RADFORD AV,185,E,N,A,-,N,NA,NA,NA,NA,NA,NA,NA,NA,NA,N,2,0,1,2,A,-,11,21955,NA,N,G,B,D,A,H,-,A,-,0,Y,NA,NA,NA,Y,Y,N,60,1,0,0,0,1,0,0,0,0,-,-,NA,NA,LOS ANGELES,LOS ANGELES,-118.3923110961914,34.14339828491211
9016839,2020,2020-02-25,1942,2020-01-15,1645,40695,1513,3,5,7,1942,0,0,0,O,0,15ELI,WHITSETT AV,VOSE ST,0,NA,Y,A,-,N,NA,NA,NA,NA,NA,NA,NA,NA,NA,N,4,0,2,2,A,-,04,21703,NA,N,C,C,A,A,H,-,B,A,0,NA,NA,NA,NA,Y,NA,A,07,0,0,2,0,0,0,0,0,0,-,-,NA,NA,LOS ANGELES,LOS ANGELES,-118.40525817871094,34.19845199584961
9016840,2020,2020-02-25,1942,2020-01-13,0735,39157,1526,1,5,7,1942,0,0,0,O,0,15A27,HAMLIN ST,BECK AV,0,NA,Y,A,-,N,NA,NA,NA,NA,NA,NA,NA,NA,NA,N,3,0,2,2,A,-,09,21802,A,N,D,C,A,A,H,-,A,A,0,NA,NA,NA,NA,Y,NA,A,01,0,2,0,0,0,0,0,0,0,-,-,NA,NA,LOS ANGELES,LOS ANGELES,-118.38343048095705,34.18852996826172
9016843,2020,2020-02-25,1942,2020-01-17,0925,37287,15,5,5,7,1942,0,0,0,O,0,NA,MAGNOLIA BL,MORELLA AV,150,W,N,A,-,N,NA,NA,NA,NA,NA,NA,NA,NA,NA,Y,4,0,2,2,A,-,09,21804,A,N,D,C,A,A,C,-,A,D,0,NA,NA,NA,NA,Y,NA,A,01,0,0,2,0,0,0,0,0,0,-,-,NA,NA,LOS ANGELES,LOS ANGELES,-118.39049530029295,34.16489028930664
9016844,2020,2020-02-25,1942,2020-01-11,1600,38191,1551,6,5,7,1942,0,0,0,O,0,15A43,RIVERSIDE DR,WHITSETT AV,0,NA,Y,A,-,N,NA,NA,NA,NA,NA,NA,NA,NA,NA,Y,3,0,2,2,A,-,09,21801,A,N,B,C,A,A,H,-,A,A,0,NA,NA,NA,NA,Y,NA,A,07,0,1,1,0,0,0,0,0,0,-,-,NA,NA,LOS ANGELES,LOS ANGELES,-118.40525817871094,34.15761184692383
9016845,2020,2020-02-24,1900,2020-01-24,1200,641006,2263,5,5,2,1993,0,0,0,NA,0,225,THOUSAND OAKS BL,LINDERO CANYON BL,30,W,N,A,-,N,NA,NA,NA,NA,NA,NA,NA,NA,NA,Y,4,0,1,3,A,-,03,22350,NA,N,C,C,A,A,H,-,A,A,0,NA,NA,NA,NA,Y,NA,-,NA,0,0,1,0,0,0,0,0,0,-,-,34.15480041503906,-118.79438018798828,LOS ANGELES,WESTLAKE VILLAGE,-118.79509735107422,34.15601348876953