CASE_ID,ACCIDENT_YEAR,PROC_DATE,JURIS,COLLISION_DATE,COLLISION_TIME,OFFICER_ID,REPORTING_DISTRICT,DAY_OF_WEEK,CHP_SHIFT,POPULATION,CNTY_CITY_LOC,SPECIAL_COND,BEAT_TYPE,CHP_BEAT_TYPE,CITY_DIVISION_LAPD,CHP_BEAT_CLASS,BEAT_NUMBER,PRIMARY_RD,SECONDARY_RD,DISTANCE,DIRECTION,INTERSECTION,WEATHER_1,WEATHER_2,STATE_HWY_IND,CALTRANS_COUNTY,CALTRANS_DISTRICT,STATE_ROUTE,ROUTE_SUFFIX,POSTMILE_PREFIX,POSTMILE,LOCATION_TYPE,RAMP_INTERSECTION,SIDE_OF_HWY,TOW_AWAY,COLLISION_SEVERITY,NUMBER_KILLED,NUMBER_INJURED,PARTY_COUNT,PRIMARY_COLL_FACTOR,PCF_CODE_OF_VIOL,PCF_VIOL_CATEGORY,PCF_VIOLATION,PCF_VIOL_SUBSECTION,HIT_AND_RUN,TYPE_OF_COLLISION,MVIW,PED_ACTION,ROAD_SURFACE,ROAD_COND_1,ROAD_COND_2,LIGHTING,CONTROL_DEVICE,CHP_ROAD_TYPE,PEDESTRIAN_ACCIDENT,BICYCLE_ACCIDENT,MOTORCYCLE_ACCIDENT,TRUCK_ACCIDENT,NOT_PRIVATE_PROPERTY,ALCOHOL_INVOLVED,STWD_VEHTYPE_AT_FAULT,CHP_VEHTYPE_AT_FAULT,COUNT_SEVERE_INJ,COUNT_VISIBLE_INJ,COUNT_COMPLAINT_PAIN,COUNT_PED_KILLED,COUNT_PED_INJURED,COUNT_BICYCLIST_KILLED,COUNT_BICYCLIST_INJURED,COUNT_MC_KILLED,COUNT_MC_INJURED,PRIMARY_RAMP,SECONDARY_RAMP,LATITUDE,LONGITUDE,COUNTY,CITY,POINT_X,POINT_Y
90171089,2016,2016-05-02,9535,2016-03-05,2250,020851,NA,6,3,1,1973,0,1,1,NA,2,072,I-710 (LONG BEACH FREEWAY) N/B,BANDINI BLVD,200,N,N,B,-,Y,NA,NA,710,NA,NA,NA,NA,NA,N,Y,4,0,1,2,A,-,07,21658,A,M,B,C,A,B,H,-,C,D,0,NA,NA,NA,Y,Y,NA,F,25,0,0,1,0,0,0,0,0,0,-,-,34.00113,-118.17436,LOS ANGELES,VERNON,-118.17440643,34.00115832
90171090,2016,2016-05-03,9535,2016-03-06,2310,020816,NA,7,3,5,1959,0,1,1,NA,2,400,I-10 (SAN BERNARDINO FREEWAY) E/B,WALNUT GROVE AVE,300,W,N,B,-,Y,NA,NA,10,NA,NA,NA,NA,NA,E,Y,3,0,1,2,A,-,01,23152,A,N,C,C,A,A,H,-,A,D,0,NA,NA,NA,NA,Y,Y,A,01,0,1,0,0,0,0,0,0,0,-,-,34.07192,-118.08484,LOS ANGELES,ROSEMEAD,-118.0848399,34.07190371
90171091,2016,2016-05-03,9550,2016-04-23,1205,021042,NA,6,1,5,1919,0,1,3,NA,2,091,SR-91 EB TO I-605 SB,ARTESIA BOULEVARD,505,N,N,A,-,Y,NA,NA,91,NA,NA,NA,R,NA,E,Y,3,0,1,3,A,-,03,22350,NA,F,C,C,A,A,H,-,A,D,0,NA,NA,NA,NA,Y,NA,-,99,0,1,0,0,0,0,0,0,0,-,-,33.87452,-118.10357,LOS ANGELES,CERRITOS,-118.10357,33.87452
90171099,2016,2016-05-03,9590,2016-02-15,1340,016797,NA,1,1,7,1942,0,1,1,NA,2,021,I-10 W/B (SAN BERNARDINO FREEWAY),STATE STREET,500,E,N,A,-,Y,NA,NA,NA,NA,NA,NA,NA,NA,NA,Y,3,0,4,5,A,-,07,21658,A,N,B,C,A,A,H,-,A,D,0,NA,NA,NA,NA,Y,NA,A,07,0,2,2,0,0,0,0,0,0,-,-,34.31645,-118.12372,LOS ANGELES,LOS ANGELES,-118.21409834,34.05086491
90171106,2016,2016-05-03,9530,2016-04-28,1235,014451,NA,4,1,9,1900,0,3,5,NA,2,001,SLAUSON AVE (1100 BLOCK),CENTRAL AVE.,65,E,N,A,-,N,NA,NA,NA,NA,NA,NA,NA,NA,NA,N,4,0,1,2,A,-,09,21804,A,F,D,G,A,A,H,-,A,D,0,NA,Y,NA,NA,Y,NA,-,99,0,0,1,0,0,0,1,0,0,-,-,33.98956,-118.25641,LOS ANGELES,UNINCORPORATED,-118.256246,33.98934
90171108,2016,2016-05-03,9565,2016-04-25,1500,020495,NA,1,2,7,1942,0,1,1,NA,2,083,I-10 E/B (SANTA MONICA FREEWAY),ROBERTSON BOULEVARD,850,W,N,A,-,Y,NA,NA,10,NA,NA,NA,NA,NA,E,Y,4,0,2,2,A,-,07,21658,A,N,B,C,A,A,H,-,A,D,0,NA,NA,NA,NA,Y,NA,A,07,0,0,2,0,0,0,0,0,0,-,-,34.0368,-118.37754,LOS ANGELES,LOS ANGELES,-118.37753743,34.03682462
90171111,2016,2016-05-03,9575,2016-04-15,1935,021026,NA,5,2,9,1900,0,2,4,NA,2,023,FAIR OAKS AVE.,WOODBURY RD.,80,N,N,A,-,N,NA,NA,NA,NA,NA,NA,NA,NA,NA,N,4,0,1,3,A,-,01,23152,A,F,C,C,A,A,H,-,C,D,0,NA,NA,NA,NA,Y,Y,A,01,0,0,1,0,0,0,0,0,0,-,-,34.18347,-119.15111,LOS ANGELES,UNINCORPORATED,-118.15083,34.18345937
90171112,2016,2016-05-03,9575,2016-04-28,1630,020729,NA,4,2,9,1900,0,3,5,NA,2,001,WALTONIA DRIVE,MONTROSE AVE,5,E,N,A,-,N,NA,NA,NA,NA,NA,NA,NA,NA,NA,N,4,0,2,3,A,-,09,21453,B,N,G,B,B,A,H,-,A,A,0,Y,NA,NA,NA,Y,NA,A,01,0,0,2,0,2,0,0,0,0,-,-,34.20662,-118.22452,LOS ANGELES,UNINCORPORATED,-118.22469431,34.20648424
90171115,2016,2016-05-03,9530,2016-05-02,1645,018200,NA,1,2,5,1977,0,1,3,NA,2,310,SR-91 E/B (ARTESIA FREEWAY),MAIN ST.,300,E,N,A,-,Y,NA,NA,NA,NA,NA,NA,NA,NA,NA,Y,4,0,2,3,A,-,03,22350,NA,M,C,C,A,A,H,-,A,D,0,NA,NA,NA,NA,Y,NA,A,01,0,0,2,0,0,0,0,0,0,-,-,33.87147,-118.27302,LOS ANGELES,CARSON,-118.2745041,33.87256758
90171125,2016,2016-05-03,9530,2016-05-02,0835,019792,NA,1,1,7,1942,0,1,1,NA,2,110,I-110 S/B (HARBOR FREEWAY),111TH PL.,20,S,N,A,-,Y,NA,NA,110,NA,NA,NA,NA,NA,S,Y,3,0,7,1,A,-,08,22107,NA,N,E,I,A,A,H,-,E,D,0,NA,NA,NA,NA,Y,NA,A,01,0,6,1,0,0,0,0,0,0,-,-,33.9339,-118.2804,LOS ANGELES,LOS ANGELES,-118.2805567,33.933923300000004
90171131,2016,2016-05-03,9575,2016-04-28,1620,021144,NA,4,2,7,1942,0,1,1,NA,2,053,I-5 N/B (GOLDEN STATE FREEWAY),VAN NUYS,1400,S,N,A,-,Y,NA,NA,5,NA,NA,NA,NA,NA,N,Y,4,0,1,2,A,-,03,22350,NA,N,C,C,A,A,H,-,A,D,0,NA,NA,NA,NA,Y,NA,A,07,0,0,1,0,0,0,0,0,0,-,-,34.25286,-118.43083,LOS ANGELES,LOS ANGELES,-118.43085075,34.25283845
90171136,2016,2016-05-03,9530,2016-05-02,1515,016110,NA,1,2,9,1900,0,3,5,NA,2,002,SAN PEDRO ST.,126TH ST.,0,NA,Y,A,-,N,NA,NA,NA,NA,NA,NA,NA,NA,NA,Y,4,0,1,2,A,-,03,22350,NA,N,C,C,A,A,H,-,A,D,0,NA,NA,NA,NA,Y,NA,A,01,0,0,1,0,0,0,0,0,0,-,-,33.9187,-118.2696,LOS ANGELES,UNINCORPORATED,-118.2696001,33.91885011
90171146,2016,2016-05-19,9530,2016-05-02,0755,016110,NA,1,1,7,1942,0,3,5,NA,2,002,"WILLOWBROOK AVE., WEST",EL SEGUNDO BLVD.,0,NA,Y,A,-,N,NA,NA,NA,NA,NA,NA,NA,NA,NA,Y,4,0,3,2,A,-,09,21801,A,N,A,C,A,B,H,-,A,A,0,NA,NA,NA,NA,Y,NA,A,08,0,0,3,0,0,0,0,0,0,-,-,33.9158,-118.2315,LOS ANGELES,LOS ANGELES,-118.2316801,33.91620003
9017116,2020,2020-06-09,1942,2020-02-19,1915,43371,2079,3,5,7,1942,0,0,0,NA,0,20A97,W VENICE BL,MENLO AV,0,NA,Y,A,-,N,NA,NA,NA,NA,NA,NA,NA,NA,NA,Y,3,0,1,2,A,-,09,21802,A,N,D,C,A,A,H,-,C,D,0,NA,NA,Y,NA,Y,NA,D,22,0,1,0,0,0,0,0,0,1,-,-,NA,NA,LOS ANGELES,LOS ANGELES,-118.29042816162108,34.04425811767578
90171163,2016,2016-05-03,9590,2016-02-20,1535,021190,NA,6,2,7,1942,0,1,1,NA,2,061,I-10 W/B (SANTA MONICA FREEWAY),WASHINGTON BOULEVARD,400,E,N,A,-,Y,NA,NA,10,NA,NA,NA,NA,NA,W,Y,3,0,1,1,A,-,03,22350,NA,N,E,J,A,A,H,-,A,D,0,NA,NA,NA,NA,Y,NA,A,01,0,1,0,0,0,0,0,0,0,-,-,34.03396,-118.36106,LOS ANGELES,LOS ANGELES,-118.36106091,34.0339166
90171167,2016,2016-05-03,9575,2016-04-27,0800,017354,NA,3,1,6,1925,0,1,3,NA,2,090,SR-2 W/B (GLENDALE FREEWAY),FERN LN. U/C,600,W,N,A,-,Y,NA,NA,2,NA,NA,NA,NA,NA,W,Y,4,0,2,3,A,-,07,21658,A,N,B,C,A,A,H,-,A,D,0,NA,NA,NA,Y,Y,NA,G,25,0,0,2,0,0,0,0,0,0,-,-,34.1809,-118.21958,LOS ANGELES,GLENDALE,-118.21952103,34.18086707
90171191,2016,2016-05-03,9530,2016-04-19,0715,021041,NA,2,1,7,1941,1,4,S,NA,2,901,HARDING STREET,LEMON AVE,0,NA,Y,A,-,N,NA,NA,NA,NA,NA,NA,NA,NA,NA,Y,4,0,3,2,A,-,09,21802,A,N,D,C,A,A,H,-,A,A,0,NA,NA,NA,NA,Y,NA,A,01,0,0,3,0,0,0,0,0,0,-,-,33.86721,-118.17922,LOS ANGELES,LONG BEACH,-118.17923012,33.86735011
90171197,2016,2016-05-03,9590,2016-02-20,0555,017586,NA,6,3,7,1942,0,1,1,NA,2,052,I-110 N/B (HARBOR FREEWAY),1ST ST,100,S,N,A,-,Y,NA,NA,110,NA,NA,NA,NA,NA,N,Y,3,0,2,3,A,-,03,22350,NA,N,C,C,A,A,D,-,C,D,0,NA,NA,NA,NA,Y,NA,A,01,0,1,1,0,0,0,0,0,0,-,-,34.05829,-118.25361,LOS ANGELES,LOS ANGELES,-118.25365693,34.05833852
9017120,2020,2020-05-15,1942,2020-01-18,1945,43971,NA,6,5,7,1942,0,0,0,NA,0,1406,VENICE BL,MOTOR AV,0,NA,Y,A,-,N,NA,NA,NA,NA,NA,NA,NA,NA,NA,N,4,0,1,2,A,-,08,22100,A,N,B,C,A,A,H,-,C,A,0,NA,NA,NA,NA,Y,NA,A,01,0,0,1,0,0,0,0,0,0,-,-,NA,NA,LOS ANGELES,LOS ANGELES,-118.40396881103516,34.02048873901367
90171200,2016,2016-05-03,9535,2016-03-27,2235,017781,NA,7,3,3,1914,0,1,1,NA,2,501,I-5 (SANTA ANA FREEWAY) S/B,TRIGGS ST.,1584,N,N,B,-,Y,NA,NA,NA,NA,NA,NA,NA,NA,NA,N,4,0,1,2,A,-,03,22350,NA,N,C,C,A,A,H,-,C,D,0,NA,NA,NA,NA,Y,NA,A,01,0,0,1,0,0,0,0,0,0,-,-,34.0046,-118.09518,LOS ANGELES,COMMERCE,-118.16431457,34.01265431
90171202,2016,2016-05-03,9550,2016-04-27,1735,020741,NA,3,2,9,1900,0,1,3,NA,2,600,STATE ROUTE 60 E/B (POMONA FREEWAY),HACIENDA BOULEVARD,1000,W,N,A,-,Y,NA,NA,60,NA,NA,NA,NA,NA,E,Y,4,0,1,3,A,-,03,22350,NA,N,C,C,A,A,H,-,A,D,0,NA,NA,NA,NA,Y,NA,A,01,0,0,1,0,0,0,0,0,0,-,-,34.00773,-117.96803,LOS ANGELES,UNINCORPORATED,-117.9679706,34.00791752
90171207,2016,2016-05-03,9535,2016-04-07,0740,015336,NA,4,1,9,1900,0,3,5,NA,2,001,BEVERLY BLVD. (5400 BLOCK),MARGARET AVE,38,E,N,B,-,N,NA,NA,NA,NA,NA,NA,NA,NA,NA,Y,3,0,2,3,A,-,03,22350,NA,N,C,C,A,A,H,-,A,A,0,NA,NA,NA,NA,Y,NA,A,07,0,2,0,0,0,0,0,0,0,-,-,34.02961,-118.14949,LOS ANGELES,UNINCORPORATED,-118.14940798,34.02955964
90171208,2016,2016-05-03,9540,2016-04-27,0910,015093,NA,3,1,9,1900,0,1,3,NA,1,143,SR-14 S/B TO I-5 S/B (HOV LANE),SIERRA HIGHWAY,1056,S,N,A,-,Y,NA,NA,NA,NA,NA,NA,NA,NA,NA,N,4,0,1,2,A,-,03,22350,NA,N,C,C,A,A,H,-,A,D,0,NA,NA,NA,NA,Y,NA,A,07,0,0,1,0,0,0,0,0,0,-,-,34.32291,-118.50596,LOS ANGELES,UNINCORPORATED,-118.50902493,34.33642098
90171209,2016,2016-05-03,9590,2016-02-20,1005,017586,NA,6,1,7,1942,0,1,1,NA,2,052,I-110 N/B (HARBOR FREEWAY),7TH ST.,50,N,N,A,-,Y,NA,NA,NA,NA,NA,NA,NA,NA,NA,Y,4,0,2,2,A,-,03,22350,NA,N,C,C,A,A,H,-,A,D,0,NA,NA,NA,NA,Y,NA,A,01,0,0,2,0,0,0,0,0,0,-,-,34.04975,-118.26156,LOS ANGELES,LOS ANGELES,NA,NA
90171211,2016,2016-05-03,9550,2016-04-22,2105,020959,NA,5,2,6,1920,0,1,1,NA,2,150,INTERSTATE 105 W/B (CENTURY FREEEWAY),BELLFLOWER BLVD,2025,E,N,A,-,Y,NA,NA,105,NA,NA,NA,NA,NA,W,Y,4,0,1,2,A,-,07,21658,A,N,B,C,A,A,H,-,C,D,0,NA,NA,NA,Y,Y,NA,A,07,0,0,1,0,0,0,0,0,0,-,-,33.91381,-118.11868,LOS ANGELES,DOWNEY,-118.11868074,33.9138255
9017122,2020,2020-06-04,1942,2020-02-09,1130,43133,0379,7,5,7,1942,0,0,0,C,0,25TL25,MARTIN LUTHER KING BL,WALTON AV,0,NA,Y,A,-,N,NA,NA,NA,NA,NA,NA,NA,NA,NA,Y,4,0,2,2,A,-,09,21804,A,N,D,C,A,A,H,-,A,D,0,NA,NA,NA,NA,Y,NA,A,01,0,0,2,0,0,0,0,0,0,-,-,NA,NA,LOS ANGELES,LOS ANGELES,-118.29409790039064,34.01087188720703
90171242,2016,2016-05-03,9590,2016-03-15,1025,016243,NA,2,1,7,1942,0,1,1,NA,2,085,I-5 S/B,FLETCHER DRIVE,95,N,N,A,-,Y,NA,NA,5,NA,NA,NA,NA,NA,S,Y,3,0,2,3,A,-,03,22350,NA,N,C,C,A,A,H,-,A,D,0,NA,NA,NA,NA,Y,NA,A,01,0,1,1,0,0,0,0,0,0,-,-,34.10685,-118.25639,LOS ANGELES,LOS ANGELES,-118.25637425,34.10687911
90171249,2016,2016-05-24,9530,2016-05-01,2120,021191,NA,7,2,5,1915,0,1,3,NA,2,310,SR-91 E/B TO ACACIA AVENUE,ACACIA AVE.,42,E,N,A,-,Y,NA,NA,91,NA,NA,NA,R,NA,E,Y,3,0,1,1,A,-,03,22350,NA,N,E,J,A,A,H,-,C,D,0,NA,NA,NA,NA,Y,NA,D,22,0,1,0,0,0,0,0,0,0,-,-,33.87374,-118.22465,LOS ANGELES,COMPTON,-118.22465,33.87374
90171254,2016,2016-05-03,9535,2016-04-28,1825,019540,NA,4,2,5,1943,0,1,1,NA,2,074,I-710 N/B (LONG BEACH FREEWAY),I-105,500,N,N,A,-,Y,NA,NA,710,NA,NA,NA,NA,NA,N,N,4,0,1,2,A,-,03,22350,NA,N,C,C,A,A,H,-,A,D,0,NA,NA,NA,NA,Y,NA,A,01,0,0,1,0,0,0,0,0,0,-,-,33.917,-118.17906,LOS ANGELES,LYNWOOD,-118.17905174,33.91699814
90171256,2016,2016-05-03,9540,2016-04-27,1610,019545,NA,3,2,9,1900,0,2,4,NA,2,010,THE OLD ROAD,MARKET DRIVE SOUTH,82,N,N,A,-,N,NA,NA,NA,NA,NA,NA,NA,NA,NA,Y,4,0,3,3,A,-,03,22350,NA,N,C,C,A,A,H,-,A,D,0,NA,NA,NA,NA,Y,NA,A,08,0,0,3,0,0,0,0,0,0,-,-,34.38308,-118.57122,LOS ANGELES,UNINCORPORATED,NA,NA
9017126,2020,2020-06-04,1942,2020-02-05,2055,40110,0395,3,5,7,1942,0,0,0,C,0,NA,WESTERN AV,VERNON AV,0,NA,Y,A,-,N,NA,NA,NA,NA,NA,NA,NA,NA,NA,Y,4,0,1,2,A,-,12,21453,A,N,D,C,A,A,H,-,C,A,0,NA,NA,NA,NA,Y,NA,A,01,0,0,1,0,0,0,0,0,0,-,-,NA,NA,LOS ANGELES,LOS ANGELES,-118.30892944335938,34.003719329833984
90171275,2016,2016-05-03,9565,2016-04-29,1521,020442,NA,5,2,9,1900,0,1,1,NA,2,060,I-405 S/B (SAN DIEGO FWY.),LENNOX BLVD.,500,N,N,A,-,Y,NA,NA,405,NA,NA,NA,NA,NA,S,N,4,0,2,3,A,-,03,22350,NA,N,C,C,A,A,H,-,A,D,0,NA,NA,NA,NA,Y,NA,A,07,0,0,2,0,0,0,0,0,0,-,-,33.9409,-118.3685,LOS ANGELES,UNINCORPORATED,-118.36856291,33.94089959
90171288,2016,2016-05-03,9535,2016-04-28,1330,019135,NA,4,1,3,1914,0,1,1,NA,2,501,I-5 (SANTA ANA FREEWAY) S/B,ATLANTIC BLVD,100,S,N,A,-,Y,NA,NA,5,NA,NA,NA,NA,NA,S,Y,4,0,1,3,A,-,03,22350,NA,N,C,C,A,A,H,-,A,D,0,NA,NA,NA,NA,Y,NA,D,22,0,0,1,0,0,0,0,0,0,-,-,34.00839,-118.15824,LOS ANGELES,COMMERCE,-118.15829389,34.00833036
90171290,2016,2016-05-03,9545,2016-04-18,0720,016936,NA,1,1,9,1900,1,3,5,NA,2,001,90TH ST. EAST,AVENUE H,550,N,N,A,-,N,NA,NA,NA,NA,NA,NA,NA,NA,NA,N,4,0,1,2,A,-,04,21703,NA,N,C,C,A,A,H,-,A,D,0,NA,NA,NA,NA,Y,NA,A,01,0,0,1,0,0,0,0,0,0,-,-,34.72008,-118.28958,LOS ANGELES,UNINCORPORATED,-117.96975652,34.72123664
9017130,2020,2020-06-04,1942,2020-02-06,0900,41688,0315,4,5,7,1942,0,0,0,C,0,12A31,ADAMS BL,GRAMERCY PL,0,NA,Y,A,-,N,NA,NA,NA,NA,NA,NA,NA,NA,NA,N,4,0,1,2,A,-,21,22106,NA,N,G,B,B,A,H,-,A,A,0,Y,NA,NA,NA,Y,NA,A,01,0,0,1,0,1,0,0,0,0,-,-,NA,NA,LOS ANGELES,LOS ANGELES,-118.31333160400392,34.03266143798828
90171314,2016,2016-05-03,9565,2016-04-30,1630,020439,NA,6,2,7,1942,0,1,1,NA,2,063,I-405 N/B (SAN DIEGO FWY),MONTANA AVE,240,N,N,B,-,Y,NA,NA,405,NA,NA,NA,NA,NA,N,N,4,0,1,2,A,-,03,22350,NA,N,C,C,A,A,H,-,A,D,0,NA,NA,NA,NA,Y,NA,A,01,0,0,1,0,0,0,0,0,0,-,-,34.06775,-118.46225,LOS ANGELES,LOS ANGELES,-118.4621652,34.06782541
90171337,2016,2016-05-03,9530,2016-04-05,1100,014451,NA,2,1,7,1942,0,3,5,NA,2,001,COMPTON AVE (6300 BLOCK),64TH ST.,45,N,N,A,-,N,NA,NA,NA,NA,NA,NA,NA,NA,NA,N,4,0,1,2,A,-,11,21954,A,F,B,B,E,A,H,-,A,D,0,Y,NA,NA,NA,Y,NA,N,60,0,0,1,0,1,0,0,0,0,-,-,33.98102,-118.24764,LOS ANGELES,LOS ANGELES,-118.24772548,33.98173333
90171338,2016,2016-05-03,9575,2016-03-23,1955,021026,NA,3,2,9,1900,0,2,4,NA,2,028,MARENGO AVE.,MARIPOSA ST.,0,NA,Y,A,-,N,NA,NA,NA,NA,NA,NA,NA,NA,NA,N,4,0,1,2,A,-,12,22450,A,N,D,C,A,A,H,-,C,D,0,NA,NA,NA,NA,Y,NA,-,-,0,0,1,0,0,0,0,0,0,-,-,34.19127,-118.14203,LOS ANGELES,UNINCORPORATED,-118.1419401,34.19114002
9017134,2020,2020-06-04,1942,2020-02-08,1505,42758,0308,6,5,7,1942,0,0,0,C,0,3A19,29TH ST,MENLO AV,180,E,N,A,-,N,NA,NA,NA,NA,NA,NA,NA,NA,NA,N,4,0,1,2,A,-,09,21804,A,N,D,C,A,A,H,-,A,A,0,NA,NA,NA,NA,Y,NA,A,01,0,0,1,0,0,0,0,0,0,-,-,NA,NA,LOS ANGELES,LOS ANGELES,-118.28973388671876,34.028411865234375
9017137,2020,2020-05-29,1942,2020-02-10,0640,43817,321,1,5,7,1942,0,0,0,NA,0,3A99W2,LA CIENEGA BL,OBAMA BLVD,500,S,N,A,-,N,NA,NA,NA,NA,NA,NA,NA,NA,NA,N,4,0,1,2,A,-,04,21703,NA,N,C,C,A,A,H,-,A,D,0,NA,NA,NA,NA,Y,NA,A,01,0,0,1,0,0,0,0,0,0,-,-,NA,NA,LOS ANGELES,LOS ANGELES,-118.372434,34.020321
90171370,2016,2016-05-03,9530,2016-04-20,2113,020293,NA,3,2,9,1900,0,3,5,NA,2,001,FLORENCE AVE.,MOUNTAIN VIEW AVE.,0,NA,Y,A,-,N,NA,NA,NA,NA,NA,NA,NA,NA,NA,Y,4,0,1,2,A,-,09,21801,A,N,A,C,A,A,H,-,C,A,0,NA,NA,NA,NA,Y,NA,A,01,0,0,1,0,0,0,0,0,0,-,-,33.97341,-118.21756,LOS ANGELES,UNINCORPORATED,-118.21757004,33.97341003
9017138,2020,2020-06-04,1942,2020-02-08,0900,39280,0308,6,5,7,1942,0,0,0,C,0,3A19,W 23RD ST,S UNION AV,118,E,N,A,-,N,NA,NA,NA,NA,NA,NA,NA,NA,NA,N,2,0,1,2,A,-,06,21755,A,N,B,C,A,A,H,-,A,D,0,NA,NA,Y,NA,Y,NA,C,03,1,0,0,0,0,0,0,0,1,-,-,NA,NA,LOS ANGELES,LOS ANGELES,-118.2830810546875,34.034786224365234
90171380,2016,2016-05-03,9545,2016-04-25,2010,016124,NA,1,2,9,1900,0,3,5,NA,2,001,AVENUE L,42ND ST WEST,42,E,N,A,-,N,NA,NA,NA,NA,NA,NA,NA,NA,NA,N,4,0,1,2,A,-,10,21950,A,N,G,B,D,A,H,-,C,D,0,Y,NA,NA,NA,Y,NA,A,01,0,0,1,0,1,0,0,0,0,-,-,34.66016,-118.20564,LOS ANGELES,UNINCORPORATED,-118.20559788,34.6601533
90171401,2016,2016-05-03,9565,2016-04-27,1505,019320,NA,3,2,7,1942,0,1,1,NA,2,063,I-405 SB,WILSHIRE BLVD.,200,N,N,A,-,Y,NA,NA,405,NA,NA,NA,NA,NA,S,Y,4,0,1,3,A,-,03,22350,NA,N,C,C,A,A,H,-,A,D,0,NA,NA,NA,NA,Y,NA,A,01,0,0,1,0,0,0,0,0,0,-,-,34.0604,-118.45601,LOS ANGELES,LOS ANGELES,-118.45601085,34.06039929
90171415,2016,2016-05-03,9530,2016-04-27,0910,021041,NA,3,1,7,1941,0,1,1,NA,2,071,I-710 S/B (LONG BEACH FREEWAY),ARTESIA BLVD.,2112,S,N,A,-,Y,NA,NA,710,NA,NA,NA,NA,NA,S,N,4,0,1,2,A,-,03,22350,NA,N,C,C,A,A,H,-,A,D,0,NA,NA,NA,Y,Y,NA,G,25,0,0,1,0,0,0,0,0,0,-,-,33.87131,-118.19432,LOS ANGELES,LONG BEACH,-118.19435943,33.87132527
9017142,2020,2020-06-04,1942,2020-02-10,1430,42966,0373,1,5,7,1942,0,0,0,C,0,3A98,CRENSHAW BL,MARTIN LUTHER KING BL,348,N,N,A,-,N,NA,NA,NA,NA,NA,NA,NA,NA,NA,N,4,0,1,2,A,-,21,22106,NA,F,C,B,E,A,H,-,A,D,0,Y,NA,NA,NA,Y,NA,-,99,0,0,1,0,1,0,0,0,0,-,-,NA,NA,LOS ANGELES,LOS ANGELES,-118.33511352539064,34.01188278198242
90171444,2016,2016-05-03,9540,2016-05-02,0813,013644,NA,1,1,9,1900,0,2,4,NA,2,081,THE OLD ROAD,RYE CANYON ROAD,630,N,N,A,-,N,NA,NA,NA,NA,NA,NA,NA,NA,NA,Y,4,0,2,2,A,-,09,21801,A,N,D,C,A,A,H,-,A,D,0,NA,NA,NA,NA,Y,NA,A,01,0,0,2,0,0,0,0,0,0,-,-,34.43188,-118.59053,LOS ANGELES,UNINCORPORATED,-118.59052779,34.43168055
90171454,2016,2016-05-03,9530,2016-04-28,0650,021106,NA,4,1,9,1900,0,1,1,NA,2,110,I-110 S/B (HARBOR FREEWAY),ATHENS BLVD.,10,N,N,A,-,Y,NA,NA,110,NA,NA,NA,NA,NA,S,Y,3,0,1,4,A,-,03,22350,NA,N,C,C,A,A,H,-,A,D,0,NA,NA,NA,NA,Y,NA,A,01,0,1,0,0,0,0,0,0,0,-,-,33.9208,-118.2826,LOS ANGELES,UNINCORPORATED,-118.28259417,33.92079537
9017146,2020,2020-06-04,1942,2020-02-01,2200,42866,0362,6,5,7,1942,0,0,0,C,0,3A63,MARTIN LUTHER KING JR BL,COLISEUM ST,0,NA,Y,A,-,N,NA,NA,NA,NA,NA,NA,NA,NA,NA,N,4,0,1,2,A,-,09,21801,A,N,D,D,A,A,H,-,C,A,0,NA,NA,NA,NA,Y,NA,A,01,0,0,1,0,0,0,0,0,0,-,-,NA,NA,LOS ANGELES,LOS ANGELES,-118.3459701538086,34.017478942871094
90171468,2016,2016-05-03,9530,2016-05-02,1530,015615,NA,1,2,9,1900,0,3,5,NA,2,001,GRAHAM AVE. (1700 BLOCK),NADEAU ST.,800,N,N,A,-,N,NA,NA,NA,NA,NA,NA,NA,NA,NA,N,3,0,1,2,A,-,11,21954,A,N,G,B,D,A,H,-,A,D,0,Y,NA,NA,NA,Y,NA,N,60,0,1,0,0,1,0,0,0,0,-,-,33.971,-118.24297,LOS ANGELES,UNINCORPORATED,-118.24305499,33.96961385
9017147,2020,2020-06-04,1942,2020-02-13,1740,43201,2071,4,5,7,1942,0,0,0,NA,0,20A58,SAINT ANDREW,VENICE BL,145,S,N,A,-,N,NA,NA,NA,NA,NA,NA,NA,NA,NA,N,3,0,1,2,A,-,06,21755,A,N,B,G,A,A,H,-,B,D,0,NA,Y,NA,NA,Y,NA,D,22,0,1,0,0,0,0,1,0,0,-,-,NA,NA,LOS ANGELES,LOS ANGELES,-118.31159210205078,34.04317092895508
9017150,2020,2020-06-04,1942,2020-02-10,1900,42993,0317,1,5,7,1942,0,0,0,C,0,3A62,ADAMS BL,BUDLONG AV,0,NA,Y,A,-,N,NA,NA,NA,NA,NA,NA,NA,NA,NA,N,2,0,1,2,A,-,09,21801,A,N,B,A,B,-,H,-,C,A,0,Y,NA,NA,NA,Y,NA,A,01,1,0,0,0,1,0,0,0,0,-,-,NA,NA,LOS ANGELES,LOS ANGELES,-118.29641723632813,34.03276062011719