CASE_ID,ACCIDENT_YEAR,PROC_DATE,JURIS,COLLISION_DATE,COLLISION_TIME,OFFICER_ID,REPORTING_DISTRICT,DAY_OF_WEEK,CHP_SHIFT,POPULATION,CNTY_CITY_LOC,SPECIAL_COND,BEAT_TYPE,CHP_BEAT_TYPE,CITY_DIVISION_LAPD,CHP_BEAT_CLASS,BEAT_NUMBER,PRIMARY_RD,SECONDARY_RD,DISTANCE,DIRECTION,INTERSECTION,WEATHER_1,WEATHER_2,STATE_HWY_IND,CALTRANS_COUNTY,CALTRANS_DISTRICT,STATE_ROUTE,ROUTE_SUFFIX,POSTMILE_PREFIX,POSTMILE,LOCATION_TYPE,RAMP_INTERSECTION,SIDE_OF_HWY,TOW_AWAY,COLLISION_SEVERITY,NUMBER_KILLED,NUMBER_INJURED,PARTY_COUNT,PRIMARY_COLL_FACTOR,PCF_CODE_OF_VIOL,PCF_VIOL_CATEGORY,PCF_VIOLATION,PCF_VIOL_SUBSECTION,HIT_AND_RUN,TYPE_OF_COLLISION,MVIW,PED_ACTION,ROAD_SURFACE,ROAD_COND_1,ROAD_COND_2,LIGHTING,CONTROL_DEVICE,CHP_ROAD_TYPE,PEDESTRIAN_ACCIDENT,BICYCLE_ACCIDENT,MOTORCYCLE_ACCIDENT,TRUCK_ACCIDENT,NOT_PRIVATE_PROPERTY,ALCOHOL_INVOLVED,STWD_VEHTYPE_AT_FAULT,CHP_VEHTYPE_AT_FAULT,COUNT_SEVERE_INJ,COUNT_VISIBLE_INJ,COUNT_COMPLAINT_PAIN,COUNT_PED_KILLED,COUNT_PED_INJURED,COUNT_BICYCLIST_KILLED,COUNT_BICYCLIST_INJURED,COUNT_MC_KILLED,COUNT_MC_INJURED,PRIMARY_RAMP,SECONDARY_RAMP,LATITUDE,LONGITUDE,COUNTY,CITY,POINT_X,POINT_Y
90174617,2016,2016-05-06,9575,2016-04-27,0730,020708,NA,3,1,9,1900,0,2,4,NA,2,082,HUNTINGTON DRIVE,MUSCATEL AVENUE,0,NA,Y,A,-,N,NA,NA,NA,NA,NA,NA,NA,NA,NA,Y,3,0,3,2,A,-,09,21802,A,N,D,C,A,A,H,-,A,A,0,NA,NA,NA,NA,Y,NA,A,07,0,2,1,0,0,0,0,0,0,-,-,34.12958,-118.07937,LOS ANGELES,UNINCORPORATED,-118.0794001,34.12956003
90174630,2016,2016-05-06,9535,2016-03-05,1000,021169,NA,6,1,9,1900,0,2,4,NA,2,022,OLYMPIC BOULEVARD,ATLANTIC BOULEVARD,0,NA,Y,A,-,N,NA,NA,NA,NA,NA,NA,NA,NA,NA,Y,4,0,1,2,A,-,12,21453,A,N,D,C,A,A,H,-,A,A,0,NA,NA,NA,NA,Y,NA,A,01,0,0,1,0,0,0,0,0,0,-,-,34.01632,-118.15849,LOS ANGELES,UNINCORPORATED,-118.15854004,34.01630001
90174647,2016,2016-05-06,9530,2016-04-25,0250,020956,NA,1,3,9,1900,0,3,5,NA,2,001,GRAHAM AVE. (8500 BLOCK),FIRESTONE BLVD.,14,N,N,A,-,N,NA,NA,NA,NA,NA,NA,NA,NA,NA,Y,2,0,1,2,A,-,03,22350,NA,N,C,C,A,A,H,-,C,A,0,NA,NA,NA,NA,Y,NA,D,22,1,0,0,0,0,0,0,0,0,-,-,33.57368,-118.14351,LOS ANGELES,UNINCORPORATED,-118.2431,33.96018839
90174655,2016,2016-05-06,9535,2016-05-05,0805,016021,NA,4,1,9,1900,0,1,1,NA,2,070,I-710 (LONG BEACH FREEWAY) N/B,OLYMPIC BLVD,400,S,N,B,-,Y,NA,NA,710,NA,NA,NA,NA,NA,N,Y,4,0,1,3,A,-,07,21658,A,N,B,C,A,A,H,-,A,D,0,NA,NA,NA,Y,Y,NA,G,25,0,0,1,0,0,0,0,0,0,-,-,34.01774,-118.17305,LOS ANGELES,UNINCORPORATED,-118.17306553,34.01773523
90174658,2016,2016-05-06,9590,2016-05-01,1431,017586,NA,7,2,7,1942,0,1,1,NA,2,065,I-10 W/B (SANTA MONICA FREEWAY),CENTRAL AVE.,100,E,N,A,-,Y,NA,NA,10,NA,NA,NA,NA,NA,W,N,4,0,1,2,A,-,03,22350,NA,N,C,C,A,A,H,-,A,D,0,NA,NA,NA,NA,Y,NA,A,07,0,0,1,0,0,0,0,0,0,-,-,34.02583,-118.24903,LOS ANGELES,LOS ANGELES,-118.24899559,34.02589326
90174663,2016,2016-05-09,9575,2016-05-01,0920,018762,NA,7,1,9,1900,0,1,3,NA,2,302,SR-2 (ANGELES CREST HIGHWAY),CHARLTON FLAT,13200,W,N,A,-,Y,NA,NA,2,NA,NA,NA,NA,NA,NA,Y,3,0,1,1,A,-,03,22350,NA,N,F,A,A,A,H,-,A,D,0,NA,NA,Y,NA,Y,NA,C,02,0,1,0,0,0,0,0,0,1,-,-,34.27794,-118.00561,LOS ANGELES,UNINCORPORATED,-118.00559241,34.27791479
90174664,2016,2016-05-09,9530,2016-02-15,1400,021004,NA,1,2,5,1943,0,1,1,NA,2,210,I-105 E/B (GLENN ANDERSON FWY),LONG BEACH BLVD.,326,E,N,A,-,Y,NA,NA,105,NA,NA,NA,NA,NA,E,Y,4,0,1,2,A,-,03,22350,NA,N,C,C,A,A,H,-,A,D,0,NA,NA,NA,NA,Y,NA,A,01,0,0,1,0,0,0,0,0,0,-,-,33.92356,-118.20757,LOS ANGELES,LYNWOOD,-118.20753986,33.92363154
90174692,2016,2016-05-09,9580,2016-04-21,1350,019611,NA,4,1,3,1994,0,1,S,NA,2,001,US-101 N/B (VENTURA FREEWAY),LINDERO CANYON ROAD,2174,N,N,A,-,Y,NA,NA,NA,NA,NA,NA,NA,NA,NA,Y,4,0,2,3,A,-,03,22350,NA,N,C,C,A,A,H,-,A,D,0,NA,NA,NA,NA,Y,NA,A,01,0,0,2,0,0,0,0,0,0,-,-,34.15115,-118.81087,LOS ANGELES,AGOURA HILLS,-118.81085307,34.15127049
90174693,2016,2016-05-09,9590,2016-04-08,1830,021201,NA,5,2,7,1942,0,1,3,NA,2,031,SR-60 W/B (POMONA FREEWAY),SANTA FE AVE,2000,E,N,C,-,Y,NA,NA,60,NA,NA,NA,NA,NA,W,Y,4,0,1,2,A,-,03,22350,NA,N,C,C,A,B,H,-,B,D,0,NA,NA,NA,NA,Y,NA,A,01,0,0,1,0,0,0,0,0,0,-,-,34.02953,-118.22272,LOS ANGELES,LOS ANGELES,-118.22272089,34.02950555
90174697,2016,2016-05-09,9580,2016-04-24,1245,021077,NA,7,1,7,1942,0,1,2,NA,2,101,US-101 S/B (VENTURA FREEWAY),WOODMAN AVE,100,S,N,A,-,Y,NA,NA,101,NA,NA,NA,NA,NA,S,Y,4,0,1,3,A,-,03,22350,NA,N,C,C,A,A,H,-,A,D,0,NA,NA,NA,NA,Y,NA,A,07,0,0,1,0,0,0,0,0,0,-,-,34.15549,-118.42913,LOS ANGELES,LOS ANGELES,-118.42912987,34.15552038
90174699,2016,2016-05-09,9580,2016-05-01,1855,020876,NA,7,2,9,1900,0,1,3,NA,1,120,SR-1 S/B (PACIFIC COAST HWY.),SR-27 (TOPANGA CYN. BLVD.),400,N,N,A,-,Y,NA,NA,1,NA,NA,NA,NA,NA,S,Y,3,0,1,2,A,-,09,21804,A,N,B,C,A,A,H,-,A,D,0,NA,NA,NA,NA,Y,NA,D,22,0,1,0,0,0,0,0,0,0,-,-,34.03994,-118.58078,LOS ANGELES,UNINCORPORATED,-118.58074758,34.03982363
90174703,2016,2016-05-09,9580,2016-05-04,1635,018322,NA,3,2,7,1942,0,1,3,NA,2,170,SR-118 E/B (RONALD REAGAN FWY.),PORTER RANCH RD,528,W,N,A,-,Y,NA,NA,118,NA,NA,NA,NA,NA,E,Y,4,0,1,2,A,-,03,22350,NA,N,C,C,A,A,H,-,A,D,0,NA,NA,NA,NA,Y,NA,A,01,0,0,1,0,0,0,0,0,0,-,-,34.27329,-118.57074,LOS ANGELES,LOS ANGELES,-118.57073659,34.27337908
90174706,2016,2016-05-09,9580,2016-05-04,1910,020876,NA,3,2,7,1942,0,1,2,NA,2,100,US-101 N/B (VENTURA FREEWAY),LAUREL CANYON BLVD,1000,S,N,A,-,Y,NA,NA,101,NA,NA,NA,NA,NA,N,N,4,0,1,2,A,-,03,22350,NA,N,C,C,A,A,H,-,A,D,0,NA,NA,NA,NA,Y,NA,A,01,0,0,1,0,0,0,0,0,0,-,-,34.15464,-118.39262,LOS ANGELES,LOS ANGELES,-118.39261976,34.15454128
90174711,2016,2016-05-09,9580,2016-05-05,0842,016523,NA,4,1,7,1942,0,1,1,NA,2,407,I-405 S/B (SAN DIEGO FWY),LASSEN ST,200,S,N,A,-,Y,NA,NA,405,NA,NA,NA,NA,NA,S,Y,4,0,3,2,A,-,03,22350,NA,N,C,C,A,A,H,-,A,D,0,NA,NA,NA,NA,Y,NA,A,01,0,0,3,0,0,0,0,0,0,-,-,34.24718,-118.47292,LOS ANGELES,LOS ANGELES,-118.47278593,34.24714967
90174718,2016,2016-05-09,9580,2016-05-05,0735,021187,NA,4,1,7,1942,0,1,2,NA,2,100,US-101 N/B (VENTURA FREEWAY),COLDWATER CANYON AVE,1500,S,N,B,-,Y,NA,NA,101,NA,NA,NA,NA,NA,N,Y,3,0,2,2,A,-,03,22350,NA,N,C,C,A,A,H,-,A,D,0,NA,NA,NA,NA,Y,NA,A,01,0,1,1,0,0,0,0,0,0,-,-,34.15683,-118.40761,LOS ANGELES,LOS ANGELES,-118.40761011,34.15680585
90174719,2016,2016-05-09,9575,2016-04-18,0043,021026,NA,1,3,6,1912,0,1,3,NA,2,044,SR-134 E/B (VENTURA FREEWAY),BOB HOPE DR.,1000,W,N,A,-,Y,NA,NA,NA,NA,NA,NA,NA,NA,NA,Y,2,0,1,1,A,-,08,22107,NA,N,E,I,A,A,H,-,C,D,0,NA,NA,NA,NA,Y,NA,A,01,1,0,0,0,0,0,0,0,0,-,-,34.25275,-118.33026,LOS ANGELES,BURBANK,-118.33353427,34.15233
90174721,2016,2016-05-09,9580,2016-05-05,1315,021187,NA,4,1,7,1942,0,2,S,NA,2,901,PARKING LOT OF 17660 BURBANK BLVD.,BURBANK BLVD,37,E,N,B,-,N,NA,NA,NA,NA,NA,NA,NA,NA,NA,N,4,0,1,1,A,-,08,22107,NA,N,B,I,A,A,H,-,A,D,0,NA,NA,NA,NA,Y,NA,A,01,0,0,1,0,0,0,0,0,0,-,-,34.17219,-118.51837,LOS ANGELES,LOS ANGELES,NA,NA
90174730,2016,2016-05-31,9575,2016-04-23,0000,020771,NA,6,3,9,1900,0,1,3,NA,2,300,SR-2 (ANGELES CREST HIGHWAY),ANGELES FOREST HWY.,1690,W,N,A,-,Y,NA,NA,2,NA,NA,NA,NA,NA,NA,Y,3,0,1,2,A,-,05,21460,A,F,B,C,A,A,H,-,D,D,0,NA,NA,NA,NA,Y,NA,A,01,0,1,0,0,0,0,0,0,0,-,-,34.25988,-118.18929,LOS ANGELES,UNINCORPORATED,-118.18925834,34.26022914
90174734,2016,2016-05-09,9575,2016-04-24,1610,020887,NA,7,2,6,1912,0,1,1,NA,2,051,I-5 S/B (GOLDEN STATE FREEWAY),BURBANK BOULEVARD,500,N,N,A,-,Y,NA,NA,5,NA,NA,NA,NA,NA,S,Y,3,0,3,3,A,-,03,22350,NA,N,C,C,A,A,H,-,A,D,0,NA,NA,NA,NA,Y,NA,A,01,0,1,2,0,0,0,0,0,0,-,-,34.18752,-118.3219,LOS ANGELES,BURBANK,-118.32194043,34.1874543
90174746,2016,2016-05-09,9575,2016-05-06,1425,021188,NA,5,2,7,1942,0,1,3,NA,2,043,SR-134 E/B (VENTURA FREEWAY),FOREST LAWN DR.,1100,E,N,B,-,Y,NA,NA,134,NA,NA,NA,NA,NA,E,Y,4,0,1,3,A,-,03,22350,NA,N,C,C,A,B,H,-,A,D,0,NA,NA,NA,NA,Y,NA,A,01,0,0,1,0,0,0,0,0,0,-,-,34.15561,-118.30734,LOS ANGELES,LOS ANGELES,-118.30736124,34.15569884
90174747,2016,2016-05-09,9590,2016-02-25,1130,016689,NA,4,1,7,1942,0,1,1,NA,2,061,I-10 W/B,BALLONA CREEK,100,W,N,A,-,Y,NA,NA,10,NA,NA,NA,NA,NA,W,Y,4,0,1,3,A,-,03,22350,NA,N,C,C,A,A,H,-,A,D,0,NA,NA,NA,NA,Y,NA,A,01,0,0,1,0,0,0,0,0,0,-,-,34.03601,-118.37227,LOS ANGELES,LOS ANGELES,-118.37228312,34.03594803
90174748,2016,2016-05-09,9590,2016-03-02,0630,011420,NA,3,1,7,1942,0,1,1,NA,2,061,I-10 W/B (SANTA MONICA FWY),ARLINGTON AVE,50,W,N,B,-,Y,NA,NA,10,NA,NA,NA,NA,NA,W,N,4,0,1,2,A,-,07,21658,A,N,B,C,A,A,H,-,A,D,0,NA,NA,Y,NA,Y,NA,A,01,0,0,1,0,0,0,0,0,1,-,-,34.03666,-118.32095,LOS ANGELES,LOS ANGELES,-118.32090476,34.03634435
90174750,2016,2016-05-09,9590,2016-04-12,0530,014234,NA,2,3,7,1942,0,1,1,NA,2,062,I-10 E/B SANTA MONICA FREEWAY,NORMANDIE AVE,400,E,N,A,-,Y,NA,NA,10,NA,NA,NA,NA,NA,E,Y,4,0,1,2,A,-,03,22350,NA,N,C,C,A,A,H,-,C,D,0,NA,NA,NA,NA,Y,NA,A,01,0,0,1,0,0,0,0,0,0,-,-,34.03416,-118.26733,LOS ANGELES,LOS ANGELES,-118.26715323,34.034475810000004
90174757,2016,2016-05-09,9550,2016-04-29,1300,015040,NA,5,1,6,1920,0,1,1,NA,2,500,I-5 S/B (SANTA ANA FREEWAY),I-605 (SAN GABRIEL RIVER FREEWAY),2000,N,N,A,-,Y,NA,NA,5,NA,NA,NA,NA,NA,S,N,4,0,1,3,A,-,03,22350,NA,N,C,C,A,A,H,-,A,D,0,NA,NA,NA,NA,Y,NA,A,01,0,0,1,0,0,0,0,0,0,-,-,33.94608,-118.10003,LOS ANGELES,DOWNEY,-118.09999103,33.94610598
90174768,2016,2016-05-09,9535,2016-05-07,0610,017595,NA,6,1,5,1969,0,1,S,NA,2,904,I-710 (LONG BEACH FREEWAY) S/B,IMPERIAL HWY,300,N,N,C,-,Y,NA,NA,710,NA,NA,NA,NA,NA,S,N,4,0,1,2,A,-,03,22350,NA,N,B,C,A,B,H,-,B,D,0,NA,NA,NA,NA,Y,NA,D,22,0,0,1,0,0,0,0,0,0,-,-,33.93734,-118.17321,LOS ANGELES,SOUTH GATE,-118.17323845,33.93737074
9017477,2020,2020-06-05,1942,2020-02-02,2230,43454,1443,7,5,7,1942,0,0,0,N,0,14A25,VENICE BL,WALGROVE AV,0,NA,Y,A,-,N,NA,NA,NA,NA,NA,NA,NA,NA,NA,N,2,0,1,2,A,-,03,22350,NA,N,C,G,A,A,H,-,C,D,0,NA,Y,NA,NA,Y,NA,-,-,1,0,0,0,0,0,1,0,0,-,-,NA,NA,LOS ANGELES,LOS ANGELES,-118.44642639160156,33.997310638427734
90174778,2016,2016-05-09,9590,2016-04-11,1920,018529,NA,1,2,7,1942,0,1,1,NA,2,061,I-10 W/B,FAIRFAX AVE,100,W,N,A,-,Y,NA,NA,10,NA,NA,NA,NA,NA,W,N,4,0,2,3,A,-,03,22350,NA,N,C,C,A,A,H,-,C,D,0,NA,NA,NA,NA,Y,NA,A,01,0,0,2,0,0,0,0,0,0,-,-,34.03569,-118.37106,LOS ANGELES,LOS ANGELES,-118.37106041,34.03568809
90174785,2016,2016-05-09,9550,2016-04-24,0400,021141,NA,7,3,5,1919,0,1,3,NA,2,092,STATE ROUTE 91 W/B (ARTESIA FREEWAY),NORWALK BOULEVARD,500,W,N,A,-,Y,NA,NA,91,NA,NA,NA,NA,NA,W,Y,4,0,1,2,A,-,03,22350,NA,F,C,C,A,A,H,-,C,D,0,NA,NA,NA,NA,Y,NA,A,01,0,0,1,0,0,0,0,0,0,-,-,33.87664,-118.07443,LOS ANGELES,CERRITOS,-118.07442944,33.87648669
90174787,2016,2016-05-09,9575,2016-05-06,1040,020614,NA,5,1,7,1942,0,1,1,NA,2,061,I-210 E/B (FOOTHILL FREEWAY),SUNLAND BLVD.,2640,E,N,B,-,Y,NA,NA,210,NA,NA,NA,NA,NA,E,Y,3,0,1,1,A,-,08,22107,NA,N,E,I,A,A,H,-,A,D,0,NA,NA,NA,NA,Y,NA,A,01,0,1,0,0,0,0,0,0,0,-,-,34.2487,-118.32216,LOS ANGELES,LOS ANGELES,-118.32210721,34.24871648
90174794,2016,2016-05-09,9535,2016-05-06,1540,019135,NA,5,2,9,1900,0,1,1,NA,2,501,I-5 (SANTA ANA FREEWAY) S/B,INDIANA ST,500,S,N,C,-,Y,NA,NA,5,NA,NA,NA,NA,NA,S,N,3,0,1,2,A,-,08,22107,NA,N,C,C,A,B,H,-,A,D,0,NA,NA,NA,NA,Y,NA,D,22,0,1,0,0,0,0,0,0,0,-,-,34.02001,-118.19018,LOS ANGELES,UNINCORPORATED,-118.19018006,34.0200617
90174795,2016,2016-05-09,9535,2016-05-05,2210,020859,NA,4,3,5,1943,0,1,1,NA,2,075,I-710 S/B  (LONG BEACH FREEWAY),IMPERIAL HWY,200,S,N,C,-,Y,NA,NA,710,NA,NA,NA,NA,NA,S,N,3,0,1,2,A,-,03,22350,NA,N,B,C,A,B,H,-,C,D,0,NA,NA,NA,NA,Y,NA,D,22,0,1,0,0,0,0,0,0,0,-,-,33.92886,-118.17895,LOS ANGELES,LYNWOOD,-118.17885347,33.92887887
90174797,2016,2016-05-09,9535,2016-05-05,2155,021149,NA,4,2,6,1922,0,1,1,NA,2,400,I-10 (SAN BERNARDINO FREEWAY) E/B,RIO HONDO RIVER,150,W,N,C,-,Y,NA,NA,10,NA,NA,NA,NA,NA,E,Y,4,0,1,3,A,-,03,22350,NA,N,D,C,A,B,H,-,C,D,0,NA,NA,NA,NA,Y,NA,A,07,0,0,1,0,0,0,0,0,0,-,-,34.07147,-118.05056,LOS ANGELES,EL MONTE,-118.05053189,34.07153269
9017481,2020,2020-06-05,1942,2020-02-06,1200,41003,1412,4,5,7,1942,0,0,0,N,0,14A11,PACIFIC AV,NAVY ST,0,NA,Y,A,-,N,NA,NA,NA,NA,NA,NA,NA,NA,NA,N,4,0,1,2,A,-,09,21801,A,N,D,C,A,A,H,-,A,B,0,NA,NA,Y,NA,Y,NA,A,01,0,0,1,0,0,0,0,0,1,-,-,NA,NA,LOS ANGELES,LOS ANGELES,-118.47968292236328,33.99702835083008
90174816,2016,2016-05-09,9575,2016-05-06,1540,020846,NA,5,2,7,1942,0,1,3,NA,2,070,SR-118 W/B (RONALD REAGAN FREEWAY),SAN FERNANDO ROAD,150,E,N,C,-,Y,NA,NA,118,NA,NA,NA,NA,NA,W,Y,4,0,3,3,A,-,03,22350,NA,N,D,C,A,B,H,-,A,D,0,NA,NA,NA,NA,Y,NA,A,01,0,0,3,0,0,0,0,0,0,-,-,34.27499,-118.42562,LOS ANGELES,LOS ANGELES,-118.42566481,34.27504458
90174817,2016,2016-05-09,9575,2016-05-07,1225,020846,NA,6,1,6,1912,0,1,1,NA,2,051,I-5 S/B (GOLDEN STATE FREEWAY),BURBANK BLVD.,400,N,N,B,-,Y,NA,NA,5,NA,NA,NA,NA,NA,S,Y,4,0,5,3,A,-,03,22350,NA,N,C,C,A,A,H,-,A,D,0,NA,NA,NA,NA,Y,NA,A,01,0,0,5,0,0,0,0,0,0,-,-,34.18881,-118.3237,LOS ANGELES,BURBANK,-118.32374884,34.18873968
90174819,2016,2016-05-09,9575,2016-05-02,0210,020711,NA,1,3,6,1953,0,1,1,NA,2,064,I-210 E/B (FOOTHILL FREEWAY),ALLEN AVENUE,40,W,N,A,-,Y,NA,NA,210,NA,NA,NA,NA,NA,E,Y,3,0,1,2,A,-,03,22350,NA,N,C,C,A,A,H,-,D,D,0,NA,NA,NA,NA,Y,NA,D,22,0,1,0,0,0,0,0,0,0,-,-,34.15221,-118.11377,LOS ANGELES,PASADENA,-118.11377099,34.15226168
90174820,2016,2016-05-09,9575,2016-05-02,0205,020711,NA,1,3,6,1953,0,1,1,NA,2,064,I-210 E/B (FOOTHILL FREEWAY),ALLEN AVENUE,100,W,N,A,-,Y,NA,NA,210,NA,NA,NA,NA,NA,E,Y,4,0,1,2,A,-,03,22350,NA,N,C,C,A,A,H,-,D,D,0,NA,NA,NA,NA,Y,NA,A,01,0,0,1,0,0,0,0,0,0,-,-,34.15222,-118.11456,LOS ANGELES,PASADENA,-118.11456053,34.15223588
90174823,2016,2016-05-09,9535,2016-04-18,1440,020347,NA,1,2,9,1900,0,2,4,NA,2,018,BEVERLY BLVD (5200 BLOCK),HILLVIEW AVE,220,W,N,A,-,N,NA,NA,NA,NA,NA,NA,NA,NA,NA,Y,4,0,1,2,A,-,08,22107,NA,N,E,I,A,A,H,-,A,D,0,NA,NA,NA,NA,Y,NA,-,62,0,0,1,0,0,0,0,0,0,-,-,34.0333,-118.15292,LOS ANGELES,UNINCORPORATED,-118.15182799,34.03101255
90174826,2016,2016-05-09,9535,2016-05-07,1815,020943,NA,6,2,6,1922,0,1,1,NA,2,401,I-10 (SAN BERNARDINO FREEWAY) W/B,DURFEE AVE.,300,W,N,B,-,Y,NA,NA,10,NA,NA,NA,NA,NA,W,Y,4,0,2,3,A,-,03,22350,NA,N,C,C,A,A,H,-,A,D,0,NA,NA,NA,NA,Y,NA,A,01,0,0,2,0,0,0,0,0,0,-,-,34.06457,-118.01138,LOS ANGELES,EL MONTE,-118.01138121,34.06456407
90174828,2016,2016-05-09,9535,2016-05-07,1840,019125,NA,6,2,5,1947,0,1,3,NA,2,600,SR-60 (POMONA FREEWAY) E/B,FINDLAY AVE,200,W,N,B,-,Y,NA,NA,60,NA,NA,NA,NA,NA,E,Y,4,0,2,2,A,-,03,22350,NA,N,C,C,A,A,H,-,A,D,0,NA,NA,NA,NA,Y,NA,A,01,0,0,2,0,0,0,0,0,0,-,-,34.03277,-118.13852,LOS ANGELES,MONTEBELLO,-118.13851859,34.03298446
90174839,2016,2016-05-09,9575,2016-05-06,1335,020614,NA,5,1,7,1942,0,1,1,NA,2,061,I-210 W/B (FOOTHILL FREEWAY),WHEATLAND AVE.,2640,W,N,B,C,Y,NA,NA,210,NA,NA,NA,NA,NA,W,Y,3,0,2,4,A,-,03,22350,NA,N,E,I,A,B,H,-,A,D,0,NA,NA,NA,Y,Y,NA,A,01,0,1,1,0,0,0,0,0,0,-,-,34.2735,-118.3659,LOS ANGELES,LOS ANGELES,-118.36588871,34.27368385
9017485,2020,2020-06-05,1942,2020-02-04,0730,42656,0765,2,5,7,1942,0,0,0,G,0,7A47,W PICO BL,S MANSFIELD AV,2,E,N,A,-,N,NA,NA,NA,NA,NA,NA,NA,NA,NA,N,3,0,1,2,A,-,11,21954,A,N,G,B,D,A,H,-,A,A,0,Y,NA,NA,NA,Y,NA,N,60,0,1,0,0,1,0,0,0,0,-,-,NA,NA,LOS ANGELES,LOS ANGELES,-118.34587097167967,34.047752380371094
90174860,2016,2016-05-09,9575,2016-05-07,1534,020614,NA,6,2,7,1942,0,1,3,NA,2,041,SR-134 W/B TO SR-2,STATE ROUTE 2,1056,E,N,B,-,Y,NA,NA,134,NA,NA,NA,R,NA,W,N,4,0,1,2,A,-,08,22107,NA,M,B,C,A,A,H,-,A,D,0,NA,NA,NA,NA,Y,NA,-,99,0,0,1,0,0,0,0,0,0,-,-,34.14536,-118.21891,LOS ANGELES,LOS ANGELES,-118.21891,34.14536
90174861,2016,2016-05-09,9580,2016-04-29,1830,021092,NA,5,2,7,1942,0,1,1,NA,2,404,I-405 N/B (SAN DIEGO FWY),VENTURA BLVD,1584,S,N,A,-,Y,NA,NA,405,NA,NA,NA,NA,NA,N,N,4,0,1,3,A,-,07,21658,A,M,B,C,A,A,H,-,A,D,0,NA,NA,NA,NA,Y,NA,-,99,0,0,1,0,0,0,0,0,0,-,-,34.14889,-118.46902,LOS ANGELES,LOS ANGELES,-118.46900549,34.14888229
90174862,2016,2016-05-09,9580,2016-05-01,1255,021092,NA,7,1,7,1942,0,1,1,NA,2,405,I-405 S/B (SAN DIEGO FWY),BURBANK BLVD,1056,S,N,A,-,Y,NA,NA,405,NA,NA,NA,NA,NA,S,Y,4,0,2,2,A,-,03,22350,NA,N,C,C,A,A,H,-,A,D,0,NA,NA,NA,NA,Y,NA,A,01,0,0,2,0,0,0,0,0,0,-,-,34.16719,-118.46949,LOS ANGELES,LOS ANGELES,-118.46934849,34.16713299
90174867,2016,2016-05-09,9580,2016-05-01,1600,021015,NA,7,2,7,1942,0,1,2,NA,2,103,US-101 S/B (VENTURA FREEWAY),HAYVENHURST AVE,1465,S,N,A,-,Y,NA,NA,101,NA,NA,NA,NA,NA,S,N,4,0,1,4,A,-,03,22350,NA,N,C,C,A,A,H,-,A,D,0,NA,NA,NA,NA,Y,NA,D,22,0,0,1,0,0,0,0,0,0,-,-,34.16512,-118.48642,LOS ANGELES,LOS ANGELES,-118.48642039,34.1651489
90174871,2016,2016-05-09,9580,2016-05-07,0118,020828,NA,6,3,9,1900,0,1,2,NA,2,107,US-101 S/B (VENTURA FREEWAY),MUREAU RD,1200,N,N,B,-,Y,NA,NA,101,NA,NA,NA,NA,NA,S,Y,4,0,1,2,A,-,07,21658,A,N,C,C,A,A,H,-,D,D,0,NA,NA,NA,NA,Y,NA,A,01,0,0,1,0,0,0,0,0,0,-,-,34.15052,-118.68756,LOS ANGELES,UNINCORPORATED,-118.68756102,34.15046398
9017489,2020,2020-06-05,1942,2020-02-06,2100,43454,0643,4,5,7,1942,0,0,0,F,0,6A45,HAWTHORN AV,N DETROIT ST,0,NA,Y,A,-,N,NA,NA,NA,NA,NA,NA,NA,NA,NA,N,2,0,1,2,A,-,10,21950,A,N,G,B,B,A,H,-,C,A,0,Y,NA,NA,NA,Y,NA,A,08,1,0,0,0,1,0,0,0,0,-,-,NA,NA,LOS ANGELES,LOS ANGELES,-118.34559631347656,34.09978103637695
90174910,2016,2016-05-09,9575,2016-04-29,1350,019976,NA,5,1,7,1942,0,1,3,NA,2,044,SR-134 W/B (VENTURA FREEWAY),LANKERSHIM BLVD.,500,W,N,A,-,Y,NA,NA,134,NA,NA,NA,NA,NA,W,Y,4,0,1,2,A,-,03,22350,NA,N,C,C,A,A,H,-,A,D,0,NA,NA,NA,NA,Y,NA,A,01,0,0,1,0,0,0,0,0,0,-,-,34.1532,-118.37183,LOS ANGELES,LOS ANGELES,-118.37181893,34.15298699
90174922,2016,2016-05-09,9575,2016-05-02,0435,020681,NA,1,3,6,1925,0,1,1,NA,2,062,I-210 E/B (FOOTHILL FREEWAY),BOSTON AVE.,50,E,N,A,-,Y,NA,NA,210,NA,NA,NA,NA,NA,E,N,4,0,1,1,A,-,08,22107,NA,N,E,I,A,A,D,-,C,D,0,NA,NA,NA,NA,Y,NA,A,07,0,0,1,0,0,0,0,0,0,-,-,34.22979,-118.26136,LOS ANGELES,GLENDALE,-118.2613181,34.22997346
90174937,2016,2016-05-09,9575,2016-04-17,0820,020119,NA,7,1,5,1902,0,1,1,NA,2,065,I-210 E/B (FOOTHILL FREEWAY),BALDWIN AVE.,130,W,N,A,-,Y,NA,NA,210,NA,NA,NA,NA,NA,E,Y,3,0,6,3,A,-,07,21658,A,N,C,C,A,A,H,-,A,D,0,NA,NA,NA,NA,Y,NA,A,08,0,2,4,0,0,0,0,0,0,-,-,34.14875,-118.05125,LOS ANGELES,ARCADIA,-118.05124957,34.1486755