CASE_ID,ACCIDENT_YEAR,PROC_DATE,JURIS,COLLISION_DATE,COLLISION_TIME,OFFICER_ID,REPORTING_DISTRICT,DAY_OF_WEEK,CHP_SHIFT,POPULATION,CNTY_CITY_LOC,SPECIAL_COND,BEAT_TYPE,CHP_BEAT_TYPE,CITY_DIVISION_LAPD,CHP_BEAT_CLASS,BEAT_NUMBER,PRIMARY_RD,SECONDARY_RD,DISTANCE,DIRECTION,INTERSECTION,WEATHER_1,WEATHER_2,STATE_HWY_IND,CALTRANS_COUNTY,CALTRANS_DISTRICT,STATE_ROUTE,ROUTE_SUFFIX,POSTMILE_PREFIX,POSTMILE,LOCATION_TYPE,RAMP_INTERSECTION,SIDE_OF_HWY,TOW_AWAY,COLLISION_SEVERITY,NUMBER_KILLED,NUMBER_INJURED,PARTY_COUNT,PRIMARY_COLL_FACTOR,PCF_CODE_OF_VIOL,PCF_VIOL_CATEGORY,PCF_VIOLATION,PCF_VIOL_SUBSECTION,HIT_AND_RUN,TYPE_OF_COLLISION,MVIW,PED_ACTION,ROAD_SURFACE,ROAD_COND_1,ROAD_COND_2,LIGHTING,CONTROL_DEVICE,CHP_ROAD_TYPE,PEDESTRIAN_ACCIDENT,BICYCLE_ACCIDENT,MOTORCYCLE_ACCIDENT,TRUCK_ACCIDENT,NOT_PRIVATE_PROPERTY,ALCOHOL_INVOLVED,STWD_VEHTYPE_AT_FAULT,CHP_VEHTYPE_AT_FAULT,COUNT_SEVERE_INJ,COUNT_VISIBLE_INJ,COUNT_COMPLAINT_PAIN,COUNT_PED_KILLED,COUNT_PED_INJURED,COUNT_BICYCLIST_KILLED,COUNT_BICYCLIST_INJURED,COUNT_MC_KILLED,COUNT_MC_INJURED,PRIMARY_RAMP,SECONDARY_RAMP,LATITUDE,LONGITUDE,COUNTY,CITY,POINT_X,POINT_Y
90174949,2016,2016-05-09,9590,2016-02-22,1715,021040,NA,1,2,7,1942,0,1,1,NA,2,053,SR-110 S/B (ARROYO SECO PARKWAY),SUNSET BLVD,100,S,N,A,-,Y,NA,NA,110,NA,NA,NA,NA,NA,S,N,4,0,1,3,A,-,03,22350,NA,N,C,C,A,A,H,-,D,D,0,NA,NA,NA,NA,Y,NA,D,22,0,0,1,0,0,0,0,0,0,-,-,34.06471,-118.24366,LOS ANGELES,LOS ANGELES,-118.24380219,34.06523977
90174962,2016,2016-05-09,9565,2016-05-07,1315,015275,NA,6,1,4,1918,0,1,1,NA,2,061,I-405 S/B (SAN DIEGO FREEWAY),VENICE BOULEVARD,200,S,N,B,-,Y,NA,NA,405,NA,NA,NA,NA,NA,S,N,4,0,2,2,A,-,03,22350,NA,N,C,C,A,A,H,-,A,D,0,NA,NA,NA,NA,Y,NA,D,22,0,0,2,0,0,0,0,0,0,-,-,34.01069,-118.4174,LOS ANGELES,CULVER CITY,-118.41738537,34.01070155
9017497,2020,2020-06-05,1942,2020-02-06,1700,40918,0625,4,5,7,1942,0,0,0,F,0,6A67,N HIGHLAND AV,CAMROSE DR,500,S,N,A,-,N,NA,NA,NA,NA,NA,NA,NA,NA,NA,N,3,0,1,2,A,-,08,22102,NA,N,D,C,A,A,H,-,B,D,0,NA,NA,Y,NA,Y,NA,A,01,0,1,0,0,0,0,0,0,1,-,-,NA,NA,LOS ANGELES,LOS ANGELES,-118.33753967285156,34.106929779052734
90174970,2016,2016-05-09,9575,2016-03-27,1215,021144,NA,7,1,9,1900,0,1,3,NA,2,300,SR-2 (ANGELES CREST HIGHWAY),SLIDE CANYON BRIDGE,5280,W,N,A,-,Y,NA,NA,2,NA,NA,NA,NA,NA,NA,Y,4,0,2,4,A,-,03,22350,NA,N,F,I,A,A,H,-,A,D,0,NA,NA,Y,NA,Y,NA,C,02,0,0,2,0,0,0,0,0,2,-,-,34.2272,-118.18669,LOS ANGELES,UNINCORPORATED,-118.18669111,34.22716306
90174978,2016,2016-05-09,9565,2016-05-07,2235,018804,NA,6,3,4,1918,0,1,3,NA,2,070,SR-90 E/B,SLAUSON AVE.,60,W,N,A,-,Y,NA,NA,90,NA,NA,NA,NA,NA,E,Y,4,0,2,3,A,-,01,23152,A,N,C,C,A,A,H,-,C,D,0,NA,NA,NA,NA,Y,Y,A,01,0,0,2,0,0,0,0,0,0,-,-,33.98866,-118.38934,LOS ANGELES,CULVER CITY,-118.38938233,33.98868796
9017501,2020,2020-06-05,1942,2020-02-06,1553,37966,0636,4,5,7,1942,0,0,0,F,0,6A63,N LAS PALMAS AV,HOLLYWOOD BL,0,NA,Y,A,-,N,NA,NA,NA,NA,NA,NA,NA,NA,NA,N,3,0,1,2,A,-,11,21453,D,N,G,B,B,A,H,-,A,A,0,Y,NA,NA,NA,Y,NA,N,60,0,1,0,0,1,0,0,0,0,-,-,NA,NA,LOS ANGELES,LOS ANGELES,-118.33612823486328,34.1015510559082
90175015,2016,2016-05-09,9565,2016-04-27,1140,019349,NA,3,1,9,1900,0,3,5,NA,2,004,OSAGE AVE,111TH ST,0,NA,Y,A,-,N,NA,NA,NA,NA,NA,NA,NA,NA,NA,N,3,0,1,2,A,-,12,22450,A,F,B,G,A,A,H,-,A,D,0,NA,Y,NA,NA,Y,NA,L,04,0,1,0,0,0,0,1,0,0,-,-,33.93456,-118.346,LOS ANGELES,UNINCORPORATED,-118.3461301,33.93457007
90175026,2016,2016-05-09,9530,2016-04-29,0647,021108,NA,5,1,9,1900,0,1,1,NA,2,210,I-105 W/B (GLENN ANDERSON FWY),MONA BLVD.,100,W,N,A,-,Y,NA,NA,NA,NA,NA,NA,NA,NA,NA,Y,3,0,1,4,A,-,03,22350,NA,N,C,C,A,A,H,-,A,D,0,NA,NA,NA,NA,Y,NA,A,01,0,1,0,0,0,0,0,0,0,-,-,33.5542,-118.1349,LOS ANGELES,UNINCORPORATED,-118.23056256,33.92853528
90175048,2016,2016-05-09,9565,2016-04-28,1450,019349,NA,4,2,9,1900,0,3,5,NA,2,002,120TH ST,RAYMOND AVE,100,E,N,A,-,N,NA,NA,NA,NA,NA,NA,NA,NA,NA,N,4,0,1,2,A,-,08,22107,NA,N,B,G,A,A,H,-,A,D,0,NA,Y,NA,NA,Y,NA,D,22,0,0,1,0,0,0,1,0,0,-,-,33.92393,-118.29775,LOS ANGELES,UNINCORPORATED,-118.298291,33.92397
9017505,2020,2020-06-05,1942,2020-02-08,0335,31131,0645,6,5,7,1942,0,0,0,F,0,6XL69,HIGHLAND AV,SUNSET BL,190,N,N,A,-,N,NA,NA,NA,NA,NA,NA,NA,NA,NA,Y,4,0,2,2,A,-,03,22350,NA,F,B,C,A,A,H,-,C,D,0,NA,NA,NA,NA,Y,NA,-,99,0,0,2,0,0,0,0,0,0,-,-,NA,NA,LOS ANGELES,LOS ANGELES,-118.3386688232422,34.09849166870117
90175078,2016,2016-05-09,9540,2016-04-28,1255,014339,NA,4,1,9,1900,0,1,3,NA,2,126,SR-126 W/B,COMMERCE CENTER DR,0,NA,Y,A,-,Y,NA,NA,126,NA,NA,NA,NA,NA,W,Y,4,0,1,2,A,-,12,21453,A,N,D,C,A,A,H,-,A,A,0,NA,NA,NA,NA,Y,NA,A,01,0,0,1,0,0,0,0,0,0,-,-,34.43527,-118.6183,LOS ANGELES,UNINCORPORATED,-118.61838191,34.43539428
9017509,2020,2020-06-05,1942,2020-02-10,0810,36705,0666,1,5,7,1942,0,0,0,F,0,6A67,N GOWER ST,FOUNTAIN AV,80,N,N,A,-,N,NA,NA,NA,NA,NA,NA,NA,NA,NA,N,4,0,1,2,A,-,07,21658,A,F,B,C,A,A,H,-,A,A,0,NA,NA,Y,NA,Y,NA,-,99,0,0,1,0,0,0,0,0,1,-,-,NA,NA,LOS ANGELES,LOS ANGELES,-118.32229614257813,34.094600677490234
90175111,2016,2016-05-09,9530,2016-04-30,0547,020624,NA,6,3,5,1943,0,1,1,NA,2,210,I-105 W/B FROM LONG BEACH BLVD.,LONG BEACH BLVD.,10,E,N,A,-,Y,NA,NA,105,NA,NA,NA,R,NA,W,N,4,0,1,2,A,-,11,21950,B,N,G,B,B,A,H,-,B,D,0,Y,NA,NA,NA,Y,NA,N,60,0,0,1,0,1,0,0,0,0,-,-,33.92541,-118.20986,LOS ANGELES,LYNWOOD,-118.20986,33.92541
90175117,2016,2016-05-09,9525,2016-03-23,1715,021229,NA,3,2,4,1905,0,1,1,NA,2,214,I-210 E/B (FOOTHILL FREEWAY),VERNON AVE,750,W,N,A,-,Y,NA,NA,210,NA,NA,NA,NA,NA,E,Y,3,0,1,2,A,-,07,21658,A,N,C,C,A,A,H,-,A,D,0,NA,NA,Y,NA,Y,NA,A,01,0,1,0,0,0,0,0,0,1,-,-,34.12769,-117.91768,LOS ANGELES,AZUSA,-117.91782043,34.12744105
90175125,2016,2016-05-09,9530,2016-03-25,1815,021191,NA,5,2,9,1900,0,3,5,NA,2,001,COMPTON AVE. (6200 BLOCK),62ND ST,60,N,N,A,-,N,NA,NA,NA,NA,NA,NA,NA,NA,NA,Y,4,0,1,2,A,-,09,21804,A,N,B,C,A,A,H,-,B,D,0,NA,NA,NA,NA,Y,NA,D,23,0,0,1,0,0,0,0,0,0,-,-,33.98337,-118.26955,LOS ANGELES,UNINCORPORATED,-118.24773642,33.98403452
9017513,2020,2020-06-05,1942,2020-02-11,1725,43861,0644,2,5,7,1942,0,0,0,F,0,6A48,FOUNTAIN,DETROIT,0,NA,Y,A,-,N,NA,NA,NA,NA,NA,NA,NA,NA,NA,N,4,0,1,2,A,-,09,21802,A,F,B,C,A,A,H,-,C,A,0,NA,NA,NA,NA,Y,NA,-,99,0,0,1,0,0,0,0,0,0,-,-,NA,NA,LOS ANGELES,LOS ANGELES,-118.34519958496094,34.094329833984375
90175135,2016,2016-05-09,9525,2016-04-09,1525,019491,NA,6,2,5,1926,0,1,1,NA,2,206,I-210 E/B FROM GRAND AVENUE,GRAND AVENUE,300,E,N,B,C,Y,NA,NA,210,NA,NA,NA,R,NA,E,Y,4,0,1,1,A,-,03,22350,NA,N,E,I,A,B,H,-,A,D,0,NA,NA,NA,NA,Y,NA,A,07,0,0,1,0,0,0,0,0,0,-,-,34.1201,-117.87941,LOS ANGELES,GLENDORA,-117.87941,34.1201
9017517,2020,2020-06-05,1942,2020-02-10,1201,42834,0625,1,5,7,1942,0,0,0,F,0,6A31,N HIGHLAND AV,FRANKLIN AV,45,S,N,A,-,N,NA,NA,NA,NA,NA,NA,NA,NA,NA,N,3,0,1,2,A,-,10,21954,B,F,G,B,E,A,H,-,A,A,0,Y,NA,NA,NA,Y,NA,-,99,0,1,0,0,1,0,0,0,0,-,-,NA,NA,LOS ANGELES,LOS ANGELES,-118.33844757080078,34.10407257080078
90175175,2016,2016-05-09,9530,2016-05-07,1300,019357,NA,6,1,7,1942,0,1,1,NA,2,120,I-110 S/B (HARBOR FREEWAY),PACIFIC COAST HWY.,500,N,N,B,-,Y,NA,NA,110,NA,NA,NA,NA,NA,S,Y,3,0,5,3,A,-,03,22350,NA,N,C,C,A,A,H,-,A,D,0,NA,NA,NA,NA,Y,NA,D,22,0,3,2,0,0,0,0,0,0,-,-,33.791,-118.282,LOS ANGELES,LOS ANGELES,-118.28223917,33.79090315
90175179,2016,2016-05-09,9565,2016-05-01,0925,020110,NA,7,1,4,1918,0,1,1,NA,2,061,I-405 N/B,CENTINELA AVE,240,S,N,A,-,Y,NA,NA,405,NA,NA,NA,NA,NA,N,N,4,0,1,2,A,-,03,22350,NA,N,C,C,A,A,H,-,A,D,0,NA,NA,NA,NA,Y,NA,A,01,0,0,1,0,0,0,0,0,0,-,-,33.9794,-118.3922,LOS ANGELES,CULVER CITY,-118.39224098,33.9793553
90175181,2016,2016-05-09,9535,2016-05-06,0703,015636,NA,5,1,9,1900,0,1,1,NA,2,071,I-710 (LONG BEACH FREEWAY) S/B,I-5 (SANTA ANA FREEWAY) N/B,50,S,N,B,-,Y,NA,NA,710,NA,NA,NA,NA,NA,S,N,4,0,1,2,A,-,07,21658,A,N,D,C,A,A,H,-,A,D,0,NA,NA,NA,NA,Y,NA,A,01,0,0,1,0,0,0,0,0,0,-,-,34.01657,-118.17337,LOS ANGELES,UNINCORPORATED,-118.17336,34.01657333
90175186,2016,2016-05-09,9550,2016-05-01,0630,021141,NA,7,1,6,1949,0,1,1,NA,2,651,INTERSTATE 605 N/B,ROSECRANS AVENUE,2000,S,N,B,-,Y,NA,NA,605,NA,NA,NA,NA,NA,N,N,4,0,1,2,A,-,03,22350,NA,F,C,C,A,A,H,-,B,D,0,NA,NA,NA,NA,Y,NA,-,99,0,0,1,0,0,0,0,0,0,-,-,33.89639,-118.10471,LOS ANGELES,NORWALK,-118.1046811,33.89639048
90175187,2016,2016-05-09,9540,2016-05-07,0550,018037,NA,6,3,7,1942,0,1,1,NA,2,500,I-5 N/B (GOLDEN STATE FREEWAY),ROXFORD ST U/C,1465,S,N,C,-,Y,NA,NA,5,NA,NA,NA,NA,NA,N,Y,4,0,1,1,A,-,03,22350,NA,N,E,I,A,B,H,-,C,D,0,NA,NA,NA,NA,Y,NA,A,01,0,0,1,0,0,0,0,0,0,-,-,34.30006,-118.47643,LOS ANGELES,LOS ANGELES,-118.47641535,34.30007454
90175204,2016,2016-10-04,9540,2016-04-07,0013,018454,NA,4,3,9,1900,0,2,4,NA,2,032,CHIQUITO CANYON ROAD,STATE ROUTE-126,1225,N,N,A,-,N,NA,NA,NA,NA,NA,NA,NA,NA,NA,Y,1,1,0,1,A,-,08,22107,NA,N,E,I,A,A,H,-,D,D,0,NA,NA,NA,NA,Y,NA,A,01,0,0,0,0,0,0,0,0,0,-,-,34.42357,-118.6569,LOS ANGELES,UNINCORPORATED,-118.6571194,34.4230571
9017522,2020,2020-03-03,1900,2020-02-04,2140,627975,0456,2,5,6,1949,0,0,0,NA,0,45T1,ALONDRA BL,SHOEMAKER AV,0,NA,Y,A,-,N,NA,NA,NA,NA,NA,NA,NA,NA,NA,Y,4,0,2,2,A,-,12,21453,A,N,D,C,A,A,H,-,C,A,0,NA,NA,NA,NA,Y,NA,A,01,0,0,2,0,0,0,0,0,0,-,-,NA,NA,LOS ANGELES,NORWALK,-118.05538177490234,33.88774108886719
9017524,2020,2020-03-10,1942,2020-01-24,2200,40829,1385,5,5,7,1942,0,0,0,M,0,13A85,SAN PEDRO ST,SLAUSON AV,5,S,N,E,-,N,NA,NA,NA,NA,NA,NA,NA,NA,NA,Y,4,0,2,2,A,-,03,22350,A,N,A,E,A,A,H,-,C,A,0,NA,NA,NA,NA,Y,NA,D,22,0,0,2,0,0,0,0,0,0,-,-,NA,NA,LOS ANGELES,LOS ANGELES,-118.27010345458984,33.98921585083008
90175248,2016,2016-05-09,9550,2016-04-29,1240,015449,NA,5,1,9,1900,0,3,5,NA,2,001,PIONEER BLVD.,I-605 N/B ON-RAMP,0,NA,Y,B,-,Y,NA,NA,NA,NA,NA,NA,NA,NA,NA,Y,4,0,1,2,A,-,07,21658,A,F,E,I,A,A,H,-,A,D,0,NA,NA,NA,NA,Y,NA,D,22,0,0,1,0,0,0,0,0,0,-,-,33.9717,-118.0801,LOS ANGELES,UNINCORPORATED,NA,NA
9017526,2020,2020-03-03,1900,2020-01-30,1310,620765,0466,4,5,4,1936,0,0,0,NA,0,46K2,NORTHAM ST,TROJAN WY,700,E,N,A,-,N,NA,NA,NA,NA,NA,NA,NA,NA,NA,Y,4,0,1,2,A,-,09,21804,A,N,D,C,A,A,H,-,A,D,0,NA,NA,NA,NA,Y,NA,A,01,0,0,1,0,0,0,0,0,0,-,-,NA,NA,LOS ANGELES,LA MIRADA,-118.01361083984376,33.885459899902344
90175295,2016,2016-05-09,9550,2016-05-02,1425,021166,NA,1,2,6,1920,0,1,1,NA,2,150,I-105 E/B,BELLFLOWER BOULEVARD,30,E,N,A,-,Y,NA,NA,105,NA,NA,NA,NA,NA,E,N,4,0,1,2,A,-,03,22350,NA,N,C,C,A,A,H,-,A,D,0,NA,NA,NA,NA,Y,NA,A,01,0,0,1,0,0,0,0,0,0,-,-,33.91302,-118.12552,LOS ANGELES,DOWNEY,-118.12552132,33.91306234
9017530,2020,2020-03-03,1900,2020-01-22,1900,622672,0466,3,5,4,1936,0,0,0,NA,0,46T1,ARTESIA BL,INDUSTRY CIR,390,W,N,A,-,N,NA,NA,NA,NA,NA,NA,NA,NA,NA,Y,4,0,1,4,A,-,03,22350,NA,N,C,C,A,A,D,E,C,D,0,NA,NA,NA,NA,Y,NA,A,01,0,0,1,0,0,0,0,0,0,-,-,NA,NA,LOS ANGELES,LA MIRADA,-118.02657318115234,33.873329162597656
9017532,2020,2020-03-16,1942,2020-01-25,1730,43839,1343,6,5,7,1942,0,0,0,M,0,13X28,AVALON,41ST ST,0,NA,Y,A,-,N,NA,NA,NA,NA,NA,NA,NA,NA,NA,Y,2,0,3,2,A,-,09,21801,A,N,A,D,A,A,H,-,C,A,0,NA,NA,NA,NA,Y,NA,A,01,1,1,1,0,0,0,0,0,0,-,-,NA,NA,LOS ANGELES,LOS ANGELES,-118.26526641845705,34.009178161621094
90175325,2016,2016-05-09,9545,2016-04-29,0135,018342,NA,5,3,9,1900,0,1,3,NA,2,031,NB SR-14 (ANTELOPE VALLEY FREEWAY),SIERRA HIGHWAY O/C,900,S,N,A,-,Y,NA,NA,NA,NA,NA,NA,NA,NA,NA,Y,3,0,1,4,A,-,03,22350,NA,N,B,C,A,A,H,-,D,D,0,NA,NA,NA,NA,Y,NA,A,07,0,1,0,0,0,0,0,0,0,-,-,34.29934,-118.83228,LOS ANGELES,UNINCORPORATED,-118.50861607,34.33668006
9017535,2020,2020-03-09,1942,2020-01-10,2110,21713,0112,5,5,7,1942,0,0,0,A,0,1A1,E ALISO ST,N LOS ANGELES ST,0,NA,Y,A,-,N,NA,NA,NA,NA,NA,NA,NA,NA,NA,Y,3,0,2,2,A,-,12,21453,A,N,F,D,A,A,H,-,A,A,0,NA,NA,NA,NA,Y,NA,-,-,0,2,0,0,0,0,0,0,0,-,-,NA,NA,LOS ANGELES,LOS ANGELES,-118.23956298828124,34.05485153198242
90175357,2016,2016-05-09,9590,2016-02-25,0740,021222,NA,4,1,7,1942,0,1,3,NA,2,095,SR-2 W/B (GLF) TO GLENDALE BLVD,GLENDALE BLVD,130,E,N,A,-,Y,NA,NA,2,NA,NA,NA,R,NA,W,Y,3,0,1,3,A,-,03,22350,NA,N,C,C,A,A,H,-,A,D,0,NA,NA,NA,NA,Y,NA,A,01,0,1,0,0,0,0,0,0,0,-,-,34.0928,-118.25742,LOS ANGELES,LOS ANGELES,-118.25742,34.0928
90175388,2016,2016-05-09,9590,2016-02-26,2248,016611,NA,5,3,7,1942,0,1,1,NA,2,062,1-10 E/B (SMF) COLLECTOR ROAD,HOOVER ST.,600,E,N,A,-,Y,NA,NA,NA,NA,NA,NA,NA,NA,NA,Y,4,0,2,4,A,-,03,22350,NA,N,C,C,A,A,H,-,E,D,0,NA,NA,NA,NA,Y,NA,A,01,0,0,2,0,0,0,0,0,0,-,-,34.03731,-118.28145,LOS ANGELES,LOS ANGELES,NA,NA
90175399,2016,2016-05-09,9580,2016-04-17,1805,021079,NA,7,2,7,1942,0,1,1,NA,2,405,I-405 S/B (SAN DIEGO FWY),VENTURA BLVD,1000,S,N,A,-,Y,NA,NA,405,NA,NA,NA,NA,NA,S,N,4,0,1,2,A,-,03,22350,NA,N,C,C,A,A,H,-,A,D,0,NA,NA,NA,NA,Y,NA,D,22,0,0,1,0,0,0,0,0,0,-,-,34.15236,-118.46814,LOS ANGELES,LOS ANGELES,-118.46816719,34.1523616
9017540,2019,2020-03-10,1942,2019-12-27,1140,42759,1942,5,5,7,1942,0,0,0,NA,0,1385,SLAUSON,LOS ANGELES ST,0,NA,Y,A,-,N,NA,NA,NA,NA,NA,NA,NA,NA,NA,N,4,0,2,3,A,-,03,22350,NA,F,C,C,A,A,H,-,A,D,0,NA,NA,NA,NA,Y,Y,-,99,0,0,2,0,0,0,0,0,0,-,-,NA,NA,LOS ANGELES,LOS ANGELES,-118.2705535888672,33.989219665527344
90175409,2016,2016-05-09,9580,2016-04-24,1640,021079,NA,7,2,7,1942,0,1,1,NA,2,406,I-405 N/B FROM SHERMAN WAY,SHERMAN WAY,45,N,N,A,-,Y,NA,NA,405,NA,NA,NA,R,NA,N,Y,3,0,1,1,A,-,01,23152,A,N,E,I,A,A,H,-,A,D,0,NA,NA,NA,NA,Y,Y,A,01,0,1,0,0,0,0,0,0,0,-,-,34.20139,-118.47228,LOS ANGELES,LOS ANGELES,-118.47228,34.20139
9017543,2019,2020-03-10,1942,2019-12-27,1415,37280,1303,5,5,7,1942,0,0,0,M,0,13A75,SAN PEDRO ST,12TH ST,40,E,N,A,-,N,NA,NA,NA,NA,NA,NA,NA,NA,NA,N,4,0,1,2,A,-,12,21453,A,N,D,C,A,A,H,-,A,A,0,NA,NA,NA,NA,Y,NA,A,01,0,0,1,0,0,0,0,0,0,-,-,NA,NA,LOS ANGELES,LOS ANGELES,-118.25326538085938,34.0338134765625
90175430,2016,2016-05-09,9565,2016-04-30,2325,020870,NA,6,3,9,1900,0,3,5,NA,2,004,139TH ST.,SHOUP AVE,350,W,N,A,-,N,NA,NA,NA,NA,NA,NA,NA,NA,NA,Y,3,0,1,3,A,-,01,23152,A,N,B,E,A,A,H,-,C,D,0,NA,NA,NA,NA,Y,Y,A,01,0,1,0,0,0,0,0,0,0,-,-,33.90521,-118.36528,LOS ANGELES,UNINCORPORATED,-118.36536122,33.90518814
90175431,2016,2016-05-10,9540,2016-05-07,1613,019788,NA,6,2,9,1900,0,2,4,NA,2,061,THE OLD ROAD,SEDONA WAY,1500,N,N,B,-,N,NA,NA,NA,NA,NA,NA,NA,NA,NA,N,4,0,1,2,A,-,17,22109,NA,N,C,C,A,A,H,-,A,D,0,NA,NA,NA,NA,Y,NA,A,01,0,0,1,0,0,0,0,0,0,-,-,34.46168,-118.61562,LOS ANGELES,UNINCORPORATED,-118.61568209,34.46145215
9017544,2019,2020-03-10,1942,2019-12-28,1345,41923,1362,6,5,7,1942,0,0,0,M,0,13A85,SAN PEDRO ST,49TH ST,0,NA,Y,A,-,N,NA,NA,NA,NA,NA,NA,NA,NA,NA,Y,3,0,1,2,A,-,03,22350,NA,N,D,E,A,A,H,-,A,D,0,NA,NA,Y,NA,Y,NA,C,02,0,1,0,0,0,0,0,0,1,-,-,NA,NA,LOS ANGELES,LOS ANGELES,-118.26959991455078,33.99877166748047
90175450,2016,2016-05-09,9590,2016-02-26,1057,020378,NA,5,1,7,1942,0,1,3,NA,2,094,SR-2  E/B (GLENDALE FREEWAY),ROUNDTOP DR. U/C,20,E,N,A,-,Y,NA,NA,2,NA,NA,NA,NA,NA,E,N,4,0,1,2,A,-,07,21658,A,F,B,C,A,A,H,-,A,D,0,NA,NA,NA,NA,Y,NA,-,99,0,0,1,0,0,0,0,0,0,-,-,34.13322,-118.22953,LOS ANGELES,LOS ANGELES,-118.22938708,34.13323475
90175469,2016,2016-05-09,9550,2016-05-02,2200,020948,NA,1,3,9,1900,0,3,5,NA,2,002,IMPERIAL HIGHWAY,LEFFINGWELL ROAD,250,E,N,A,-,N,NA,NA,NA,NA,NA,NA,NA,NA,NA,N,4,0,1,2,A,-,08,22107,NA,M,B,C,A,A,H,-,C,D,0,NA,NA,NA,NA,Y,NA,-,99,0,0,1,0,0,0,0,0,0,-,-,33.91706,-118.04915,LOS ANGELES,UNINCORPORATED,-118.04932796,33.91690393
9017547,2019,2020-03-12,1942,2019-12-13,1300,43873,1323,5,5,7,1942,0,0,0,M,0,13ATS,ADAMS BL,CENTRAL AV,0,NA,Y,A,-,N,NA,NA,NA,NA,NA,NA,NA,NA,NA,N,4,0,1,2,A,-,09,21801,NA,N,G,B,B,A,H,-,A,A,0,Y,NA,NA,NA,Y,NA,D,22,0,0,1,0,1,0,0,0,0,-,-,NA,NA,LOS ANGELES,LOS ANGELES,-118.25494384765624,34.018768310546875
90175477,2016,2016-05-09,9565,2016-05-07,2359,20958,NA,6,3,9,1900,0,3,5,NA,2,003,SLAUSON AVENUE E/B,LA TIJERA BOULEVARD,125,E,N,A,-,N,NA,NA,NA,NA,NA,NA,NA,NA,NA,Y,4,0,2,2,A,-,01,23152,A,N,B,C,A,A,H,-,C,D,0,NA,NA,NA,NA,Y,Y,A,01,0,0,2,0,0,0,0,0,0,-,-,33.98757,-118.36601,LOS ANGELES,UNINCORPORATED,-118.36473,33.98741
90175491,2016,2016-05-09,9550,2016-05-02,1445,021123,NA,1,2,9,1900,0,1,1,NA,2,650,I-605 N/B,OBREGON STREET,300,S,N,A,-,Y,NA,NA,605,NA,NA,NA,NA,NA,N,N,4,0,1,3,A,-,03,22350,NA,N,C,C,A,A,H,-,A,D,0,NA,NA,NA,NA,Y,NA,D,22,0,0,1,0,0,0,0,0,0,-,-,33.99854,-118.06787,LOS ANGELES,UNINCORPORATED,-118.06790168,33.99854752
90175496,2016,2016-05-24,9550,2016-05-03,1535,021042,NA,2,2,5,1919,0,1,3,NA,2,092,STATE ROUTE 91 EASTBOUND,NORWALK BOULEVARD,1680,E,N,A,-,Y,NA,NA,91,NA,NA,NA,NA,NA,E,Y,4,0,1,4,A,-,03,22350,NA,N,C,C,A,A,H,-,A,D,0,NA,NA,NA,NA,Y,NA,A,01,0,0,1,0,0,0,0,0,0,-,-,33.87637,-118.07827,LOS ANGELES,CERRITOS,-118.07827038,33.87647259
90175509,2016,2016-05-09,9590,2016-03-09,1435,015575,NA,3,2,7,1942,0,1,2,NA,2,042,US-101 N/B (SANTA ANA FREEWAY),7TH STREET,120,N,N,A,-,Y,NA,NA,101,NA,NA,NA,NA,NA,N,Y,3,0,2,4,A,-,07,21658,A,N,B,C,A,A,H,-,A,D,0,NA,NA,NA,Y,Y,NA,F,26,0,1,1,0,0,0,0,0,0,-,-,34.03435,-118.22127,LOS ANGELES,LOS ANGELES,-118.22127013,34.03434995
9017551,2019,2020-03-13,1942,2019-12-11,0330,43937,1353,3,5,7,1942,0,0,0,M,0,13A43,VERNON AV,MCKINLEY,483,W,N,A,-,N,NA,NA,NA,NA,NA,NA,NA,NA,NA,Y,4,0,1,6,A,-,03,22350,NA,N,A,E,A,A,H,-,C,A,0,NA,NA,NA,NA,Y,NA,A,01,0,0,1,0,0,0,0,0,0,-,-,NA,NA,LOS ANGELES,LOS ANGELES,-118.26248931884766,34.0038948059082
90175517,2016,2016-05-09,9590,2016-03-22,1845,019805,NA,2,2,7,1942,0,1,1,NA,2,012,SR-110 N/B (ASP) TO AVE. 43,AVE. 43,215,S,N,A,-,Y,NA,NA,110,NA,NA,NA,R,NA,N,Y,3,0,1,1,A,-,08,22107,NA,N,E,I,A,A,H,-,B,D,0,NA,NA,NA,NA,Y,NA,A,08,0,1,0,0,0,0,0,0,0,-,-,34.09258,-118.20605,LOS ANGELES,LOS ANGELES,-118.20605,34.09258
9017552,2019,2020-03-16,1942,2019-12-13,1403,38660,1347,5,5,7,1942,0,0,0,M,0,13A9,41ST ST,LONG BEACH AV,0,NA,Y,A,-,N,NA,NA,NA,NA,NA,NA,NA,NA,NA,Y,4,0,1,3,A,-,12,21453,A,N,A,C,A,A,H,-,A,A,0,NA,NA,NA,NA,Y,NA,A,01,0,0,1,0,0,0,0,0,0,-,-,NA,NA,LOS ANGELES,LOS ANGELES,-118.24323272705078,34.00809097290039
90175525,2016,2016-05-09,9530,2016-05-01,1657,020523,NA,7,2,9,1900,0,1,1,NA,2,210,I-105 W/B (GLENN ANDERSON FWY),COMPTON AVE.,100,W,N,A,-,Y,NA,NA,NA,NA,NA,NA,NA,NA,NA,Y,3,0,2,2,A,-,07,21658,A,N,B,C,A,A,H,-,A,D,0,NA,NA,NA,NA,Y,NA,A,07,0,1,1,0,0,0,0,0,0,-,-,33.5545,-118.145,LOS ANGELES,UNINCORPORATED,-118.24660856,33.9289433