CASE_ID,ACCIDENT_YEAR,PROC_DATE,JURIS,COLLISION_DATE,COLLISION_TIME,OFFICER_ID,REPORTING_DISTRICT,DAY_OF_WEEK,CHP_SHIFT,POPULATION,CNTY_CITY_LOC,SPECIAL_COND,BEAT_TYPE,CHP_BEAT_TYPE,CITY_DIVISION_LAPD,CHP_BEAT_CLASS,BEAT_NUMBER,PRIMARY_RD,SECONDARY_RD,DISTANCE,DIRECTION,INTERSECTION,WEATHER_1,WEATHER_2,STATE_HWY_IND,CALTRANS_COUNTY,CALTRANS_DISTRICT,STATE_ROUTE,ROUTE_SUFFIX,POSTMILE_PREFIX,POSTMILE,LOCATION_TYPE,RAMP_INTERSECTION,SIDE_OF_HWY,TOW_AWAY,COLLISION_SEVERITY,NUMBER_KILLED,NUMBER_INJURED,PARTY_COUNT,PRIMARY_COLL_FACTOR,PCF_CODE_OF_VIOL,PCF_VIOL_CATEGORY,PCF_VIOLATION,PCF_VIOL_SUBSECTION,HIT_AND_RUN,TYPE_OF_COLLISION,MVIW,PED_ACTION,ROAD_SURFACE,ROAD_COND_1,ROAD_COND_2,LIGHTING,CONTROL_DEVICE,CHP_ROAD_TYPE,PEDESTRIAN_ACCIDENT,BICYCLE_ACCIDENT,MOTORCYCLE_ACCIDENT,TRUCK_ACCIDENT,NOT_PRIVATE_PROPERTY,ALCOHOL_INVOLVED,STWD_VEHTYPE_AT_FAULT,CHP_VEHTYPE_AT_FAULT,COUNT_SEVERE_INJ,COUNT_VISIBLE_INJ,COUNT_COMPLAINT_PAIN,COUNT_PED_KILLED,COUNT_PED_INJURED,COUNT_BICYCLIST_KILLED,COUNT_BICYCLIST_INJURED,COUNT_MC_KILLED,COUNT_MC_INJURED,PRIMARY_RAMP,SECONDARY_RAMP,LATITUDE,LONGITUDE,COUNTY,CITY,POINT_X,POINT_Y
90181738,2016,2016-05-18,9590,2016-02-25,1645,021132,NA,4,2,7,1942,0,1,2,NA,2,070,US-101 N/B (HOLLYWOOD FREEWAY),GLENDALE BLVD.,50,S,N,A,-,Y,NA,NA,101,NA,NA,NA,NA,NA,N,Y,3,0,1,2,A,-,07,21658,A,N,B,C,A,A,H,-,A,D,0,NA,NA,Y,NA,Y,NA,A,01,0,1,0,0,0,0,0,0,1,-,-,34.06984,-118.26121,LOS ANGELES,LOS ANGELES,-118.26122603,34.06979456
90181743,2016,2016-05-18,9590,2016-05-17,0045,020527,NA,2,3,7,1942,0,1,1,NA,2,060,I-10 E/B (SANTA MONICA FREEWAY),6TH AVE.,100,E,N,A,-,Y,NA,NA,10,NA,NA,NA,NA,NA,E,Y,4,0,3,3,A,-,01,23152,A,N,C,C,A,A,H,-,C,D,0,NA,NA,NA,NA,Y,Y,A,01,0,0,3,0,0,0,0,0,0,-,-,34.03583,-118.32328,LOS ANGELES,LOS ANGELES,-118.32327908,34.03582271
90181746,2016,2016-05-18,9525,2016-05-04,0035,019970,NA,3,3,1,1934,0,1,1,NA,2,652,I-605 N/B (SAN GABRIEL RIVER FREEWAY),ARROW HWY,200,N,N,B,-,Y,NA,NA,605,NA,NA,NA,NA,NA,N,Y,4,0,1,1,A,-,01,23152,A,N,E,I,A,A,H,-,D,D,0,NA,NA,NA,NA,Y,Y,D,22,0,0,1,0,0,0,0,0,0,-,-,34.11643,-117.97673,LOS ANGELES,IRWINDALE,-117.97648646,34.11610501
90181752,2016,2016-05-18,9575,2016-05-11,0920,017354,NA,3,1,7,1942,0,1,3,NA,2,043,SR-134 W/B (VENTURA FREEWAY),I-5 (GOLDEN STATE FWY) O/C,1580,E,N,A,-,Y,NA,NA,134,NA,NA,NA,NA,NA,W,Y,3,0,1,5,A,-,07,21658,A,N,C,C,A,A,H,-,A,D,0,NA,NA,Y,NA,Y,NA,A,01,0,1,0,0,0,0,0,0,1,-,-,34.15309,-118.2833,LOS ANGELES,LOS ANGELES,-118.28328708,34.15313087
90181757,2016,2016-08-17,9590,2016-02-28,1520,021132,NA,7,2,7,1942,0,1,1,NA,2,052,I-110 N/B (HARBOR FREEWAY),1ST STREET,500,N,N,A,-,Y,NA,NA,110,NA,NA,NA,NA,NA,N,Y,3,0,1,2,A,-,03,22350,NA,N,C,C,A,A,H,-,A,D,0,NA,NA,Y,NA,Y,NA,C,02,0,1,0,0,0,0,0,0,1,-,-,34.05926,-118.25248,LOS ANGELES,LOS ANGELES,-118.2525613,34.05935613
90181758,2016,2016-05-18,9550,2016-05-10,1932,017398,NA,2,2,9,1900,0,1,1,NA,2,650,INTERSTATE 605 S/B,SARAGOSA STREET,570,S,N,A,-,Y,NA,NA,605,NA,NA,NA,NA,NA,S,Y,3,0,2,5,A,-,08,22107,NA,N,E,I,A,A,H,-,B,D,0,NA,NA,NA,NA,Y,NA,A,01,0,2,0,0,0,0,0,0,0,-,-,33.97747,-118.07903,LOS ANGELES,UNINCORPORATED,-118.0789,33.97739462
90181761,2016,2016-05-18,9550,2016-05-17,1426,021244,NA,2,2,7,1941,0,1,3,NA,2,090,STATE ROUTE 91 E/B (ARTESIA FREEWAY),ATLANTIC AVENUE,1320,E,N,A,-,Y,NA,NA,NA,NA,NA,NA,NA,NA,NA,Y,4,0,1,2,A,-,03,22350,NA,N,C,C,A,A,H,-,A,D,0,NA,NA,NA,NA,Y,NA,A,08,0,0,1,0,0,0,0,0,0,-,-,NA,NA,LOS ANGELES,LONG BEACH,-118.18178063,33.87674975
90181772,2016,2016-05-18,9525,2016-04-28,1750,016679,NA,4,2,5,1990,0,1,3,NA,2,601,SR-60 W/B (POMONA FREEWAY),GRAND AVE,528,W,N,A,-,Y,NA,NA,60,NA,NA,NA,NA,NA,W,Y,4,0,3,3,A,-,03,22350,NA,N,C,C,A,A,H,-,A,D,0,NA,NA,NA,NA,Y,NA,D,22,0,0,3,0,0,0,0,0,0,-,-,34.00956,-117.82428,LOS ANGELES,DIAMOND BAR,-117.82420633,34.00948343
90181790,2016,2016-05-18,9540,2016-05-05,1028,014277,NA,4,1,9,1900,0,1,3,NA,2,126,SR-126 W/B,WOLCOTT WAY,0,NA,Y,B,-,Y,NA,NA,NA,NA,NA,NA,NA,NA,NA,Y,4,0,1,2,A,-,12,21453,A,N,D,C,A,A,H,-,A,A,0,NA,NA,NA,NA,Y,NA,D,22,0,0,1,0,0,0,0,0,0,-,-,34.32689,-118.32677,LOS ANGELES,UNINCORPORATED,NA,NA
90181791,2016,2016-05-18,9530,2016-05-17,0840,018385,NA,2,1,9,1900,1,1,1,NA,2,120,I-110 S/B (HARBOR FREEWAY),TORRANCE BLVD.,528,N,N,B,-,Y,NA,NA,110,NA,NA,NA,NA,NA,S,Y,4,0,1,2,A,-,03,22350,NA,N,C,C,A,A,H,-,A,D,0,NA,NA,NA,NA,Y,NA,H,13,0,0,1,0,0,0,0,0,0,-,-,33.84727,-118.28501,LOS ANGELES,UNINCORPORATED,-118.28508626,33.84727694
90181796,2016,2016-05-18,9575,2016-05-04,1900,020918,NA,3,2,7,1942,0,1,1,NA,2,061,I-210 W/B (FOOTHILL FREEWAY),LA TUNA CANYON RD.,7392,W,N,A,-,Y,NA,NA,210,NA,NA,NA,NA,NA,W,Y,4,0,1,3,A,-,07,21658,A,N,C,C,A,A,H,-,B,D,0,NA,NA,NA,Y,Y,NA,A,01,0,0,1,0,0,0,0,0,0,-,-,34.24217,-118.3136,LOS ANGELES,LOS ANGELES,-118.31360789,34.24213251
90181798,2016,2016-05-18,9525,2016-05-05,1430,016679,NA,4,2,6,1955,0,1,1,NA,2,109,I-10 W/B (SAN BERNARDINO FREEWAY),TOWNE AVE.,340,E,N,B,-,Y,NA,NA,10,NA,NA,NA,NA,NA,W,Y,4,0,2,2,A,-,03,22350,NA,N,C,C,A,A,H,-,A,D,0,NA,NA,NA,NA,Y,NA,A,01,0,0,2,0,0,0,0,0,0,-,-,34.07196,-117.75485,LOS ANGELES,POMONA,-117.75516992,34.07277569
90181809,2016,2016-05-18,9540,2016-05-05,2340,019444,NA,4,3,9,1900,0,1,3,NA,1,143,SR-14 S/B (AVF),NEWHALL AVENUE,800,S,N,B,C,Y,NA,NA,NA,NA,NA,NA,NA,NA,NA,Y,3,0,1,2,A,-,01,23152,A,F,C,C,A,A,H,-,C,D,0,NA,NA,NA,NA,Y,Y,A,01,0,1,0,0,0,0,0,0,0,-,-,34.36342,-118.50437,LOS ANGELES,UNINCORPORATED,-118.50476912,34.36315152
90181822,2016,2016-05-18,9530,2016-05-17,1355,017695,NA,2,1,9,1900,0,3,5,NA,2,001,PACIFIC BLVD (7600 BLOCK),HOPE ST.,107,N,N,A,-,N,NA,NA,NA,NA,NA,NA,NA,NA,NA,Y,4,0,1,2,A,-,21,22106,NA,N,B,C,A,A,H,-,A,D,0,NA,NA,NA,NA,Y,NA,A,01,0,0,1,0,0,0,0,0,0,-,-,33.97024,-118.22521,LOS ANGELES,UNINCORPORATED,-118.22523,33.97028344
90181824,2016,2016-11-02,9535,2016-04-07,1050,013259,NA,4,1,9,1900,0,1,3,NA,2,621,SR-60 W/B (POMONA FREEWAY),SR-164 (ROSEMEAD BLVD.),121,W,N,B,-,Y,NA,NA,60,NA,NA,NA,NA,NA,W,Y,4,0,2,3,A,-,03,22350,NA,N,C,C,A,A,H,-,A,D,0,NA,NA,NA,Y,Y,NA,A,08,0,0,2,0,0,0,0,0,0,-,-,34.0414,-118.06673,LOS ANGELES,UNINCORPORATED,-118.06673,34.04140002
90181825,2016,2016-05-18,9540,2016-05-13,1642,019788,NA,5,2,9,1900,0,2,4,NA,1,201,SIERRA HIGHWAY,SAND CANYON ROAD,820,N,N,A,-,N,NA,NA,NA,NA,NA,NA,NA,NA,NA,N,4,0,2,2,A,-,03,22350,NA,N,C,C,A,A,H,-,A,D,0,NA,NA,NA,NA,Y,NA,A,07,0,0,2,0,0,0,0,0,0,-,-,34.45159,-118.4224,LOS ANGELES,UNINCORPORATED,-118.42211654,34.45165531
90181838,2016,2016-05-18,9565,2016-05-13,1125,020086,NA,5,1,7,1942,0,1,S,NA,2,001,I-405 N/B TO I-10 W/B FWY,NATIONAL BLVD,100,N,N,A,-,Y,NA,NA,405,NA,NA,NA,R,NA,N,Y,4,0,1,2,A,-,08,22107,NA,N,B,C,A,A,H,-,A,D,0,NA,NA,NA,NA,Y,NA,A,01,0,0,1,0,0,0,0,0,0,-,-,34.02789,-118.43033,LOS ANGELES,LOS ANGELES,-118.43033,34.02789
90181856,2016,2016-05-18,9525,2016-05-05,1508,018729,NA,4,2,1,1934,0,1,1,NA,2,204,I-210 E/B (FOOTHILL FREEWAY),IRWINDALE AVE,1584,W,N,B,-,Y,NA,NA,210,NA,NA,NA,NA,NA,E,N,4,0,1,2,A,-,03,22350,NA,N,C,C,A,A,H,-,A,D,0,NA,NA,NA,NA,Y,NA,D,22,0,0,1,0,0,0,0,0,0,-,-,34.12982,-117.94276,LOS ANGELES,IRWINDALE,-117.94290591,34.12942169
90181858,2016,2016-05-18,9530,2016-05-16,1700,020315,NA,1,2,5,1915,0,1,3,NA,2,310,SR-91 W/B FROM CENTRAL AVENUE,CENTRAL AVE.,300,W,N,B,-,Y,NA,NA,91,NA,NA,NA,R,NA,W,Y,4,0,1,2,A,-,03,22350,NA,N,C,C,A,A,H,-,A,D,0,NA,NA,NA,Y,Y,NA,F,25,0,0,1,0,0,0,0,0,0,-,-,33.87423,-118.24913,LOS ANGELES,COMPTON,-118.24913,33.87423
90181876,2016,2016-05-18,9590,2016-05-05,1020,016243,NA,4,1,7,1942,0,1,1,NA,2,082,I-5 N/B,LA RIVER,25,S,N,B,-,Y,NA,NA,5,NA,NA,NA,NA,NA,N,Y,4,0,1,3,A,-,03,22350,NA,N,C,C,A,A,H,-,A,D,0,NA,NA,NA,NA,Y,NA,A,07,0,0,1,0,0,0,0,0,0,-,-,34.08293,-118.22721,LOS ANGELES,LOS ANGELES,-118.22720429,34.08295005
90181892,2016,2016-05-18,9540,2016-05-05,0905,017076,NA,4,1,9,1900,0,2,4,NA,1,201,SIERRA HIGHWAY (SOUTHBOUND),THOMAS ROAD,142,N,N,A,-,N,NA,NA,NA,NA,NA,NA,NA,NA,NA,Y,3,0,1,1,A,-,08,22107,NA,N,E,I,A,A,H,-,A,D,0,NA,NA,Y,NA,Y,NA,C,02,0,1,0,0,0,0,0,0,1,-,-,34.52256,-118.26071,LOS ANGELES,UNINCORPORATED,-118.25959463,34.52277728
90181895,2016,2016-05-18,9580,2016-05-17,1130,016413,NA,2,1,7,1942,0,1,2,NA,2,103,US-101 S/B (VENTURA FREEWAY),HASKELL AVE,1320,N,N,B,-,Y,NA,NA,NA,NA,NA,NA,NA,NA,NA,N,4,0,1,2,A,-,03,22350,NA,M,C,C,A,A,H,-,A,D,0,NA,NA,NA,NA,Y,NA,-,99,0,0,1,0,0,0,0,0,0,-,-,34.15402,-118.46912,LOS ANGELES,LOS ANGELES,NA,NA
90181906,2016,2016-05-18,9545,2016-05-10,2320,018090,NA,2,3,9,1900,0,3,5,NA,2,001,AVENUE G,80TH ST  W,583,E,N,A,-,N,NA,NA,NA,NA,NA,NA,NA,NA,NA,Y,3,0,1,1,A,-,01,23152,A,N,F,I,A,A,H,-,D,D,0,NA,NA,NA,NA,Y,Y,A,07,0,1,0,0,0,0,0,0,0,-,-,34.73293,-118.26979,LOS ANGELES,UNINCORPORATED,-118.27053355,34.73293574
90181945,2016,2016-05-18,9540,2016-05-17,1810,017983,NA,2,2,9,1900,0,1,1,NA,2,507,I-5 N/B (GOLDEN STATE FRWY.),MCBEAN PKY,490,N,N,A,-,Y,NA,NA,NA,NA,NA,NA,NA,NA,NA,Y,3,0,1,3,A,-,03,22350,NA,N,C,C,A,A,H,-,A,D,0,NA,NA,NA,NA,Y,NA,A,01,0,1,0,0,0,0,0,0,0,-,-,34.17661,-118.13286,LOS ANGELES,UNINCORPORATED,-118.57140152,34.39547685
90181963,2016,2016-05-18,9530,2016-05-12,1815,20716,NA,4,2,9,1900,0,3,5,NA,2,003,MYRRH ST.(4200 BLOCK),BUTLER AVE.,150,E,N,A,-,N,NA,NA,NA,NA,NA,NA,NA,NA,NA,Y,4,0,1,2,A,-,01,23152,A,N,B,C,A,A,H,-,A,D,0,NA,NA,NA,NA,Y,Y,A,07,0,0,1,0,0,0,0,0,0,-,-,33.53328,-118.11487,LOS ANGELES,UNINCORPORATED,-118.19706675,33.89242136
90182003,2016,2016-05-18,9535,2016-04-05,1720,020347,NA,2,2,9,1900,0,2,4,NA,2,022,OLYMPIC BLVD (6400 BLOCK),GARFIELD AVE,200,W,N,A,-,N,NA,NA,NA,NA,NA,NA,NA,NA,NA,N,4,0,1,2,A,-,04,21703,NA,N,C,C,A,A,H,-,A,D,0,NA,NA,NA,NA,Y,NA,A,01,0,0,1,0,0,0,0,0,0,-,-,34.01176,-118.13269,LOS ANGELES,UNINCORPORATED,-118.13149821,34.01158686
90182022,2016,2016-05-18,9530,2016-05-13,1640,020315,NA,5,2,7,1941,0,1,1,NA,2,420,I-405 S/B (SAN DIEGO FREEWAY),ATLANTIC AVE.,400,S,N,A,-,Y,NA,NA,NA,NA,NA,NA,NA,NA,NA,Y,2,0,2,3,A,-,06,21755,NA,N,B,C,A,A,H,-,A,D,0,NA,NA,Y,NA,Y,NA,C,02,1,1,0,0,0,0,0,0,2,-,-,33.48523,-118.10503,LOS ANGELES,LONG BEACH,-118.18381814,33.81483605
90182038,2016,2016-05-18,9530,2016-05-17,1424,021191,NA,2,2,7,1941,0,1,1,NA,2,072,I-710 N/B (LONG BEACH FREEWAY),WARDLOW AVE.,40,N,N,A,-,Y,NA,NA,710,NA,NA,NA,NA,NA,N,Y,4,0,1,2,A,-,03,22350,NA,N,C,D,A,A,H,-,A,D,0,NA,NA,NA,NA,Y,NA,A,01,0,0,1,0,0,0,0,0,0,-,-,33.82179,-118.20682,LOS ANGELES,LONG BEACH,-118.2068644,33.82179034
90182045,2016,2016-05-18,9530,2016-05-15,2100,021273,NA,7,2,9,1900,0,1,3,NA,2,310,SR-91 W/B (ARTESIA FREEWAY),MAIN ST.,450,W,N,A,-,Y,NA,NA,NA,NA,NA,NA,NA,NA,NA,N,4,0,1,2,A,-,07,21658,A,F,C,C,A,A,H,-,C,D,0,NA,NA,NA,NA,Y,NA,-,99,0,0,1,0,0,0,0,0,0,-,-,33.8728,-118.27953,LOS ANGELES,UNINCORPORATED,-118.27696953,33.87279613
90182084,2016,2016-05-18,9545,2016-05-11,1430,014790,NA,3,2,9,1900,0,1,3,NA,1,046,SR-2 W/B,DAWSON SADDLE,1584,W,N,A,-,Y,NA,NA,2,NA,NA,NA,NA,NA,W,N,3,0,1,1,A,-,08,22107,NA,N,F,A,A,A,H,-,A,D,0,NA,NA,Y,NA,Y,NA,C,02,0,1,0,0,0,0,0,0,1,-,-,34.3648,-117.807,LOS ANGELES,UNINCORPORATED,-117.80698885,34.36479705
90182122,2016,2016-05-18,9580,2016-05-01,1740,021077,NA,7,2,7,1942,0,1,2,NA,2,101,US-101 S/B (VENTURA FREEWAY),COLFAX AVE,1060,S,N,A,-,Y,NA,NA,101,NA,NA,NA,NA,NA,S,Y,3,0,2,2,A,-,03,22350,NA,N,E,I,A,A,H,-,A,D,0,NA,NA,NA,NA,Y,NA,A,07,0,2,0,0,0,0,0,0,0,-,-,34.15443,-118.38352,LOS ANGELES,LOS ANGELES,-118.38351986,34.15437406
90182155,2016,2016-05-18,9535,2016-03-23,0005,020767,NA,3,3,5,1969,0,1,1,NA,2,075,INTERSTATE 710 S/B (LONG BEACH FREEWAY),IMPERIAL HWY,2500,N,N,A,-,Y,NA,NA,NA,NA,NA,NA,NA,NA,NA,Y,4,0,1,4,A,-,03,22350,NA,N,C,C,A,A,H,-,D,D,0,NA,NA,NA,Y,Y,NA,A,01,0,0,1,0,0,0,0,0,0,-,-,33.56123,-118.10259,LOS ANGELES,SOUTH GATE,-118.17450946,33.93637128
90182169,2016,2016-05-18,9590,2016-03-17,2135,021031,NA,4,2,7,1942,0,1,1,NA,2,052,I-110 N/B TO I-10 W/B TO PICO BLVD.,CONVENTION CENTER DR.,20,S,N,A,-,Y,NA,NA,110,NA,NA,NA,R,NA,N,N,4,0,1,2,A,-,01,23152,A,N,C,C,A,A,H,-,C,A,0,NA,NA,NA,NA,Y,Y,A,01,0,0,1,0,0,0,0,0,0,-,-,34.04094,-118.2726,LOS ANGELES,LOS ANGELES,-118.2726,34.04094
90182205,2016,2016-05-18,9525,2016-03-12,0120,020989,NA,6,3,6,1955,0,1,1,NA,2,110,I-10 E/B (SAN BERNARDINO FREEWAY),DUDLEY STREET,2021,E,N,A,-,Y,NA,NA,10,NA,NA,NA,NA,NA,E,N,2,0,1,2,A,-,11,21954,A,N,G,B,D,A,H,-,C,D,0,Y,NA,NA,NA,Y,Y,N,60,1,0,0,0,1,0,0,0,0,-,-,34.07189,-117.77058,LOS ANGELES,POMONA,-117.77057684,34.07190985
90182231,2016,2016-05-18,9535,2016-05-14,0941,017416,NA,6,1,9,1900,0,1,3,NA,2,066,SR-164 (ROSEMEAD BLVD.) N/B,SR-60 (POMONA FREEWAY) E/B,340,S,N,B,-,Y,NA,NA,164,NA,NA,NA,NA,NA,N,Y,4,0,1,6,A,-,03,22350,NA,N,B,C,A,A,H,-,A,D,0,NA,NA,NA,NA,Y,Y,A,07,0,0,1,0,0,0,0,0,0,-,-,34.03922,-118.0642,LOS ANGELES,UNINCORPORATED,-118.06419809,34.03921999
90182288,2016,2016-05-18,9565,2016-05-13,2030,020800,NA,5,2,7,1942,0,1,1,NA,2,063,I-405 S/B (SAN DIEGO FWY),OLYMPIC BLVD,200,N,N,A,-,Y,NA,NA,405,NA,NA,NA,NA,NA,S,Y,3,0,1,4,A,-,03,22350,NA,N,C,C,A,A,H,-,C,D,0,NA,NA,NA,NA,Y,NA,D,22,0,1,0,0,0,0,0,0,0,-,-,34.03995,-118.44112,LOS ANGELES,LOS ANGELES,-118.44091764,34.04012445
90182289,2016,2016-05-18,9545,2016-05-08,0155,020547,NA,7,3,9,1900,0,3,5,NA,2,004,40TH ST  E,AVENUE P,27,S,N,A,-,N,NA,NA,NA,NA,NA,NA,NA,NA,NA,Y,3,0,1,1,A,-,01,23152,A,N,E,I,A,A,H,-,D,A,0,NA,NA,NA,NA,Y,Y,A,01,0,1,0,0,0,0,0,0,0,-,-,34.60208,-118.05854,LOS ANGELES,UNINCORPORATED,-118.0585792,34.60202598
90182290,2016,2016-05-18,9565,2016-05-13,1500,020086,NA,5,2,7,1942,0,1,S,NA,2,001,I-405 N/B (SAN DIEGO FWY),NATIONAL BLVD,100,N,N,A,-,Y,NA,NA,405,NA,NA,NA,NA,NA,N,Y,4,0,1,2,A,-,08,22107,NA,N,B,C,A,A,H,-,A,D,0,NA,NA,Y,NA,Y,NA,-,-,0,0,1,0,0,0,0,0,1,-,-,34.02907,-118.4316,LOS ANGELES,LOS ANGELES,-118.43164642,34.02903292
90182307,2016,2016-05-18,9530,2016-05-16,0102,021191,NA,1,3,7,1941,0,1,1,NA,2,420,I-405 N/B (SAN DIEGO FREEWAY),LOS ANGELES RIVER,256,E,N,A,-,Y,NA,NA,405,NA,NA,NA,NA,NA,N,Y,3,0,1,1,A,-,08,22107,NA,N,E,I,A,A,H,-,C,D,0,NA,NA,NA,NA,Y,NA,A,07,0,1,0,0,0,0,0,0,0,-,-,33.82612,-118.2046,LOS ANGELES,LONG BEACH,-118.2046283,33.82602826
90182357,2016,2016-05-18,9550,2016-05-15,1255,021202,NA,7,1,9,1900,0,3,5,NA,2,002,CARMENITA ROAD,LAKELAND RD,0,NA,Y,B,-,N,NA,NA,NA,NA,NA,NA,NA,NA,NA,Y,3,0,1,3,A,-,12,21453,A,N,D,C,A,A,H,-,A,A,0,NA,NA,NA,NA,Y,NA,A,01,0,1,0,0,0,0,0,0,0,-,-,33.93172,-118.04657,LOS ANGELES,UNINCORPORATED,-118.04658007,33.93177002
90182358,2016,2016-05-18,9550,2016-05-09,1455,021166,NA,1,2,6,1949,0,1,1,NA,2,651,I-605 N/B,ROSECRANS AVE.,55,S,N,A,-,Y,NA,NA,605,NA,NA,NA,NA,NA,N,Y,3,0,1,2,A,-,08,22107,NA,N,B,C,A,A,H,-,A,D,0,NA,NA,Y,NA,Y,NA,C,02,0,1,0,0,0,0,0,0,1,-,-,33.89753,-118.10491,LOS ANGELES,NORWALK,-118.10471746,33.8975459
90182366,2016,2016-05-18,9575,2016-05-10,1625,015204,NA,2,2,9,1900,0,3,5,NA,2,008,CAMINO REAL AVE,GOLDEN WEST AVE,0,NA,Y,A,-,N,NA,NA,NA,NA,NA,NA,NA,NA,NA,N,3,0,1,2,D,-,00,NA,NA,N,D,C,A,A,H,-,A,D,0,NA,NA,NA,NA,Y,NA,-,-,0,1,0,0,0,0,0,0,0,-,-,34.12158,-118.05937,LOS ANGELES,UNINCORPORATED,-118.05943007,34.12159002
90182367,2016,2016-05-18,9550,2016-05-10,2108,019293,NA,2,2,9,1900,0,3,5,NA,2,002,SANTA GERTRUDES AVE,LEFFINGWELL ROAD,1000,S,N,A,-,N,NA,NA,NA,NA,NA,NA,NA,NA,NA,Y,3,0,1,4,A,-,08,22107,NA,N,C,E,A,A,H,-,C,D,0,NA,NA,NA,NA,Y,NA,A,01,0,1,0,0,0,0,0,0,0,-,-,33.92703,-117.99446,LOS ANGELES,UNINCORPORATED,-117.99425973,33.92858913
90182373,2016,2016-05-18,9550,2016-05-16,1800,020014,NA,1,2,9,1900,0,2,4,NA,1,021,PAINTER AVENUE,MULLBERRY DRIVE,90,N,N,B,-,N,NA,NA,NA,NA,NA,NA,NA,NA,NA,Y,4,0,1,2,A,-,09,21804,A,N,D,C,A,A,H,-,A,D,0,NA,NA,NA,NA,Y,NA,A,01,0,0,1,0,0,0,0,0,0,-,-,33.95385,-118.04243,LOS ANGELES,UNINCORPORATED,-118.04263043,33.95358957
90182391,2016,2016-05-18,9535,2016-04-15,1100,013259,NA,5,1,5,1947,0,1,3,NA,2,621,SR-60 W/B (POMONA FREEWAY),MARKLAND DRIVE,48,E,N,A,-,Y,NA,NA,60,NA,NA,NA,NA,NA,W,Y,3,0,1,2,A,-,01,23152,A,N,B,C,A,A,H,-,A,D,0,NA,NA,NA,Y,Y,Y,A,01,0,1,0,0,0,0,0,0,0,-,-,34.03344,-118.11345,LOS ANGELES,MONTEBELLO,-118.11345017,34.03344706
90182403,2016,2016-05-18,9580,2016-05-06,2015,021077,NA,5,2,7,1942,0,1,2,NA,2,103,US-101 S/B (VENTURA FREEWAY),HAYVENHURST AVE,3696,S,N,C,-,Y,NA,NA,101,NA,NA,NA,NA,NA,S,N,4,0,1,2,A,-,03,22350,NA,N,C,C,A,B,H,-,C,D,0,NA,NA,NA,NA,Y,NA,A,01,0,0,1,0,0,0,0,0,0,-,-,34.1653,-118.47927,LOS ANGELES,LOS ANGELES,-118.47926926,34.16524498
90182405,2016,2016-05-18,9525,2016-04-30,2345,020823,NA,6,3,6,1975,0,1,1,NA,2,106,I-10 E/B (SAN BERNARDINO FREEWAY),HOLT AVE,50,E,N,A,-,Y,NA,NA,10,NA,NA,NA,NA,NA,E,Y,4,0,1,3,A,-,03,22350,NA,N,B,C,A,A,H,-,C,D,0,NA,NA,NA,NA,Y,NA,A,01,0,0,1,0,0,0,0,0,0,-,-,34.07058,-117.86525,LOS ANGELES,WEST COVINA,-117.86526641,34.07054171
90182420,2016,2016-05-18,9535,2016-05-14,1715,020943,NA,6,2,5,1901,0,1,1,NA,2,420,I-10 (SAN BERNARDINO FREEWAY) E/B,GARFIELD AVE.,500,W,N,B,-,Y,NA,NA,10,NA,NA,NA,NA,NA,E,Y,4,0,1,4,A,-,03,22350,NA,M,C,C,A,A,H,-,A,D,0,NA,NA,NA,NA,Y,NA,A,01,0,0,1,0,0,0,0,0,0,-,-,34.07147,-118.1263,LOS ANGELES,ALHAMBRA,-118.12629927,34.07141335
90182422,2016,2016-05-18,9525,2016-04-29,1115,012772,NA,5,1,9,1900,0,2,4,NA,2,032,VALLEY BLVD (18000 BLK),TRAFALGAR AVE,30,W,N,A,-,N,NA,NA,NA,NA,NA,NA,NA,NA,NA,N,4,0,1,3,A,-,03,22350,NA,N,C,C,A,A,H,-,A,D,0,NA,NA,NA,NA,Y,NA,A,08,0,0,1,0,0,0,0,0,0,-,-,34.00551,-117.90237,LOS ANGELES,UNINCORPORATED,-117.90197688,34.00525593
90182424,2016,2016-05-18,9580,2016-05-08,1610,021077,NA,7,2,7,1942,0,1,3,NA,2,170,SR-170 N/B (HOLLYWOOD FWY.),SHERMAN WAY,300,N,N,B,-,Y,NA,NA,170,NA,NA,NA,NA,NA,N,Y,3,0,2,1,A,-,08,22107,NA,N,E,I,A,A,H,-,A,D,0,NA,NA,NA,NA,Y,NA,A,01,0,2,0,0,0,0,0,0,0,-,-,34.20267,-118.40422,LOS ANGELES,LOS ANGELES,-118.40419842,34.20268072
90182429,2016,2016-05-18,9535,2016-05-05,2228,018527,NA,4,3,9,1900,0,2,4,NA,2,024,WHITTIER BLVD (6000 BLOCK),SCHOOL AVE,100,W,N,B,C,N,NA,NA,NA,NA,NA,NA,NA,NA,NA,N,2,0,1,2,A,-,11,21954,A,F,G,B,D,B,H,-,C,D,0,Y,NA,NA,NA,Y,Y,N,60,1,0,0,0,1,0,0,0,0,-,-,34.01723,-118.14259,LOS ANGELES,UNINCORPORATED,-118.14250817,34.0172807
9018243,2020,2020-01-21,1953,2020-01-05,1512,8500,1953,7,5,6,1953,0,0,0,NA,0,004,ROSEMEAD BL,HASTINGS RANCH DR,1056,N,N,A,-,N,NA,NA,NA,NA,NA,NA,NA,NA,NA,N,3,0,1,2,A,-,09,21804,A,N,D,C,A,A,H,-,A,D,0,NA,NA,NA,NA,Y,NA,A,01,0,1,0,0,0,0,0,0,0,-,-,NA,NA,LOS ANGELES,PASADENA,-118.07698059082033,34.152923583984375