CASE_ID,ACCIDENT_YEAR,PROC_DATE,JURIS,COLLISION_DATE,COLLISION_TIME,OFFICER_ID,REPORTING_DISTRICT,DAY_OF_WEEK,CHP_SHIFT,POPULATION,CNTY_CITY_LOC,SPECIAL_COND,BEAT_TYPE,CHP_BEAT_TYPE,CITY_DIVISION_LAPD,CHP_BEAT_CLASS,BEAT_NUMBER,PRIMARY_RD,SECONDARY_RD,DISTANCE,DIRECTION,INTERSECTION,WEATHER_1,WEATHER_2,STATE_HWY_IND,CALTRANS_COUNTY,CALTRANS_DISTRICT,STATE_ROUTE,ROUTE_SUFFIX,POSTMILE_PREFIX,POSTMILE,LOCATION_TYPE,RAMP_INTERSECTION,SIDE_OF_HWY,TOW_AWAY,COLLISION_SEVERITY,NUMBER_KILLED,NUMBER_INJURED,PARTY_COUNT,PRIMARY_COLL_FACTOR,PCF_CODE_OF_VIOL,PCF_VIOL_CATEGORY,PCF_VIOLATION,PCF_VIOL_SUBSECTION,HIT_AND_RUN,TYPE_OF_COLLISION,MVIW,PED_ACTION,ROAD_SURFACE,ROAD_COND_1,ROAD_COND_2,LIGHTING,CONTROL_DEVICE,CHP_ROAD_TYPE,PEDESTRIAN_ACCIDENT,BICYCLE_ACCIDENT,MOTORCYCLE_ACCIDENT,TRUCK_ACCIDENT,NOT_PRIVATE_PROPERTY,ALCOHOL_INVOLVED,STWD_VEHTYPE_AT_FAULT,CHP_VEHTYPE_AT_FAULT,COUNT_SEVERE_INJ,COUNT_VISIBLE_INJ,COUNT_COMPLAINT_PAIN,COUNT_PED_KILLED,COUNT_PED_INJURED,COUNT_BICYCLIST_KILLED,COUNT_BICYCLIST_INJURED,COUNT_MC_KILLED,COUNT_MC_INJURED,PRIMARY_RAMP,SECONDARY_RAMP,LATITUDE,LONGITUDE,COUNTY,CITY,POINT_X,POINT_Y
90186888,2016,2016-05-25,9575,2016-05-20,1715,019920,NA,5,2,9,1900,0,2,4,NA,2,024,WOODBURY ROAD E/B,LAKE AVE,300,W,N,A,-,N,NA,NA,NA,NA,NA,NA,NA,NA,NA,Y,4,0,1,2,A,-,03,22350,NA,N,C,C,A,A,H,-,A,A,0,NA,NA,NA,NA,Y,NA,A,01,0,0,1,0,0,0,0,0,0,-,-,34.17725,-118.13262,LOS ANGELES,UNINCORPORATED,-118.1319,34.17713
9018691,2020,2020-03-12,1942,2020-01-10,1820,38349,1008,5,5,7,1942,0,0,0,J,0,10A39,HAVENHURST AV,SHERMAN WY,565,S,N,A,-,N,NA,NA,NA,NA,NA,NA,NA,NA,NA,Y,3,0,4,2,A,-,09,21801,B,N,D,C,A,A,H,-,C,A,0,NA,NA,NA,NA,Y,NA,A,07,0,1,3,0,0,0,0,0,0,-,-,NA,NA,LOS ANGELES,LOS ANGELES,-118.4924087524414,34.19968032836914
9018692,2019,2020-02-10,1942,2019-12-12,1630,42940,1252,4,5,7,1942,0,0,0,L,0,12A51,ARLINGTON AV,70TH ST,20,S,N,A,-,N,NA,NA,NA,NA,NA,NA,NA,NA,NA,N,4,0,1,2,A,-,07,21658,A,N,B,C,A,A,H,-,A,D,0,NA,NA,NA,NA,Y,NA,D,22,0,0,1,0,0,0,0,0,0,-,-,NA,NA,LOS ANGELES,LOS ANGELES,-118.31873321533205,33.976348876953125
90186930,2016,2016-05-25,9565,2016-05-19,1530,016945,NA,4,2,7,1942,0,1,1,NA,2,082,I-10 E/B (SANTA MONICA FWY),BARRINGTON AVE,95,W,N,A,-,Y,NA,NA,10,NA,NA,NA,NA,NA,E,N,4,0,1,2,A,-,08,22107,NA,M,B,C,A,A,H,-,A,D,0,NA,NA,Y,NA,Y,NA,D,22,0,0,1,0,0,0,0,0,1,-,-,34.02943,-118.44478,LOS ANGELES,LOS ANGELES,-118.44475462,34.02933276
90186933,2016,2016-05-25,9590,2016-03-01,1155,014234,NA,2,1,7,1942,0,1,1,NA,2,052,I-110 N/B HARBOR FREEWAY,11TH ST,130,S,N,A,-,Y,NA,NA,NA,NA,NA,NA,NA,NA,NA,Y,4,0,1,1,A,-,08,22107,NA,N,F,A,A,A,H,-,A,D,0,NA,NA,Y,NA,Y,NA,C,02,0,0,1,0,0,0,0,0,1,-,-,33.59211,-118.16472,LOS ANGELES,LOS ANGELES,NA,NA
90186959,2016,2016-05-25,9535,2016-05-16,0815,019121,NA,1,1,9,1900,0,2,4,NA,2,016,1ST ST,MEDNIK AVE,0,NA,Y,B,-,N,NA,NA,NA,NA,NA,NA,NA,NA,NA,Y,4,0,1,2,A,-,09,21801,A,N,D,C,A,A,H,-,A,A,0,NA,NA,NA,NA,Y,NA,A,07,0,0,1,0,0,0,0,0,0,-,-,34.03706,-118.16185,LOS ANGELES,UNINCORPORATED,-118.16186006,34.03704004
9018696,2019,2020-02-06,1942,2019-12-31,1340,41173,0521,2,5,7,1942,0,0,0,E,0,5X58,N GAFFEY ST,CHANNEL ST,0,N,N,A,-,N,NA,NA,NA,NA,NA,NA,NA,NA,NA,N,4,0,1,2,A,-,11,21955,NA,M,A,B,D,A,H,-,A,D,0,Y,NA,NA,NA,Y,NA,N,60,0,0,1,0,1,0,0,0,0,-,-,NA,NA,LOS ANGELES,LOS ANGELES,-118.29229736328124,33.75382995605469
90186970,2016,2016-05-25,9545,2016-05-19,0440,020521,NA,4,3,9,1900,0,3,5,NA,2,001,AVENUE J,90TH ST  W,12,W,N,A,-,N,NA,NA,NA,NA,NA,NA,NA,NA,NA,Y,4,0,1,1,C,-,18,NA,NA,N,E,I,A,A,H,-,D,D,0,NA,NA,NA,NA,Y,NA,-,-,0,0,1,0,0,0,0,0,0,-,-,34.68935,-118.28927,LOS ANGELES,UNINCORPORATED,-118.28922984,34.68927965
90186984,2016,2016-05-25,9535,2016-05-20,2055,021149,NA,5,2,4,1907,0,1,1,NA,2,073,I-710 SB TO FLORENCE AVE.,FLORENCE AVE,11,N,N,A,-,Y,NA,NA,710,NA,NA,NA,R,NA,S,N,4,0,1,2,A,-,21,22106,NA,N,C,C,A,A,H,-,C,A,0,NA,NA,NA,NA,Y,NA,A,01,0,0,1,0,0,0,0,0,0,-,-,33.96846,-118.1691,LOS ANGELES,BELL,-118.1691,33.96846
9018699,2020,2020-03-12,1942,2020-01-10,1145,40141,1004,5,5,7,1942,0,0,0,J,0,10A3,RESEDA BL,SATICOY ST,0,NA,Y,A,-,N,NA,NA,NA,NA,NA,NA,NA,NA,NA,Y,4,0,3,2,A,-,09,21801,A,N,D,C,A,A,H,-,A,A,0,NA,NA,NA,NA,Y,NA,D,22,0,0,3,0,0,0,0,0,0,-,-,NA,NA,LOS ANGELES,LOS ANGELES,-118.53604888916016,34.20840835571289
9018700,2019,2020-02-03,1942,2019-12-14,1400,41826,0563,6,5,7,1942,0,0,0,E,0,5A84,PACIFIC AV,11TH ST,15,N,N,A,-,N,NA,NA,NA,NA,NA,NA,NA,NA,NA,N,4,0,1,2,A,-,10,21950,A,N,G,B,B,A,H,-,A,A,0,Y,NA,NA,NA,Y,NA,D,22,0,0,1,0,1,0,0,0,0,-,-,NA,NA,LOS ANGELES,LOS ANGELES,-118.28794097900392,33.73426055908203
9018703,2019,2020-01-27,1942,2019-11-20,1720,40602,0505,3,5,7,1942,0,0,0,E,0,5A24,VERMONT AV,190TH ST,0,NA,Y,A,-,N,NA,NA,NA,NA,NA,NA,NA,NA,NA,N,4,0,1,2,A,-,09,21801,A,N,A,C,A,B,H,-,A,A,0,NA,NA,NA,NA,Y,NA,A,01,0,0,1,0,0,0,0,0,0,-,-,NA,NA,LOS ANGELES,LOS ANGELES,-118.29054260253906,33.858829498291016
90187031,2016,2016-05-25,9535,2016-05-22,1225,021052,NA,7,1,6,1922,0,1,1,NA,2,401,I-10 W/B (SAN BERNARDINO FREEWAY),SANTA ANITA AVE.,1900,W,N,A,-,Y,NA,NA,10,NA,NA,NA,NA,NA,W,Y,4,0,2,3,A,-,04,21703,NA,N,C,C,A,A,H,-,A,D,0,NA,NA,NA,NA,Y,NA,A,07,0,0,2,0,0,0,0,0,0,-,-,34.0707,-118.0483,LOS ANGELES,EL MONTE,-118.0482528,34.0708108
90187040,2016,2016-05-25,9565,2016-05-13,0815,019349,NA,5,1,7,1942,0,1,1,NA,2,063,I-405 S/B TO WILSHIRE BLVD. W/B,WILSHIRE BLVD,50,N,N,A,-,Y,NA,NA,405,NA,NA,NA,R,NA,S,Y,4,0,1,2,A,-,03,22350,NA,N,C,C,A,A,H,-,A,D,0,NA,NA,NA,NA,Y,NA,A,07,0,0,1,0,0,0,0,0,0,-,-,34.062,-118.458,LOS ANGELES,LOS ANGELES,-118.458,34.062
9018707,2019,2020-01-27,1942,2019-11-01,1840,42111,1249,5,5,7,1942,0,0,0,L,0,12X52W,GAGE,FLOWER,50,W,N,A,-,N,NA,NA,NA,NA,NA,NA,NA,NA,NA,Y,4,0,1,2,A,-,03,22350,NA,N,A,E,A,A,H,-,B,A,0,NA,NA,NA,NA,Y,NA,A,01,0,0,1,0,0,0,0,0,0,-,-,NA,NA,LOS ANGELES,LOS ANGELES,-118.2812728881836,33.98237991333008
90187081,2016,2016-05-25,9525,2016-05-11,1039,016677,NA,3,1,5,1990,0,1,3,NA,2,603,SR-60 W/B (POMONA FREEWAY),GRAND AVE,1500,W,N,B,-,Y,NA,NA,60,NA,NA,NA,NA,NA,W,Y,3,0,1,3,A,-,03,22350,NA,F,C,C,A,A,H,-,A,D,0,NA,NA,NA,NA,Y,NA,A,01,0,1,0,0,0,0,0,0,0,-,-,34.00735,-117.82669,LOS ANGELES,DIAMOND BAR,-117.82656327,34.00720567
90187088,2016,2016-05-25,9580,2016-05-15,0620,017640,NA,7,1,7,1942,0,1,2,NA,2,103,US-101 S/B (VENTURA FREEWAY),SEPULVEDA BLVD,100,W,N,B,-,Y,NA,NA,NA,NA,NA,NA,NA,NA,NA,Y,3,0,1,1,C,-,18,NA,NA,N,E,J,A,A,H,-,B,D,0,NA,NA,NA,NA,Y,NA,-,-,0,1,0,0,0,0,0,0,0,-,-,34.15994,-118.06082,LOS ANGELES,LOS ANGELES,-118.46647996,34.1593
90187093,2016,2016-05-25,9550,2016-05-18,0600,021263,NA,3,1,6,1920,0,1,1,NA,2,500,INTERSTATE 5 S/B (SANTA ANA FREEWAY),PARAMOUNT BOULEVARD,800,N,N,B,-,Y,NA,NA,5,NA,NA,NA,NA,NA,S,Y,4,0,1,2,A,-,07,21658,A,N,C,C,A,A,H,-,A,D,0,NA,NA,NA,NA,Y,NA,A,01,0,0,1,0,0,0,0,0,0,-,-,33.97013,-118.1227,LOS ANGELES,DOWNEY,-118.12256075,33.97017145
90187096,2016,2016-05-25,9565,2016-05-17,0850,017060,NA,2,1,9,1900,0,1,1,NA,2,060,I-405 N/B (SAN DIEGO FREEWAY),135TH STREET,350,N,N,B,-,Y,NA,NA,405,NA,NA,NA,NA,NA,N,N,4,0,1,3,A,-,03,22350,NA,N,C,C,A,A,H,-,A,D,0,NA,NA,NA,NA,Y,NA,D,22,0,0,1,0,0,0,0,0,0,-,-,33.91014,-118.37035,LOS ANGELES,UNINCORPORATED,-118.37030629,33.91014011
90187106,2016,2016-05-25,9525,2016-05-11,1620,019379,NA,3,2,5,1906,0,1,1,NA,2,104,I-10 E/B (SAN BERNARDINO FREEWAY),ATHOL ST.,300,W,N,A,-,Y,NA,NA,10,NA,NA,NA,NA,NA,E,N,4,0,1,2,A,-,03,22350,NA,N,C,C,A,A,H,-,A,D,0,NA,NA,NA,NA,Y,NA,A,01,0,0,1,0,0,0,0,0,0,-,-,34.06545,-117.99547,LOS ANGELES,BALDWIN PARK,-117.99549199,34.06558698
9018711,2019,2020-01-27,1942,2019-11-22,1700,42293,0581,5,5,7,1942,0,0,0,E,0,5A58W5,25TH ST,MORAY AV,0,NA,Y,A,-,N,NA,NA,NA,NA,NA,NA,NA,NA,NA,Y,4,0,1,2,A,-,09,21802,A,N,D,C,A,A,H,-,A,A,0,NA,NA,NA,NA,Y,NA,A,01,0,0,1,0,0,0,0,0,0,-,-,NA,NA,LOS ANGELES,LOS ANGELES,-118.31487274169922,33.72399139404297
90187110,2016,2016-05-25,9550,2016-05-24,0600,018408,NA,2,1,3,1964,0,1,1,NA,2,650,I-605 S/B,TELEGRAPH ROAD,900,N,N,A,-,Y,NA,NA,605,NA,NA,NA,NA,NA,S,Y,4,0,2,3,A,-,03,22350,NA,N,C,C,A,A,H,-,A,D,0,NA,NA,NA,NA,Y,NA,A,01,0,0,2,0,0,0,0,0,0,-,-,33.95233,-118.09065,LOS ANGELES,SANTA FE SPRINGS,-118.09058433,33.95229214
9018712,2019,2020-06-08,1942,2019-12-08,1845,41921,503,7,5,7,1942,0,0,0,NA,0,5A11,PCH,BIXBY AV,0,NA,Y,B,C,Y,LA,7,1,-,-,12.12,I,5,N,Y,4,0,1,2,A,-,09,21801,NA,N,D,D,A,B,H,-,C,A,0,NA,NA,NA,NA,Y,NA,D,22,0,0,1,0,0,0,0,0,0,-,-,NA,NA,LOS ANGELES,LOS ANGELES,-118.29087829589844,33.79106140136719
90187121,2016,2016-05-25,9580,2016-05-19,1140,016003,NA,4,1,7,1942,0,1,2,NA,2,109,US-101 S/B (VENTURA FREEWAY),LINDERO CANYON RD,1056,N,N,A,-,Y,NA,NA,NA,NA,NA,NA,NA,NA,NA,Y,4,0,2,3,A,-,03,22350,NA,N,B,C,A,A,H,-,A,D,0,NA,NA,NA,NA,Y,NA,A,07,0,0,2,0,0,0,0,0,0,-,-,34.14872,-118.80399,LOS ANGELES,LOS ANGELES,-118.80748826,34.14998591
90187127,2016,2016-05-25,9580,2016-05-19,0835,016523,NA,4,1,7,1942,0,1,2,NA,2,104,US-101 N/B (VENTURA FREEWAY),VALLEY CIRCLE BLVD,1056,S,N,A,-,Y,NA,NA,101,NA,NA,NA,NA,NA,N,N,4,0,1,3,A,-,07,21658,A,N,B,C,A,A,H,-,A,D,0,NA,NA,NA,Y,Y,NA,A,01,0,0,1,0,0,0,0,0,0,-,-,34.16054,-118.63493,LOS ANGELES,LOS ANGELES,-118.63490256,34.16046531
90187142,2016,2016-05-25,9535,2016-05-20,1850,020943,NA,5,2,5,1901,0,1,1,NA,2,420,I-10 (SAN BERNARDINO FREEWAY) E/B,NEW AVE.,500,W,N,B,-,Y,NA,NA,10,NA,NA,NA,NA,NA,E,N,4,0,2,2,A,-,03,22350,NA,M,C,C,A,A,H,-,A,D,0,NA,NA,NA,NA,Y,NA,A,01,0,0,2,0,0,0,0,0,0,-,-,34.07154,-118.11204,LOS ANGELES,ALHAMBRA,-118.11204064,34.0716332
9018715,2019,2020-01-23,1942,2019-10-28,1915,43757,1258,1,5,7,1942,0,0,0,L,0,12A57,MAIN ST,75TH ST,0,NA,Y,A,-,N,NA,NA,NA,NA,NA,NA,NA,NA,NA,Y,3,0,2,3,A,-,09,21801,A,N,A,C,A,A,H,-,C,A,0,NA,NA,NA,NA,Y,NA,A,01,0,1,1,0,0,0,0,0,0,-,-,NA,NA,LOS ANGELES,LOS ANGELES,-118.27393341064452,33.97214126586914
90187153,2016,2016-11-14,9525,2016-05-15,1145,018761,NA,7,1,9,1900,0,1,3,NA,1,024,EAST FORK RD.,SAN GABRIEL CYN. RD.,13728,E,N,B,C,N,NA,NA,NA,NA,NA,NA,NA,NA,NA,Y,2,0,2,1,A,-,01,23152,F,N,E,I,A,B,H,-,A,D,0,NA,NA,NA,NA,Y,Y,A,01,1,0,1,0,0,0,0,0,0,-,-,34.14254,-117.48687,LOS ANGELES,UNINCORPORATED,-117.81408541,34.23694048
90187154,2016,2016-05-25,9550,2016-05-19,1825,020954,NA,4,2,6,1920,0,1,1,NA,2,150,INTERSTATE 105 E/B (CENTURY FREEWAY),INTERSTATE 605,550,W,N,B,-,Y,NA,NA,105,NA,NA,NA,NA,NA,E,N,3,0,1,2,A,-,03,22350,NA,M,C,C,A,A,H,-,A,D,0,NA,NA,NA,NA,Y,NA,A,01,0,1,0,0,0,0,0,0,0,-,-,33.91372,-118.11415,LOS ANGELES,DOWNEY,-118.11415027,33.91368833
9018716,2019,2020-02-11,1942,2019-12-12,1550,41932,0523,4,5,7,1942,0,0,0,E,0,05A,L ST,NEPTUNE AV,16,E,N,A,-,N,NA,NA,NA,NA,NA,NA,NA,NA,NA,Y,4,0,2,3,A,-,03,22350,NA,N,D,C,A,A,H,-,A,D,0,NA,NA,NA,NA,Y,Y,A,07,0,0,2,0,0,0,0,0,0,-,-,NA,NA,LOS ANGELES,LOS ANGELES,-118.26937103271484,33.78672409057617
90187164,2016,2016-05-25,9590,2016-02-28,1100,017520,NA,7,1,7,1942,0,1,1,NA,2,050,I-110 N/B (HARBOR FREEWAY),CENTURY BLVD,100,N,N,A,-,Y,NA,NA,NA,NA,NA,NA,NA,NA,NA,N,3,0,1,3,A,-,03,22350,NA,N,C,C,A,A,H,-,A,D,0,NA,NA,NA,NA,Y,NA,A,01,0,1,0,0,0,0,0,0,0,-,-,33.2009,-118.10092,LOS ANGELES,LOS ANGELES,-118.27962342,33.94582255
90187171,2016,2016-05-25,9580,2016-05-16,1815,020402,NA,1,2,7,1942,0,1,3,NA,2,117,SR-118 W/B (RONALD REAGAN FWY.),WOODLEY AVE,200,W,N,A,-,Y,NA,NA,118,NA,NA,NA,NA,NA,W,N,3,0,1,1,A,-,08,22107,NA,N,F,A,A,A,H,-,A,D,0,NA,NA,Y,NA,Y,NA,C,02,0,1,0,0,0,0,0,0,1,-,-,34.2702,-118.48751,LOS ANGELES,LOS ANGELES,-118.48753093,34.27017437
90187173,2016,2016-05-25,9550,2016-05-13,1310,014862,NA,5,1,6,1949,0,1,1,NA,2,651,I-605 NORTHBOUND,ROSECRANS AVENUE,500,N,N,A,-,Y,NA,NA,605,NA,NA,NA,NA,NA,N,Y,4,0,1,3,A,-,07,21658,NA,F,B,C,A,A,H,-,A,D,0,NA,NA,NA,NA,Y,NA,-,99,0,0,1,0,0,0,0,0,0,-,-,33.90572,-118.10493,LOS ANGELES,NORWALK,-118.10507883,33.90572058
9018719,2019,2020-01-23,1942,2019-10-28,0635,43676,LOS A,1,5,7,1942,0,0,0,NA,0,12A3,SLAUSON AV,EDGEMAR AV,0,NA,Y,A,-,N,NA,NA,NA,NA,NA,NA,NA,NA,NA,NA,4,0,2,2,A,-,09,21801,A,N,H,C,A,A,H,-,A,A,0,NA,NA,Y,NA,Y,NA,A,01,0,0,2,0,0,0,0,0,1,-,-,NA,NA,LOS ANGELES,LOS ANGELES,-118.35005950927734,33.98889923095703
90187191,2016,2016-05-25,9565,2016-05-17,1300,016020,NA,2,1,7,1942,0,1,1,NA,2,064,I-405 S/B (SAN DIEGO FWY),SKIRBALL CENTER DR,700,N,N,A,-,Y,NA,NA,405,NA,NA,NA,NA,NA,S,N,4,0,1,3,A,-,03,22350,NA,N,C,C,A,A,H,-,A,D,0,NA,NA,NA,NA,Y,NA,E,22,0,0,1,0,0,0,0,0,0,-,-,34.09634,-118.4766,LOS ANGELES,LOS ANGELES,-118.4769196,34.09614926
90187193,2016,2016-05-25,9550,2016-05-21,1050,021166,NA,6,1,5,1976,0,1,3,NA,1,014,WHITTIER BLVD.,BROADWAY AVE.,500,W,N,A,-,N,NA,NA,NA,NA,NA,NA,NA,NA,NA,N,4,0,1,2,A,-,03,22350,NA,N,C,C,A,A,H,-,A,D,0,NA,NA,NA,NA,Y,NA,A,01,0,0,1,0,0,0,0,0,0,-,-,33.98693,-118.0597,LOS ANGELES,WHITTIER,-118.05846001,33.98616182
9018720,2019,2020-02-10,1942,2019-12-10,0638,40404,0563,2,5,7,1942,0,0,0,E,0,5A85,W 13TH ST,S MEYLER ST,200,W,N,A,-,N,NA,NA,NA,NA,NA,NA,NA,NA,NA,N,4,0,2,2,A,-,21,22106,NA,N,D,C,A,A,H,-,A,D,0,NA,NA,NA,NA,Y,NA,A,01,0,0,2,0,0,0,0,0,0,-,-,NA,NA,LOS ANGELES,LOS ANGELES,-118.29747009277344,33.732452392578125
90187200,2016,2016-05-25,9525,2016-05-11,1712,017637,NA,3,2,5,1990,0,1,3,NA,2,574,SR-57 N/B (ORANGE FREEWAY),PATHFINDER RD,1000,S,N,A,-,Y,NA,NA,NA,NA,NA,NA,NA,NA,NA,Y,4,0,1,3,A,-,03,22350,NA,N,B,C,A,A,H,-,A,D,0,NA,NA,Y,NA,Y,NA,C,02,0,0,1,0,0,0,0,0,1,-,-,33.98028,-117.84249,LOS ANGELES,DIAMOND BAR,-117.84178955,33.9816992
90187207,2016,2016-05-25,9525,2016-05-10,1745,018926,NA,2,2,1,1934,0,1,1,NA,2,651,I-605 S/B (SAN GABRIEL RIVER FREEWAY),RAMONA BLVD,450,N,N,B,-,Y,NA,NA,605,NA,NA,NA,NA,NA,S,Y,3,0,2,3,A,-,03,22350,NA,N,C,C,A,A,H,-,A,D,0,NA,NA,NA,NA,Y,NA,A,07,0,1,1,0,0,0,0,0,0,-,-,34.08053,-117.99823,LOS ANGELES,IRWINDALE,-117.99797253,34.08049039
90187234,2016,2016-05-25,9525,2016-05-11,1750,018926,NA,3,2,9,1900,0,3,5,NA,2,003,NOGALES ST.,NORTHAM ST.,0,NA,Y,A,-,N,NA,NA,NA,NA,NA,NA,NA,NA,NA,Y,4,0,1,2,A,-,09,21801,A,N,A,C,A,A,H,-,A,A,0,NA,NA,NA,NA,Y,NA,A,01,0,0,1,0,0,0,0,0,0,-,-,34.00836,-117.88684,LOS ANGELES,UNINCORPORATED,-117.88713012,34.00828002
90187237,2016,2016-05-25,9540,2016-05-19,1100,021260,NA,4,1,6,1985,0,1,1,NA,2,506,I-5 NORTHBOUND,VALENCIA BLVD,1601,N,N,A,-,Y,NA,NA,5,NA,NA,NA,NA,NA,N,Y,3,0,1,1,A,-,08,22107,NA,N,E,I,A,A,H,-,A,D,0,NA,NA,NA,NA,Y,NA,A,01,0,1,0,0,0,0,0,0,0,-,-,34.41343,-118.57829,LOS ANGELES,SANTA CLARITA,-118.57837375,34.41339813
90187242,2016,2016-05-25,9590,2016-03-10,0735,016642,NA,4,1,7,1942,0,1,1,NA,2,052,I-110 N/B (HARBOR FREEWAY),8TH STREET,50,S,N,A,-,Y,NA,NA,110,NA,NA,NA,NA,NA,N,N,4,0,3,2,A,-,08,22107,NA,F,B,C,A,A,H,-,A,D,0,NA,NA,NA,NA,Y,NA,A,07,0,0,3,0,0,0,0,0,0,-,-,34.04921,-118.26435,LOS ANGELES,LOS ANGELES,-118.26434561,34.04920276
90187255,2016,2016-06-10,9525,2016-05-11,1805,018926,NA,3,2,9,1900,0,3,5,NA,2,003,NORTHAM ST. (19000 BLOCK),ABELIAN AVE.,100,W,N,A,-,N,NA,NA,NA,NA,NA,NA,NA,NA,NA,N,4,0,1,2,A,-,07,21658,A,M,B,C,A,A,H,-,A,D,0,NA,NA,NA,NA,Y,NA,A,01,0,0,1,0,0,0,0,0,0,-,-,34.00817,-117.88531,LOS ANGELES,UNINCORPORATED,-117.88518815,34.00815169
90187257,2016,2016-05-25,9550,2016-05-05,2200,020688,NA,4,3,9,1900,0,1,3,NA,2,600,STATE ROUTE 60 W/B (POMONA FREEWAY),SEVENTH AVE.,200,E,N,C,-,Y,NA,NA,60,NA,NA,NA,NA,NA,W,Y,4,0,1,2,A,-,07,21658,A,F,B,C,A,A,H,-,D,D,0,NA,NA,NA,NA,Y,NA,-,99,0,0,1,0,0,0,0,0,0,-,-,34.01893,-117.98729,LOS ANGELES,UNINCORPORATED,-117.98737625,34.01884827
90187267,2016,2016-05-25,9530,2016-05-24,1530,020364,NA,2,2,7,1941,0,1,3,NA,1,470,SR-47 N/B (VINCENT THOMAS BRIDGE),NEW DOCK ST,50,S,N,A,-,Y,NA,NA,NA,NA,NA,NA,NA,NA,NA,N,4,0,2,3,A,-,03,22350,NA,N,C,C,A,A,H,-,A,D,0,NA,NA,NA,Y,Y,NA,F,25,0,0,2,0,0,0,0,0,0,-,-,33.454,-118.142,LOS ANGELES,LONG BEACH,-118.23887816,33.76107409
90187270,2016,2016-05-25,9550,2016-05-19,1445,015382,NA,4,2,9,1900,0,3,5,NA,2,002,BROADWAY AVE.,CHADSEY DR.,354,W,N,A,-,N,NA,NA,NA,NA,NA,NA,NA,NA,NA,Y,2,0,2,1,A,-,01,23152,A,N,E,I,A,A,H,-,A,D,0,NA,NA,NA,NA,Y,Y,A,01,1,0,1,0,0,0,0,0,0,-,-,33.93496,-118.02018,LOS ANGELES,UNINCORPORATED,-118.02020685,33.93491102
90187274,2016,2016-05-25,9590,2016-03-11,0850,021111,NA,5,1,7,1942,0,1,1,NA,2,013,SR-110 S/B (ASP) TO I-5 (GSF),AVENUE 26,500,S,N,A,-,Y,NA,NA,110,NA,NA,NA,R,NA,S,Y,3,0,1,3,A,-,03,22350,NA,N,C,C,A,A,H,-,A,D,0,NA,NA,NA,NA,Y,NA,A,01,0,1,0,0,0,0,0,0,0,-,-,34.08519,-118.21871,LOS ANGELES,LOS ANGELES,-118.21871,34.08519
90187292,2016,2016-05-25,9575,2016-05-23,1645,015204,NA,1,2,6,1953,0,1,1,NA,2,065,I-210 W/B (FOOTHILL FREEWAY),SIERRA MADRE VILLA U/C,700,E,N,A,-,Y,NA,NA,210,NA,NA,NA,NA,NA,W,N,4,0,1,3,A,-,03,22350,NA,M,C,C,A,A,H,-,A,D,0,NA,NA,NA,NA,Y,NA,A,01,0,0,1,0,0,0,0,0,0,-,-,34.14796,-118.07947,LOS ANGELES,PASADENA,-118.07947172,34.14801417
90187335,2016,2016-05-25,9580,2016-05-14,2050,021013,NA,6,2,7,1942,0,1,2,NA,2,105,US-101 S/B (VENTURA FREEWAY),WHITE OAK AVE,1584,S,N,A,-,Y,NA,NA,101,NA,NA,NA,NA,NA,S,Y,4,0,1,2,A,-,07,21658,A,M,C,C,A,A,H,-,D,D,0,NA,NA,NA,NA,Y,NA,-,99,0,0,1,0,0,0,0,0,0,-,-,34.17101,-118.51187,LOS ANGELES,LOS ANGELES,-118.51186998,34.17109053
90187344,2016,2016-05-25,9575,2016-05-13,2000,020945,NA,5,2,5,1902,0,1,1,NA,2,065,I-210 W/B (FOOTHILL FREEWAY),MICHILLINDA AVE.,1000,E,N,A,-,Y,NA,NA,NA,NA,NA,NA,NA,NA,NA,Y,4,0,1,4,A,-,07,21658,A,M,B,C,A,A,H,-,C,D,0,NA,NA,NA,NA,Y,NA,-,99,0,0,1,0,0,0,0,0,0,-,-,34.15293,-118.09417,LOS ANGELES,ARCADIA,-118.06449223,34.14891577
90187352,2016,2016-05-25,9540,2016-05-17,0840,021260,NA,2,1,9,1900,0,1,1,NA,2,507,I-5 SOUTHBOUND,VALENCIA BLVD,782,S,N,A,-,Y,NA,NA,5,NA,NA,NA,NA,NA,S,Y,3,0,1,1,A,-,01,23152,A,N,E,I,A,A,H,-,A,D,0,NA,NA,NA,NA,Y,Y,A,01,0,1,0,0,0,0,0,0,0,-,-,34.40524,-118.57531,LOS ANGELES,UNINCORPORATED,-118.57516144,34.40530265
90187358,2016,2016-05-25,9565,2016-05-17,2245,020785,NA,2,3,7,1942,0,1,1,NA,2,010,I-105 W/B (CENTURY FREEWAY),SEPULVEDA BLVD,500,E,N,A,-,Y,NA,NA,105,NA,NA,NA,NA,NA,W,N,4,0,1,4,A,-,03,22350,NA,N,C,C,A,A,H,-,C,D,0,NA,NA,NA,NA,Y,NA,A,07,0,0,1,0,0,0,0,0,0,-,-,33.93144,-118.39003,LOS ANGELES,LOS ANGELES,-118.39003079,33.93141736