CASE_ID,ACCIDENT_YEAR,PROC_DATE,JURIS,COLLISION_DATE,COLLISION_TIME,OFFICER_ID,REPORTING_DISTRICT,DAY_OF_WEEK,CHP_SHIFT,POPULATION,CNTY_CITY_LOC,SPECIAL_COND,BEAT_TYPE,CHP_BEAT_TYPE,CITY_DIVISION_LAPD,CHP_BEAT_CLASS,BEAT_NUMBER,PRIMARY_RD,SECONDARY_RD,DISTANCE,DIRECTION,INTERSECTION,WEATHER_1,WEATHER_2,STATE_HWY_IND,CALTRANS_COUNTY,CALTRANS_DISTRICT,STATE_ROUTE,ROUTE_SUFFIX,POSTMILE_PREFIX,POSTMILE,LOCATION_TYPE,RAMP_INTERSECTION,SIDE_OF_HWY,TOW_AWAY,COLLISION_SEVERITY,NUMBER_KILLED,NUMBER_INJURED,PARTY_COUNT,PRIMARY_COLL_FACTOR,PCF_CODE_OF_VIOL,PCF_VIOL_CATEGORY,PCF_VIOLATION,PCF_VIOL_SUBSECTION,HIT_AND_RUN,TYPE_OF_COLLISION,MVIW,PED_ACTION,ROAD_SURFACE,ROAD_COND_1,ROAD_COND_2,LIGHTING,CONTROL_DEVICE,CHP_ROAD_TYPE,PEDESTRIAN_ACCIDENT,BICYCLE_ACCIDENT,MOTORCYCLE_ACCIDENT,TRUCK_ACCIDENT,NOT_PRIVATE_PROPERTY,ALCOHOL_INVOLVED,STWD_VEHTYPE_AT_FAULT,CHP_VEHTYPE_AT_FAULT,COUNT_SEVERE_INJ,COUNT_VISIBLE_INJ,COUNT_COMPLAINT_PAIN,COUNT_PED_KILLED,COUNT_PED_INJURED,COUNT_BICYCLIST_KILLED,COUNT_BICYCLIST_INJURED,COUNT_MC_KILLED,COUNT_MC_INJURED,PRIMARY_RAMP,SECONDARY_RAMP,LATITUDE,LONGITUDE,COUNTY,CITY,POINT_X,POINT_Y
90189749,2016,2016-05-31,9525,2016-05-14,1330,020058,NA,6,1,5,1926,0,3,5,NA,2,005,GLENDORA MOUNTAIN RD.,BIG DALTON CANYON RD.,16896,N,N,A,-,Y,NA,NA,NA,NA,NA,NA,NA,NA,NA,Y,3,0,1,2,A,-,09,21801,A,N,D,C,A,A,H,-,A,D,0,NA,NA,Y,NA,Y,NA,A,07,0,1,0,0,0,0,0,0,1,-,-,34.16779,-117.8475,LOS ANGELES,GLENDORA,-117.84769251,34.16840743
90189752,2016,2016-05-31,9430,2016-05-22,1645,017152,NA,7,2,9,1900,0,3,5,NA,2,001,GORMAN POST ROAD,SR-138,5280,N,N,A,-,N,NA,NA,NA,NA,NA,NA,NA,NA,NA,Y,3,0,1,1,A,-,08,22107,NA,N,E,I,A,A,H,-,A,D,0,NA,NA,Y,NA,Y,NA,C,02,0,1,0,0,0,0,0,0,1,-,-,34.77796,-118.79093,LOS ANGELES,UNINCORPORATED,-118.77057,34.77473
90189760,2016,2016-05-31,9525,2016-05-14,1538,020058,NA,6,2,5,1926,0,1,1,NA,2,205,I-210 W/B (FOOTHILL FREEWAY),SUNFLOWER AVE,1500,W,N,A,-,Y,NA,NA,210,NA,NA,NA,NA,NA,W,N,4,0,3,5,A,-,03,22350,NA,M,C,C,A,A,H,-,A,D,0,NA,NA,NA,NA,Y,NA,A,01,0,0,3,0,0,0,0,0,0,-,-,34.11784,-117.85288,LOS ANGELES,GLENDORA,-117.85288,34.11771489
9018977,2019,2020-01-30,1942,2019-11-02,1300,44021,1822,6,5,7,1942,0,0,0,R,0,NA,CENTURY BL,BROADWAY,300,E,N,A,-,N,NA,NA,NA,NA,NA,NA,NA,NA,NA,Y,4,0,1,3,A,-,03,22350,NA,N,B,C,A,A,H,-,A,D,0,NA,NA,NA,NA,Y,NA,A,01,0,0,1,0,0,0,0,0,0,-,-,NA,NA,LOS ANGELES,LOS ANGELES,-118.27740478515624,33.94554901123047
90189778,2016,2016-05-31,9525,2016-05-12,2300,020823,NA,4,3,4,1946,0,1,1,NA,2,202,I-210 E/B (FOOTHILL FREEWAY),MOUNTAIN AVE,500,W,N,A,-,Y,NA,NA,210,NA,NA,NA,NA,NA,E,Y,3,0,1,1,A,-,08,22107,NA,N,F,A,A,A,H,-,D,D,0,NA,NA,Y,NA,Y,NA,C,02,0,1,0,0,0,0,0,0,1,-,-,34.13526,-117.99347,LOS ANGELES,MONROVIA,-117.99346928,34.13534907
90189781,2016,2016-05-31,9565,2016-05-25,1912,021002,NA,3,2,7,1942,0,1,1,NA,2,082,I-10 E/B (SANTA MONICA FWY),I-405,200,E,N,A,-,Y,NA,NA,10,NA,NA,NA,NA,NA,E,N,4,0,1,2,A,-,03,22350,NA,N,C,C,A,A,H,-,A,D,0,NA,NA,NA,NA,Y,NA,A,07,0,0,1,0,0,0,0,0,0,-,-,34.03186,-118.42989,LOS ANGELES,LOS ANGELES,-118.42987504,34.03163065
9018981,2019,2020-01-30,1942,2019-11-01,1230,42927,1841,5,5,7,1942,0,0,0,R,0,50E,BROADWAY,108TH ST,0,NA,Y,A,-,N,NA,NA,NA,NA,NA,NA,NA,NA,NA,Y,4,0,3,2,A,-,03,22350,NA,N,D,C,A,A,H,-,A,A,0,NA,NA,NA,NA,Y,NA,A,01,0,0,3,0,0,0,0,0,0,-,-,NA,NA,LOS ANGELES,LOS ANGELES,-118.27838134765624,33.93828201293945
90189814,2016,2016-05-31,9530,2016-05-24,2338,020240,NA,2,3,7,1941,0,1,1,NA,2,420,I-405 N/B (SAN DIEGO FREEWAY),ATLANTIC AVE.,1197,N,N,B,-,Y,NA,NA,405,NA,NA,NA,NA,NA,N,Y,3,0,1,2,A,-,01,23152,A,N,B,C,A,A,H,-,C,D,0,NA,NA,NA,NA,Y,Y,D,22,0,1,0,0,0,0,0,0,0,-,-,33.81694,-118.18872,LOS ANGELES,LONG BEACH,-118.18861846,33.81707227
90189816,2016,2016-05-31,9565,2016-05-20,1400,021163,NA,5,2,9,1900,0,1,1,NA,2,012,I-105 E/B (CENTURY FREEWAY),NORMANDIE AVE,100,E,N,A,-,Y,NA,NA,NA,NA,NA,NA,NA,NA,NA,Y,4,0,2,2,A,-,03,22350,NA,N,C,C,A,A,H,-,A,D,0,NA,NA,NA,NA,Y,NA,A,01,0,0,2,0,0,0,0,0,0,-,-,33.55388,-118.17574,LOS ANGELES,UNINCORPORATED,-118.30002164,33.92736921
9018982,2019,2020-01-27,1922,2019-11-27,1006,598,NA,3,5,6,1922,0,0,0,NA,0,NA,PECK RD,SITKA AV,0,NA,Y,C,-,N,NA,NA,NA,NA,NA,NA,NA,NA,NA,N,3,0,1,3,A,-,04,21703,NA,N,C,C,A,B,H,-,A,D,0,NA,NA,NA,NA,Y,NA,A,01,0,1,0,0,0,0,0,0,0,-,-,34.07408142089844,-118.0229721069336,LOS ANGELES,EL MONTE,-118.02346801757813,34.073299407958984
90189830,2016,2016-05-31,9530,2016-05-25,0430,020388,NA,3,3,5,1943,0,1,1,NA,2,210,I-105 W/B (GLENN ANDERSON FWY),STATE ST.,600,E,N,A,-,Y,NA,NA,105,NA,NA,NA,NA,NA,W,Y,4,0,1,1,A,-,08,22107,NA,N,E,I,A,A,H,-,C,D,0,NA,NA,NA,NA,Y,NA,A,01,0,0,1,0,0,0,0,0,0,-,-,33.92876,-118.21862,LOS ANGELES,LYNWOOD,-118.21857963,33.92886467
90189836,2016,2016-05-31,9565,2016-05-21,1215,021163,NA,6,1,4,1918,0,1,1,NA,2,061,I-405 S/B (SAN DIEGO FREEWAY),CULVER BLVD,200,S,N,A,-,Y,NA,NA,NA,NA,NA,NA,NA,NA,NA,N,4,0,2,3,A,-,03,22350,NA,N,C,D,A,A,H,-,A,D,0,NA,NA,NA,NA,Y,NA,A,07,0,0,2,0,0,0,0,0,0,-,-,34.03315,-118.24347,LOS ANGELES,CULVER CITY,-118.41098743,34.00254201
9018985,2019,2020-01-28,1942,2019-11-11,1755,42675,0513,1,5,7,1942,0,0,0,E,0,5A24,LOMITA,BELLE PORTE,0,W,N,A,-,N,NA,NA,NA,NA,NA,NA,NA,NA,NA,N,4,0,1,2,A,-,04,21703,NA,N,C,C,A,A,H,-,C,A,0,NA,NA,NA,NA,Y,NA,A,07,0,0,1,0,0,0,0,0,0,-,-,NA,NA,LOS ANGELES,LOS ANGELES,-118.30116271972656,33.79779815673828
9018986,2019,2020-02-07,1900,2019-11-20,0914,620972,2242,3,5,3,1989,0,0,0,NA,0,224T1,LAS VIRGENES RD,A E WRIGHT,160,S,N,B,C,N,NA,NA,NA,NA,NA,NA,NA,NA,NA,NA,4,0,1,2,A,-,09,21801,A,N,D,C,A,B,H,-,A,D,0,NA,NA,NA,NA,Y,NA,A,01,0,0,1,0,0,0,0,0,0,-,-,NA,NA,LOS ANGELES,CALABASAS,-118.7029266357422,34.1341667175293
90189869,2016,2016-05-31,9590,2016-02-25,0005,019805,NA,4,3,7,1942,0,1,1,NA,2,012,SR-110 N/B (ARROYO SECO PARKWAY),SYCAMORE GROVE PEDESTRIAN OVERCROSSING,25,N,N,A,-,Y,NA,NA,110,NA,NA,NA,NA,NA,N,Y,4,0,1,2,A,-,03,22350,NA,M,C,C,A,A,H,-,C,D,0,NA,NA,Y,NA,Y,NA,C,02,0,0,1,0,0,0,0,0,1,-,-,34.09998,-118.20203,LOS ANGELES,LOS ANGELES,-118.20203255,34.09998276
9018989,2019,2020-01-30,1942,2019-11-13,0300,41858,0515,3,5,7,1942,0,0,0,E,0,5A25,PACIFIC COAST HWY,AVALON BL,0,NA,Y,A,-,N,NA,NA,NA,NA,NA,NA,NA,NA,NA,Y,3,0,1,2,A,-,12,21453,A,N,D,C,A,A,H,-,C,A,0,NA,NA,NA,NA,Y,NA,A,01,0,1,0,0,0,0,0,0,0,-,-,NA,NA,LOS ANGELES,LOS ANGELES,-118.26332092285156,33.791160583496094
90189891,2016,2016-05-31,9590,2016-03-30,0220,018510,NA,3,3,7,1942,0,1,2,NA,2,071,US-101 S/B (SAF) TO MISSION ROAD.,MISSION ROAD,300,N,N,A,-,Y,NA,NA,101,NA,NA,NA,R,NA,S,N,4,0,2,2,A,-,03,22350,NA,M,C,C,A,A,H,-,C,D,0,NA,NA,NA,NA,Y,NA,A,07,0,0,2,0,0,0,0,0,0,-,-,34.05277,-118.2279,LOS ANGELES,LOS ANGELES,-118.2279,34.05277
90189892,2016,2016-05-31,9525,2016-05-15,0200,020847,NA,7,3,9,1900,0,3,5,NA,2,002,ARROW HIGHWAY,SUNFLOWER AVE,10,E,N,A,-,N,NA,NA,NA,NA,NA,NA,NA,NA,NA,N,3,0,1,2,A,-,01,23152,A,M,C,C,A,A,H,-,C,A,0,NA,NA,NA,NA,Y,Y,A,01,0,1,0,0,0,0,0,0,0,-,-,34.10605,-117.84632,LOS ANGELES,UNINCORPORATED,-117.84634705,34.10673
90189894,2016,2016-05-31,9535,2016-05-06,1220,021154,NA,5,1,4,1907,0,1,1,NA,2,073,I-710 (LONG BEACH FREEWAY) S/B,SLAUSON AVE,150,N,N,B,-,Y,NA,NA,710,NA,NA,NA,NA,NA,S,Y,4,0,1,2,A,-,07,21658,A,N,B,C,A,B,H,-,A,D,0,NA,NA,NA,Y,Y,NA,-,-,0,0,1,0,0,0,0,0,0,-,-,33.99013,-118.1727,LOS ANGELES,BELL,-118.1726865,33.99014473
90189898,2016,2016-05-31,9535,2016-05-07,0739,021154,NA,6,1,9,1900,0,3,5,NA,2,002,6TH ST.,ARIZONA AVE,0,NA,Y,B,C,N,NA,NA,NA,NA,NA,NA,NA,NA,NA,N,3,0,1,2,A,-,11,21950,B,N,G,B,B,B,H,-,A,A,0,Y,NA,NA,NA,Y,NA,N,60,0,1,0,0,1,0,0,0,0,-,-,34.0271,-118.1651,LOS ANGELES,UNINCORPORATED,-118.49489004,34.01930004
90189905,2016,2016-05-31,9540,2016-05-14,1016,018721,NA,6,1,9,1900,0,1,1,NA,2,512,I-5 N/B (GOLDEN STATE FWY),SMOKEY BEAR RD,3168,N,N,A,-,Y,NA,NA,5,NA,NA,NA,NA,NA,N,Y,4,0,1,2,A,-,01,23152,E,N,C,C,A,A,H,-,A,D,0,NA,NA,NA,NA,Y,NA,A,08,0,0,1,0,0,0,0,0,0,-,-,34.71837,-118.79852,LOS ANGELES,UNINCORPORATED,-118.79852408000001,34.71836967
9018992,2019,2020-02-05,1922,2019-12-27,1712,632,2,5,5,6,1922,0,0,0,NA,0,002,PECK RD,LOWER AZUSA RD,0,NA,Y,A,-,N,NA,NA,NA,NA,NA,NA,NA,NA,NA,Y,4,0,1,1,A,-,08,22107,NA,N,A,I,A,A,H,-,C,A,0,NA,NA,NA,NA,Y,NA,A,01,0,0,1,0,0,0,0,0,0,-,-,34.09096145629883,-118.01464080810548,LOS ANGELES,EL MONTE,-118.01454925537108,34.09095001220703
90189928,2016,2016-05-31,9590,2016-05-08,0445,021040,NA,7,3,7,1942,0,1,1,NA,2,082,I-5 N/B (GOLDEN STATE FREEWAY),BROADWAY,350,S,N,A,-,Y,NA,NA,5,NA,NA,NA,NA,NA,N,Y,2,0,3,2,A,-,01,23152,A,N,E,I,A,A,H,-,D,D,0,NA,NA,NA,NA,Y,Y,A,07,1,0,2,0,0,0,0,0,0,-,-,34.07224,-118.21882,LOS ANGELES,LOS ANGELES,-118.21888308,34.07221561
9018993,2019,2020-01-30,1942,2019-11-27,2130,43883,0529,3,5,7,1942,0,0,0,E,0,5A12,ANAHEIM ST,9TH ST,900,W,N,C,-,N,NA,NA,NA,NA,NA,NA,NA,NA,NA,Y,3,0,4,2,A,-,05,21650,NA,N,A,C,A,B,H,-,C,D,0,NA,NA,NA,NA,Y,NA,A,01,0,1,3,0,0,0,0,0,0,-,-,NA,NA,LOS ANGELES,LOS ANGELES,-118.22284698486328,33.78248596191406
90189955,2016,2016-05-31,9530,2016-05-20,1825,020546,NA,5,2,5,1943,0,1,1,NA,2,210,I-105 W/B (GLENN ANDERSON FWY),ATLANTIC AVE.,450,W,N,A,-,Y,NA,NA,NA,NA,NA,NA,NA,NA,NA,Y,3,0,1,2,A,-,07,21658,A,F,B,C,A,A,H,-,A,D,0,NA,NA,Y,NA,Y,NA,D,22,0,1,0,0,0,0,0,0,1,-,-,33.55062,-118.1127,LOS ANGELES,LYNWOOD,-118.1909192,33.91675517
90189959,2016,2016-05-31,9530,2016-05-26,1535,020315,NA,4,2,7,1941,0,1,1,NA,2,420,I-405 S/B (SAN DIEGO FREEWAY),PACIFIC AVE.,48,N,N,A,-,Y,NA,NA,NA,NA,NA,NA,NA,NA,NA,N,4,0,3,2,A,-,03,22350,NA,N,C,C,A,A,H,-,A,D,0,NA,NA,NA,NA,Y,NA,A,01,0,0,3,0,0,0,0,0,0,-,-,33.49158,-118.11395,LOS ANGELES,LONG BEACH,-118.19408965,33.82074491
9018996,2019,2020-02-05,1922,2019-12-27,1550,601,NA,5,5,6,1922,0,0,0,NA,0,NA,ELLIOTT AV,MOUNTAIN VIEW RD,0,NA,Y,A,-,N,NA,NA,NA,NA,NA,NA,NA,NA,NA,N,4,0,1,2,A,-,09,21801,A,N,D,C,A,A,H,-,A,D,0,NA,NA,NA,NA,Y,NA,A,08,0,0,1,0,0,0,0,0,0,-,-,34.05855941772461,-118.02670288085938,LOS ANGELES,EL MONTE,-118.02664947509766,34.05854034423828
90189965,2016,2016-05-31,9530,2016-05-26,1750,020375,NA,4,2,7,1942,0,1,1,NA,2,200,I-105 E/B (GLENN ANDERSON FWY),STANFORD AVE.,450,E,N,A,-,Y,NA,NA,105,NA,NA,NA,NA,NA,E,Y,2,0,1,3,A,-,06,21755,NA,N,B,C,A,A,H,-,A,D,0,NA,NA,Y,NA,Y,NA,C,02,1,0,0,0,0,0,0,0,1,-,-,33.92727,-118.2635,LOS ANGELES,LOS ANGELES,-118.26349999,33.92730787
90189966,2016,2016-05-31,9535,2016-05-14,1158,021154,NA,6,1,9,1900,0,2,4,NA,2,024,WHITTIER BLVD,FERRIS AVE,0,NA,Y,A,-,N,NA,NA,NA,NA,NA,NA,NA,NA,NA,N,3,0,2,4,A,-,12,21453,A,N,G,B,B,A,H,-,A,A,0,Y,NA,NA,NA,Y,NA,A,01,0,1,1,0,2,0,0,0,0,-,-,34.02181,-118.16338,LOS ANGELES,UNINCORPORATED,-118.16340011,34.02171011
9018997,2019,2020-01-30,1942,2019-11-21,1805,42293,0585,4,5,7,1942,0,0,0,E,0,5A58W5,GAFFEY ST,19TH ST,0,NA,Y,A,-,N,NA,NA,NA,NA,NA,NA,NA,NA,NA,Y,3,0,3,3,A,-,09,21801,A,N,A,C,A,A,H,-,C,D,0,NA,NA,NA,NA,Y,NA,A,01,0,1,2,0,0,0,0,0,0,-,-,NA,NA,LOS ANGELES,LOS ANGELES,-118.29239654541016,33.72697830200195
9019000,2019,2020-02-05,1922,2019-12-13,0644,659,NA,5,5,6,1922,0,0,0,NA,0,001,PECK RD,ROSEGLEN AV,10,S,N,A,-,N,NA,NA,NA,NA,NA,NA,NA,NA,NA,Y,3,0,1,2,A,-,09,21801,A,N,C,C,A,A,H,-,A,D,0,NA,NA,NA,NA,Y,NA,A,08,0,1,0,0,0,0,0,0,0,-,-,34.09096145629883,-118.01464080810548,LOS ANGELES,EL MONTE,-118.01390075683594,34.09228515625
9019001,2019,2020-01-30,1942,2019-11-22,1245,40748,RD515,5,5,7,1942,0,0,0,NA,0,5A15,LOMITA,BAYVIEW,30,W,N,A,-,N,NA,NA,NA,NA,NA,NA,NA,NA,NA,N,4,0,1,2,A,-,03,22350,NA,N,C,C,A,A,H,-,A,D,0,NA,NA,NA,NA,Y,NA,A,01,0,0,1,0,0,0,0,0,0,-,-,NA,NA,LOS ANGELES,LOS ANGELES,-118.27151489257813,33.79879379272461
90190012,2016,2016-05-31,9525,2016-05-08,1620,020341,NA,7,2,5,1926,0,1,1,NA,2,205,I-210 W/B (FOOTHILL FREEWAY),SUNFLOWER AVE,760,E,N,B,-,Y,NA,NA,210,NA,NA,NA,NA,NA,W,N,4,0,1,2,A,-,03,22350,NA,N,C,C,A,A,H,-,A,D,0,NA,NA,NA,NA,Y,NA,A,01,0,0,1,0,0,0,0,0,0,-,-,34.11867,-117.84217,LOS ANGELES,GLENDORA,-117.84206262,34.11835249
90190015,2016,2016-05-31,9525,2016-05-06,2010,020341,NA,5,2,5,1926,0,1,1,NA,2,206,I-210 E/B (FOOTHILL FREEWAY),GRAND AVE.,400,E,N,A,-,Y,NA,NA,210,NA,NA,NA,NA,NA,E,Y,3,0,1,2,A,-,03,22350,NA,N,C,C,A,B,H,-,C,D,0,NA,NA,NA,Y,Y,NA,A,01,0,1,0,0,0,0,0,0,0,-,-,34.11969,-117.86815,LOS ANGELES,GLENDORA,-117.86812587,34.11975237
90190018,2016,2016-05-31,9550,2016-05-21,1615,021261,NA,6,2,9,1900,0,1,3,NA,2,601,SR-60 E/B (POMONA FREEWAY),BARFORD AVE PED O/C,500,E,N,A,-,Y,NA,NA,60,NA,NA,NA,NA,NA,E,Y,3,0,1,3,A,-,03,22350,NA,N,C,C,A,A,H,-,A,D,0,NA,NA,NA,NA,Y,NA,A,01,0,1,0,0,0,0,0,0,0,-,-,34.00312,-117.9527,LOS ANGELES,UNINCORPORATED,-117.95267388,34.00320405
90190020,2016,2016-05-31,9535,2016-05-22,1955,020851,NA,7,2,9,1900,0,3,5,NA,2,006,PARAMOUNT BLVD (1200 BLOCK),HILL DR,500,S,N,A,-,N,NA,NA,NA,NA,NA,NA,NA,NA,NA,Y,4,0,1,1,A,-,08,22107,NA,N,E,I,A,A,H,-,C,D,0,NA,NA,NA,NA,Y,NA,D,22,0,0,1,0,0,0,0,0,0,-,-,34.04339,-118.09094,LOS ANGELES,UNINCORPORATED,-118.09106127,34.04317519
90190030,2016,2016-05-31,9530,2016-05-19,1635,021108,NA,4,2,9,1900,0,3,5,NA,2,001,ALAMEDA ST. (8300 BLOCK),83RD ST.,25,S,N,A,-,N,NA,NA,NA,NA,NA,NA,NA,NA,NA,Y,3,0,2,3,A,-,03,22350,NA,F,C,C,A,A,H,-,A,D,0,NA,NA,NA,NA,Y,NA,A,01,0,1,1,0,0,0,0,0,0,-,-,33.5746,-118.1355,LOS ANGELES,UNINCORPORATED,-118.23220502,33.96290259
9019004,2019,2020-02-05,1922,2019-12-21,0945,620,NA,6,5,6,1922,0,0,0,NA,0,003,PECK RD,SCHMIDT RD,0,NA,Y,A,B,N,NA,NA,NA,NA,NA,NA,NA,NA,NA,N,4,0,1,2,A,-,09,21802,A,N,D,G,A,A,H,-,A,A,0,NA,Y,NA,NA,Y,NA,L,04,0,0,1,0,0,0,1,0,0,-,-,34.057289123535156,-118.03057861328124,LOS ANGELES,EL MONTE,-118.0305633544922,34.05727005004883
9019005,2019,2020-02-07,1942,2019-11-24,0920,39523,0551,7,5,7,1942,0,0,0,E,0,5A55,WESTERN AV,9TH ST,0,NA,Y,A,-,N,NA,NA,NA,NA,NA,NA,NA,NA,NA,N,3,0,1,2,A,-,08,22107,NA,N,G,B,B,A,H,-,A,A,0,Y,NA,NA,NA,Y,NA,A,07,0,1,0,0,1,0,0,0,0,-,-,NA,NA,LOS ANGELES,LOS ANGELES,-118.30908203125,34.055850982666016
90190079,2016,2016-05-31,9550,2016-05-20,0615,020966,NA,5,1,9,1900,0,3,5,NA,2,003,PALM AVENUE,COBLE AVENUE,187,E,N,A,-,N,NA,NA,NA,NA,NA,NA,NA,NA,NA,Y,3,0,2,1,A,-,08,22107,NA,N,E,I,A,A,H,-,A,D,0,NA,NA,NA,NA,Y,NA,D,22,0,2,0,0,0,0,0,0,0,-,-,34.01456,-117.98508,LOS ANGELES,UNINCORPORATED,-117.98329,34.0138
9019008,2019,2020-02-05,1922,2019-12-27,0902,695,NA,5,5,6,1922,0,0,0,NA,0,NA,DURFEE AV,KLINGERMAN ST,0,NA,Y,A,-,N,NA,NA,NA,NA,NA,NA,NA,NA,NA,Y,3,0,2,2,A,-,12,21453,A,N,D,C,A,A,H,-,A,A,0,NA,NA,NA,NA,Y,NA,A,01,0,2,0,0,0,0,0,0,0,-,-,34.05084991455078,-118.0236587524414,LOS ANGELES,EL MONTE,-118.0236587524414,34.050819396972656
90190087,2016,2016-06-01,9525,2016-05-15,1747,020058,NA,7,2,4,1946,0,1,1,NA,2,201,I-210 W/B (FOOTHILL FREEWAY),MAGNOLIA AVE,500,W,N,B,-,Y,NA,NA,210,NA,NA,NA,NA,NA,W,Y,4,0,10,4,A,-,03,22350,NA,N,C,C,A,A,H,-,A,D,0,NA,NA,NA,NA,Y,NA,A,08,0,0,10,0,0,0,0,0,0,-,-,34.13555,-118.00488,LOS ANGELES,MONROVIA,-118.00487993,34.13554353
9019009,2019,2020-01-30,1942,2019-11-11,2025,41646,0565,1,5,7,1942,0,0,0,E,0,5XL3,10TH ST,PACIFIC,40,E,N,A,-,N,NA,NA,NA,NA,NA,NA,NA,NA,NA,N,4,0,1,4,A,-,03,22350,NA,N,A,E,A,A,H,-,C,A,0,NA,NA,NA,NA,Y,NA,A,01,0,0,1,0,0,0,0,0,0,-,-,NA,NA,LOS ANGELES,LOS ANGELES,-118.2877960205078,33.73514938354492
90190106,2016,2016-05-31,9525,2016-05-15,1754,021097,NA,7,2,4,1946,0,1,1,NA,2,211,I-210 W/B (FOOTHILL FREEWAY),MYRTLE AVE,1320,W,N,A,-,Y,NA,NA,210,NA,NA,NA,NA,NA,W,Y,4,0,1,3,A,-,03,22350,NA,N,B,C,A,A,H,-,A,D,0,NA,NA,NA,NA,Y,NA,A,07,0,0,1,0,0,0,0,0,0,-,-,34.13558,-118.00631,LOS ANGELES,MONROVIA,-118.00630907,34.13559883
9019012,2019,2020-02-05,1922,2019-12-23,2212,678,3,1,5,6,1922,0,0,0,NA,0,NA,PECK RD,MEEKER AV,100,S,N,B,-,N,NA,NA,NA,NA,NA,NA,NA,NA,NA,Y,3,0,1,2,A,-,01,23152,B,N,C,I,A,B,H,-,C,A,0,NA,NA,NA,NA,Y,Y,A,08,0,1,0,0,0,0,0,0,0,-,-,34.06557846069336,-118.03043365478516,LOS ANGELES,EL MONTE,-118.03050231933594,34.06531524658203
90190120,2016,2016-05-31,9525,2016-05-16,0220,021138,NA,1,3,4,1946,0,1,1,NA,2,202,I-210 E/B (FOOTHILL FREEWAY),MOUNTAIN AVE,1320,W,N,A,-,Y,NA,NA,210,NA,NA,NA,NA,NA,E,Y,3,0,2,2,A,-,03,22350,NA,N,C,C,A,A,H,-,D,D,0,NA,NA,NA,Y,Y,NA,A,01,0,2,0,0,0,0,0,0,0,-,-,34.13533,-117.99182,LOS ANGELES,MONROVIA,-117.99182005,34.13533599
9019013,2019,2020-01-27,1942,2019-11-01,2045,42293,0563,5,5,7,1942,0,0,0,E,0,5A58W5,PACIFIC AV,1ST ST,100,N,N,A,-,N,NA,NA,NA,NA,NA,NA,NA,NA,NA,Y,4,0,3,3,A,-,08,22107,NA,N,D,C,A,A,H,-,C,D,0,NA,NA,NA,NA,Y,NA,A,01,0,0,3,0,0,0,0,0,0,-,-,NA,NA,LOS ANGELES,LOS ANGELES,-118.2878875732422,33.74332046508789
90190130,2016,2016-05-31,9550,2016-05-19,1905,020861,NA,4,2,9,1900,0,1,3,NA,2,602,STATE ROUTE 60 E/B (POMONA FREEWAY),NOGALES STREET,900,W,N,A,-,Y,NA,NA,60,NA,NA,NA,NA,NA,E,Y,4,0,1,2,A,-,08,22107,NA,N,C,C,A,A,H,-,A,D,0,NA,NA,Y,NA,Y,NA,A,01,0,0,1,0,0,0,0,0,1,-,-,33.99407,-117.89208000000001,LOS ANGELES,UNINCORPORATED,-117.89207998,33.99407322
90190135,2016,2016-05-31,9575,2016-05-15,1422,020536,NA,7,2,7,1942,0,1,1,NA,2,061,I-210 E/B (FOOTHILL FREEWAY),LA TUNA CANYON,1320,E,N,A,-,Y,NA,NA,NA,NA,NA,NA,NA,NA,NA,Y,4,0,1,1,C,-,18,NA,NA,N,E,I,A,A,H,-,A,D,0,NA,NA,NA,NA,Y,NA,-,-,0,0,1,0,0,0,0,0,0,-,-,34.21654,-118.23674,LOS ANGELES,LOS ANGELES,-118.28649059,34.23427385
90190137,2016,2016-05-31,9590,2016-05-19,2040,020344,NA,4,2,7,1942,0,1,1,NA,2,052,I-110 N/B (HARBOR FREEWAY),4TH ST.,200,S,N,A,-,Y,NA,NA,110,NA,NA,NA,NA,NA,N,N,4,0,3,2,A,-,03,22350,NA,N,C,C,A,A,H,-,C,D,0,NA,NA,NA,NA,Y,NA,A,01,0,0,3,0,0,0,0,0,0,-,-,34.05342,-118.25788,LOS ANGELES,LOS ANGELES,-118.25810306,34.05360479
90190153,2016,2016-05-31,9535,2016-05-26,1745,020794,NA,4,2,3,1914,0,1,1,NA,2,072,I-710 (LONG BEACH FREEWAY) N/B,WASHINGTON BLVD,200,N,N,A,-,Y,NA,NA,710,NA,NA,NA,NA,NA,N,N,4,0,4,3,A,-,03,22350,NA,N,C,C,A,A,H,-,A,D,0,NA,NA,NA,NA,Y,NA,A,01,0,0,4,0,0,0,0,0,0,-,-,34.00543,-118.17265,LOS ANGELES,COMMERCE,-118.17266484,34.00543374
90190160,2016,2016-05-31,9525,2016-05-13,2300,021138,NA,5,3,9,1900,0,2,4,NA,2,022,ARROW HIGHWAY,VINCENT AVE,0,NA,Y,A,-,N,NA,NA,NA,NA,NA,NA,NA,NA,NA,Y,3,0,1,2,A,-,01,23152,A,N,D,C,A,A,H,-,C,A,0,NA,NA,NA,NA,Y,Y,A,01,0,1,0,0,0,0,0,0,0,-,-,34.10689,-117.92542,LOS ANGELES,UNINCORPORATED,-117.92538008,34.10694009