CASE_ID,ACCIDENT_YEAR,PROC_DATE,JURIS,COLLISION_DATE,COLLISION_TIME,OFFICER_ID,REPORTING_DISTRICT,DAY_OF_WEEK,CHP_SHIFT,POPULATION,CNTY_CITY_LOC,SPECIAL_COND,BEAT_TYPE,CHP_BEAT_TYPE,CITY_DIVISION_LAPD,CHP_BEAT_CLASS,BEAT_NUMBER,PRIMARY_RD,SECONDARY_RD,DISTANCE,DIRECTION,INTERSECTION,WEATHER_1,WEATHER_2,STATE_HWY_IND,CALTRANS_COUNTY,CALTRANS_DISTRICT,STATE_ROUTE,ROUTE_SUFFIX,POSTMILE_PREFIX,POSTMILE,LOCATION_TYPE,RAMP_INTERSECTION,SIDE_OF_HWY,TOW_AWAY,COLLISION_SEVERITY,NUMBER_KILLED,NUMBER_INJURED,PARTY_COUNT,PRIMARY_COLL_FACTOR,PCF_CODE_OF_VIOL,PCF_VIOL_CATEGORY,PCF_VIOLATION,PCF_VIOL_SUBSECTION,HIT_AND_RUN,TYPE_OF_COLLISION,MVIW,PED_ACTION,ROAD_SURFACE,ROAD_COND_1,ROAD_COND_2,LIGHTING,CONTROL_DEVICE,CHP_ROAD_TYPE,PEDESTRIAN_ACCIDENT,BICYCLE_ACCIDENT,MOTORCYCLE_ACCIDENT,TRUCK_ACCIDENT,NOT_PRIVATE_PROPERTY,ALCOHOL_INVOLVED,STWD_VEHTYPE_AT_FAULT,CHP_VEHTYPE_AT_FAULT,COUNT_SEVERE_INJ,COUNT_VISIBLE_INJ,COUNT_COMPLAINT_PAIN,COUNT_PED_KILLED,COUNT_PED_INJURED,COUNT_BICYCLIST_KILLED,COUNT_BICYCLIST_INJURED,COUNT_MC_KILLED,COUNT_MC_INJURED,PRIMARY_RAMP,SECONDARY_RAMP,LATITUDE,LONGITUDE,COUNTY,CITY,POINT_X,POINT_Y
9019050,2019,2020-02-04,1913,2019-12-15,0125,3835,25,7,5,4,1913,0,0,0,NA,0,002,MILLS AV,SAN JOSE AV,0,NA,Y,A,-,N,NA,NA,NA,NA,NA,NA,NA,NA,NA,Y,3,0,1,1,A,-,01,23152,A,M,E,I,A,A,H,-,D,A,0,NA,NA,NA,NA,Y,Y,A,01,0,1,0,0,0,0,0,0,0,-,-,NA,NA,LOS ANGELES,CLAREMONT,-117.70957,34.08317
90190504,2016,2016-05-31,9540,2016-05-16,0855,019317,NA,1,1,9,1900,0,1,3,NA,2,147,SR-14(S/B)(ANTELOPE VALLEY FREEWAY),ESCONDIDO CANYON ROAD,5280,S,N,A,-,Y,NA,NA,14,NA,NA,NA,NA,NA,NA,Y,4,0,1,2,A,-,03,22350,NA,N,B,C,A,A,H,-,A,D,0,NA,NA,NA,Y,Y,NA,G,26,0,0,1,0,0,0,0,0,0,-,-,34.48043,-118.29376,LOS ANGELES,UNINCORPORATED,-118.29375093,34.48032898
90190518,2016,2016-05-31,9530,2016-05-27,1821,017755,NA,5,2,9,1900,0,3,5,NA,2,001,FLOWER ST.,MOUNTAIN VIEW AVE.,0,NA,Y,A,-,N,NA,NA,NA,NA,NA,NA,NA,NA,NA,Y,4,0,1,3,A,-,09,21802,A,N,D,C,A,A,H,-,A,A,0,NA,NA,NA,NA,Y,NA,A,01,0,0,1,0,0,0,0,0,0,-,-,33.97093,-118.19348,LOS ANGELES,UNINCORPORATED,-118.21802002,33.97008008
9019052,2019,2020-01-24,1942,2019-10-17,1315,43927,0185,4,5,7,1942,0,0,0,A,0,13A27,MAPLE,12TH ST,0,NA,Y,A,-,N,NA,NA,NA,NA,NA,NA,NA,NA,NA,N,4,0,1,2,A,-,12,21453,A,N,A,G,A,A,H,-,A,A,0,NA,Y,NA,NA,Y,NA,A,07,0,0,1,0,0,0,1,0,0,-,-,NA,NA,LOS ANGELES,LOS ANGELES,-118.25633239746094,34.03567123413086
90190522,2016,2016-05-31,9540,2016-05-21,0025,019337,NA,6,3,9,1900,0,2,4,NA,2,061,THE OLD ROAD N/B,BOULDER STREET,104,S,N,A,-,N,NA,NA,NA,NA,NA,NA,NA,NA,NA,Y,4,0,1,1,A,-,01,23152,A,N,E,I,A,A,H,-,C,D,0,NA,NA,NA,NA,Y,Y,A,01,0,0,1,0,0,0,0,0,0,-,-,34.49149,-118.62119,LOS ANGELES,UNINCORPORATED,NA,NA
9019053,2019,2020-01-23,1942,2019-10-19,1330,43603,0541,6,5,7,1942,0,0,0,E,0,5A55,WESTERN AV,PARK WESTERN DR,30,S,N,A,-,N,NA,NA,NA,NA,NA,NA,NA,NA,NA,Y,4,0,1,2,A,-,03,22350,NA,N,C,C,A,A,H,-,A,A,0,NA,NA,NA,NA,Y,NA,A,01,0,0,1,0,0,0,0,0,0,-,-,NA,NA,LOS ANGELES,LOS ANGELES,-118.30894470214844,33.75206756591797
90190535,2016,2016-05-31,9540,2016-05-17,0030,020678,NA,2,3,9,1900,0,1,3,NA,2,146,SR-14 N/B (ANTELOPE VALLEY FWY),AGUA DULCE CYN RD,6336,N,N,A,-,Y,NA,NA,NA,NA,NA,NA,NA,NA,NA,Y,3,0,1,1,A,-,08,22107,NA,N,E,I,A,A,H,-,D,D,0,NA,NA,NA,NA,Y,NA,A,01,0,1,0,0,0,0,0,0,0,-,-,34.42969,-118.31115,LOS ANGELES,UNINCORPORATED,-118.31098144,34.47297352
90190536,2016,2016-05-31,9580,2016-05-14,1445,020791,NA,6,2,7,1942,0,1,1,NA,2,406,I-405 N/B (SAN DIEGO FWY),ROSCOE BLVD,1000,S,N,A,-,Y,NA,NA,405,NA,NA,NA,NA,NA,N,N,4,0,3,4,A,-,03,22350,NA,N,C,C,A,A,H,-,A,D,0,NA,NA,NA,NA,Y,NA,D,22,0,0,3,0,0,0,0,0,0,-,-,34.21754,-118.47304,LOS ANGELES,LOS ANGELES,-118.47312576,34.21754084
9019054,2019,2020-02-04,1913,2019-12-17,0703,3852,27,2,5,4,1913,0,0,0,NA,0,NA,CLAREMONT BL,1ST ST,0,NA,Y,A,-,N,NA,NA,NA,NA,NA,NA,NA,NA,NA,Y,4,0,1,2,A,-,09,21804,A,N,D,C,A,A,H,-,A,A,0,NA,NA,NA,NA,Y,NA,A,07,0,0,1,0,0,0,0,0,0,-,-,NA,NA,LOS ANGELES,CLAREMONT,-117.70471954345705,34.09519958496094
90190547,2016,2016-05-31,9545,2016-05-20,2115,020996,NA,5,2,9,1900,0,3,5,NA,2,004,AVE J,104TH ST  E,173,E,N,A,-,N,NA,NA,NA,NA,NA,NA,NA,NA,NA,Y,4,0,2,2,A,-,01,23152,A,N,B,C,A,A,H,-,D,D,0,NA,NA,NA,NA,Y,Y,A,01,0,0,2,0,0,0,0,0,0,-,-,34.6901,-117.9406,LOS ANGELES,UNINCORPORATED,-117.94579582,34.69006955
90190550,2016,2016-05-31,9545,2016-05-20,1135,018097,NA,5,1,9,1900,0,3,5,NA,2,002,JOHNSON ROAD,110TH ST  W,1076,W,N,B,G,N,NA,NA,NA,NA,NA,NA,NA,NA,NA,Y,2,0,1,1,A,-,08,22107,NA,N,E,I,A,A,H,-,A,D,0,NA,NA,Y,NA,Y,NA,C,02,1,0,0,0,0,0,0,0,1,-,-,34.66279,-118.32961,LOS ANGELES,UNINCORPORATED,-118.3277124,34.66318861
9019057,2019,2020-01-23,1942,2019-10-22,1425,41932,0565,2,5,7,1942,0,0,0,E,0,5A59,GAFFEY,9TH,40,N,N,A,-,N,NA,NA,NA,NA,NA,NA,NA,NA,NA,N,4,0,1,2,A,-,03,22350,NA,N,B,C,A,A,H,-,A,D,0,NA,NA,NA,NA,Y,Y,A,01,0,0,1,0,0,0,0,0,0,-,-,NA,NA,LOS ANGELES,LOS ANGELES,-118.2923583984375,33.73616027832031
90190572,2016,2016-05-31,9545,2016-05-21,0805,018097,NA,6,1,9,1900,0,1,3,NA,2,031,SR-14 N/B (ANTELOPE VALLEY FWY),MOUNTAIN SPRINGS RD,3696,S,N,A,G,Y,NA,NA,14,NA,NA,NA,NA,NA,N,Y,4,0,1,2,A,-,03,22350,NA,N,C,C,A,A,H,-,A,D,0,NA,NA,NA,NA,Y,NA,A,01,0,0,1,0,0,0,0,0,0,-,-,34.49358,-118.12642,LOS ANGELES,UNINCORPORATED,-118.12637701,34.49354198
90190579,2016,2016-05-31,9540,2016-05-18,1025,014339,NA,3,1,9,1900,0,1,1,NA,2,511,I-5 S/B (GSF),TEMPLIN HWY,0,NA,N,A,-,Y,NA,NA,5,NA,NA,NA,NA,NA,S,Y,3,0,1,2,A,-,03,22350,NA,N,C,C,A,A,H,-,A,D,0,NA,NA,NA,NA,Y,NA,A,01,0,1,0,0,0,0,0,0,0,-,-,34.57422,-118.69582,LOS ANGELES,UNINCORPORATED,-118.69589292,34.57402268
90190583,2016,2016-05-31,9540,2016-05-22,1920,020255,NA,7,2,7,1942,0,1,1,NA,1,501,I-5 S/B (GOLDEN STATE FWY),ROXFORD ST,2429,N,N,A,-,Y,NA,NA,5,NA,NA,NA,NA,NA,S,Y,4,0,2,3,A,-,08,22107,NA,F,B,C,A,A,H,-,A,D,0,NA,NA,NA,NA,Y,NA,-,99,0,0,2,0,0,0,0,0,0,-,-,34.29776,-118.47453,LOS ANGELES,LOS ANGELES,-118.47443354,34.2978549
90190584,2016,2016-05-31,9545,2016-05-22,2120,020524,NA,7,2,9,1900,0,1,3,NA,2,021,BARREL SPRINGS RD,PEARBLOSSOM HWY,5280,S,N,A,-,N,NA,NA,NA,NA,NA,NA,NA,NA,NA,Y,3,0,1,1,A,-,08,22107,NA,N,E,I,A,A,H,-,D,D,0,NA,NA,NA,NA,Y,NA,A,01,0,1,0,0,0,0,0,0,0,-,-,34.52832,-118.06877,LOS ANGELES,UNINCORPORATED,-118.06970342,34.5283351
90190586,2016,2016-05-31,9540,2016-05-22,2025,020255,NA,7,2,7,1942,0,1,1,NA,1,502,I-5 N/B (GOLDEN STATE FWY),SAN FERNANDO RD,800,S,N,A,-,Y,NA,NA,5,NA,NA,NA,NA,NA,N,Y,4,0,1,3,A,-,03,22350,NA,N,C,C,A,A,H,-,D,D,0,NA,NA,NA,NA,Y,NA,A,08,0,0,1,0,0,0,0,0,0,-,-,34.32397,-118.50139,LOS ANGELES,LOS ANGELES,-118.50136757,34.32401001
90190594,2016,2016-05-31,9590,2016-03-23,0610,014234,NA,3,1,7,1942,0,1,1,NA,2,050,I-110 N/B (HARBOR FREEWAY),MANCHESTER AVE U/C,520,S,N,A,-,Y,NA,NA,110,NA,NA,NA,NA,NA,N,N,4,0,2,3,A,-,03,22350,NA,N,C,C,A,A,H,-,B,D,0,NA,NA,NA,NA,Y,NA,A,07,0,0,2,0,0,0,0,0,0,-,-,33.96036,-118.28094,LOS ANGELES,LOS ANGELES,-118.28072068,33.96036099
90190596,2016,2016-05-31,9530,2016-05-26,1735,020232,NA,4,2,5,1943,0,1,1,NA,2,210,I-105 E/B (GLENN ANDERSON FWY),LONG BEACH BLVD.,1584,E,N,A,-,Y,NA,NA,105,NA,NA,NA,NA,NA,E,Y,3,0,1,3,A,-,07,21658,A,N,B,C,A,A,H,-,A,D,0,NA,NA,Y,NA,Y,NA,A,01,0,1,0,0,0,0,0,0,1,-,-,33.92281,-118.20534,LOS ANGELES,LYNWOOD,-118.20538501,33.92270799
90190604,2016,2016-05-31,9590,2016-03-23,1300,016689,NA,3,1,7,1942,0,1,2,NA,2,071,US-101 S/B,RAMIREZ STREET,100,S,N,A,-,Y,NA,NA,101,NA,NA,NA,NA,NA,S,Y,3,0,1,2,A,-,03,22350,NA,N,C,C,A,A,H,-,A,D,0,NA,NA,Y,NA,Y,NA,C,02,0,1,0,0,0,0,0,0,1,-,-,34.05328,-118.23059,LOS ANGELES,LOS ANGELES,-118.2305898,34.05328147
9019061,2019,2020-01-23,1942,2019-10-21,1055,43826,0525,1,5,7,1942,0,0,0,E,0,5A25,ISLAND AV,ANAHEIM ST,30,S,N,A,-,N,NA,NA,NA,NA,NA,NA,NA,NA,NA,N,4,0,1,2,A,-,08,22107,NA,N,G,B,D,A,H,-,A,D,0,Y,NA,NA,NA,Y,NA,A,01,0,0,1,0,1,0,0,0,0,-,-,NA,NA,LOS ANGELES,LOS ANGELES,-118.26656341552734,33.77975845336914
90190614,2016,2016-05-31,9540,2016-05-28,1720,020733,NA,6,2,9,1900,0,2,4,NA,1,104,SAN FRANCISQUITO CANYON RD,STATOR LANE,6336,S,N,A,-,N,NA,NA,NA,NA,NA,NA,NA,NA,NA,Y,4,0,2,1,A,-,08,22107,NA,N,E,I,A,A,H,-,A,D,0,NA,NA,Y,NA,Y,NA,C,02,0,0,2,0,0,0,0,0,2,-,-,34.52493,-118.53243,LOS ANGELES,UNINCORPORATED,-118.53237607,34.52503361
90190616,2016,2016-05-31,9590,2016-03-23,1235,014234,NA,3,1,7,1942,0,1,1,NA,2,050,I-110 N/B (HARBOR FREEWAY),MANCHESTER AVENUE,600,S,N,A,-,Y,NA,NA,110,NA,NA,NA,NA,NA,N,N,4,0,2,2,A,-,03,22350,NA,N,C,C,A,A,H,-,A,D,0,NA,NA,NA,NA,Y,NA,A,01,0,0,2,0,0,0,0,0,0,-,-,33.96275,-118.28045,LOS ANGELES,LOS ANGELES,-118.28072749,33.96274923
9019062,2019,2020-02-04,1913,2019-12-13,1421,3845,30,5,5,4,1913,0,0,0,NA,0,002,FOOTHILL BL,DARTMOUTH AV,0,NA,Y,A,-,N,NA,NA,NA,NA,NA,NA,NA,NA,NA,N,4,0,1,2,A,-,12,21453,A,N,D,G,A,A,D,-,A,A,0,NA,Y,NA,NA,Y,NA,A,08,0,0,1,0,0,0,1,0,0,-,-,NA,NA,LOS ANGELES,CLAREMONT,-117.7131805419922,34.10710906982422
90190634,2016,2016-05-31,9590,2016-03-24,0745,013435,NA,4,1,7,1942,0,1,1,NA,2,500,I-110 N/B (HARBOR FWY.) (EXPRESS LANES),VERNON AVENUE,500,N,N,A,-,Y,NA,NA,110,NA,NA,NA,NA,NA,N,N,4,0,2,2,A,-,03,22350,NA,N,C,C,A,A,H,-,A,D,0,NA,NA,NA,NA,Y,NA,A,01,0,0,2,0,0,0,0,0,0,-,-,34.00506,-118.28099,LOS ANGELES,LOS ANGELES,-118.28097586,34.00505985
90190637,2016,2016-05-31,9590,2016-03-24,1215,011420,NA,4,1,7,1942,0,1,1,NA,2,061,I-10 W/B (SANTA MONICA FWY),LA BREA AVE.,600,E,N,A,-,Y,NA,NA,10,NA,NA,NA,NA,NA,W,Y,3,0,1,2,A,-,07,21658,A,F,B,C,A,A,H,-,A,D,0,NA,NA,Y,NA,Y,NA,A,07,0,1,0,0,0,0,0,0,1,-,-,34.0343,-118.3444,LOS ANGELES,LOS ANGELES,-118.34441668,34.03465327
90190639,2016,2016-05-31,9590,2016-03-24,0835,016642,NA,4,1,7,1942,0,1,2,NA,2,073,US-101 S/B (HOLLYWOOD FREEWAY),NORMANDIE AVENUE,325,N,N,A,-,Y,NA,NA,101,NA,NA,NA,NA,NA,S,Y,4,0,1,2,A,-,07,21658,A,N,C,C,A,A,H,-,A,D,0,NA,NA,NA,NA,Y,NA,A,01,0,0,1,0,0,0,0,0,0,-,-,34.08693,-118.3038,LOS ANGELES,LOS ANGELES,-118.30374486,34.08699328
9019065,2019,2020-01-23,1942,2019-10-13,1820,38720,0565,7,5,7,1942,0,0,0,E,0,5A58,GAFFEY ST,9TH ST,120,S,N,A,-,N,NA,NA,NA,NA,NA,NA,NA,NA,NA,Y,4,0,1,2,A,-,04,21703,NA,N,C,C,A,A,H,-,A,A,0,NA,NA,NA,NA,Y,NA,A,01,0,0,1,0,0,0,0,0,0,-,-,NA,NA,LOS ANGELES,LOS ANGELES,-118.2923583984375,33.735721588134766
9019066,2019,2020-02-04,1913,2019-12-25,1014,3760,70,3,5,4,1913,0,0,0,NA,0,004,MOUNT BALDY RD,MILE MARKER 6.11,169,N,N,B,-,N,NA,NA,NA,NA,NA,NA,NA,NA,NA,Y,4,0,1,1,A,-,03,22350,NA,N,E,I,A,B,H,-,A,D,0,NA,NA,NA,NA,Y,NA,A,01,0,0,1,0,0,0,0,0,0,-,-,NA,NA,LOS ANGELES,CLAREMONT,NA,NA
90190667,2016,2016-05-31,9540,2016-05-23,1245,014339,NA,1,1,9,1900,0,1,3,NA,2,126,SR-126 W/B,I-5,131,W,N,A,-,Y,NA,NA,126,NA,NA,NA,NA,NA,W,Y,4,0,3,2,A,-,12,21453,A,N,D,C,A,A,H,-,A,A,0,NA,NA,NA,NA,Y,NA,A,07,0,0,3,0,0,0,0,0,0,-,-,34.4423,-118.60743,LOS ANGELES,UNINCORPORATED,-118.60743093,34.44230148
90190668,2016,2016-05-31,9540,2016-05-20,0610,018208,NA,5,1,9,1900,0,1,1,NA,2,508,I-5 N/B (GOLDEN STATE FREEWAY),RTE 5/5 SEPERATION,2640,N,N,A,-,Y,NA,NA,5,NA,NA,NA,NA,NA,N,Y,3,0,1,2,A,-,01,23152,A,N,C,C,A,A,H,-,A,D,0,NA,NA,NA,NA,Y,Y,A,01,0,1,0,0,0,0,0,0,0,-,-,34.50639,-118.63155,LOS ANGELES,UNINCORPORATED,-118.63165912,34.50630822
9019069,2019,2020-01-23,1942,2019-10-17,1030,38644,0505,4,5,7,1942,0,0,0,E,0,5A11,NORMANDIE AV,190TH ST,120,N,N,A,-,N,NA,NA,NA,NA,NA,NA,NA,NA,NA,Y,3,0,1,3,A,-,07,21658,A,F,A,C,A,-,A,H,A,C,0,NA,NA,Y,NA,Y,NA,-,99,0,1,0,0,0,0,0,0,1,-,-,NA,NA,LOS ANGELES,LOS ANGELES,-118.29924774169922,33.858341217041016
90190695,2016,2016-05-31,9540,2016-05-22,1003,021214,NA,7,1,7,1942,0,1,1,NA,2,500,I-5 N/B (GOLDEN STATE FREEWAY),SR-118,232,N,N,A,-,Y,NA,NA,5,NA,NA,NA,NA,NA,N,Y,4,0,1,1,A,-,08,22107,NA,N,E,I,A,A,H,-,A,D,0,NA,NA,NA,NA,Y,NA,A,01,0,0,1,0,0,0,0,0,0,-,-,34.26909,-118.44556,LOS ANGELES,LOS ANGELES,-118.44569415,34.2689454
90190711,2016,2016-05-31,9540,2016-05-27,0856,019317,NA,5,1,9,1900,0,3,5,NA,2,008,VALENCIA BOULEVARD,HERITAGE VIEW LANE,0,NA,Y,A,-,N,NA,NA,NA,NA,NA,NA,NA,NA,NA,Y,4,0,1,2,A,-,12,21453,A,N,D,C,A,A,H,-,A,A,0,NA,NA,NA,NA,Y,NA,A,07,0,0,1,0,0,0,0,0,0,-,-,34.40601,-118.58542,LOS ANGELES,UNINCORPORATED,-118.58606009,34.4056801
90190718,2016,2016-05-31,9575,2016-05-26,2030,020911,NA,4,2,7,1942,0,1,1,NA,2,061,I-210 E/B (FOOTHILL FREEWAY),WHEATLAND AVE U/C,900,E,N,A,-,Y,NA,NA,210,NA,NA,NA,NA,NA,E,Y,4,0,1,3,A,-,03,22350,NA,N,C,C,A,A,D,H,D,D,0,NA,NA,NA,NA,Y,NA,A,01,0,0,1,0,0,0,0,0,0,-,-,34.27046,-118.34259,LOS ANGELES,LOS ANGELES,-118.3425882,34.27046547
9019073,2019,2020-01-23,1942,2019-10-15,1930,43802,0563,2,5,7,1942,0,0,0,E,0,5A85,GAFFEY ST,13TH ST,530,N,N,A,-,N,NA,NA,NA,NA,NA,NA,NA,NA,NA,Y,4,0,2,2,A,-,03,22350,NA,N,A,C,A,A,H,-,C,A,0,NA,NA,NA,NA,Y,NA,A,01,0,0,2,0,0,0,0,0,0,-,-,NA,NA,LOS ANGELES,LOS ANGELES,-118.29236602783205,33.733863830566406
9019076,2019,2020-01-24,1942,2019-10-27,0745,43133,1259,7,5,7,1942,0,0,0,L,0,25T23,FLORENCE AV,WADSWORTH ST,0,NA,Y,A,-,N,NA,NA,NA,NA,NA,NA,NA,NA,NA,Y,4,0,3,2,A,-,09,21802,A,N,D,C,A,A,H,-,A,A,0,NA,NA,NA,NA,Y,NA,A,08,0,0,3,0,0,0,0,0,0,-,-,NA,NA,LOS ANGELES,LOS ANGELES,-118.2586669921875,33.97473907470703
9019077,2019,2020-01-23,1942,2019-10-07,0850,38365,0525,1,5,7,1942,0,0,0,E,0,13MQ13,WILMINGTON BL,F ST,20,S,N,A,-,N,NA,NA,NA,NA,NA,NA,NA,NA,NA,Y,4,0,3,2,A,-,21,22106,NA,N,B,C,A,A,H,-,A,A,0,NA,NA,NA,NA,Y,NA,A,07,0,0,3,0,0,0,0,0,0,-,-,NA,NA,LOS ANGELES,LOS ANGELES,-118.2739028930664,33.77638626098633
9019078,2019,2020-02-04,1913,2019-12-19,1407,3983,45,4,5,4,1913,0,0,0,NA,0,003,FOOTHILL BL,MOUNTAIN AV,0,NA,Y,A,-,N,NA,NA,NA,NA,NA,NA,NA,NA,NA,N,4,0,2,2,A,-,09,21804,A,N,D,C,A,A,H,-,A,A,0,NA,NA,NA,NA,Y,NA,A,01,0,0,2,0,0,0,0,0,0,-,-,NA,NA,LOS ANGELES,CLAREMONT,-117.72901153564452,34.10697937011719
90190785,2016,2016-05-31,9575,2016-05-17,1110,019754,NA,2,1,6,1953,0,1,1,NA,2,064,I-210 EASTBOUND TO I-210 EASTBOUND,MAPLE STREET,170,E,N,B,-,Y,NA,NA,210,NA,NA,NA,R,NA,E,N,4,0,1,4,A,-,03,22350,NA,N,C,C,A,A,H,-,A,D,0,NA,NA,NA,NA,Y,NA,D,22,0,0,1,0,0,0,0,0,0,-,-,34.15127,-118.15457,LOS ANGELES,PASADENA,-118.15457,34.15127
9019080,2019,2020-01-24,1942,2019-10-23,0800,37146,1256,3,5,7,1942,0,0,0,L,0,25TL23,BROADWAY,FLORENCE AV,30,S,N,A,-,N,NA,NA,NA,NA,NA,NA,NA,NA,NA,N,4,0,1,2,A,-,-,NA,A,F,G,B,F,A,H,-,A,D,0,Y,NA,NA,NA,Y,NA,-,99,0,0,1,0,1,0,0,0,0,-,-,NA,NA,LOS ANGELES,LOS ANGELES,-118.27832794189452,33.974578857421875
90190831,2016,2016-05-31,9525,2016-05-13,1212,020216,NA,5,1,5,1990,0,1,3,NA,2,601,SR-60 W/B (POMONA FREEWAY),SR-57 S/B,1056,E,N,A,-,Y,NA,NA,60,NA,NA,NA,NA,NA,W,Y,4,0,1,4,A,-,03,22350,NA,M,C,C,A,A,H,-,A,D,0,NA,NA,NA,NA,Y,NA,A,08,0,0,1,0,0,0,0,0,0,-,-,34.00323,-117.83248,LOS ANGELES,DIAMOND BAR,-117.83230187,34.00288205
90190834,2016,2016-05-31,9525,2016-05-13,2010,020058,NA,5,2,5,1926,0,3,5,NA,2,005,GLENDORA MOUNTAIN RD.,BIG DALTON CANYON RD.,10560,N,N,A,-,Y,NA,NA,NA,NA,NA,NA,NA,NA,NA,N,4,0,2,2,A,-,03,22350,NA,N,A,C,A,A,H,-,D,D,0,NA,NA,NA,NA,Y,NA,A,01,0,0,2,0,0,0,0,0,0,-,-,34.16198,-117.84419,LOS ANGELES,GLENDORA,-117.84347242,34.16057766
90190838,2016,2016-05-31,9525,2016-05-13,1230,021097,NA,5,1,9,1900,0,3,5,NA,2,003,FRANCISQUITO AVE (1500 BLOCK),AILERON AVE,120,E,N,A,-,N,NA,NA,NA,NA,NA,NA,NA,NA,NA,N,3,0,1,2,A,-,09,21804,A,N,D,C,A,A,H,-,A,D,0,NA,NA,NA,NA,Y,NA,A,01,0,1,0,0,0,0,0,0,0,-,-,34.0506,-117.93927,LOS ANGELES,UNINCORPORATED,-117.93977495,34.05048974
9019084,2019,2020-01-24,1942,2019-10-31,2330,43079,1256,4,5,7,1942,0,0,0,L,0,12A69,WESTERN AV,89TH ST,100,S,N,A,-,N,NA,NA,NA,NA,NA,NA,NA,NA,NA,N,4,0,1,2,A,-,03,22350,NA,F,C,C,A,A,H,-,C,A,0,NA,NA,NA,NA,Y,NA,-,99,0,0,1,0,0,0,0,0,0,-,-,NA,NA,LOS ANGELES,LOS ANGELES,-118.30902099609376,33.9560546875
9019086,2019,2020-02-04,1900,2019-12-31,1745,499039,1514,2,5,5,1954,0,0,0,NA,0,151T2,WHITTIER BL,LINDSEY AV,45,W,N,A,-,N,NA,NA,NA,NA,NA,NA,NA,NA,NA,N,3,0,1,2,A,-,04,21703,NA,N,C,C,A,A,H,-,C,D,0,NA,NA,NA,NA,Y,NA,A,08,0,1,0,0,0,0,0,0,0,-,-,34.00020980834961,-118.08148193359376,LOS ANGELES,PICO RIVERA,-118.08138275146484,34.00014877319336
90190871,2016,2016-05-31,9550,2016-05-28,0005,020954,NA,6,3,5,1935,0,1,1,NA,2,653,INTERSTATE 605 N/B,CARSON STREET,2500,S,N,B,-,Y,NA,NA,NA,NA,NA,NA,NA,NA,NA,Y,2,0,2,2,A,-,01,23152,A,N,C,C,A,A,H,-,D,D,0,NA,NA,NA,NA,Y,Y,D,22,2,0,0,0,0,0,0,0,0,-,-,33.82148,-118.08121,LOS ANGELES,LAKEWOOD,-118.08394,33.83138
9019088,2019,2020-01-24,1942,2019-10-03,0800,38503,1251,4,5,7,1942,0,0,0,L,0,25T4,74TH ST,VICTORIA AV,0,NA,Y,A,-,N,NA,NA,NA,NA,NA,NA,NA,NA,NA,Y,4,0,2,2,A,-,12,22450,NA,N,D,C,A,A,H,-,-,A,0,NA,NA,NA,NA,Y,NA,A,01,0,0,2,0,0,0,0,0,0,-,-,NA,NA,LOS ANGELES,LOS ANGELES,-118.3330535888672,33.97267150878906
9019089,2019,2020-01-27,1942,2019-12-04,2240,42999,1966,3,5,7,1942,0,0,0,NA,0,19A75,NORDHOFF ST,MOONBEAM AV,0,NA,Y,A,-,N,NA,NA,NA,NA,NA,NA,NA,NA,NA,Y,4,0,1,2,A,-,04,21703,NA,M,C,C,A,A,H,-,D,D,0,NA,NA,NA,NA,Y,NA,-,99,0,0,1,0,0,0,0,0,0,-,-,NA,NA,LOS ANGELES,LOS ANGELES,-118.44309997558594,34.23535919189453
9019090,2019,2020-02-04,1942,2019-12-14,0150,43836,1248,6,5,7,1942,0,0,0,L,0,12A39,FLORENCE,ESTRELLA,70,E,N,A,-,N,NA,NA,NA,NA,NA,NA,NA,NA,NA,Y,3,0,5,4,A,-,03,22350,NA,N,A,C,A,A,H,-,C,A,0,NA,NA,NA,NA,Y,NA,A,01,0,1,4,0,0,0,0,0,0,-,-,NA,NA,LOS ANGELES,LOS ANGELES,-118.28466033935548,33.97465896606445
90190901,2016,2016-05-31,9550,2016-05-18,2040,019117,NA,3,2,9,1900,0,2,4,NA,1,023,MULBERRY DRIVE,LA MIRADA BOULEVARD,0,NA,Y,A,-,N,NA,NA,NA,NA,NA,NA,NA,NA,NA,Y,3,0,3,2,A,-,09,21453,C,N,D,C,A,A,H,-,C,D,0,NA,NA,NA,NA,Y,NA,A,07,0,1,2,0,0,0,0,0,0,-,-,33.93523,-118.01177,LOS ANGELES,UNINCORPORATED,-118.01185002,33.93525002
9019094,2019,2020-02-04,1942,2019-12-04,1625,43073,1215,3,5,7,1942,0,0,0,L,0,12XL5,NORMANDIE AV,SLAUSON AV,150,N,N,B,-,N,NA,NA,NA,NA,NA,NA,NA,NA,NA,N,4,0,1,2,A,-,07,21658,A,N,B,A,A,B,H,-,A,D,0,NA,NA,NA,NA,Y,NA,A,01,0,0,1,0,0,0,0,0,0,-,-,NA,NA,LOS ANGELES,LOS ANGELES,-118.30019378662108,33.98955154418945
9019095,2019,2020-01-23,1942,2019-10-26,1350,35877,NA,6,5,7,1942,0,0,0,NA,0,5A17,NORMANDIE,223RD ST,0,NA,Y,A,-,N,NA,NA,NA,NA,NA,NA,NA,NA,NA,N,4,0,3,4,A,-,12,21453,A,N,A,C,A,A,H,-,A,A,0,NA,NA,NA,NA,Y,NA,A,01,0,0,3,0,0,0,0,0,0,-,-,NA,NA,LOS ANGELES,LOS ANGELES,-118.29956817626952,33.82448959350586