CASE_ID,ACCIDENT_YEAR,PROC_DATE,JURIS,COLLISION_DATE,COLLISION_TIME,OFFICER_ID,REPORTING_DISTRICT,DAY_OF_WEEK,CHP_SHIFT,POPULATION,CNTY_CITY_LOC,SPECIAL_COND,BEAT_TYPE,CHP_BEAT_TYPE,CITY_DIVISION_LAPD,CHP_BEAT_CLASS,BEAT_NUMBER,PRIMARY_RD,SECONDARY_RD,DISTANCE,DIRECTION,INTERSECTION,WEATHER_1,WEATHER_2,STATE_HWY_IND,CALTRANS_COUNTY,CALTRANS_DISTRICT,STATE_ROUTE,ROUTE_SUFFIX,POSTMILE_PREFIX,POSTMILE,LOCATION_TYPE,RAMP_INTERSECTION,SIDE_OF_HWY,TOW_AWAY,COLLISION_SEVERITY,NUMBER_KILLED,NUMBER_INJURED,PARTY_COUNT,PRIMARY_COLL_FACTOR,PCF_CODE_OF_VIOL,PCF_VIOL_CATEGORY,PCF_VIOLATION,PCF_VIOL_SUBSECTION,HIT_AND_RUN,TYPE_OF_COLLISION,MVIW,PED_ACTION,ROAD_SURFACE,ROAD_COND_1,ROAD_COND_2,LIGHTING,CONTROL_DEVICE,CHP_ROAD_TYPE,PEDESTRIAN_ACCIDENT,BICYCLE_ACCIDENT,MOTORCYCLE_ACCIDENT,TRUCK_ACCIDENT,NOT_PRIVATE_PROPERTY,ALCOHOL_INVOLVED,STWD_VEHTYPE_AT_FAULT,CHP_VEHTYPE_AT_FAULT,COUNT_SEVERE_INJ,COUNT_VISIBLE_INJ,COUNT_COMPLAINT_PAIN,COUNT_PED_KILLED,COUNT_PED_INJURED,COUNT_BICYCLIST_KILLED,COUNT_BICYCLIST_INJURED,COUNT_MC_KILLED,COUNT_MC_INJURED,PRIMARY_RAMP,SECONDARY_RAMP,LATITUDE,LONGITUDE,COUNTY,CITY,POINT_X,POINT_Y
9019096,2019,2020-01-24,1942,2019-10-18,2120,42247,1801,5,5,7,1942,0,0,0,R,0,18A49,MANCHESTER AV,HOOVER ST,60,E,N,A,-,N,NA,NA,NA,NA,NA,NA,NA,NA,NA,N,4,0,1,2,A,-,00,22100,D,N,B,J,A,A,H,-,C,A,0,NA,NA,Y,NA,Y,NA,A,01,0,0,1,0,0,0,0,0,1,-,-,NA,NA,LOS ANGELES,LOS ANGELES,-118.286865234375,33.96004867553711
90190962,2016,2016-05-31,9550,2016-05-16,1225,021274,NA,1,1,6,1920,0,1,1,NA,2,651,INTERSTATE 605 N/B,FLORENCE AVENUE,1000,S,N,B,-,Y,NA,NA,605,NA,NA,NA,NA,NA,N,Y,3,0,2,3,A,-,08,22107,NA,N,D,C,A,A,H,-,A,D,0,NA,NA,NA,Y,Y,NA,A,01,0,1,1,0,0,0,0,0,0,-,-,33.93472,-118.09908,LOS ANGELES,DOWNEY,-118.0997215,33.9350346
90190969,2016,2016-05-31,9530,2016-05-25,1740,020293,NA,3,2,7,1941,0,1,1,NA,2,430,I-405 S/B (SAN DIEGO FREEWAY),BELLFLOWER BLVD.,300,N,N,A,-,Y,NA,NA,405,NA,NA,NA,NA,NA,S,Y,4,0,2,2,A,-,07,21658,A,N,B,C,A,A,H,-,A,D,0,NA,NA,Y,NA,Y,NA,A,01,0,0,2,0,0,0,0,0,2,-,-,33.80292,-118.12848,LOS ANGELES,LONG BEACH,-118.12848211,33.80267101
90190975,2016,2016-05-31,9545,2016-05-27,1645,018420,NA,5,2,9,1900,0,3,5,NA,2,004,PALMDALE BLVD,88TH ST  E,0,NA,N,A,-,N,NA,NA,NA,NA,NA,NA,NA,NA,NA,N,4,0,1,2,A,-,03,22350,NA,N,C,C,A,A,H,-,A,A,0,NA,NA,NA,NA,Y,NA,A,07,0,0,1,0,0,0,0,0,0,-,-,34.57965,-117.97146,LOS ANGELES,UNINCORPORATED,-117.97165001,34.5797301
9019099,2019,2020-01-23,1942,2019-10-24,1820,42967,1241,4,5,7,1942,0,0,0,L,0,12XL91,11TH AV,67TH ST,0,NA,Y,A,-,N,NA,NA,NA,NA,NA,NA,NA,NA,NA,Y,4,0,1,2,A,-,12,22450,A,N,D,C,A,A,H,-,A,D,0,NA,NA,NA,NA,Y,NA,A,01,0,0,1,0,0,0,0,0,0,-,-,NA,NA,LOS ANGELES,LOS ANGELES,-118.3294,33.97813
9019100,2019,2020-01-24,1942,2019-10-10,1155,36403,1834,4,5,7,1942,0,0,0,R,0,18A48,108TH ST,MCKINLEY,9,E,N,A,-,N,NA,NA,NA,NA,NA,NA,NA,NA,NA,N,3,0,1,3,A,-,05,21650,NA,N,B,C,A,A,H,-,A,D,0,NA,NA,Y,NA,Y,NA,C,02,0,1,0,0,0,0,0,0,1,-,-,NA,NA,LOS ANGELES,LOS ANGELES,-118.26083374023438,33.93827819824219
9019102,2019,2020-02-04,1900,2019-12-24,1730,499039,1517,2,5,5,1954,0,0,0,NA,0,151T2,WASHINGTON BL,PASSONS BL,304,W,N,A,-,N,NA,NA,NA,NA,NA,NA,NA,NA,NA,N,2,0,1,2,A,-,04,21703,NA,N,C,C,A,A,H,-,C,D,0,NA,NA,NA,NA,Y,NA,A,01,1,0,0,0,0,0,0,0,0,-,-,33.97990036010742,-118.09116363525392,LOS ANGELES,PICO RIVERA,-118.09095764160156,33.9798469543457
90191021,2016,2016-05-31,9550,2016-05-20,1210,021185,NA,5,1,6,1949,0,1,1,NA,2,651,INTERSTATE 605 SOUTHBOUND,FIRESTONE BOULEVARD,1000,S,N,A,-,Y,NA,NA,605,NA,NA,NA,NA,NA,S,Y,4,0,1,3,A,-,07,21658,A,N,B,C,A,A,H,-,A,D,0,NA,NA,NA,Y,Y,NA,A,01,0,0,1,0,0,0,0,0,0,-,-,33.9226,-118.10465,LOS ANGELES,NORWALK,-118.10457706,33.92258668
90191026,2016,2016-05-31,9525,2016-05-07,1007,020499,NA,6,1,6,1955,0,1,1,NA,2,107,I-10 W/B (SAN BERNARDINO FREEWAY),KELLOGG DR.,2640,E,N,A,-,Y,NA,NA,NA,NA,NA,NA,NA,NA,NA,Y,3,0,1,1,A,-,03,22350,NA,N,E,I,A,A,H,-,A,D,0,NA,NA,NA,NA,Y,NA,A,01,0,1,0,0,0,0,0,0,0,-,-,34.06505,-117.80448,LOS ANGELES,POMONA,-117.80656554,34.0651238
9019103,2019,2020-01-23,1942,2019-10-27,1916,42980,1263,7,5,7,1942,0,0,0,L,0,12A53,MANCHESTER AV,WILTON PL,200,W,N,A,-,N,NA,NA,NA,NA,NA,NA,NA,NA,NA,N,4,0,1,2,A,-,03,22350,NA,F,C,C,A,A,H,-,C,A,0,NA,NA,NA,NA,Y,NA,-,99,0,0,1,0,0,0,0,0,0,-,-,NA,NA,LOS ANGELES,LOS ANGELES,-118.3157196044922,33.9599609375
9019104,2019,2020-01-24,1942,2019-10-17,1330,41048,1831,4,5,7,1942,0,0,0,R,0,18A41,FIGUEROA ST,EL SEGUNDO,0,NA,Y,A,-,N,NA,NA,NA,NA,NA,NA,NA,NA,NA,N,4,0,1,2,A,-,05,21650,1,N,G,G,A,A,H,-,A,-,0,NA,Y,NA,NA,Y,NA,L,04,0,0,1,0,0,0,1,0,0,-,-,NA,NA,LOS ANGELES,LOS ANGELES,-118.28275299072266,33.916419982910156
9019106,2019,2020-02-04,1942,2019-12-10,0805,41488,1257,2,5,7,1942,0,0,0,L,0,12A3,MENLO AV,W 60TH ST,0,NA,Y,A,-,N,NA,NA,NA,NA,NA,NA,NA,NA,NA,N,4,0,1,2,A,-,10,21950,NA,F,A,B,D,A,H,-,A,D,0,Y,NA,NA,NA,Y,NA,-,99,0,0,1,0,1,0,0,0,0,-,-,NA,NA,LOS ANGELES,LOS ANGELES,-118.28926849365234,33.985511779785156
90191061,2016,2016-07-27,9550,2016-05-20,1700,021244,NA,5,2,5,1935,0,1,1,NA,2,652,INTERSTATE 605 N/B,GRIDLEY O/C,1056,N,N,A,-,Y,NA,NA,605,NA,NA,NA,NA,NA,N,Y,3,0,1,2,A,-,08,22107,NA,N,D,C,A,A,H,-,A,D,0,NA,NA,Y,NA,Y,NA,A,01,0,1,0,0,0,0,0,0,1,-,-,33.84037,-118.08913,LOS ANGELES,LAKEWOOD,-118.08907752,33.84040022
9019107,2019,2020-01-23,1942,2019-10-16,2222,43918,1256,3,5,7,1942,0,0,0,L,0,1249,FLORENCE AV,RT 110,0,NA,Y,A,-,N,NA,NA,NA,NA,NA,NA,NA,NA,NA,N,4,0,1,2,A,-,03,22350,NA,F,-,C,A,-,H,-,C,A,0,NA,NA,NA,NA,Y,NA,-,99,0,0,1,0,0,0,0,0,0,-,-,NA,NA,LOS ANGELES,LOS ANGELES,-118.28099822998048,33.97465133666992
9019108,2019,2020-01-24,1942,2019-10-09,1925,42741,1821,3,5,7,1942,0,0,0,R,0,18A17,VERMONT AV,99TH ST,0,NA,Y,A,-,N,NA,NA,NA,NA,NA,NA,NA,NA,NA,N,3,0,1,2,A,-,05,21650,1,N,G,G,A,A,H,-,C,A,0,NA,Y,NA,NA,Y,NA,L,04,0,1,0,0,0,0,1,0,0,-,-,NA,NA,LOS ANGELES,LOS ANGELES,-118.29160308837892,33.94633102416992
90191094,2016,2016-05-31,9545,2016-05-28,2350,020996,NA,6,3,9,1900,0,3,5,NA,2,004,50TH STREET EAST,AVENUE P,2112,N,N,A,-,N,NA,NA,NA,NA,NA,NA,NA,NA,NA,Y,2,0,4,2,A,-,06,21751,NA,N,D,C,A,A,H,-,D,D,0,NA,NA,NA,NA,Y,Y,A,01,1,2,1,0,0,0,0,0,0,-,-,34.60779,-118.04091,LOS ANGELES,UNINCORPORATED,-118.04092429,34.60777034
9019110,2019,2020-02-04,1942,2019-12-09,1235,40656,1255,1,5,7,1942,0,0,0,L,0,12X8,76TH ST,NORMANDIE AV,0,NA,Y,A,-,N,NA,NA,NA,NA,NA,NA,NA,NA,NA,N,4,0,1,2,A,-,05,21650,NA,N,D,G,A,A,H,-,A,A,0,NA,Y,NA,NA,Y,NA,L,04,0,0,1,0,0,0,1,0,0,-,-,NA,NA,LOS ANGELES,LOS ANGELES,-118.30030822753906,33.97098159790039
90191105,2016,2016-05-31,9535,2016-05-29,1918,020347,NA,7,2,9,1900,0,2,4,NA,2,024,WHITTIER BLVD (4700 BLOCK),KERN AVE,100,W,N,A,-,N,NA,NA,NA,NA,NA,NA,NA,NA,NA,Y,2,0,1,4,A,-,01,23152,F,N,C,C,E,A,H,-,A,D,0,Y,NA,NA,NA,Y,NA,A,01,1,0,0,0,1,0,0,0,0,-,-,34.02219,-118.16579,LOS ANGELES,UNINCORPORATED,-118.16606921,34.02225748
9019111,2019,2020-01-23,1942,2019-10-05,1740,33638,0514,6,5,7,1942,0,0,0,E,0,5A24,WILMINGTON BL,OPP ST,60,N,N,A,-,N,NA,NA,NA,NA,NA,NA,NA,NA,NA,N,3,0,1,2,A,-,11,21954,A,N,A,B,D,A,H,-,A,A,0,Y,NA,NA,NA,Y,NA,N,60,0,1,0,0,1,0,0,0,0,-,-,NA,NA,LOS ANGELES,LOS ANGELES,-118.27445220947266,33.782432556152344
9019112,2019,2020-01-24,1942,2019-10-05,2015,43869,1802,6,5,7,1942,0,0,0,R,0,18A63,MANCHESTER AV,WALL ST,0,NA,Y,A,-,N,NA,NA,NA,NA,NA,NA,NA,NA,NA,Y,3,0,3,2,A,-,09,21802,NA,N,D,C,A,A,H,-,C,A,0,NA,NA,NA,NA,Y,NA,A,01,0,1,2,0,0,0,0,0,0,-,-,NA,NA,LOS ANGELES,LOS ANGELES,-118.27169036865234,33.96009826660156
90191120,2016,2016-05-31,9550,2016-05-21,0300,021033,NA,6,3,6,1949,0,1,1,NA,2,500,INTERSTATE 5 N/B FROM BLOOMFIELD AVENUE,ROSECRANS AVENUE,1280,N,N,A,-,Y,NA,NA,5,NA,NA,NA,R,NA,N,Y,3,0,1,2,A,-,03,22350,NA,N,D,C,A,A,H,-,C,D,0,NA,NA,NA,Y,Y,NA,D,22,0,1,0,0,0,0,0,0,0,-,-,33.9051,-118.0649,LOS ANGELES,NORWALK,-118.0649,33.9051
90191138,2016,2016-05-31,9550,2016-05-22,1533,021102,NA,7,2,5,1952,0,1,1,NA,2,151,I-105 E/B,GARFIELD AVENUE,1000,E,N,A,-,Y,NA,NA,105,NA,NA,NA,NA,NA,E,Y,4,0,2,3,A,-,03,22350,NA,N,C,C,A,A,H,-,A,D,0,NA,NA,NA,NA,Y,NA,A,01,0,0,2,0,0,0,0,0,0,-,-,33.9112,-118.16485,LOS ANGELES,PARAMOUNT,-118.1648627,33.91132699
9019114,2019,2020-02-04,1942,2019-12-08,1130,43627,1241,7,5,7,1942,0,0,0,L,0,1231,WEST BL,W 60TH ST,50,S,N,B,-,N,NA,NA,NA,NA,NA,NA,NA,NA,NA,Y,4,0,2,2,A,-,03,22350,NA,N,-,C,A,A,H,-,A,A,0,NA,NA,NA,NA,Y,NA,A,01,0,0,2,0,0,0,0,0,0,-,-,NA,NA,LOS ANGELES,LOS ANGELES,-118.3351821899414,33.98521423339844
9019115,2019,2020-01-23,1942,2019-10-06,0850,31674,0526,7,5,7,1942,0,0,0,E,0,25MQ11,ANAHEIM ST,ISLAND AV,168,E,N,A,-,N,NA,NA,NA,NA,NA,NA,NA,NA,NA,Y,4,0,1,2,A,-,09,21804,A,N,D,C,A,A,H,-,A,A,0,NA,NA,NA,NA,Y,NA,A,01,0,0,1,0,0,0,0,0,0,-,-,NA,NA,LOS ANGELES,LOS ANGELES,-118.26600646972656,33.77976608276367
90191154,2016,2016-05-31,9550,2016-05-20,2140,021100,NA,5,2,9,1900,0,2,4,NA,1,021,CARMENITA ROAD,LAKELAND RD.,600,N,N,A,-,N,NA,NA,NA,NA,NA,NA,NA,NA,NA,N,2,0,1,3,A,-,03,22350,NA,N,C,C,A,A,H,-,C,D,0,NA,NA,Y,NA,Y,NA,A,01,1,0,0,0,0,0,0,0,1,-,-,33.9663,-118.0463,LOS ANGELES,UNINCORPORATED,-118.04658986,33.93341511
90191157,2016,2016-05-31,9565,2016-05-29,1620,015275,NA,7,2,5,1965,0,1,1,NA,2,081,I-10 W/B (SANTA MONICA FREEWAY),CLOVERFIELD BOULEVARD,100,W,N,B,-,Y,NA,NA,10,NA,NA,NA,NA,NA,W,N,4,0,2,2,A,-,03,22350,NA,N,C,C,A,A,H,-,A,D,0,NA,NA,NA,NA,Y,NA,A,01,0,0,2,0,0,0,0,0,0,-,-,34.02444,-118.46992,LOS ANGELES,SANTA MONICA,-118.46991761,34.02443116
9019116,2019,2020-01-24,1942,2019-10-27,1800,38720,0563,7,5,7,1942,0,0,0,E,0,5A58,GAFFEY ST,13TH ST,0,NA,Y,B,-,N,NA,NA,NA,NA,NA,NA,NA,NA,NA,Y,3,0,2,2,A,-,08,22107,NA,N,D,C,A,A,H,-,B,A,0,NA,NA,NA,NA,Y,NA,A,08,0,1,1,0,0,0,0,0,0,-,-,NA,NA,LOS ANGELES,LOS ANGELES,-118.29237365722656,33.7324104309082
90191166,2016,2016-05-31,9565,2016-05-29,1210,015275,NA,7,1,7,1942,0,1,1,NA,2,062,I-405 N/B (PHILIP DENNIS ORTIZ MRL HWY),VENICE BOULEVARD,528,N,N,B,-,Y,NA,NA,405,NA,NA,NA,NA,NA,N,N,4,0,3,2,A,-,03,22350,NA,N,C,C,A,A,H,-,A,D,0,NA,NA,NA,NA,Y,NA,A,01,0,0,3,0,0,0,0,0,0,-,-,34.01392,-118.41959,LOS ANGELES,LOS ANGELES,-118.41964834,34.01387384
90191171,2016,2016-05-31,9565,2016-05-24,1640,015275,NA,2,2,7,1942,0,1,1,NA,2,063,I-405 N/B (SAN DIEGO FREEWAY),SANTA MONICA BOULEVARD,2112,S,N,B,-,Y,NA,NA,405,NA,NA,NA,NA,NA,N,N,4,0,1,2,A,-,03,22350,NA,N,C,C,A,A,H,-,A,D,0,NA,NA,NA,NA,Y,NA,A,08,0,0,1,0,0,0,0,0,0,-,-,34.04391,-118.4439,LOS ANGELES,LOS ANGELES,-118.44389821,34.04391154
9019118,2019,2020-02-04,1942,2019-12-21,1225,43918,1273,6,5,7,1942,0,0,0,L,0,12A67,92ND ST,HARVARD BL,0,NA,Y,A,-,N,NA,NA,NA,NA,NA,NA,NA,NA,NA,Y,4,0,1,2,A,-,12,22450,A,N,D,C,A,A,H,-,A,D,0,NA,NA,NA,NA,Y,Y,A,01,0,0,1,0,0,0,0,0,0,-,-,NA,NA,LOS ANGELES,LOS ANGELES,-118.3068618774414,33.95270919799805
90191181,2016,2016-05-31,9525,2016-05-12,0020,020636,NA,4,3,6,1955,0,1,3,NA,2,606,SR-60 E/B (POMONA FREEWAY),SR-71 S/B (CHINO VALLEY FREEWAY),2825,W,N,A,-,Y,NA,NA,60,NA,NA,NA,NA,NA,E,Y,4,0,1,3,A,-,01,23152,A,N,C,E,A,A,H,-,C,D,0,NA,NA,NA,NA,Y,Y,A,01,0,0,1,0,0,0,0,0,0,-,-,34.02467,-117.75887,LOS ANGELES,POMONA,-117.75887,34.02481988
9019119,2019,2020-01-23,1942,2019-10-10,1400,36075,0514,4,5,7,1942,0,0,0,E,0,5A11,PACIFIC COAST HWY,FIGUEROA ST,0,NA,Y,A,-,N,NA,NA,NA,NA,NA,NA,NA,NA,NA,N,3,0,1,2,A,-,08,22107,NA,N,D,G,A,A,H,-,A,A,0,NA,Y,NA,NA,Y,Y,A,01,0,1,0,0,0,0,1,0,0,-,-,NA,NA,LOS ANGELES,LOS ANGELES,-118.28112030029295,33.79045867919922
90191195,2016,2016-05-31,9550,2016-05-22,0945,021129,NA,7,1,3,1964,0,1,1,NA,2,500,INTERSTATE-5 S/B,FLORENCE AVENUE,500,N,N,A,-,Y,NA,NA,5,NA,NA,NA,NA,NA,S,Y,4,0,1,3,A,-,07,21658,A,N,B,C,A,A,H,-,A,D,0,NA,NA,NA,NA,Y,NA,A,01,0,0,1,0,0,0,0,0,0,-,-,33.93794,-118.09449,LOS ANGELES,SANTA FE SPRINGS,-118.09455411,33.93789712
9019120,2019,2020-01-24,1942,2019-10-26,1445,43610,0505,6,5,7,1942,0,0,0,E,0,5A1,VERMONT AV,190TH ST,0,NA,Y,A,-,N,NA,NA,NA,NA,NA,NA,NA,NA,NA,N,3,0,2,2,A,-,09,21801,NA,N,A,C,A,A,H,-,A,A,0,NA,NA,NA,NA,Y,NA,-,-,0,1,1,0,0,0,0,0,0,-,-,NA,NA,LOS ANGELES,LOS ANGELES,-118.29054260253906,33.858829498291016
90191211,2016,2016-05-31,9550,2016-05-22,1155,021120,NA,7,1,3,1964,0,1,1,NA,2,650,INTERSTATE 605 S/B,TELEGRAPH ROAD,500,S,N,A,-,Y,NA,NA,605,NA,NA,NA,NA,NA,S,Y,4,0,2,3,A,-,03,22350,NA,N,C,C,A,A,H,-,A,D,0,NA,NA,NA,NA,Y,NA,A,01,0,0,2,0,0,0,0,0,0,-,-,33.94842,-118.09283,LOS ANGELES,SANTA FE SPRINGS,-118.09284156,33.94842691
90191239,2016,2016-05-31,9530,2016-05-25,1650,015615,NA,3,2,7,1941,0,3,5,NA,2,001,I-710 N/B (LONG BEACH FREEWAY,I-405,800,N,N,A,-,Y,NA,NA,NA,NA,NA,NA,NA,NA,NA,Y,3,0,1,2,A,-,03,22350,NA,N,C,C,A,A,H,-,A,D,0,NA,NA,Y,NA,Y,NA,C,02,0,1,0,0,0,0,0,0,1,-,-,33.49443,-118.1229,LOS ANGELES,LONG BEACH,NA,NA
90191268,2016,2016-05-31,9580,2016-05-18,1634,020345,NA,3,2,7,1942,0,1,1,NA,2,405,US-101 S/B (VENTURA FREEWAY),VENTURA BLVD,200,S,N,A,-,Y,NA,NA,NA,NA,NA,NA,NA,NA,NA,Y,3,0,1,1,A,-,01,23152,E,N,E,I,A,A,H,-,A,D,0,NA,NA,NA,NA,Y,NA,A,01,0,1,0,0,0,0,0,0,0,-,-,34.15362,-118.46824,LOS ANGELES,LOS ANGELES,-118.61303284,34.16863455
90191275,2016,2016-05-31,9550,2016-05-23,1520,021123,NA,1,2,9,1900,0,3,5,NA,2,004,GARO ST. E/B,GLENELDER AVE.,100,W,N,A,-,N,NA,NA,NA,NA,NA,NA,NA,NA,NA,Y,4,0,1,2,A,-,08,22107,NA,N,C,E,A,A,H,-,A,D,0,NA,NA,NA,NA,Y,NA,A,01,0,0,1,0,0,0,0,0,0,-,-,34.00258,-117.95265,LOS ANGELES,UNINCORPORATED,-117.95251912,34.00256425
90191297,2016,2016-05-31,9525,2016-05-07,1600,020552,NA,6,2,5,1990,0,1,3,NA,2,604,SR-60 E/B (POMONA FREEWAY),DIAMOND BAR BLVD,1320,W,N,B,-,Y,NA,NA,60,NA,NA,NA,NA,NA,E,Y,4,0,1,2,A,-,07,21658,A,N,A,C,A,A,H,-,A,D,0,NA,NA,NA,Y,Y,NA,A,01,0,0,1,0,0,0,0,0,0,-,-,34.02168,-117.81399,LOS ANGELES,DIAMOND BAR,-117.81372178,34.0214444
90191311,2016,2016-05-31,9565,2016-05-19,1548,016074,NA,4,2,7,1942,0,1,1,NA,2,063,I-405 S/B (SAN DIEGO FWY),SANTA MONICA BLVD,500,N,N,A,-,Y,NA,NA,405,NA,NA,NA,NA,NA,S,N,4,0,1,2,A,-,08,22107,NA,N,B,C,A,A,H,-,A,D,0,NA,NA,Y,NA,Y,NA,A,01,0,0,1,0,0,0,0,0,1,-,-,34.04696,-118.44677,LOS ANGELES,LOS ANGELES,-118.44679662,34.04693685
9019133,2019,2020-01-27,1942,2019-12-16,0740,43754,1801,1,5,7,1942,0,0,0,R,0,18A17,90TH,HOOVER,40,W,N,A,-,N,NA,NA,NA,NA,NA,NA,NA,NA,NA,N,4,0,1,2,A,-,09,21804,A,N,D,C,A,A,H,-,A,D,0,NA,NA,NA,NA,Y,NA,A,01,0,0,1,0,0,0,0,0,0,-,-,NA,NA,LOS ANGELES,LOS ANGELES,-118.28710174560548,33.95505905151367
90191352,2016,2016-05-31,9530,2016-05-30,1645,014451,NA,1,2,9,1900,0,3,5,NA,2,002,AVALON BLVD (14100 BLOCK),ROSECRANS AVE.,45,N,N,A,-,N,NA,NA,NA,NA,NA,NA,NA,NA,NA,N,4,0,2,2,A,-,03,22350,NA,N,C,C,A,A,H,-,A,D,0,NA,NA,NA,NA,Y,NA,A,01,0,0,2,0,0,0,0,0,0,-,-,33.90249,-118.26565,LOS ANGELES,UNINCORPORATED,-118.26528199,33.9022634
90191365,2016,2016-05-31,9590,2016-05-23,0540,021111,NA,1,3,7,1942,0,1,2,NA,2,043,US-101 S/B (SANTA ANA FREEWAY),ALAMEDA STREET,200,S,N,A,-,Y,NA,NA,101,NA,NA,NA,NA,NA,S,Y,4,0,1,1,A,-,08,22107,NA,N,E,I,A,A,H,-,B,D,0,NA,NA,NA,NA,Y,NA,A,01,0,0,1,0,0,0,0,0,0,-,-,34.05372,-118.23669,LOS ANGELES,LOS ANGELES,-118.2366864,34.05374638
9019137,2019,2020-02-25,1942,2019-12-15,1250,37247,1821,7,5,7,1942,0,0,0,R,0,18A17,FIGUEROA,COLDEN AV,100,S,N,A,-,N,NA,NA,NA,NA,NA,NA,NA,NA,NA,N,4,0,2,2,A,-,03,22350,NA,N,C,E,A,A,H,-,A,D,0,NA,NA,NA,NA,Y,Y,-,NA,0,0,2,0,0,0,0,0,0,-,-,NA,NA,LOS ANGELES,LOS ANGELES,-118.28269958496094,33.94888687133789
90191382,2016,2016-05-31,9550,2016-05-22,2135,020948,NA,7,2,9,1900,0,3,5,NA,2,004,HINNEN AVENUE,FOLGER STREET,340,S,N,A,-,N,NA,NA,NA,NA,NA,NA,NA,NA,NA,Y,4,0,1,1,A,-,01,23152,E,N,E,I,A,A,H,-,C,D,0,NA,NA,NA,NA,Y,NA,A,07,0,0,1,0,0,0,0,0,0,-,-,34.00612,-117.9536,LOS ANGELES,UNINCORPORATED,-117.95352537,34.00640124
90191393,2016,2016-05-31,9530,2016-05-21,1620,020930,NA,6,2,9,1900,0,1,1,NA,2,210,I-105 E/B (GLENN ANDERSON FWY),WILMINGTON AVE.,450,W,N,A,-,Y,NA,NA,105,NA,NA,NA,NA,NA,E,N,4,0,1,2,A,-,03,22350,NA,F,C,C,A,A,H,-,A,D,0,NA,NA,NA,NA,Y,NA,-,99,0,0,1,0,0,0,0,0,0,-,-,33.9282,-118.2402,LOS ANGELES,UNINCORPORATED,-118.24019851,33.92822456
90191412,2016,2016-05-31,9590,2016-05-29,2110,020788,NA,7,2,7,1942,0,1,1,NA,2,063,I-10 W/B (SANTA MONICA FREEWAY),I-110 (HARBOR FREEWAY),300,E,N,A,-,Y,NA,NA,10,NA,NA,NA,NA,NA,W,N,4,0,1,2,A,-,07,21658,A,N,B,C,A,A,H,-,C,D,0,NA,NA,NA,NA,Y,NA,A,01,0,0,1,0,0,0,0,0,0,-,-,34.0382,-118.27264,LOS ANGELES,LOS ANGELES,-118.27270076,34.03804686
90191435,2016,2016-05-31,9535,2016-03-07,0830,016815,NA,1,1,9,1900,0,1,1,NA,2,072,I-710 (LONG BEACH FREEWAY) N/B,TRIGGS ST,150,S,N,C,-,Y,NA,NA,NA,NA,NA,NA,NA,NA,NA,N,4,0,1,2,A,-,07,21658,A,M,B,C,A,B,H,-,A,D,0,NA,NA,NA,NA,Y,NA,A,01,0,0,1,0,0,0,0,0,0,-,-,34.0138,-118.1722,LOS ANGELES,UNINCORPORATED,-118.17219,34.01423918
90191442,2016,2016-05-31,9535,2016-03-14,1205,016815,NA,1,1,3,1914,0,1,1,NA,2,501,I-5 (SANTA ANA FREEWAY) S/B,SLAUSON AVE,750,N,N,B,-,Y,NA,NA,5,NA,NA,NA,NA,NA,S,N,4,0,2,2,A,-,03,22350,NA,N,C,C,A,A,H,-,A,D,0,NA,NA,NA,NA,Y,NA,A,01,0,0,2,0,0,0,0,0,0,-,-,33.9786,-118.1277,LOS ANGELES,COMMERCE,-118.12770353,33.97859657
90191448,2016,2016-05-31,9530,2016-05-28,1115,020930,NA,6,1,9,1900,0,1,1,NA,2,210,I-105 E/B (GLENN ANDERSON FWY),WILMINGTON AVE.,400,E,N,A,-,Y,NA,NA,105,NA,NA,NA,NA,NA,E,N,4,0,2,2,A,-,03,22350,NA,N,C,A,A,A,H,-,A,D,0,NA,NA,NA,NA,Y,NA,A,01,0,0,2,0,0,0,0,0,0,-,-,33.9278,-118.2345,LOS ANGELES,UNINCORPORATED,-118.23449521,33.92788009
90191475,2016,2016-05-31,9565,2016-05-19,0100,020915,NA,4,3,9,1900,0,3,5,NA,2,003,LA TIJERA BLVD,58TH PL,10,N,N,A,-,N,NA,NA,NA,NA,NA,NA,NA,NA,NA,Y,4,0,1,1,A,-,08,22107,NA,N,E,I,A,A,H,-,C,D,0,NA,NA,NA,NA,Y,NA,A,01,0,0,1,0,0,0,0,0,0,-,-,33.98663,-118.3649,LOS ANGELES,UNINCORPORATED,-118.36476882,33.98650741
90191480,2016,2016-05-31,9535,2016-03-19,0919,021154,NA,6,1,4,1907,0,1,1,NA,2,073,I-710 (LONG BEACH FREEWAY) S/B,SLAUSON AVE. R.R. OC,345,N,N,B,-,Y,NA,NA,710,NA,NA,NA,NA,NA,S,Y,3,0,1,2,C,-,18,NA,NA,N,B,C,A,A,H,-,A,D,0,NA,NA,NA,NA,Y,NA,-,-,0,1,0,0,0,0,0,0,0,-,-,33.9908,-118.17271,LOS ANGELES,BELL,-118.17302566,33.99045559
90191481,2016,2016-05-31,9590,2016-02-20,0151,020997,NA,6,3,7,1942,0,1,3,NA,2,030,SR-60 E/B (POF) TO WHITTIER BOULEVARD,WHITTIER BOULEVARD,25,W,N,A,-,Y,NA,NA,60,NA,NA,NA,R,NA,E,Y,3,0,1,1,A,-,01,23152,A,N,E,I,A,A,H,-,D,D,0,NA,NA,NA,NA,Y,Y,A,07,0,1,0,0,0,0,0,0,0,-,-,34.0291,-118.20832,LOS ANGELES,LOS ANGELES,-118.20832,34.0291