CASE_ID,ACCIDENT_YEAR,PROC_DATE,JURIS,COLLISION_DATE,COLLISION_TIME,OFFICER_ID,REPORTING_DISTRICT,DAY_OF_WEEK,CHP_SHIFT,POPULATION,CNTY_CITY_LOC,SPECIAL_COND,BEAT_TYPE,CHP_BEAT_TYPE,CITY_DIVISION_LAPD,CHP_BEAT_CLASS,BEAT_NUMBER,PRIMARY_RD,SECONDARY_RD,DISTANCE,DIRECTION,INTERSECTION,WEATHER_1,WEATHER_2,STATE_HWY_IND,CALTRANS_COUNTY,CALTRANS_DISTRICT,STATE_ROUTE,ROUTE_SUFFIX,POSTMILE_PREFIX,POSTMILE,LOCATION_TYPE,RAMP_INTERSECTION,SIDE_OF_HWY,TOW_AWAY,COLLISION_SEVERITY,NUMBER_KILLED,NUMBER_INJURED,PARTY_COUNT,PRIMARY_COLL_FACTOR,PCF_CODE_OF_VIOL,PCF_VIOL_CATEGORY,PCF_VIOLATION,PCF_VIOL_SUBSECTION,HIT_AND_RUN,TYPE_OF_COLLISION,MVIW,PED_ACTION,ROAD_SURFACE,ROAD_COND_1,ROAD_COND_2,LIGHTING,CONTROL_DEVICE,CHP_ROAD_TYPE,PEDESTRIAN_ACCIDENT,BICYCLE_ACCIDENT,MOTORCYCLE_ACCIDENT,TRUCK_ACCIDENT,NOT_PRIVATE_PROPERTY,ALCOHOL_INVOLVED,STWD_VEHTYPE_AT_FAULT,CHP_VEHTYPE_AT_FAULT,COUNT_SEVERE_INJ,COUNT_VISIBLE_INJ,COUNT_COMPLAINT_PAIN,COUNT_PED_KILLED,COUNT_PED_INJURED,COUNT_BICYCLIST_KILLED,COUNT_BICYCLIST_INJURED,COUNT_MC_KILLED,COUNT_MC_INJURED,PRIMARY_RAMP,SECONDARY_RAMP,LATITUDE,LONGITUDE,COUNTY,CITY,POINT_X,POINT_Y
90196167,2016,2016-06-07,9590,2016-06-06,1430,014234,NA,1,2,7,1942,0,1,1,NA,2,051,I-110 S/B HARBOR FREEWAY,51ST STREET O/C,700,N,N,A,-,Y,NA,NA,110,NA,NA,NA,NA,NA,S,N,4,0,2,2,A,-,03,22350,NA,N,C,C,A,A,H,-,A,D,0,NA,NA,NA,NA,Y,NA,A,01,0,0,2,0,0,0,0,0,0,-,-,33.99848,-118.28036,LOS ANGELES,LOS ANGELES,-118.2808807,33.99843534
90196175,2016,2016-06-07,9580,2016-05-25,2305,20100,NA,3,3,9,1900,0,1,2,NA,2,108,US-101 N/B (VENTURA FREEWAY),PALO COMADO CANYON RD,528,S,N,A,-,Y,NA,NA,101,NA,NA,NA,NA,NA,N,Y,4,0,2,2,A,-,07,21658,A,F,B,C,A,A,H,-,C,D,0,NA,NA,NA,NA,Y,NA,-,99,0,0,2,0,0,0,0,0,0,-,-,34.1429,-118.73612,LOS ANGELES,UNINCORPORATED,-118.73615258,34.14281553
90196184,2016,2016-06-07,9530,2016-06-06,1435,020364,NA,1,2,9,1900,0,3,5,NA,2,001,77TH STREET (1400 BLOCK),PARMELEE AVE.,35,E,N,A,-,N,NA,NA,NA,NA,NA,NA,NA,NA,NA,Y,4,0,1,2,A,-,10,21954,B,N,G,B,D,A,H,-,A,D,0,Y,NA,NA,NA,Y,NA,A,01,0,0,1,0,1,0,0,0,0,-,-,33.5811,-118.1459,LOS ANGELES,UNINCORPORATED,-118.2498248,33.9697791
90196220,2016,2016-06-07,9575,2016-05-26,1650,021188,NA,4,2,7,1942,0,1,1,NA,2,053,I-5 N/B TO SR-118 W/B,PAXTON ST.,200,S,N,A,-,Y,NA,NA,NA,NA,NA,NA,NA,NA,NA,N,4,0,1,2,A,-,03,22350,NA,N,C,C,A,A,H,-,A,D,0,NA,NA,NA,NA,Y,NA,A,01,0,0,1,0,0,0,0,0,0,-,-,34.15459,-118.2625,LOS ANGELES,LOS ANGELES,-118.44053802,34.26249643
90196232,2016,2016-06-07,9590,2016-06-06,0730,016689,NA,1,1,7,1942,0,1,2,NA,2,071,US-101 S/B,LAVETA TERRACE,500,S,N,B,-,Y,NA,NA,101,NA,NA,NA,NA,NA,S,N,4,0,1,2,A,-,03,22350,NA,N,C,C,A,A,H,-,A,D,0,NA,NA,NA,NA,Y,NA,A,01,0,0,1,0,0,0,0,0,0,-,-,34.06782,-118.2563,LOS ANGELES,LOS ANGELES,-118.25628047,34.06786978
90196242,2016,2016-06-07,9580,2016-05-26,1252,018448,NA,4,1,7,1942,0,1,1,NA,2,405,I-405 S/B TO US-101 FWY,LOS ANGELES RIVER,725,N,N,A,-,Y,NA,NA,NA,NA,NA,NA,NA,NA,NA,Y,4,0,2,2,A,-,03,22350,NA,N,C,C,A,A,H,-,A,D,0,NA,NA,NA,NA,Y,NA,J,48,0,0,2,0,0,0,0,0,0,-,-,34.1655,-118.48122,LOS ANGELES,LOS ANGELES,NA,NA
90196244,2016,2016-06-07,9575,2016-05-27,1510,020119,NA,5,2,9,1900,0,2,4,NA,2,084,VISTA STREET,DUARTE RD.,0,NA,Y,A,-,N,NA,NA,NA,NA,NA,NA,NA,NA,NA,N,4,0,2,2,A,-,09,21802,A,N,D,C,A,A,H,-,A,D,0,NA,NA,NA,NA,Y,NA,A,08,0,0,2,0,0,0,0,0,0,-,-,34.12083,-118.08453,LOS ANGELES,UNINCORPORATED,-118.0844,34.12066005
90196269,2016,2016-06-07,9550,2016-06-02,0855,021311,NA,4,1,6,1920,0,1,1,NA,2,651,I-605 S/B (SAN GABRIEL FREEWAY),WASHINGTON BOULEVARD,850,N,N,A,-,Y,NA,NA,NA,NA,NA,NA,NA,NA,NA,Y,4,0,1,3,A,-,03,22350,NA,N,C,C,A,A,H,-,A,D,0,NA,NA,NA,NA,Y,NA,A,07,0,0,1,0,0,0,0,0,0,-,-,33.97638,-118.07934,LOS ANGELES,DOWNEY,-118.07940817,33.97622168
90196293,2016,2016-06-07,9535,2016-06-06,1645,019135,NA,1,2,3,1914,0,1,1,NA,2,501,I-5 (SANTA ANA FREEWAY) S/B,WASHINGTON BLVD,10,N,N,A,-,Y,NA,NA,5,NA,NA,NA,NA,NA,S,N,4,0,1,2,A,-,03,22350,NA,N,C,C,A,A,H,-,A,D,0,NA,NA,NA,NA,Y,NA,A,07,0,0,1,0,0,0,0,0,0,-,-,33.99529,-118.14496,LOS ANGELES,COMMERCE,-118.14502303,33.99522886
90196317,2016,2016-06-07,9590,2016-06-05,1700,017586,NA,7,2,7,1942,0,1,1,NA,2,053,I-110 S/B (HARBOR FREEWAY),3RD ST,20,S,N,A,-,Y,NA,NA,110,NA,NA,NA,NA,NA,S,N,4,0,2,3,A,-,03,22350,NA,N,C,C,A,A,H,-,A,D,0,NA,NA,NA,NA,Y,NA,A,01,0,0,2,0,0,0,0,0,0,-,-,34.05599,-118.25626,LOS ANGELES,LOS ANGELES,-118.25625212,34.05598266
90196331,2016,2016-06-07,9550,2016-05-27,2225,020959,NA,5,3,9,1900,0,2,4,NA,1,051,FULLERTON ROAD,LOS PALACIOS DRIVE,150,N,N,A,-,N,NA,NA,NA,NA,NA,NA,NA,NA,NA,Y,4,0,1,2,A,-,03,22350,NA,N,C,C,A,A,H,-,C,D,0,NA,NA,NA,NA,Y,NA,A,01,0,0,1,0,0,0,0,0,0,-,-,33.99133,-117.90541,LOS ANGELES,UNINCORPORATED,-117.90542215,33.99135001
90196358,2016,2016-06-07,9550,2016-05-29,1010,021120,NA,7,1,9,1900,0,3,5,NA,2,004,GALATINA ST.,NEARBANK DR.,0,NA,Y,A,-,N,NA,NA,NA,NA,NA,NA,NA,NA,NA,Y,4,0,1,1,A,-,03,22350,NA,N,E,I,A,A,H,-,A,D,0,NA,NA,NA,NA,Y,NA,A,08,0,0,1,0,0,0,0,0,0,-,-,33.97791,-117.91447,LOS ANGELES,UNINCORPORATED,-117.91447,33.97935003
90196380,2016,2016-06-07,9535,2016-05-31,1115,017416,NA,2,1,9,1900,0,1,1,NA,2,071,I-710 (LONG BEACH FREEWAY) S/B,WHITTIER BLVD,430,N,N,B,-,Y,NA,NA,710,NA,NA,NA,NA,NA,S,N,4,0,1,2,A,-,03,22350,NA,N,C,C,A,A,H,-,A,D,0,NA,NA,NA,Y,Y,NA,F,26,0,0,1,0,0,0,0,0,0,-,-,34.02418,-118.17251,LOS ANGELES,UNINCORPORATED,-118.17259878,34.02420128
90196385,2016,2016-06-07,9535,2016-05-27,1200,012767,NA,5,1,9,1900,0,3,5,NA,2,006,POTRERO GRANDE DRIVE,HILL DRIVE,0,NA,Y,A,-,Y,NA,NA,NA,NA,NA,NA,NA,NA,NA,Y,4,0,1,2,A,-,09,21801,A,N,A,C,A,A,H,-,A,A,0,NA,NA,NA,NA,Y,NA,A,07,0,0,1,0,0,0,0,0,0,-,-,34.04834,-118.09822,LOS ANGELES,UNINCORPORATED,-118.09823004,34.0482701
90196388,2016,2016-06-07,9535,2016-06-01,1030,015797,NA,3,1,9,1900,0,2,4,NA,2,015,MEDNIK AVE,CESAR E. CHAVEZ AVE.,0,NA,Y,A,-,N,NA,NA,NA,NA,NA,NA,NA,NA,NA,Y,4,0,1,2,A,-,09,21801,A,N,D,C,A,A,H,-,A,A,0,NA,NA,NA,NA,Y,NA,A,08,0,0,1,0,0,0,0,0,0,-,-,34.04081,-118.16191,LOS ANGELES,UNINCORPORATED,-118.16188004,34.04061011
90196400,2016,2016-06-22,9590,2016-02-01,2041,018997,NA,1,2,7,1942,0,1,1,NA,2,062,I-10 E/B (SANTA MONICA FREEWAY),UNION AVE.,1302,E,N,A,-,Y,NA,NA,10,NA,NA,NA,NA,NA,E,Y,1,1,0,3,A,-,11,21954,A,N,G,B,E,A,H,-,C,D,0,Y,NA,NA,NA,Y,NA,N,60,0,0,0,1,0,0,0,0,0,-,-,34.03713,-118.28352,LOS ANGELES,LOS ANGELES,-118.28352286,34.03714405
90196421,2016,2016-06-07,9535,2016-05-24,1410,020347,NA,2,2,9,1900,0,2,4,NA,2,024,WHITTIER BLVD (5800 BLOCK),KEENAN AVE,150,W,N,A,-,N,NA,NA,NA,NA,NA,NA,NA,NA,NA,N,4,0,1,3,A,-,02,22400,A,N,C,C,A,A,H,-,A,D,0,NA,NA,NA,NA,Y,NA,A,01,0,0,1,0,0,0,0,0,0,-,-,34.01789,-118.14547,LOS ANGELES,UNINCORPORATED,-118.1457483,34.01796269
90196431,2016,2016-06-07,9525,2016-05-20,1310,020346,NA,5,1,5,1990,0,1,3,NA,2,601,SR-60 W/B (POMONA FREEWAY),GRAND AVE,1500,W,N,A,-,Y,NA,NA,60,NA,NA,NA,NA,NA,W,Y,4,0,1,2,A,-,03,22350,NA,N,C,C,A,A,H,-,A,D,0,NA,NA,NA,NA,Y,NA,A,01,0,0,1,0,0,0,0,0,0,-,-,34.00539,-117.82897,LOS ANGELES,DIAMOND BAR,-117.82890648,34.00530862
90196436,2016,2016-06-07,9525,2016-05-20,1440,018926,NA,5,2,9,1900,0,2,4,NA,2,045,VALLEY BLVD. (14000 BLOCK),ATHENS WAY,267,W,N,B,-,N,NA,NA,NA,NA,NA,NA,NA,NA,NA,Y,4,0,1,2,A,-,03,22350,NA,N,C,C,A,A,H,-,A,D,0,NA,NA,NA,NA,Y,NA,A,01,0,0,1,0,0,0,0,0,0,-,-,34.04144,-117.98498,LOS ANGELES,UNINCORPORATED,NA,NA
90196439,2016,2016-06-07,9525,2016-05-20,1655,021097,NA,5,2,4,1946,0,1,1,NA,2,202,I-210 E/B (FOOTHILL FREEWAY),MYRTLE AVE,2640,W,N,A,-,Y,NA,NA,210,NA,NA,NA,NA,NA,E,N,4,0,2,2,A,-,03,22350,NA,N,C,C,A,A,H,-,A,D,0,NA,NA,NA,NA,Y,NA,A,01,0,0,2,0,0,0,0,0,0,-,-,34.13789,-118.01384,LOS ANGELES,MONROVIA,-118.0139045,34.13777078
90196440,2016,2016-06-07,9535,2016-04-23,0450,021167,NA,6,3,5,1969,0,1,1,NA,2,075,I-710 (LONG BEACH FREEWAY) S/B,LOS ANGELES RIVER,0,NA,Y,A,-,Y,NA,NA,710,NA,NA,NA,NA,NA,S,Y,3,0,2,2,A,-,08,22107,NA,N,E,I,A,A,D,-,D,D,0,NA,NA,NA,NA,Y,NA,A,07,0,2,0,0,0,0,0,0,0,-,-,33.93609,-118.17542,LOS ANGELES,SOUTH GATE,-118.17525767,33.93584388
90196442,2016,2016-06-08,9525,2016-05-20,1800,020058,NA,5,2,6,1955,0,1,3,NA,2,572,SR-57 N/B TO I-10 E/B,I-10 E/B (SAN BERNARDINO FREEWAY),1000,S,N,A,-,Y,NA,NA,57,NA,NA,NA,R,NA,N,Y,3,0,2,2,A,-,03,22350,NA,N,C,C,A,A,H,-,A,D,0,NA,NA,NA,NA,Y,NA,A,01,0,1,1,0,0,0,0,0,0,-,-,34.06279,-117.80495,LOS ANGELES,POMONA,-117.80495,34.06279
90196454,2016,2016-06-08,9525,2016-06-03,1920,020341,NA,5,2,6,1955,0,1,3,NA,2,571,SR-57 S/B TO I-10 E/B,I-10 E/B (SAN BERNARDINO FREEWAY),40,N,N,A,-,Y,NA,NA,57,NA,NA,NA,R,NA,S,Y,4,0,1,1,A,-,08,22107,NA,N,E,I,A,A,H,-,A,D,0,NA,NA,NA,NA,Y,NA,A,01,0,0,1,0,0,0,0,0,0,-,-,34.06588,-117.80699,LOS ANGELES,POMONA,-117.80699,34.06588
90196508,2016,2016-06-08,9525,2016-05-03,0725,014593,NA,2,1,5,1990,0,1,3,NA,2,583,SR-57 S/B (ORANGE FREEWAY),BREA CANYON RD.,2640,S,N,A,-,Y,NA,NA,NA,NA,NA,NA,NA,NA,NA,N,4,0,1,2,D,-,00,NA,NA,N,F,A,A,A,H,-,A,D,0,NA,NA,Y,NA,Y,NA,-,-,0,0,1,0,0,0,0,0,1,-,-,33.95309,-117.86328,LOS ANGELES,DIAMOND BAR,-117.86460332,33.95118262
90196519,2016,2016-06-08,9525,2016-05-19,0950,021250,NA,4,1,5,1990,0,1,3,NA,2,603,SR-60 W/B (POMONA FREEWAY),GRAND AVE,3168,E,N,A,-,Y,NA,NA,60,NA,NA,NA,NA,NA,W,Y,4,0,1,2,A,-,03,22350,NA,N,C,C,A,A,H,-,A,D,0,NA,NA,NA,NA,Y,NA,D,22,0,0,1,0,0,0,0,0,0,-,-,34.0195,-117.81579,LOS ANGELES,DIAMOND BAR,-117.81565889,34.019404
90196545,2016,2016-06-08,9575,2016-05-26,0445,020945,NA,4,3,7,1942,0,1,1,NA,2,053,I-5 S/B (GOLDEN STATE FREEWAY),OSBORNE ST.,100,N,N,A,-,Y,NA,NA,5,NA,NA,NA,NA,NA,S,Y,4,0,2,4,A,-,08,22107,NA,F,B,C,A,A,H,-,C,D,0,NA,NA,NA,NA,Y,NA,A,07,0,0,2,0,0,0,0,0,0,-,-,34.24467,-118.42257,LOS ANGELES,LOS ANGELES,-118.42254597,34.24469537
90196548,2016,2016-06-08,9540,2016-05-30,1446,018208,NA,1,2,6,1985,0,1,1,NA,2,506,I-5 N/B (GOLDEN STATE FREEWAY),MAGIC MOUNTAIN PKY,3696,S,N,A,-,Y,NA,NA,5,NA,NA,NA,NA,NA,N,Y,3,0,1,2,A,-,03,22350,NA,N,C,C,A,A,H,-,A,D,0,NA,NA,NA,NA,Y,NA,A,07,0,1,0,0,0,0,0,0,0,-,-,34.4129,-118.57829,LOS ANGELES,SANTA CLARITA,-118.57819756,34.41293518
90196552,2016,2016-06-08,9590,2016-02-14,1540,013018,NA,7,2,7,1942,0,1,1,NA,2,021,I-10 W/B (SAN BERNARDINO FREEWAY),INDIANA STREET,1500,W,N,A,-,Y,NA,NA,10,NA,NA,NA,NA,NA,W,N,4,0,1,2,A,-,03,22350,NA,N,C,C,A,A,H,-,A,D,0,NA,NA,NA,NA,Y,NA,A,01,0,0,1,0,0,0,0,0,0,-,-,34.05552,-118.19318,LOS ANGELES,LOS ANGELES,-118.19317847,34.05557734
90196554,2016,2016-06-08,9530,2016-06-06,1408,020364,NA,1,2,5,1915,0,3,5,NA,2,001,COMPTON AVENUE (9100S BLOCK),91ST ST.,30,N,N,A,-,N,NA,NA,NA,NA,NA,NA,NA,NA,NA,N,4,0,2,2,A,-,03,22350,NA,N,C,C,A,A,H,-,A,D,0,NA,NA,NA,NA,Y,NA,A,01,0,0,2,0,0,0,0,0,0,-,-,33.5715,-118.145,LOS ANGELES,COMPTON,-118.2474674,33.95434225
90196555,2016,2016-06-08,9540,2016-06-02,0940,019317,NA,4,1,9,1900,0,1,1,NA,2,213,I-210 (E/B)(FF) FROM HUBBARD STREET,HUBBARD STREET,450,E,N,A,-,Y,NA,NA,NA,NA,NA,NA,NA,NA,NA,Y,4,0,1,2,A,-,03,22350,NA,N,C,C,A,A,H,-,A,A,0,NA,NA,NA,NA,Y,NA,A,01,0,0,1,0,0,0,0,0,0,-,-,34.30715,-118.42865,LOS ANGELES,UNINCORPORATED,-118.42844865000001,34.30728272
90196575,2016,2016-06-08,9565,2016-05-17,1500,019320,NA,2,2,7,1942,0,1,1,NA,2,063,I-405 S/B,SANTA MONICA BLVD,100,S,N,A,-,Y,NA,NA,405,NA,NA,NA,NA,NA,S,Y,4,0,2,2,A,-,03,22350,NA,N,C,C,A,A,H,-,A,D,0,NA,NA,NA,NA,Y,NA,A,01,0,0,2,0,0,0,0,0,0,-,-,34.0468,-118.44666,LOS ANGELES,LOS ANGELES,-118.44667002,34.04679128
90196585,2016,2016-06-08,9530,2016-06-06,1730,018200,NA,1,2,7,1941,0,1,1,NA,2,430,I-405 S/B (SAN DIEGO FREEWAY),LAKEWOOD BLVD.,200,N,N,A,-,Y,NA,NA,NA,NA,NA,NA,NA,NA,NA,Y,4,0,2,2,A,-,03,22350,NA,N,C,C,A,A,H,-,A,D,0,NA,NA,NA,NA,Y,NA,A,01,0,0,2,0,0,0,0,0,0,-,-,33.48205,-118.83454,LOS ANGELES,LONG BEACH,-118.14335449,33.80584055
90196591,2016,2016-06-08,9565,2016-05-17,1145,019320,NA,2,1,6,1933,0,1,1,NA,2,060,I-405 NB,HILLCREST BLVD.,200,N,N,A,-,Y,NA,NA,405,NA,NA,NA,NA,NA,N,N,4,0,1,3,A,-,03,22350,NA,M,C,C,A,A,H,-,A,D,0,NA,NA,NA,NA,Y,NA,A,01,0,0,1,0,0,0,0,0,0,-,-,33.95718,-118.36923,LOS ANGELES,INGLEWOOD,-118.36925168,33.95718069
90196606,2016,2016-06-08,9590,2016-05-19,1610,021264,NA,4,2,7,1942,1,4,S,NA,2,901,VERNON AVENUE (WEST 500 BLOCK),FIGUEROA ST,165,W,N,A,-,N,NA,NA,NA,NA,NA,NA,NA,NA,NA,N,4,0,1,2,A,-,03,22350,NA,N,C,C,A,A,H,-,A,A,0,NA,NA,NA,NA,Y,NA,H,17,0,0,1,0,0,0,0,0,0,-,-,34.00376,-118.28331,LOS ANGELES,LOS ANGELES,-118.28328325,34.00374164
90196607,2016,2016-06-08,9565,2016-05-12,1700,020239,NA,4,2,7,1942,0,1,1,NA,2,063,I-405 SOUTHBOUND (SAN DIEGO FREEWAY),OHIO AVENUE,200,S,N,A,-,Y,NA,NA,405,NA,NA,NA,NA,NA,S,Y,3,0,2,2,A,-,03,22350,NA,N,B,C,A,A,H,-,A,D,0,NA,NA,NA,NA,Y,NA,A,01,0,1,1,0,0,0,0,0,0,-,-,34.04878,-118.44824,LOS ANGELES,LOS ANGELES,-118.44827625,34.04875641
90196619,2016,2016-06-08,9540,2016-06-02,0140,017414,NA,4,3,9,1900,0,1,1,NA,2,513,I-5 S/B (GOLDEN STATE FREEWAY),GORMAN CREEK,13200,S,N,A,-,Y,NA,NA,5,NA,NA,NA,NA,NA,S,Y,3,0,2,1,A,-,08,22107,NA,N,E,I,A,A,H,-,D,D,0,NA,NA,NA,Y,Y,NA,F,26,0,2,0,0,0,0,0,0,0,-,-,34.71972,-118.79915,LOS ANGELES,UNINCORPORATED,-118.79903196,34.71972855
90196630,2016,2016-06-08,9590,2016-05-22,0300,021069,NA,7,3,7,1942,0,1,1,NA,2,051,I-110 S/B (HAF),VERNON AVE,200,S,N,A,-,Y,NA,NA,110,NA,NA,NA,NA,NA,S,Y,4,0,1,2,A,-,01,23152,A,N,C,C,A,A,H,-,D,D,0,NA,NA,NA,NA,Y,Y,A,01,0,0,1,0,0,0,0,0,0,-,-,34.00148,-118.28113,LOS ANGELES,LOS ANGELES,-118.28114066,34.0014791
90196633,2016,2016-06-08,9530,2016-06-06,1600,019792,NA,1,2,6,1972,0,1,1,NA,2,400,I-405 S/B (SAN DIEGO FREEWAY),CRENSHAW BLVD.,400,S,N,A,-,Y,NA,NA,405,NA,NA,NA,NA,NA,S,Y,4,0,1,4,A,-,07,21658,A,N,B,C,A,A,H,-,A,D,0,NA,NA,NA,NA,Y,NA,A,01,0,0,1,0,0,0,0,0,0,-,-,33.8639,-118.325,LOS ANGELES,TORRANCE,-118.32496826,33.86401018
90196638,2016,2016-06-08,9575,2016-05-28,1025,018762,NA,6,1,6,1925,0,1,3,NA,2,042,SR-134 W/B TO GLENDALE AVENUE,GLENDALE AVENUE,620,W,N,B,-,Y,NA,NA,134,NA,NA,NA,R,NA,W,Y,4,0,1,1,A,-,03,22350,NA,N,E,I,A,A,H,-,A,D,0,NA,NA,NA,NA,Y,NA,A,01,0,0,1,0,0,0,0,0,0,-,-,34.15672,-118.2442,LOS ANGELES,GLENDALE,-118.2442,34.15672
90196677,2016,2016-06-08,9530,2016-06-07,0550,019412,NA,2,3,7,1942,0,1,1,NA,2,200,I-105 W/B (GLENN ANDERSON FWY),STANFORD AVE.,100,E,N,B,-,Y,NA,NA,NA,NA,NA,NA,NA,NA,NA,Y,4,0,1,2,A,-,03,22350,NA,N,C,C,A,A,H,-,B,D,0,NA,NA,Y,NA,Y,NA,C,02,0,0,1,0,0,0,0,0,1,-,-,33.55395,-118.15428,LOS ANGELES,LOS ANGELES,-118.261871,33.9277
90196689,2016,2016-06-08,9565,2016-06-02,2135,020595,NA,4,2,4,1918,0,1,1,NA,2,061,I-405 S/B (SAN DIEGO FWY),CULVER BLVD,100,S,N,A,-,Y,NA,NA,405,NA,NA,NA,NA,NA,S,N,4,0,1,2,A,-,03,22350,NA,N,C,C,A,A,H,-,C,D,0,NA,NA,NA,NA,Y,NA,D,22,0,0,1,0,0,0,0,0,0,-,-,34.00272,-118.41111,LOS ANGELES,CULVER CITY,-118.4110952,34.00273142
90196697,2016,2016-06-08,9545,2016-05-31,1750,019951,NA,2,2,9,1900,0,3,5,NA,2,003,SIERRA HIGHWAY,SOLEDAD CANYON RD,0,NA,Y,A,-,N,NA,NA,NA,NA,NA,NA,NA,NA,NA,Y,4,0,1,2,A,-,09,21801,A,N,D,C,A,A,H,-,A,D,0,NA,NA,NA,Y,Y,NA,G,25,0,0,1,0,0,0,0,0,0,-,-,34.48856,-118.13583,LOS ANGELES,UNINCORPORATED,-118.45602005,34.41638002
90196741,2016,2016-06-08,9540,2016-06-03,1750,019853,NA,5,2,6,1985,0,1,3,NA,1,142,SR-14 N/B (ANTELOPE VALLEY FWY.),SIERRA HWY.,1500,N,N,A,-,Y,NA,NA,14,NA,NA,NA,NA,NA,N,N,3,0,1,2,A,-,03,22350,NA,N,C,C,A,A,H,-,A,D,0,NA,NA,NA,NA,Y,NA,A,01,0,1,0,0,0,0,0,0,0,-,-,34.34083,-118.50606,LOS ANGELES,SANTA CLARITA,-118.50604791,34.34082526
90196746,2016,2016-06-08,9545,2016-06-03,0835,019006,NA,5,1,9,1900,0,1,3,NA,2,021,SR-14 S/B,AVENUE S,1500,N,N,A,-,Y,NA,NA,14,NA,NA,NA,NA,NA,S,Y,4,0,1,2,A,-,03,22350,NA,N,C,C,A,A,H,-,A,D,0,NA,NA,NA,NA,Y,NA,A,01,0,0,1,0,0,0,0,0,0,-,-,34.56043,-118.13282,LOS ANGELES,UNINCORPORATED,-118.13282886,34.56042929
90196755,2016,2016-06-08,9530,2016-06-07,1840,020307,NA,2,2,5,1977,0,1,1,NA,2,410,I-405 S/B (SAN DIEGO FREEWAY),MAIN ST.,1000,S,N,A,-,Y,NA,NA,405,NA,NA,NA,NA,NA,S,N,4,0,1,2,A,-,03,22350,NA,N,C,C,A,A,H,-,A,D,0,NA,NA,Y,NA,Y,NA,C,02,0,0,1,0,0,0,0,0,1,-,-,33.85065,-118.27693,LOS ANGELES,CARSON,-118.2769065,33.85068469
90196767,2016,2016-06-08,9565,2016-06-05,1740,016074,NA,7,2,7,1942,0,1,1,NA,2,083,I-10 E/B (SANTA MONICA FWY),MANNING AVE,1000,W,N,A,-,Y,NA,NA,10,NA,NA,NA,NA,NA,E,N,4,0,2,2,A,-,03,22350,NA,N,C,C,A,A,H,-,A,D,0,NA,NA,NA,NA,Y,NA,A,01,0,0,2,0,0,0,0,0,0,-,-,34.03364,-118.38644,LOS ANGELES,LOS ANGELES,-118.3863341,34.03346043
90196780,2016,2016-06-08,9540,2016-06-02,1515,020429,NA,4,2,9,1900,0,1,3,NA,2,146,SR-14 N/B (ANTELOPE VALLEY FWY),ESCONDIDO CANYON RD,10560,N,N,A,-,Y,NA,NA,14,NA,NA,NA,NA,NA,N,Y,4,0,1,1,A,-,08,22107,NA,N,E,I,A,A,H,-,A,D,0,NA,NA,NA,NA,Y,NA,A,01,0,0,1,0,0,0,0,0,0,-,-,34.49976,-118.2587,LOS ANGELES,UNINCORPORATED,-118.25848024,34.49935293
90196793,2016,2016-06-08,9545,2016-06-03,1950,014790,NA,5,2,9,1900,0,3,5,NA,2,004,30TH ST  E,AVENUE Q,2640,N,N,A,-,N,NA,NA,NA,NA,NA,NA,NA,NA,NA,Y,3,0,1,1,A,-,08,22107,NA,N,E,I,A,A,H,-,A,D,0,NA,NA,NA,NA,Y,NA,A,01,0,1,0,0,0,0,0,0,0,-,-,34.59573,-118.07629,LOS ANGELES,UNINCORPORATED,-118.07637275,34.59469728
90196794,2016,2016-06-08,9530,2016-06-02,1140,021191,NA,4,1,6,1972,0,1,1,NA,2,400,I-405 N/B (SAN DIEGO FREEWAY),WESTERN AVE.,326,N,N,A,-,Y,NA,NA,405,NA,NA,NA,NA,NA,N,N,3,0,1,3,A,-,03,22350,NA,N,C,C,A,A,H,-,A,D,0,NA,NA,NA,NA,Y,NA,D,23,0,1,0,0,0,0,0,0,0,-,-,33.86009,-118.31061,LOS ANGELES,TORRANCE,-118.31060318,33.86012683
90196801,2016,2016-06-08,9590,2016-05-09,1500,016689,NA,1,2,7,1942,1,4,S,NA,2,901,MARENGO STREET (1700 EAST BLOCK),LORD STREET (1000 NORTH BLOCK),12,S,N,B,-,Y,NA,NA,NA,NA,NA,NA,NA,NA,NA,N,4,0,1,1,C,-,18,NA,NA,N,H,A,A,A,H,-,A,D,0,NA,NA,NA,NA,Y,NA,-,-,0,0,1,0,0,0,0,0,0,-,-,34.05886,-118.1265,LOS ANGELES,LOS ANGELES,-118.21264508,34.05890457
90196807,2016,2016-06-08,9590,2016-05-25,1141,021264,NA,3,1,7,1942,0,1,1,NA,2,053,I-110 S/B (HARBOR FREEWAY),US-101 E/B (HOLLYWOOD FREEWAY),15,S,N,A,-,Y,NA,NA,110,NA,NA,NA,NA,NA,S,N,4,0,1,2,D,-,00,NA,NA,N,C,C,A,A,H,-,A,D,0,NA,NA,NA,NA,Y,NA,-,-,0,0,1,0,0,0,0,0,0,-,-,34.06259,-118.24898,LOS ANGELES,LOS ANGELES,-118.24897558,34.06258499
90196825,2016,2016-06-08,9590,2016-02-23,0720,021132,NA,2,1,7,1942,1,4,S,NA,2,901,WILTON PLACE (5600 BLOCK),SUNSET BLVD.,100,N,N,A,-,Y,NA,NA,NA,NA,NA,NA,NA,NA,NA,N,4,0,1,1,C,-,18,NA,NA,N,H,A,A,A,H,-,A,A,0,NA,NA,NA,NA,Y,NA,-,-,0,0,1,0,0,0,0,0,0,-,-,34.09829,-118.31355,LOS ANGELES,LOS ANGELES,-118.31360669,34.0983542