CASE_ID,ACCIDENT_YEAR,PROC_DATE,JURIS,COLLISION_DATE,COLLISION_TIME,OFFICER_ID,REPORTING_DISTRICT,DAY_OF_WEEK,CHP_SHIFT,POPULATION,CNTY_CITY_LOC,SPECIAL_COND,BEAT_TYPE,CHP_BEAT_TYPE,CITY_DIVISION_LAPD,CHP_BEAT_CLASS,BEAT_NUMBER,PRIMARY_RD,SECONDARY_RD,DISTANCE,DIRECTION,INTERSECTION,WEATHER_1,WEATHER_2,STATE_HWY_IND,CALTRANS_COUNTY,CALTRANS_DISTRICT,STATE_ROUTE,ROUTE_SUFFIX,POSTMILE_PREFIX,POSTMILE,LOCATION_TYPE,RAMP_INTERSECTION,SIDE_OF_HWY,TOW_AWAY,COLLISION_SEVERITY,NUMBER_KILLED,NUMBER_INJURED,PARTY_COUNT,PRIMARY_COLL_FACTOR,PCF_CODE_OF_VIOL,PCF_VIOL_CATEGORY,PCF_VIOLATION,PCF_VIOL_SUBSECTION,HIT_AND_RUN,TYPE_OF_COLLISION,MVIW,PED_ACTION,ROAD_SURFACE,ROAD_COND_1,ROAD_COND_2,LIGHTING,CONTROL_DEVICE,CHP_ROAD_TYPE,PEDESTRIAN_ACCIDENT,BICYCLE_ACCIDENT,MOTORCYCLE_ACCIDENT,TRUCK_ACCIDENT,NOT_PRIVATE_PROPERTY,ALCOHOL_INVOLVED,STWD_VEHTYPE_AT_FAULT,CHP_VEHTYPE_AT_FAULT,COUNT_SEVERE_INJ,COUNT_VISIBLE_INJ,COUNT_COMPLAINT_PAIN,COUNT_PED_KILLED,COUNT_PED_INJURED,COUNT_BICYCLIST_KILLED,COUNT_BICYCLIST_INJURED,COUNT_MC_KILLED,COUNT_MC_INJURED,PRIMARY_RAMP,SECONDARY_RAMP,LATITUDE,LONGITUDE,COUNTY,CITY,POINT_X,POINT_Y
90197861,2016,2016-06-09,9525,2016-05-23,1610,020346,NA,1,2,9,1900,0,2,4,NA,2,022,ARROW HIGHWAY,VINCENT AVE,0,NA,Y,A,-,N,NA,NA,NA,NA,NA,NA,NA,NA,NA,Y,4,0,2,3,A,-,09,21801,A,N,D,C,A,A,H,-,A,A,0,NA,NA,NA,NA,Y,NA,A,01,0,0,2,0,0,0,0,0,0,-,-,34.10701,-117.9254,LOS ANGELES,UNINCORPORATED,-117.92538008,34.10694009
90197881,2016,2016-06-09,9550,2016-06-01,1845,021037,NA,3,2,9,1900,0,3,5,NA,2,001,SARAGOSA ST,PIONEER RD.,80,E,N,A,-,N,NA,NA,NA,NA,NA,NA,NA,NA,NA,N,3,0,1,1,A,-,08,22107,NA,N,H,I,A,A,H,-,A,D,0,NA,NA,Y,NA,Y,NA,C,02,0,1,0,0,0,0,0,0,1,-,-,33.97826,-118.07703,LOS ANGELES,UNINCORPORATED,-118.07710078,33.97835656
90197882,2016,2016-06-09,9565,2016-05-27,1655,019349,NA,5,2,9,1900,0,2,4,NA,1,032,SLAUSON AVE,LA TIJERA BLVD,0,NA,Y,A,-,N,NA,NA,NA,NA,NA,NA,NA,NA,NA,Y,4,0,2,2,A,-,09,21801,A,N,D,C,A,A,H,-,A,A,0,NA,NA,NA,NA,Y,NA,A,01,0,0,2,0,0,0,0,0,0,-,-,33.9875,-118.3646,LOS ANGELES,UNINCORPORATED,-118.36473002,33.98741007
90197884,2016,2016-06-09,9590,2016-03-31,2130,021040,NA,4,2,7,1942,0,1,1,NA,2,052,I-110 N/B (HARBOR FREEWAY),ADAMS BLVD.,130,N,N,A,-,Y,NA,NA,110,NA,NA,NA,NA,NA,N,N,4,0,4,2,A,-,03,22350,NA,N,C,C,A,A,H,-,D,D,0,NA,NA,NA,NA,Y,NA,A,01,0,0,4,0,0,0,0,0,0,-,-,34.03516,-118.27436,LOS ANGELES,LOS ANGELES,-118.27432921,34.03515576
90197905,2016,2016-06-09,9540,2016-06-04,0740,019900,NA,6,1,9,1900,0,2,4,NA,1,202,SOLEDAD CANYON RD,AGUA DULCE CYN RD,5280,E,N,A,-,Y,NA,NA,NA,NA,NA,NA,NA,NA,NA,Y,3,0,1,1,A,-,08,22107,NA,N,E,J,A,A,B,H,A,D,0,NA,NA,Y,NA,Y,NA,C,02,0,1,0,0,0,0,0,0,1,-,-,34.43876,-118.31291,LOS ANGELES,UNINCORPORATED,-118.32106103,34.43642013
90197912,2016,2016-06-09,9550,2016-06-02,1310,021311,NA,4,1,9,1900,0,2,4,NA,1,011,WORKMAN MILL ROAD,CLIOTA ST,0,NA,Y,A,-,N,NA,NA,NA,NA,NA,NA,NA,NA,NA,Y,4,0,1,2,A,-,12,21453,A,N,D,C,A,A,H,-,A,A,0,NA,NA,NA,NA,Y,NA,D,22,0,0,1,0,0,0,0,0,0,-,-,34.01359,-118.0463,LOS ANGELES,UNINCORPORATED,-118.04629002,34.01359006
90197923,2016,2016-06-09,9550,2016-06-01,1945,020688,NA,3,2,9,1900,0,3,5,NA,2,006,BREA CANYON CUT OFF ROAD,MARKSTAY ST.,154,S,N,A,-,N,NA,NA,NA,NA,NA,NA,NA,NA,NA,N,4,0,1,2,D,-,00,NA,NA,N,D,C,A,A,H,-,B,D,0,NA,NA,NA,NA,Y,NA,-,-,0,0,1,0,0,0,0,0,0,-,-,33.99127,-117.87282,LOS ANGELES,UNINCORPORATED,-117.87288,33.99132783
90197930,2016,2016-06-09,9590,2016-04-01,0940,021111,NA,5,1,7,1942,0,1,1,NA,2,085,I-5 S/B (GOLDEN STATE FREEWAY),GRIFFITH PARK DRIVE,50,S,N,A,-,Y,NA,NA,5,NA,NA,NA,NA,NA,S,Y,4,0,2,3,A,-,03,22350,NA,N,C,C,A,A,H,-,A,D,0,NA,NA,NA,NA,Y,NA,A,07,0,0,2,0,0,0,0,0,0,-,-,34.12361,-118.2726,LOS ANGELES,LOS ANGELES,-118.27258904,34.1236132
90197943,2016,2016-06-09,9550,2016-06-04,0905,021311,NA,6,1,9,1900,0,3,5,NA,2,003,PUNTA DEL ESTE DR,COLIMA ROAD,20,S,N,A,-,N,NA,NA,NA,NA,NA,NA,NA,NA,NA,N,4,0,1,2,A,-,21,22106,NA,N,C,C,A,A,H,-,A,A,0,NA,NA,NA,NA,Y,NA,A,01,0,0,1,0,0,0,0,0,0,-,-,33.98582,-117.95396,LOS ANGELES,UNINCORPORATED,-117.95408589,33.9859231
90197969,2016,2016-06-09,9530,2016-06-08,1205,014661,NA,3,1,7,1941,0,1,1,NA,2,071,I-710 N/B TO SR-91 E/B,ARTESIA BLVD.,1000,S,N,A,-,Y,NA,NA,710,NA,NA,NA,R,NA,N,N,4,0,1,2,A,-,07,21658,A,N,B,C,A,A,H,-,A,D,0,NA,NA,NA,Y,Y,NA,A,01,0,0,1,0,0,0,0,0,0,-,-,33.87159,-118.19379,LOS ANGELES,LONG BEACH,-118.19379,33.87159
90197976,2016,2016-06-09,9545,2016-06-05,1945,020244,NA,7,2,9,1900,0,3,5,NA,2,003,ANGELES FOREST HWY,MPM 13.60,200,N,N,A,-,N,NA,NA,NA,NA,NA,NA,NA,NA,NA,Y,3,0,4,1,A,-,03,22350,NA,N,E,J,A,A,H,-,B,D,0,NA,NA,NA,NA,Y,NA,A,01,0,3,1,0,0,0,0,0,0,-,-,34.36489,-118.10659,LOS ANGELES,UNINCORPORATED,NA,NA
90197978,2016,2016-06-09,9575,2016-05-31,1550,017354,NA,2,2,6,1925,0,1,3,NA,2,042,SR-134 E/B (VENTURA FREEWAY),CENTRAL AVE. O/C,250,W,N,A,-,Y,NA,NA,134,NA,NA,NA,NA,NA,E,N,4,0,2,2,A,-,03,22350,NA,N,C,C,A,A,H,-,A,D,0,NA,NA,NA,NA,Y,NA,A,07,0,0,2,0,0,0,0,0,0,-,-,34.15614,-118.25907,LOS ANGELES,GLENDALE,-118.25907054,34.15627366
90197997,2016,2016-06-09,9580,2016-05-27,1105,017640,NA,5,1,3,1994,0,1,2,NA,2,109,US-101 S/B (VENTURA FREEWAY),LIBERTY CANYON RD,243,W,N,A,-,Y,NA,NA,101,NA,NA,NA,NA,NA,S,Y,4,0,1,1,A,-,08,22107,NA,N,E,I,A,A,H,-,A,D,0,NA,NA,NA,NA,Y,NA,A,01,0,0,1,0,0,0,0,0,0,-,-,34.13778,-118.72585,LOS ANGELES,AGOURA HILLS,-118.72586264,34.13787758
90198001,2016,2016-06-09,9545,2016-06-06,0515,016885,NA,1,3,9,1900,0,3,5,NA,2,003,SOLEDAD CANYON RD,BOOTLEGGER CANYON RD,500,S,N,A,-,N,NA,NA,NA,NA,NA,NA,NA,NA,NA,Y,4,0,1,1,A,-,08,22107,NA,N,F,A,A,A,H,-,A,D,0,NA,NA,NA,NA,Y,NA,A,01,0,0,1,0,0,0,0,0,0,-,-,34.43871,-118.22697,LOS ANGELES,UNINCORPORATED,-118.22129093,34.43849775
90198021,2016,2016-06-09,9530,2016-06-08,1230,017695,NA,3,1,9,1900,0,3,5,NA,2,002,AVALON BLVD. (14800 BLOCK),COMPTON BLVD.,945,N,N,A,-,N,NA,NA,NA,NA,NA,NA,NA,NA,NA,Y,3,0,2,3,A,-,08,22107,NA,N,C,E,A,A,H,-,A,D,0,NA,NA,NA,NA,Y,NA,A,01,0,1,1,0,0,0,0,0,0,-,-,33.53519,-118.15553,LOS ANGELES,UNINCORPORATED,-118.26525185,33.89445872
90198029,2016,2016-06-09,9535,2016-06-03,1415,019135,NA,5,2,3,1914,0,1,1,NA,2,501,I-5 (SANTA ANA FREEWAY) S/B,SLAUSON AVE,50,N,N,A,-,Y,NA,NA,5,NA,NA,NA,NA,NA,S,Y,3,0,1,4,A,-,03,22350,NA,N,C,C,A,A,H,-,A,D,0,NA,NA,NA,NA,Y,NA,A,01,0,1,0,0,0,0,0,0,0,-,-,33.974850000000004,-118.12461,LOS ANGELES,COMMERCE,-118.12467024,33.97480533
90198046,2016,2016-06-09,9580,2016-05-27,1415,021079,NA,5,2,7,1942,0,1,2,NA,2,102,US-101 N/B (VENTURA FREEWAY),WOODMAN AVE,300,N,N,A,-,Y,NA,NA,101,NA,NA,NA,NA,NA,N,Y,4,0,1,2,A,-,03,22350,NA,N,C,C,A,A,H,-,A,D,0,NA,NA,NA,NA,Y,NA,A,01,0,0,1,0,0,0,0,0,0,-,-,34.15573,-118.43209,LOS ANGELES,LOS ANGELES,-118.43209001,34.15572821
90198053,2016,2016-06-09,9590,2016-04-01,1807,021072,NA,5,2,7,1942,0,1,3,NA,2,031,SR-60 W/B (POF) TO US-101 N/B (SAF),MARIETTA ST.,650,W,N,A,-,Y,NA,NA,60,NA,NA,NA,R,NA,W,N,4,0,1,2,A,-,03,22350,NA,N,C,C,A,A,H,-,B,D,0,NA,NA,NA,NA,Y,NA,A,01,0,0,1,0,0,0,0,0,0,-,-,34.02996,-118.21506,LOS ANGELES,LOS ANGELES,-118.21506,34.02996
90198091,2016,2016-06-09,9550,2016-06-06,1810,020070,NA,1,2,6,1920,0,1,1,NA,2,651,I-605 S/B (SAN GABRIEL RIVER FWY.),FLORENCE AVENUE,50,S,N,A,-,Y,NA,NA,605,NA,NA,NA,NA,NA,S,Y,4,0,1,2,A,-,03,22350,NA,N,C,C,A,A,H,-,A,D,0,NA,NA,NA,NA,Y,NA,A,01,0,0,1,0,0,0,0,0,0,-,-,33.93753,-118.09873,LOS ANGELES,DOWNEY,-118.09868166,33.93750337
90198099,2016,2016-06-09,9535,2016-05-08,1220,017802,NA,7,1,9,1900,0,1,1,NA,2,651,I-605 S/B TO SR-60,SR-60,950,N,N,A,-,Y,NA,NA,605,NA,NA,NA,R,NA,S,N,3,0,1,2,A,-,07,21658,A,M,C,C,A,A,H,-,A,D,0,NA,NA,Y,NA,Y,NA,A,01,0,1,0,0,0,0,0,0,1,-,-,34.03617,-118.0247,LOS ANGELES,UNINCORPORATED,-118.0247,34.03617
90198102,2016,2016-06-09,9580,2016-05-28,0048,020404,NA,6,3,7,1942,0,1,3,NA,2,170,SR-170 N/B (HOLLYWOOD FWY.),LAUREL CANYON BLVD,500,S,N,A,-,Y,NA,NA,170,NA,NA,NA,NA,NA,N,N,3,0,1,3,A,-,03,22350,NA,F,C,C,A,A,H,-,C,D,0,NA,NA,NA,NA,Y,NA,A,01,0,1,0,0,0,0,0,0,0,-,-,34.18118,-118.39629,LOS ANGELES,LOS ANGELES,-118.39627121,34.18119631
90198109,2016,2016-06-09,9575,2016-06-01,1034,017751,NA,3,1,7,1942,0,1,1,NA,2,052,I-5 S/B (GOLDEN STATE FREEWAY),HOLLYWOOD WAY,525,N,N,A,-,Y,NA,NA,5,NA,NA,NA,NA,NA,S,Y,4,0,1,2,A,-,03,22350,NA,N,C,C,A,A,H,-,A,D,0,NA,NA,NA,NA,Y,NA,A,01,0,0,1,0,0,0,0,0,0,-,-,34.21341,-118.35041,LOS ANGELES,LOS ANGELES,-118.35029629,34.21354673
90198121,2016,2016-06-09,9575,2016-05-30,1000,018450,NA,1,1,6,1953,0,1,3,NA,2,301,SR-2 (ANGELES CREST HIGHWAY),3000' ELEVATION,150,E,N,A,-,Y,NA,NA,NA,NA,NA,NA,NA,NA,NA,Y,2,0,1,1,A,-,03,22350,NA,N,E,I,A,A,H,-,A,D,0,NA,NA,Y,NA,Y,NA,C,02,1,0,0,0,0,0,0,0,1,-,-,34.26091,-118.18816,LOS ANGELES,PASADENA,NA,NA
90198123,2016,2016-06-09,9525,2016-05-24,1104,013274,NA,2,1,6,1975,0,1,1,NA,2,105,I-10 W/B (SAN BERNARDINO FREEWAY),GRAND AVE,1584,E,N,B,-,Y,NA,NA,10,NA,NA,NA,NA,NA,W,Y,4,0,1,3,A,-,03,22350,NA,F,C,C,A,A,H,-,A,D,0,NA,NA,NA,Y,Y,NA,A,01,0,0,1,0,0,0,0,0,0,-,-,34.07182,-117.87143,LOS ANGELES,WEST COVINA,-117.87142968,34.07187948
90198135,2016,2016-06-09,9575,2016-06-01,0325,020526,NA,3,3,9,1900,0,2,4,NA,2,012,FOOTHILL BLVD (2700 BLOCK),SHARON AVE,135,E,N,B,-,N,NA,NA,NA,NA,NA,NA,NA,NA,NA,Y,3,0,1,3,A,-,08,22107,NA,N,B,E,A,A,H,-,C,D,0,NA,NA,NA,NA,Y,NA,A,01,0,1,0,0,0,0,0,0,0,-,-,34.22306,-118.23837,LOS ANGELES,UNINCORPORATED,-118.23836763,34.22318331
90198141,2016,2016-06-09,9580,2016-05-28,1735,020619,NA,6,2,7,1942,0,1,1,NA,2,406,I-405 N/B (SAN DIEGO FWY),ROSCOE BLVD,1000,S,N,A,-,Y,NA,NA,405,NA,NA,NA,NA,NA,N,Y,4,0,1,3,A,-,03,22350,NA,N,C,C,A,A,H,-,A,D,0,NA,NA,NA,NA,Y,NA,A,01,0,0,1,0,0,0,0,0,0,-,-,34.21594,-118.47312,LOS ANGELES,LOS ANGELES,-118.47314145,34.21594021
90198144,2016,2016-06-09,9575,2016-05-09,1615,018450,NA,1,2,6,1925,0,1,1,NA,2,050,I-5 N/B (GOLDEN STATE FREEWAY),WESTERN AVE.,100,N,N,A,-,Y,NA,NA,5,NA,NA,NA,NA,NA,N,N,4,0,1,4,A,-,03,22350,NA,N,C,C,A,A,H,-,A,D,0,NA,NA,NA,NA,Y,NA,A,01,0,0,1,0,0,0,0,0,0,-,-,34.16851,-118.30154,LOS ANGELES,GLENDALE,-118.30160126,34.16842583
90198145,2016,2016-06-09,9525,2016-05-24,1400,012772,NA,2,2,9,1900,0,3,5,NA,2,004,DON JULIAN RD (13800 BLK),3RD AVE,398,E,N,A,-,N,NA,NA,NA,NA,NA,NA,NA,NA,NA,Y,4,0,1,2,A,-,09,21801,A,N,D,C,A,A,H,-,A,D,0,NA,NA,NA,NA,Y,NA,A,01,0,0,1,0,0,0,0,0,0,-,-,34.03808,-117.99363,LOS ANGELES,UNINCORPORATED,-117.99360648,34.03802807
90198149,2016,2016-06-09,9575,2016-05-26,1450,017491,NA,4,2,7,1942,0,1,1,NA,2,060,I-210 E/B (FOOTHILL FREEWAY),ARROYO STREET,500,E,N,A,-,Y,NA,NA,210,NA,NA,NA,NA,NA,E,Y,4,0,1,2,A,-,01,23152,A,F,C,C,A,A,H,-,A,A,0,NA,NA,NA,NA,Y,Y,A,07,0,0,1,0,0,0,0,0,0,-,-,34.2913,-118.4113,LOS ANGELES,LOS ANGELES,-118.4112335,34.29137207
90198164,2016,2016-06-09,9590,2016-04-01,0530,021111,NA,5,3,7,1942,0,1,1,NA,2,065,I-10 W/B (SMF) TO CENTRAL AVENUE,NAOMI AVENUE,100,E,N,A,-,Y,NA,NA,10,NA,NA,NA,R,NA,W,Y,4,0,1,1,A,-,08,22107,NA,N,E,I,A,A,H,-,C,D,0,NA,NA,NA,NA,Y,NA,A,01,0,0,1,0,0,0,0,0,0,-,-,34.0248,-118.2463,LOS ANGELES,LOS ANGELES,-118.2463,34.0248
90198166,2016,2016-06-09,9575,2016-06-01,2200,020918,NA,3,3,6,1925,0,1,3,NA,2,090,SR-2 E/B (GLENDALE FREEWAY),MOUNTAIN ST.,1000,E,N,A,-,Y,NA,NA,NA,NA,NA,NA,NA,NA,NA,Y,4,0,1,2,A,-,03,22350,NA,N,C,C,A,A,H,-,C,D,0,NA,NA,NA,NA,Y,NA,A,01,0,0,1,0,0,0,0,0,0,-,-,34.10281,-118.13347,LOS ANGELES,GLENDALE,-118.22421891,34.1669617
90198195,2016,2016-06-09,9525,2016-05-24,0930,015445,NA,2,1,6,1955,0,1,1,NA,2,109,I-10 W/B (SAN BERNARDINO FREEWAY),WHITE AVE,800,W,N,B,-,Y,NA,NA,10,NA,NA,NA,NA,NA,W,Y,3,0,1,1,A,-,08,22107,NA,N,E,I,A,A,H,-,A,D,0,NA,NA,NA,NA,Y,NA,A,01,0,1,0,0,0,0,0,0,0,-,-,34.07102,-117.76193,LOS ANGELES,POMONA,-117.76192592,34.07093049
90198213,2016,2016-06-09,9575,2016-06-02,0755,020887,NA,4,1,7,1942,0,1,1,NA,2,053,I-5 N/B (GOLDEN STATE FREEWAY),VAN NUYS BOULEVARD,50,N,N,A,-,Y,NA,NA,5,NA,NA,NA,NA,NA,N,Y,4,0,2,2,A,-,03,22350,NA,N,C,C,A,A,H,-,A,D,0,NA,NA,NA,NA,Y,NA,A,07,0,0,2,0,0,0,0,0,0,-,-,34.25692,-118.43508,LOS ANGELES,LOS ANGELES,-118.43512308,34.25687449
90198217,2016,2016-06-09,9565,2016-06-04,2259,021011,NA,6,3,5,1928,0,1,1,NA,2,012,I-105 E/B,PRAIRIE AVE,300,E,N,A,-,Y,NA,NA,NA,NA,NA,NA,NA,NA,NA,Y,4,0,2,2,A,-,03,22350,NA,N,C,C,A,A,H,-,D,D,0,NA,NA,NA,NA,Y,NA,A,01,0,0,2,0,0,0,0,0,0,-,-,33.5539,-118.2025,LOS ANGELES,HAWTHORNE,-118.34313973,33.92926521
90198229,2016,2016-06-09,9525,2016-05-24,1840,018926,NA,2,2,4,1946,0,1,1,NA,2,202,I-210 E/B (FOOTHILL FREEWAY),MYRTLE AVE,528,E,N,B,-,Y,NA,NA,210,NA,NA,NA,NA,NA,E,N,4,0,1,3,A,-,03,22350,NA,N,C,C,A,A,H,-,A,D,0,NA,NA,NA,NA,Y,NA,A,07,0,0,1,0,0,0,0,0,0,-,-,34.1353,-117.99786,LOS ANGELES,MONROVIA,-117.99786041,34.13537049
90198232,2016,2016-06-09,9565,2016-06-06,1830,021011,NA,1,2,5,1928,0,1,1,NA,2,060,I-405 S/B (SAN DIEGO FREEWAY),135TH ST.,300,N,N,A,-,Y,NA,NA,405,NA,NA,NA,NA,NA,S,N,4,0,1,2,A,-,03,22350,NA,N,C,C,A,A,H,-,A,D,0,NA,NA,NA,NA,Y,NA,A,01,0,0,1,0,0,0,0,0,0,-,-,33.898,-118.37,LOS ANGELES,HAWTHORNE,-118.37008167,33.89795401
90198252,2016,2016-06-09,9550,2016-06-06,1830,021033,NA,1,2,9,1900,0,1,3,NA,2,602,STATE ROUTE 60 E/B (POMONA FREEWAY),FAIRWAY DRIVE,1500,W,N,A,-,Y,NA,NA,60,NA,NA,NA,NA,NA,E,N,4,0,1,2,A,-,03,22350,NA,N,C,C,A,A,H,-,A,D,0,NA,NA,NA,NA,Y,NA,A,01,0,0,1,0,0,0,0,0,0,-,-,33.9955,-117.8754,LOS ANGELES,UNINCORPORATED,-117.87538504,33.99540093
90198266,2016,2016-06-09,9590,2016-05-31,1300,015982,NA,2,1,7,1942,0,1,1,NA,2,053,I-110 S/B (HARBOR FREEWAY),OLYMPIC BLVD,300,S,N,A,-,Y,NA,NA,110,NA,NA,NA,NA,NA,S,Y,4,0,2,2,A,-,03,22350,NA,N,C,C,A,A,H,-,A,D,0,NA,NA,NA,NA,Y,NA,A,01,0,0,2,0,0,0,0,0,0,-,-,34.04607,-118.26967,LOS ANGELES,LOS ANGELES,-118.26970828,34.0461312
90198297,2016,2016-06-09,9525,2016-05-25,0705,016677,NA,3,1,4,1946,0,1,1,NA,2,201,I-210 W/B (FOOTHILL FREEWAY),MYRTLE AVE,100,W,N,B,-,Y,NA,NA,NA,NA,NA,NA,NA,NA,NA,N,4,0,1,2,A,-,03,22350,NA,N,C,C,A,A,H,-,A,D,0,NA,NA,NA,Y,Y,NA,F,26,0,0,1,0,0,0,0,0,0,-,-,34.13556,-119.00131,LOS ANGELES,MONROVIA,-118.00111972,34.13558912
90198310,2016,2016-06-09,9580,2016-05-28,1405,021079,NA,6,2,7,1942,0,1,1,NA,2,404,I-405 N/B (SAN DIEGO FWY),MULHOLLAND DR,800,N,N,A,-,Y,NA,NA,405,NA,NA,NA,NA,NA,N,Y,4,0,4,5,A,-,08,22107,NA,N,B,C,A,A,H,-,A,D,0,NA,NA,NA,NA,Y,NA,A,08,0,0,4,0,0,0,0,0,0,-,-,34.12864,-118.47377,LOS ANGELES,LOS ANGELES,-118.47397794,34.12871453
90198318,2016,2016-06-09,9525,2016-05-25,0740,012772,NA,3,1,9,1900,0,3,5,NA,2,004,DON JULIAN RD (13800 BLK),WORKMAN MILL RD.,135,E,N,A,-,N,NA,NA,NA,NA,NA,NA,NA,NA,NA,Y,4,0,2,2,A,-,09,21801,A,N,D,C,A,A,H,-,A,D,0,NA,NA,NA,NA,Y,NA,A,07,0,0,2,0,0,0,0,0,0,-,-,34.04084,-117.99752,LOS ANGELES,UNINCORPORATED,-117.99782635,34.0409165
90198319,2016,2016-06-09,9565,2016-06-07,0940,021171,NA,2,1,9,1900,0,3,5,NA,2,005,PANAY WAY,VIA MARINA,1000,E,N,B,-,N,NA,NA,NA,NA,NA,NA,NA,NA,NA,Y,4,0,2,2,A,-,09,21801,A,N,D,C,A,A,H,-,A,D,0,NA,NA,NA,NA,Y,NA,A,01,0,0,2,0,0,0,0,0,0,-,-,33.97907,-118.45531,LOS ANGELES,UNINCORPORATED,-118.45588788,33.97901001
90198327,2016,2016-06-09,9580,2016-05-28,1720,021079,NA,6,2,7,1942,0,1,2,NA,2,103,US-101 S/B TO VAN NUYS BLVD.,VAN NUYS BLVD,500,N,N,A,-,Y,NA,NA,NA,NA,NA,NA,NA,NA,NA,Y,4,0,3,2,A,-,08,22107,NA,N,B,C,A,A,H,-,A,D,0,NA,NA,NA,NA,Y,NA,A,07,0,0,3,0,0,0,0,0,0,-,-,34.12749,-118.47459,LOS ANGELES,LOS ANGELES,-118.45026075,34.15731558
9019833,2020,2020-09-25,1956,2020-01-12,1542,1323,624,7,5,5,1956,0,0,0,NA,0,002,RT 1,BERYL ST,0,NA,Y,A,-,Y,LA,7,1,-,-,20.231,I,5,N,Y,4,0,1,2,A,-,09,21801,A,N,A,C,A,A,H,-,A,A,0,NA,NA,NA,NA,Y,NA,A,01,0,0,1,0,0,0,0,0,0,-,-,NA,NA,LOS ANGELES,REDONDO BEACH,-118.38852691650392,33.84904098510742
90198340,2016,2016-06-09,9580,2016-05-28,1330,021187,NA,6,1,7,1942,0,1,1,NA,2,404,I-405 N/B (SAN DIEGO FWY),MULHOLLAND DR,3000,N,N,A,-,Y,NA,NA,405,NA,NA,NA,NA,NA,N,Y,4,0,1,2,A,-,03,22350,NA,N,C,C,A,A,H,-,A,D,0,NA,NA,NA,NA,Y,NA,A,01,0,0,1,0,0,0,0,0,0,-,-,34.13555,-118.47168,LOS ANGELES,LOS ANGELES,-118.47182381,34.13559485
90198342,2016,2016-06-09,9550,2016-06-08,1440,020070,NA,3,2,6,1949,0,1,1,NA,2,150,I-105 EASTBOUND TO I-605 NORTHBOUND,IMPERIAL HIGHWAY,1200,N,N,A,-,Y,NA,NA,NA,NA,NA,NA,NA,NA,NA,N,4,0,1,2,A,-,07,21658,A,N,B,C,A,A,H,-,A,D,0,NA,NA,Y,NA,Y,NA,J,48,0,0,1,0,0,0,0,0,1,-,-,33.92039,-118.10433,LOS ANGELES,NORWALK,-118.39288,33.93127
90198367,2016,2016-06-09,9525,2016-05-25,1400,014971,NA,3,2,5,1906,0,1,1,NA,2,103,I-10 W/B (SAN BERNARDINO FREEWAY),BALDWIN PARK BLVD,1056,E,N,A,-,Y,NA,NA,10,NA,NA,NA,NA,NA,W,Y,4,0,1,2,A,-,03,22350,NA,N,C,C,A,A,H,-,A,D,0,NA,NA,NA,NA,Y,NA,A,01,0,0,1,0,0,0,0,0,0,-,-,34.06824,-117.97716,LOS ANGELES,BALDWIN PARK,-117.97715817,34.06822558
90198372,2016,2016-06-09,9575,2016-05-31,1558,017491,NA,2,2,6,1953,0,1,1,NA,2,064,I-210 W/B (FOOTHILL FREEWAY),HILL AVENUE,1000,E,N,A,-,Y,NA,NA,210,NA,NA,NA,NA,NA,W,Y,4,0,1,4,A,-,03,22350,NA,N,C,C,A,A,H,-,A,A,0,NA,NA,NA,Y,Y,NA,F,25,0,0,1,0,0,0,0,0,0,-,-,34.1525,-118.1164,LOS ANGELES,PASADENA,-118.11640002,34.15252978
90198374,2016,2016-06-09,9580,2016-05-29,2035,020400,NA,7,2,9,1900,0,1,3,NA,1,271,SR-27 S/B (TOPANGA CYN. BLVD.),NAVAJO RD,50,N,N,A,-,Y,NA,NA,27,NA,NA,NA,NA,NA,S,Y,4,0,1,2,A,-,09,21804,A,N,D,C,A,A,H,-,C,D,0,NA,NA,NA,NA,Y,NA,-,99,0,0,1,0,0,0,0,0,0,-,-,34.13942,-118.60208,LOS ANGELES,UNINCORPORATED,-118.60207694,34.13942878
90198386,2016,2016-06-09,9580,2016-05-29,1243,019451,NA,7,1,7,1942,0,1,2,NA,2,104,US-101 N/B (VENTURA FREEWAY),CANOGA AVE,500,N,N,A,-,Y,NA,NA,101,NA,NA,NA,NA,NA,N,Y,4,0,1,2,A,-,03,22350,NA,N,C,C,A,A,H,-,A,D,0,NA,NA,NA,NA,Y,NA,A,01,0,0,1,0,0,0,0,0,0,-,-,34.16956,-118.59798,LOS ANGELES,LOS ANGELES,-118.59796893,34.16963192
90198407,2016,2016-06-09,9565,2016-06-08,1400,021303,NA,3,2,5,1965,0,1,1,NA,2,082,I-10 E/B (SANTA MONICA FWY),20TH ST,41,E,N,A,-,Y,NA,NA,10,NA,NA,NA,NA,NA,E,Y,4,0,1,2,A,-,03,22350,NA,N,C,C,A,A,H,-,A,D,0,NA,NA,NA,NA,Y,NA,A,01,0,0,1,0,0,0,0,0,0,-,-,34.02322,-118.47368,LOS ANGELES,SANTA MONICA,-118.47368714,34.02324322