CASE_ID,ACCIDENT_YEAR,PROC_DATE,JURIS,COLLISION_DATE,COLLISION_TIME,OFFICER_ID,REPORTING_DISTRICT,DAY_OF_WEEK,CHP_SHIFT,POPULATION,CNTY_CITY_LOC,SPECIAL_COND,BEAT_TYPE,CHP_BEAT_TYPE,CITY_DIVISION_LAPD,CHP_BEAT_CLASS,BEAT_NUMBER,PRIMARY_RD,SECONDARY_RD,DISTANCE,DIRECTION,INTERSECTION,WEATHER_1,WEATHER_2,STATE_HWY_IND,CALTRANS_COUNTY,CALTRANS_DISTRICT,STATE_ROUTE,ROUTE_SUFFIX,POSTMILE_PREFIX,POSTMILE,LOCATION_TYPE,RAMP_INTERSECTION,SIDE_OF_HWY,TOW_AWAY,COLLISION_SEVERITY,NUMBER_KILLED,NUMBER_INJURED,PARTY_COUNT,PRIMARY_COLL_FACTOR,PCF_CODE_OF_VIOL,PCF_VIOL_CATEGORY,PCF_VIOLATION,PCF_VIOL_SUBSECTION,HIT_AND_RUN,TYPE_OF_COLLISION,MVIW,PED_ACTION,ROAD_SURFACE,ROAD_COND_1,ROAD_COND_2,LIGHTING,CONTROL_DEVICE,CHP_ROAD_TYPE,PEDESTRIAN_ACCIDENT,BICYCLE_ACCIDENT,MOTORCYCLE_ACCIDENT,TRUCK_ACCIDENT,NOT_PRIVATE_PROPERTY,ALCOHOL_INVOLVED,STWD_VEHTYPE_AT_FAULT,CHP_VEHTYPE_AT_FAULT,COUNT_SEVERE_INJ,COUNT_VISIBLE_INJ,COUNT_COMPLAINT_PAIN,COUNT_PED_KILLED,COUNT_PED_INJURED,COUNT_BICYCLIST_KILLED,COUNT_BICYCLIST_INJURED,COUNT_MC_KILLED,COUNT_MC_INJURED,PRIMARY_RAMP,SECONDARY_RAMP,LATITUDE,LONGITUDE,COUNTY,CITY,POINT_X,POINT_Y
90198420,2016,2016-06-09,9525,2016-05-25,2129,020823,NA,3,2,9,1900,0,3,5,NA,2,005,CITRUS AVE (100 N),BASELINE RD.,300,N,N,A,-,N,NA,NA,NA,NA,NA,NA,NA,NA,NA,Y,4,0,1,3,A,-,03,22350,NA,N,C,C,A,A,H,-,E,D,0,NA,NA,NA,NA,Y,NA,A,01,0,0,1,0,0,0,0,0,0,-,-,34.12277,-117.89034,LOS ANGELES,UNINCORPORATED,-117.89016,34.12143
90198446,2016,2016-06-09,9550,2016-06-04,1005,021177,NA,6,1,9,1900,0,2,4,NA,1,012,SLAUSON AVENUE,VICKI DRIVE,0,NA,Y,A,-,N,NA,NA,NA,NA,NA,NA,NA,NA,NA,Y,4,0,2,2,A,-,09,21802,A,N,D,C,A,A,H,-,A,D,0,NA,NA,NA,NA,Y,NA,A,01,0,0,2,0,0,0,0,0,0,-,-,33.96588,-118.0775,LOS ANGELES,UNINCORPORATED,-118.07749012,33.96595002
90198474,2016,2016-06-09,9525,2016-05-26,0740,014971,NA,4,1,6,1975,0,1,1,NA,2,103,I-10 W/B (SAN BERNARDINO FREEWAY),SUNSET AVE,1056,W,N,A,-,Y,NA,NA,10,NA,NA,NA,NA,NA,W,Y,4,0,1,2,A,-,03,22350,NA,N,C,C,A,A,H,-,A,D,0,NA,NA,NA,Y,Y,NA,G,25,0,0,1,0,0,0,0,0,0,-,-,34.07255,-117.93979,LOS ANGELES,WEST COVINA,-117.93978996,34.07254099
90198486,2016,2016-06-09,9535,2016-06-03,0255,019363,NA,5,3,5,1901,0,1,1,NA,2,420,I-10 (SAN BERNARDINO FREEWAY) E/B,FREMONT AVE,850,W,N,B,-,Y,NA,NA,10,NA,NA,NA,NA,NA,E,Y,3,0,1,2,A,-,01,23152,A,N,C,C,A,A,H,-,C,D,0,NA,NA,NA,NA,Y,Y,A,01,0,1,0,0,0,0,0,0,0,-,-,34.06678,-118.15356,LOS ANGELES,ALHAMBRA,-118.15362847,34.06690858
90198492,2016,2016-06-09,9535,2016-06-06,0845,017598,NA,1,1,5,1901,0,1,1,NA,2,421,I-10 (SAN BERNARDINO FREEWAY) W/B,FREMONT AVE,150,E,N,A,-,Y,NA,NA,10,NA,NA,NA,NA,NA,W,Y,4,0,1,2,A,-,08,22107,NA,N,B,C,A,A,H,-,A,D,0,NA,NA,NA,NA,Y,NA,A,01,0,0,1,0,0,0,0,0,0,-,-,34.06984,-118.14879,LOS ANGELES,ALHAMBRA,-118.14879928,34.06985718
90198505,2016,2016-06-09,9565,2016-05-30,1350,021171,NA,1,1,5,1965,0,1,1,NA,2,081,I-10 W/B (SANTA MONICA FREEWAY),CENTINELA ANVE,250,W,N,A,-,Y,NA,NA,10,NA,NA,NA,NA,NA,W,N,4,0,2,2,A,-,03,22350,NA,N,C,C,A,A,H,-,A,D,0,NA,NA,NA,NA,Y,NA,A,08,0,0,2,0,0,0,0,0,0,-,-,34.02731,-118.4586,LOS ANGELES,SANTA MONICA,-118.45859997,34.02730987
90198507,2016,2016-06-09,9525,2016-05-26,1020,015445,NA,4,1,6,1955,0,1,1,NA,2,108,I-10 E/B (SAN BERNARDINO FREEWAY),FAIRPLEX DRIVE,50,E,N,B,-,Y,NA,NA,10,NA,NA,NA,NA,NA,E,Y,4,0,1,2,A,-,03,22350,NA,N,C,C,A,A,H,-,A,D,0,NA,NA,NA,NA,Y,NA,A,01,0,0,1,0,0,0,0,0,0,-,-,34.07273,-117.78715,LOS ANGELES,POMONA,-117.78715181,34.07275528
90198510,2016,2016-06-10,9535,2016-06-05,1125,017148,NA,7,1,5,1901,0,1,1,NA,2,421,I-10 W/B FROM ATLANTIC BLVD. S/B,ATLANTIC BLVD.,250,W,N,A,-,Y,NA,NA,10,NA,NA,NA,R,NA,W,N,4,0,1,2,A,-,03,22350,NA,N,C,C,A,A,H,-,A,D,0,NA,NA,NA,NA,Y,NA,A,01,0,0,1,0,0,0,0,0,0,-,-,34.07164,-118.13593,LOS ANGELES,ALHAMBRA,-118.13593,34.07164
90198512,2016,2016-06-10,9565,2016-05-31,1530,021303,NA,2,2,9,1900,0,3,5,NA,2,005,FIJI WAY,ADMIRALTY WAY,909,W,N,A,-,N,NA,NA,NA,NA,NA,NA,NA,NA,NA,Y,4,0,1,2,A,-,07,21658,A,N,D,C,A,A,H,-,A,A,0,NA,NA,NA,NA,Y,NA,A,01,0,0,1,0,0,0,0,0,0,-,-,33.5834,-118.26273,LOS ANGELES,UNINCORPORATED,-118.44099513,33.97612384
90198563,2016,2016-06-10,9525,2016-05-21,1310,019632,NA,6,1,1,1932,0,1,3,NA,2,602,SR-60 E/B (POMONA FREEWAY),FAIRWAY DR.,400,E,N,A,-,Y,NA,NA,60,NA,NA,NA,NA,NA,E,Y,4,0,1,2,A,-,07,21658,A,N,C,C,A,A,H,-,A,D,0,NA,NA,NA,NA,Y,NA,D,22,0,0,1,0,0,0,0,0,0,-,-,33.99638,-117.86882,LOS ANGELES,INDUSTRY,-117.86882364,33.99640266
90198570,2016,2016-06-10,9545,2016-05-29,2005,018420,NA,7,2,9,1900,0,3,5,NA,2,004,PALMDALE BLVD,70TH ST E,1584,E,N,A,-,N,NA,NA,NA,NA,NA,NA,NA,NA,NA,Y,3,0,1,1,A,-,01,23152,A,N,E,I,A,A,H,-,D,D,0,NA,NA,NA,NA,Y,Y,A,01,0,1,0,0,0,0,0,0,0,-,-,34.57968,-118.00028,LOS ANGELES,UNINCORPORATED,-117.99974099,34.57960758
90198576,2016,2016-06-10,9545,2016-06-03,0115,020960,NA,5,3,9,1900,0,3,5,NA,2,004,90TH STREET EAST,AVENUE R,25,N,N,A,-,N,NA,NA,NA,NA,NA,NA,NA,NA,NA,Y,4,0,2,1,A,-,08,22107,NA,N,E,I,A,A,H,-,C,A,0,NA,NA,NA,NA,Y,NA,A,08,0,0,2,0,0,0,0,0,0,-,-,34.57243,-117.69696,LOS ANGELES,UNINCORPORATED,-117.96979502,34.57239841
90198597,2016,2016-06-10,9550,2016-06-08,0805,014862,NA,3,1,6,1949,0,1,1,NA,2,651,I-605 NORTHBOUND,IMPERIAL HIGHWAY,600,S,N,A,-,Y,NA,NA,605,NA,NA,NA,NA,NA,N,Y,4,0,2,3,A,-,03,22350,NA,N,C,C,A,A,H,-,A,D,0,NA,NA,NA,NA,Y,NA,A,07,0,0,2,0,0,0,0,0,0,-,-,33.91207,-118.10468,LOS ANGELES,NORWALK,-118.1047672,33.91207355
9019860,2019,2019-12-30,1942,2019-10-19,0225,41791,1245,6,5,7,1942,0,0,0,L,0,12A73,FLORENCE AV,DENKER AV,0,NA,Y,A,-,N,NA,NA,NA,NA,NA,NA,NA,NA,NA,Y,4,0,1,2,A,-,03,22350,NA,N,B,C,A,A,H,-,A,D,0,NA,NA,NA,NA,Y,NA,A,01,0,0,1,0,0,0,0,0,0,-,-,NA,NA,LOS ANGELES,LOS ANGELES,-118.30462646484376,33.974571228027344
90198602,2016,2016-06-10,9540,2016-05-31,1335,013877,NA,2,1,9,1900,0,1,1,NA,2,511,I-5 S/B (GOLDEN STATE FWY),VISTA DEL LAGO RD,1584,S,N,A,-,Y,NA,NA,NA,NA,NA,NA,NA,NA,NA,Y,3,0,2,3,A,-,08,22107,NA,N,B,C,A,A,H,-,A,D,0,NA,NA,NA,NA,Y,NA,A,01,0,1,1,0,0,0,0,0,0,-,-,34.64441,-118.75737,LOS ANGELES,UNINCORPORATED,-118.75998269,34.66340881
90198606,2016,2016-06-10,9540,2016-06-02,1850,019853,NA,4,2,6,1985,0,1,3,NA,1,142,SR-14 N/B (ANTELOPE FWY.),SIERRA HWY,150,N,N,A,-,Y,NA,NA,14,NA,NA,NA,NA,NA,N,Y,4,0,1,3,A,-,07,21658,A,N,C,C,A,A,H,-,A,D,0,NA,NA,NA,NA,Y,NA,A,01,0,0,1,0,0,0,0,0,0,-,-,34.34018,-118.50622,LOS ANGELES,SANTA CLARITA,-118.50629037,34.34020763
90198608,2016,2016-06-10,9545,2016-06-05,0915,019006,NA,7,1,9,1900,0,1,3,NA,1,042,SR-138 W/B,223RD ST  E,600,W,N,A,-,Y,NA,NA,138,NA,NA,NA,NA,NA,W,Y,3,0,1,1,A,-,08,22107,NA,N,E,I,A,A,H,-,A,D,0,NA,NA,NA,NA,Y,NA,A,01,0,1,0,0,0,0,0,0,0,-,-,34.49471,-117.73237,LOS ANGELES,UNINCORPORATED,-117.73238367,34.49468691
90198616,2016,2016-06-10,9540,2016-05-30,0230,020409,NA,1,3,7,1942,0,1,1,NA,2,210,I-210 WB (FOOTHILL FWY) TO I-5 NB (GSF),I-210 WB TO I-5 SB OVERCROSSING,110,E,N,A,-,Y,NA,NA,210,NA,NA,NA,R,NA,W,Y,2,0,2,1,A,-,01,23152,A,N,E,I,A,A,H,-,C,D,0,NA,NA,NA,NA,Y,Y,A,01,1,1,0,0,0,0,0,0,0,-,-,34.3177,-118.49068,LOS ANGELES,LOS ANGELES,-118.49068,34.3177
9019864,2019,2019-12-30,1942,2019-10-19,1620,43828,12A53,6,5,7,1942,0,0,0,L,0,1253,78TH ST,HARVARD BL,0,NA,Y,A,-,N,NA,NA,NA,NA,NA,NA,NA,NA,NA,Y,4,0,1,1,A,-,03,22350,NA,N,E,I,A,A,H,-,A,D,0,NA,NA,NA,NA,Y,NA,A,01,0,0,1,0,0,0,0,0,0,-,-,NA,NA,LOS ANGELES,LOS ANGELES,-118.30683135986328,33.969058990478516
90198663,2016,2016-06-10,9535,2016-06-07,1628,019125,NA,2,2,5,1947,0,1,3,NA,2,600,SR-60 (POMONA FREEWAY) E/B,GARFIELD AVE,650,E,N,A,-,Y,NA,NA,60,NA,NA,NA,NA,NA,E,N,4,0,1,2,A,-,07,21658,A,N,B,C,A,A,H,-,A,D,0,NA,NA,NA,NA,Y,NA,A,01,0,0,1,0,0,0,0,0,0,-,-,34.03309,-118.11593,LOS ANGELES,MONTEBELLO,-118.11592981,34.03318302
90198666,2016,2016-06-10,9550,2016-06-03,0205,020948,NA,5,3,3,1964,0,1,1,NA,2,650,I-605 N/B,TELEGRAPH ROAD,2000,S,N,A,-,Y,NA,NA,605,NA,NA,NA,NA,NA,N,Y,3,0,1,2,A,-,01,23152,A,N,B,C,A,A,H,-,C,D,0,NA,NA,NA,Y,Y,Y,A,01,0,1,0,0,0,0,0,0,0,-,-,33.94377,-118.09512,LOS ANGELES,SANTA FE SPRINGS,-118.09514841,33.94378468
90198677,2016,2016-06-10,9550,2016-06-04,2315,020948,NA,6,3,9,1900,0,1,1,NA,2,650,I-605 S/B,WHITTIER BOULEVARD,2200,S,N,A,-,Y,NA,NA,605,NA,NA,NA,NA,NA,S,Y,4,0,3,2,A,-,03,22350,NA,N,C,C,A,A,H,-,C,D,0,NA,NA,NA,NA,Y,NA,A,07,0,0,3,0,0,0,0,0,0,-,-,33.98758,-118.07106,LOS ANGELES,UNINCORPORATED,-118.0710448,33.98757398
90198686,2016,2016-06-10,9535,2016-05-30,1237,021154,NA,1,1,9,1900,0,3,5,NA,2,002,DITMAN AVE. (500 BLOCK),5TH ST,5,S,N,A,-,N,NA,NA,NA,NA,NA,NA,NA,NA,NA,N,3,0,1,2,A,-,09,21804,A,N,H,G,A,A,H,-,A,A,0,NA,Y,NA,NA,Y,NA,L,04,0,1,0,0,0,0,1,0,0,-,-,34.0302,-118.18932,LOS ANGELES,UNINCORPORATED,-118.18932986,34.03024629
90198755,2016,2016-06-10,9525,2016-05-26,1130,015445,NA,4,1,5,1926,0,1,1,NA,2,205,I-210 W/B (FOOTHILL FREEWAY),GRAND AVE,900,E,N,A,-,Y,NA,NA,210,NA,NA,NA,NA,NA,W,Y,4,0,2,2,A,-,03,22350,NA,N,C,C,A,A,H,-,A,D,0,NA,NA,NA,NA,Y,NA,D,22,0,0,2,0,0,0,0,0,0,-,-,34.12029,-117.86879,LOS ANGELES,GLENDORA,-117.86883242,34.12015011
90198758,2016,2016-06-10,9580,2016-05-30,1055,015841,NA,1,1,7,1942,0,1,2,NA,2,104,US 101 N/B (VENTURA FWY),CANOGA AVE,291,N,N,A,-,Y,NA,NA,NA,NA,NA,NA,NA,NA,NA,Y,4,0,3,4,A,-,03,22350,NA,N,C,C,A,A,H,-,A,D,0,NA,NA,NA,NA,Y,NA,A,01,0,0,3,0,0,0,0,0,0,-,-,34.16962,-118.59832,LOS ANGELES,LOS ANGELES,-118.59840432,34.16968561
90198763,2016,2016-06-10,9530,2016-06-09,1650,015615,NA,4,2,7,1941,0,1,1,NA,2,071,I-710 N/B FROM LONG BEACH BLVD.,LONG BEACH BLVD.,500,N,N,A,-,Y,NA,NA,710,NA,NA,NA,R,NA,N,N,4,0,1,2,A,-,03,22350,NA,N,C,C,A,A,H,-,A,A,0,NA,NA,NA,NA,Y,NA,A,01,0,0,1,0,0,0,0,0,0,-,-,33.86275,-118.19821,LOS ANGELES,LONG BEACH,-118.19821,33.86275
90198773,2016,2016-06-10,9550,2016-06-06,2220,021033,NA,1,3,9,1900,0,3,5,NA,2,003,HACIENDA BOULEVARD,THREE PALMS STREET,20,S,N,A,-,N,NA,NA,NA,NA,NA,NA,NA,NA,NA,Y,4,0,2,2,A,-,03,22350,NA,N,C,C,A,A,H,-,C,A,0,NA,NA,NA,NA,Y,NA,A,01,0,0,2,0,0,0,0,0,0,-,-,34.0051,-117.9649,LOS ANGELES,UNINCORPORATED,-117.96499937,34.00523759
90198779,2016,2016-06-10,9525,2016-05-26,1555,019632,NA,4,2,3,1921,0,1,1,NA,2,202,I-210 E/B (FOOTHILL FREEWAY),MOUNTAIN AVE,500,E,N,A,-,Y,NA,NA,210,NA,NA,NA,NA,NA,E,Y,4,0,1,2,A,-,03,22350,NA,N,C,C,A,A,H,-,A,D,0,NA,NA,NA,NA,Y,NA,D,22,0,0,1,0,0,0,0,0,0,-,-,34.13529,-117.98478,LOS ANGELES,DUARTE,-117.98477744,34.13537036
90198785,2016,2016-06-10,9535,2016-06-03,1000,013259,NA,5,1,9,1900,0,1,3,NA,2,600,SR-60 E/B (POMONA FREEWAY),3RD STREET,78,E,N,A,-,Y,NA,NA,60,NA,NA,NA,NA,NA,E,Y,4,0,1,1,C,-,18,NA,NA,N,E,J,A,A,H,-,A,D,0,NA,NA,NA,NA,Y,NA,-,-,0,0,1,0,0,0,0,0,0,-,-,34.03504,-118.17258,LOS ANGELES,UNINCORPORATED,-118.17258724,34.03508393
90198793,2016,2016-06-10,9535,2016-06-03,1720,013989,9535,5,2,9,1900,0,1,3,NA,2,066,SR-164 (ROSEMEAD BLVD.),SR-60 (POMONA FREEWAY) E/B,370,S,N,A,-,Y,NA,NA,164,NA,NA,NA,NA,NA,NA,Y,3,0,1,2,A,-,03,22350,NA,N,C,C,A,A,H,-,A,A,0,NA,NA,NA,NA,Y,NA,A,01,0,1,0,0,0,0,0,0,0,-,-,34.04006,-118.06435,LOS ANGELES,UNINCORPORATED,-118.064365,34.04006009
90198796,2016,2016-06-10,9525,2016-05-26,1745,018926,NA,4,2,9,1900,0,2,4,NA,2,045,VALLEY BLVD. (14000 BLOCK),7TH AVE.,528,E,N,A,-,N,NA,NA,NA,NA,NA,NA,NA,NA,NA,N,4,0,2,2,A,-,03,22350,NA,N,C,C,A,A,H,-,A,D,0,NA,NA,NA,NA,Y,NA,D,22,0,0,2,0,0,0,0,0,0,-,-,34.03316,-117.97264,LOS ANGELES,UNINCORPORATED,-117.97323037,34.03383718
90198803,2016,2016-06-10,9530,2016-06-09,1930,020307,NA,4,2,7,1941,0,1,1,NA,2,420,I-405 S/B (SAN DIEGO FREEWAY),I-710,1000,S,N,A,-,Y,NA,NA,405,NA,NA,NA,NA,NA,S,Y,3,0,1,2,A,-,07,21658,A,N,B,C,A,A,H,-,A,D,0,NA,NA,NA,NA,Y,NA,-,-,0,1,0,0,0,0,0,0,0,-,-,33.8234,-118.19996,LOS ANGELES,LONG BEACH,-118.19983059,33.82366353
90198805,2016,2016-06-10,9550,2016-06-07,1205,019775,NA,2,1,6,1949,0,1,1,NA,2,651,INTERSTATE 605 NORTHBOUND,FIRESTONE BOULEVARD,450,N,N,B,-,Y,NA,NA,NA,NA,NA,NA,NA,NA,NA,N,4,0,1,2,A,-,03,22350,NA,N,C,C,A,A,H,-,A,D,0,NA,NA,NA,NA,Y,NA,A,01,0,0,1,0,0,0,0,0,0,-,-,33.93647,-118.09679,LOS ANGELES,NORWALK,-118.10373937,33.92580257
90198810,2016,2016-06-28,9550,2016-06-07,1755,020954,NA,2,2,6,1920,0,1,1,NA,2,651,INTERSTATE 605 N/B,IMPERIAL HIGHWAY,500,N,N,A,-,Y,NA,NA,NA,NA,NA,NA,NA,NA,NA,Y,4,0,1,2,A,-,03,22350,NA,N,C,C,A,A,H,-,A,D,0,NA,NA,NA,NA,Y,NA,A,01,0,0,1,0,0,0,0,0,0,-,-,33.91874,-118.10452,LOS ANGELES,DOWNEY,-118.10458,33.91717
90198826,2016,2016-06-10,9580,2016-05-30,1400,021187,NA,1,2,7,1942,0,1,2,NA,2,102,US-101 N/B (VENTURA FREEWAY),BALBOA BLVD,1000,S,N,A,-,Y,NA,NA,101,NA,NA,NA,NA,NA,N,Y,3,0,3,3,A,-,03,22350,NA,N,C,C,A,A,H,-,A,D,0,NA,NA,NA,NA,Y,NA,A,01,0,1,2,0,0,0,0,0,0,-,-,34.16918,-118.49889,LOS ANGELES,LOS ANGELES,-118.49881895,34.16928999
90198835,2016,2016-06-10,9550,2016-06-07,1825,020727,NA,2,2,9,1900,0,1,3,NA,2,601,STATE ROUTE 60 W/B (POMONA FREEWAY),HACIENDA BOULEVARD,1350,E,N,A,-,Y,NA,NA,60,NA,NA,NA,NA,NA,W,Y,4,0,2,2,A,-,03,22350,NA,N,C,C,A,A,H,-,A,D,0,NA,NA,NA,NA,Y,NA,A,07,0,0,2,0,0,0,0,0,0,-,-,34.00579,-117.95995,LOS ANGELES,UNINCORPORATED,-117.95999858,34.00563445
90198838,2016,2016-06-10,9580,2016-05-31,0650,016413,NA,2,1,7,1942,0,1,1,NA,2,406,I-405 N/B (SAN DIEGO FWY),SHERMAN WAY,1320,N,N,B,-,Y,NA,NA,405,NA,NA,NA,NA,NA,N,N,4,0,1,2,A,-,07,21658,A,N,B,C,A,A,H,-,A,D,0,NA,NA,NA,NA,Y,NA,A,01,0,0,1,0,0,0,0,0,0,-,-,34.20947,-118.47307,LOS ANGELES,LOS ANGELES,-118.47320485,34.20947132
90198841,2016,2016-06-10,9535,2016-06-03,2310,020816,NA,5,3,9,1900,0,2,4,NA,2,022,OLYMPIC BLVD. (4300 BLOCK),DOWNEY RD,35,E,N,A,-,N,NA,NA,NA,NA,NA,NA,NA,NA,NA,N,4,0,1,2,A,-,03,22350,NA,N,C,C,A,A,H,-,C,D,0,NA,NA,NA,NA,Y,NA,A,01,0,0,1,0,0,0,0,0,0,-,-,34.01883,-118.17986,LOS ANGELES,UNINCORPORATED,-118.17996474,34.01891
9019886,2019,2020-01-22,1925,2019-11-29,1203,23811,269,5,5,6,1925,0,0,0,NA,0,002,CENTRAL AV,LOMITA AV,0,NA,Y,A,-,N,NA,NA,NA,NA,NA,NA,NA,NA,NA,Y,4,0,1,2,A,-,09,21801,A,N,D,C,A,A,H,-,A,A,0,NA,NA,NA,NA,Y,NA,A,01,0,0,1,0,0,0,0,0,0,-,-,NA,NA,LOS ANGELES,GLENDALE,-118.25785064697266,34.14030075073242
90198872,2016,2016-06-10,9535,2016-06-04,1640,020851,NA,6,2,3,1968,0,1,3,NA,2,620,SR-60 (POMONA FREEWAY) E/B,PECK RD,1000,E,N,A,-,Y,NA,NA,NA,NA,NA,NA,NA,NA,NA,N,4,0,2,3,A,-,07,21658,A,M,B,C,A,A,H,-,A,D,0,NA,NA,NA,NA,Y,NA,A,07,0,0,2,0,0,0,0,0,0,-,-,34.03486,-118.02964,LOS ANGELES,SOUTH EL MONTE,-118.03836,34.0373
90198873,2016,2016-06-10,9530,2016-06-04,0510,020923,NA,6,3,9,1900,0,3,5,NA,2,002,REDONDO BEACH BLVD. (400 BLOCK),SAN PEDRO ST.,565,W,N,B,-,N,NA,NA,NA,NA,NA,NA,NA,NA,NA,Y,2,0,1,2,A,-,01,23152,A,N,D,C,A,A,H,-,C,D,0,NA,NA,Y,Y,Y,Y,C,02,1,0,0,0,0,0,0,0,1,-,-,33.89325,-118.26891,LOS ANGELES,UNINCORPORATED,-118.26887689,33.8931245
90198876,2016,2016-06-10,9525,2016-05-27,0045,020042,NA,5,3,6,1975,0,1,1,NA,2,105,I-10 W/B (SAN BERNARDINO FREEWAY),CITRUS AVE,2640,W,N,A,-,Y,NA,NA,NA,NA,NA,NA,NA,NA,NA,Y,4,0,1,2,A,-,07,21658,A,N,B,C,A,A,H,-,C,D,0,NA,NA,NA,NA,Y,NA,A,01,0,0,1,0,0,0,0,0,0,-,-,34.41909,-117.5342,LOS ANGELES,WEST COVINA,-117.89889,34.07217
90198914,2016,2016-06-10,9565,2016-06-03,1750,020495,NA,5,2,7,1942,0,1,1,NA,2,064,I-405 N/B (SAN DIEGO FREEWAY),SKIRBALL CENTER DR,850,S,N,A,-,Y,NA,NA,405,NA,NA,NA,NA,NA,N,Y,3,0,1,2,A,-,03,22350,NA,N,C,C,A,A,H,-,A,D,0,NA,NA,Y,NA,Y,NA,C,02,0,1,0,0,0,0,0,0,1,-,-,34.12261,-118.4784,LOS ANGELES,LOS ANGELES,-118.47841882,34.12262524
90198918,2016,2016-06-10,9540,2016-06-08,1915,018759,NA,3,2,9,1900,0,2,4,NA,1,204,BOUQUET CANYON RD.,TEXAS CANYON RD.,15840,N,N,A,-,Y,NA,NA,NA,NA,NA,NA,NA,NA,NA,Y,4,0,1,1,A,-,03,22350,NA,N,E,J,A,A,G,-,A,D,0,NA,NA,NA,NA,Y,NA,A,01,0,0,1,0,0,0,0,0,0,-,-,34.52716,-118.4429,LOS ANGELES,UNINCORPORATED,-118.44246596,34.52633831
90198920,2016,2016-06-10,9535,2016-05-27,1320,021154,NA,5,1,9,1900,0,2,4,NA,2,024,WHITTIER BLVD,EASTERN AVE,0,NA,Y,A,-,N,NA,NA,NA,NA,NA,NA,NA,NA,NA,Y,4,0,2,2,A,-,09,21801,A,N,A,C,A,A,H,-,A,A,0,NA,NA,NA,NA,Y,NA,A,07,0,0,2,0,0,0,0,0,0,-,-,34.02389,-118.17395,LOS ANGELES,UNINCORPORATED,-118.17396006,34.02392007
9019893,2019,2019-12-31,1938,2019-11-18,1735,712,AREA3,1,5,4,1938,0,0,0,NA,0,003,BONITA AV,I ST,11,W,N,A,-,N,NA,NA,NA,NA,NA,NA,NA,NA,NA,N,4,0,1,2,A,-,03,22350,NA,N,C,C,A,A,H,-,C,D,0,NA,NA,NA,NA,Y,Y,-,NA,0,0,1,0,0,0,0,0,0,-,-,NA,NA,LOS ANGELES,LA VERNE,-117.76073455810548,34.099178314208984
90198951,2016,2016-06-10,9580,2016-05-31,1405,021187,NA,2,2,7,1942,0,1,1,NA,2,404,I-405 N/B (SAN DIEGO FWY),VENTURA BLVD,3000,S,N,A,-,Y,NA,NA,405,NA,NA,NA,NA,NA,N,N,4,0,2,3,A,-,03,22350,NA,N,C,C,A,A,H,-,A,D,0,NA,NA,NA,NA,Y,NA,A,01,0,0,2,0,0,0,0,0,0,-,-,34.14633,-118.47036,LOS ANGELES,LOS ANGELES,-118.47035994,34.14632997
90198961,2016,2016-08-29,9575,2016-05-27,1815,020911,NA,5,2,6,1953,0,1,1,NA,2,065,I-210 E/B (FOOTHILL FREEWAY),MICHILLINDA AVE,1637,E,N,A,-,Y,NA,NA,NA,NA,NA,NA,NA,NA,NA,Y,4,0,1,3,A,-,07,21658,A,M,C,C,A,A,H,-,A,D,0,NA,NA,Y,NA,Y,NA,A,01,0,0,1,0,0,0,0,0,1,-,-,34.14861,-118.06236,LOS ANGELES,PASADENA,-118.06238173,34.14857965
90198975,2016,2016-06-10,9575,2016-05-28,1041,020536,NA,6,1,9,1900,0,1,3,NA,2,300,SR-2 (ANGELES CREST HIGHWAY),ANGELES NAT'L FOREST BOUNDARY,1320,E,N,A,-,Y,NA,NA,2,NA,NA,NA,NA,NA,NA,Y,2,0,1,2,A,-,03,22350,NA,N,B,C,A,A,H,-,A,D,0,NA,NA,Y,NA,Y,NA,C,02,1,0,0,0,0,0,0,0,1,-,-,34.22717,-118.18636,LOS ANGELES,UNINCORPORATED,-118.1863637,34.22719144
90198982,2016,2016-06-10,9575,2016-05-28,2150,020681,NA,6,2,6,1925,0,1,3,NA,2,090,SR-2 W/B TO SR-134 W/B,SINCLAIR AVE.,100,W,N,A,-,Y,NA,NA,NA,NA,NA,NA,NA,NA,NA,Y,4,0,1,2,A,-,03,22350,NA,N,C,C,A,A,H,-,C,D,0,NA,NA,NA,NA,Y,NA,A,01,0,0,1,0,0,0,0,0,0,-,-,34.15057,-118.23343,LOS ANGELES,GLENDALE,NA,NA
90198994,2016,2016-06-10,9580,2016-06-01,1908,018803,NA,3,2,7,1942,0,1,2,NA,2,100,US-101 S/B (VENTURA FREEWAY),WINNETKA AVE,600,S,N,A,-,Y,NA,NA,101,NA,NA,NA,NA,NA,S,N,4,0,1,2,A,-,03,22350,NA,N,C,C,A,A,H,-,A,D,0,NA,NA,NA,NA,Y,NA,A,01,0,0,1,0,0,0,0,0,0,-,-,34.17287,-118.56656,LOS ANGELES,LOS ANGELES,-118.56656749,34.17295659
90199008,2016,2016-06-10,9580,2016-06-01,1720,018322,NA,3,2,7,1942,0,1,3,NA,2,116,SR-118 E/B (RONALD REAGAN FWY.),HASKELL AVE,528,W,N,A,-,Y,NA,NA,118,NA,NA,NA,NA,NA,E,N,4,0,2,2,A,-,03,22350,NA,N,C,C,A,A,H,-,A,D,0,NA,NA,NA,NA,Y,NA,A,01,0,0,2,0,0,0,0,0,0,-,-,34.26584,-118.47625,LOS ANGELES,LOS ANGELES,-118.47624955,34.26590641