CASE_ID,ACCIDENT_YEAR,PROC_DATE,JURIS,COLLISION_DATE,COLLISION_TIME,OFFICER_ID,REPORTING_DISTRICT,DAY_OF_WEEK,CHP_SHIFT,POPULATION,CNTY_CITY_LOC,SPECIAL_COND,BEAT_TYPE,CHP_BEAT_TYPE,CITY_DIVISION_LAPD,CHP_BEAT_CLASS,BEAT_NUMBER,PRIMARY_RD,SECONDARY_RD,DISTANCE,DIRECTION,INTERSECTION,WEATHER_1,WEATHER_2,STATE_HWY_IND,CALTRANS_COUNTY,CALTRANS_DISTRICT,STATE_ROUTE,ROUTE_SUFFIX,POSTMILE_PREFIX,POSTMILE,LOCATION_TYPE,RAMP_INTERSECTION,SIDE_OF_HWY,TOW_AWAY,COLLISION_SEVERITY,NUMBER_KILLED,NUMBER_INJURED,PARTY_COUNT,PRIMARY_COLL_FACTOR,PCF_CODE_OF_VIOL,PCF_VIOL_CATEGORY,PCF_VIOLATION,PCF_VIOL_SUBSECTION,HIT_AND_RUN,TYPE_OF_COLLISION,MVIW,PED_ACTION,ROAD_SURFACE,ROAD_COND_1,ROAD_COND_2,LIGHTING,CONTROL_DEVICE,CHP_ROAD_TYPE,PEDESTRIAN_ACCIDENT,BICYCLE_ACCIDENT,MOTORCYCLE_ACCIDENT,TRUCK_ACCIDENT,NOT_PRIVATE_PROPERTY,ALCOHOL_INVOLVED,STWD_VEHTYPE_AT_FAULT,CHP_VEHTYPE_AT_FAULT,COUNT_SEVERE_INJ,COUNT_VISIBLE_INJ,COUNT_COMPLAINT_PAIN,COUNT_PED_KILLED,COUNT_PED_INJURED,COUNT_BICYCLIST_KILLED,COUNT_BICYCLIST_INJURED,COUNT_MC_KILLED,COUNT_MC_INJURED,PRIMARY_RAMP,SECONDARY_RAMP,LATITUDE,LONGITUDE,COUNTY,CITY,POINT_X,POINT_Y
90199020,2016,2016-06-10,9575,2016-05-28,1830,020995,NA,6,2,6,1912,0,1,1,NA,2,052,I-5 S/B TO VERDUGO AVE. (FRONT ST.),VERDUGO AVE.,500,N,N,A,-,Y,NA,NA,5,NA,NA,NA,R,NA,S,Y,2,0,2,2,A,-,03,22350,NA,N,E,I,A,A,H,-,A,A,0,NA,NA,NA,NA,Y,Y,A,01,1,0,1,0,0,0,0,0,0,-,-,34.17735,-118.30949,LOS ANGELES,BURBANK,-118.30949,34.17735
90199026,2016,2016-06-10,9575,2016-05-31,1630,015044,NA,2,2,6,1953,0,1,1,NA,2,064,I-210 E/B (FOOTHILL FREEWAY),WILSON AVENUE,55,W,N,A,-,Y,NA,NA,210,NA,NA,NA,NA,NA,E,N,4,0,1,2,A,-,07,21658,A,N,B,C,A,A,H,-,A,D,0,NA,NA,NA,NA,Y,NA,A,07,0,0,1,0,0,0,0,0,0,-,-,34.15153,-118.12863,LOS ANGELES,PASADENA,-118.12862961,34.15164977
90199027,2016,2016-06-10,9550,2016-06-08,1840,020861,NA,3,2,5,1919,0,1,3,NA,2,092,STATE ROUTE 91 E/B (ARTESIA FREEWAY),PIONEER BOULEVARD,30,E,N,A,-,Y,NA,NA,91,NA,NA,NA,NA,NA,E,Y,4,0,1,2,A,-,03,22350,NA,N,C,C,A,A,H,-,A,D,0,NA,NA,NA,NA,Y,NA,D,22,0,0,1,0,0,0,0,0,0,-,-,33.8764,-118.08187,LOS ANGELES,CERRITOS,-118.08187022,33.87645936
90199044,2016,2016-06-10,9575,2016-06-01,1555,018450,NA,3,2,9,1900,0,2,4,NA,2,025,LAKE AVE. (2200 BLOCK),MENDOCINO ST.,75,S,N,A,-,N,NA,NA,NA,NA,NA,NA,NA,NA,NA,Y,4,0,1,2,A,-,08,22107,NA,N,B,C,A,A,H,-,A,D,0,NA,NA,NA,NA,Y,NA,A,07,0,0,1,0,0,0,0,0,0,-,-,34.18512,-118.13165,LOS ANGELES,UNINCORPORATED,-118.13151978,34.18563451
90199070,2016,2016-06-10,9550,2016-06-09,1143,014862,NA,4,1,7,1941,0,1,3,NA,2,090,SR-91 EASTBOUND,PARAMOUNT  BLVD.,250,W,N,A,-,Y,NA,NA,NA,NA,NA,NA,NA,NA,NA,Y,4,0,6,4,A,-,03,22350,NA,F,C,C,A,A,H,-,A,D,0,NA,NA,NA,NA,Y,NA,D,22,0,0,6,0,0,0,0,0,0,-,-,33.83798,-118.09798,LOS ANGELES,LONG BEACH,-118.16080739,33.8759598
90199087,2016,2016-06-10,9580,2016-04-24,0100,020451,NA,7,3,7,1942,0,1,3,NA,2,115,SR-118 W/B (RONALD REAGAN FWY.),FOX ST,25,W,N,A,-,Y,NA,NA,118,NA,NA,NA,NA,NA,W,Y,4,0,1,1,A,-,08,22107,NA,N,F,A,A,A,H,-,D,D,0,NA,NA,Y,NA,Y,Y,C,02,0,0,1,0,0,0,0,0,1,-,-,34.26597,-118.45463,LOS ANGELES,LOS ANGELES,-118.45462973,34.26600945
90199095,2016,2016-06-10,9580,2016-06-01,0030,020462,NA,3,3,7,1942,0,1,3,NA,2,118,SR-118 E/B (RONALD REAGAN FWY.),TOPANGA CANYON BLVD,1300,W,N,A,-,Y,NA,NA,118,NA,NA,NA,NA,NA,E,Y,4,0,1,1,C,-,18,NA,NA,N,E,I,A,A,H,-,C,D,0,NA,NA,NA,NA,Y,NA,-,-,0,0,1,0,0,0,0,0,0,-,-,34.2769,-118.61322,LOS ANGELES,LOS ANGELES,-118.61323002,34.27697731
90199116,2016,2017-06-15,9550,2016-06-09,1117,020966,NA,4,1,9,1900,0,3,5,NA,2,003,COLIMA ROAD,AZUSA AVENUE,0,NA,Y,A,-,N,NA,NA,NA,NA,NA,NA,NA,NA,NA,N,4,0,1,2,A,-,05,21650,NA,N,D,G,A,A,H,-,A,A,0,NA,Y,NA,NA,Y,NA,L,04,0,0,1,0,0,0,1,0,0,-,-,33.99084,-117.93197,LOS ANGELES,UNINCORPORATED,-117.93192009,33.99097005
90199117,2016,2016-06-10,9540,2016-06-09,1645,020429,NA,4,2,9,1900,0,1,1,NA,1,503,I-5 S/B (GOLDEN STATE FWY),WELDON CANYON RD,500,N,N,A,-,Y,NA,NA,5,NA,NA,NA,NA,NA,S,N,4,0,1,4,D,-,00,NA,NA,N,C,C,A,A,H,-,A,D,0,NA,NA,NA,NA,Y,NA,-,-,0,0,1,0,0,0,0,0,0,-,-,34.34067,-118.52248,LOS ANGELES,UNINCORPORATED,-118.52245419,34.34085317
90199145,2016,2016-06-10,9530,2016-06-04,1406,021252,NA,6,2,7,1942,0,1,1,NA,2,400,I-405 S/B (SAN DIEGO FREEWAY),I-110,600,N,N,A,-,Y,NA,NA,NA,NA,NA,NA,NA,NA,NA,N,4,0,1,3,A,-,03,22350,NA,N,C,C,A,A,H,-,A,D,0,NA,NA,NA,NA,Y,NA,A,07,0,0,1,0,0,0,0,0,0,-,-,33.51285,-118.17121,LOS ANGELES,LOS ANGELES,NA,NA
90199150,2016,2016-06-10,9580,2016-06-01,1045,021187,NA,3,1,7,1942,0,1,2,NA,2,104,US-101 N/B (VENTURA FREEWAY),CANOGA AVE,500,N,N,A,-,Y,NA,NA,101,NA,NA,NA,NA,NA,N,Y,4,0,2,3,A,-,03,22350,NA,N,C,C,A,A,H,-,A,D,0,NA,NA,NA,NA,Y,NA,A,01,0,0,2,0,0,0,0,0,0,-,-,34.16889,-118.59313,LOS ANGELES,LOS ANGELES,-118.59313051,34.16888668
90199155,2016,2016-06-10,9580,2016-05-06,1632,020791,NA,5,2,7,1942,0,2,4,NA,1,127,MALIBU CANYON RD,PIUMA RD,1000,S,N,B,-,N,NA,NA,NA,NA,NA,NA,NA,NA,NA,N,4,0,1,3,A,-,03,22350,NA,N,C,C,A,A,H,-,A,D,0,NA,NA,NA,NA,Y,NA,A,01,0,0,1,0,0,0,0,0,0,-,-,34.0798,-118.70335,LOS ANGELES,LOS ANGELES,-118.70321808,34.07958167
90199157,2016,2016-06-10,9525,2016-05-22,0125,020843,NA,7,3,5,1926,0,1,1,NA,2,205,I-210 W/B (FOOTHILL FREEWAY),GRAND AVE,1056,E,N,A,-,Y,NA,NA,210,NA,NA,NA,NA,NA,W,Y,3,0,1,2,A,-,01,23152,A,N,B,C,A,A,H,-,C,D,0,NA,NA,NA,NA,Y,Y,D,22,0,1,0,0,0,0,0,0,0,-,-,34.11884,-117.86567,LOS ANGELES,GLENDORA,-117.8657367,34.11872076
90199161,2016,2016-06-10,9565,2016-06-03,0730,020495,NA,5,1,9,1900,0,1,1,NA,2,060,I-405 N/B (SAN DIEGO FREEWAY),CENTURY BOULEVARD,1784,S,N,A,-,Y,NA,NA,405,NA,NA,NA,NA,NA,N,Y,4,0,1,3,A,-,07,21658,A,N,B,C,A,A,H,-,A,D,0,NA,NA,Y,NA,Y,NA,A,01,0,0,1,0,0,0,0,0,1,-,-,33.94537,-118.36828,LOS ANGELES,UNINCORPORATED,-118.36821121,33.94537175
90199162,2016,2016-06-10,9530,2016-06-05,1515,021174,NA,7,2,7,1942,0,1,1,NA,2,110,I-110 S/B (HARBOR FREEWAY),111TH PL.,400,N,N,A,-,Y,NA,NA,NA,NA,NA,NA,NA,NA,NA,Y,4,0,1,3,A,-,03,22350,NA,N,C,C,A,A,H,-,A,D,0,NA,NA,NA,NA,Y,NA,A,07,0,0,1,0,0,0,0,0,0,-,-,33.5559,-118.165,LOS ANGELES,LOS ANGELES,-118.28042482,33.93499107
90199172,2016,2016-06-10,9550,2016-06-09,1815,021054,NA,4,2,7,1941,0,1,3,NA,2,090,STATE ROUTE 91 E/B (ARTESIA FREEWAY),CHERRY AVENUE,600,W,N,A,-,Y,NA,NA,91,NA,NA,NA,NA,NA,E,Y,4,0,1,2,A,-,03,22350,NA,N,C,C,A,A,H,-,A,D,0,NA,NA,NA,NA,Y,NA,A,07,0,0,1,0,0,0,0,0,0,-,-,33.87608,-118.16987,LOS ANGELES,LONG BEACH,-118.16983976,33.87624114
90199177,2016,2016-06-10,9580,2016-05-18,2016,018803,NA,3,2,7,1942,0,1,1,NA,2,406,I-405 N/B TO SR-118,SR-118 E/B (RONALD REAGAN FWY.),300,S,N,A,-,Y,NA,NA,405,NA,NA,NA,R,NA,N,Y,4,0,3,2,A,-,03,22350,NA,N,C,C,A,A,H,-,C,D,0,NA,NA,NA,NA,Y,NA,A,07,0,0,3,0,0,0,0,0,0,-,-,34.26147,-118.4717,LOS ANGELES,LOS ANGELES,-118.4717,34.26147
90199186,2016,2016-06-10,9565,2016-06-08,1505,016945,NA,3,2,7,1942,0,1,1,NA,2,082,I-10 E/B TO I-405 N/B,EXPOSITION BLVD,175,S,N,A,-,Y,NA,NA,10,NA,NA,NA,R,NA,E,Y,4,0,2,3,C,-,18,NA,NA,N,E,I,A,A,H,-,A,D,0,NA,NA,NA,NA,Y,NA,-,-,0,0,2,0,0,0,0,0,0,-,-,34.03322,-118.43584,LOS ANGELES,LOS ANGELES,-118.43584,34.03322
90199211,2016,2016-06-10,9525,2016-04-30,1708,020505,NA,6,2,3,1921,0,1,1,NA,2,201,I-210 W/B (FOOTHILL FREEWAY),MOUNTAIN AVE,300,E,N,B,-,Y,NA,NA,210,NA,NA,NA,NA,NA,W,Y,3,0,5,2,A,-,01,23152,A,N,C,C,A,A,H,-,A,D,0,NA,NA,NA,NA,Y,Y,A,07,0,1,4,0,0,0,0,0,0,-,-,34.13557,-117.98518,LOS ANGELES,DUARTE,-117.98518,34.13556843
9019922,2019,2020-02-04,1942,2019-12-10,0945,43013,1017,2,5,7,1942,0,0,0,J,0,10A17,SHERMAN WAY,CALDUS AV,0,NA,Y,A,-,N,NA,NA,NA,NA,NA,NA,NA,NA,NA,N,4,0,1,2,A,-,08,22107,NA,F,C,C,A,A,H,-,A,A,0,NA,NA,NA,NA,Y,NA,-,99,0,0,1,0,0,0,0,0,0,-,-,NA,NA,LOS ANGELES,LOS ANGELES,-118.515869140625,34.20111846923828
90199220,2016,2016-06-10,9590,2016-06-06,2150,020344,NA,1,2,7,1942,0,1,1,NA,2,083,I-5 S/B (GOLDEN STATE FREEWAY),RIVERSIDE DRIVE.,158,S,N,A,-,Y,NA,NA,5,NA,NA,NA,NA,NA,S,N,4,0,1,2,A,-,03,22350,NA,N,C,C,A,A,H,-,C,D,0,NA,NA,NA,NA,Y,NA,A,01,0,0,1,0,0,0,0,0,0,-,-,34.09203,-118.24081,LOS ANGELES,LOS ANGELES,-118.24071937,34.09211864
90199225,2016,2016-06-10,9590,2016-06-06,1750,020344,NA,1,2,7,1942,0,1,2,NA,2,071,US-101 S/B (SANTA ANA FREEWAY),ALAMEDA ST,200,N,N,A,-,Y,NA,NA,101,NA,NA,NA,NA,NA,S,N,4,0,2,3,A,-,03,22350,NA,N,C,C,A,A,H,-,A,D,0,NA,NA,NA,NA,Y,NA,A,07,0,0,2,0,0,0,0,0,0,-,-,34.05443,-118.2386,LOS ANGELES,LOS ANGELES,-118.23856494,34.05448621
90199226,2016,2016-06-10,9525,2016-05-25,1125,015445,NA,3,1,5,1990,0,1,3,NA,2,602,I-10 E/B (SAN BERNARDINO FREEWAY),GRAND AVE.,1900,W,N,B,-,Y,NA,NA,NA,NA,NA,NA,NA,NA,NA,Y,4,0,1,2,A,-,07,21658,A,N,D,C,A,A,H,-,A,D,0,NA,NA,NA,Y,Y,NA,A,01,0,0,1,0,0,0,0,0,0,-,-,34.006,-117.82756,LOS ANGELES,DIAMOND BAR,-118.26945,34.03591
9019923,2019,2020-02-05,1942,2019-12-04,2015,43951,1999,3,5,7,1942,0,0,0,NA,0,19A93,WOODMAN AV,SATICOY,0,NA,Y,A,-,N,NA,NA,NA,NA,NA,NA,NA,NA,NA,N,4,0,1,2,A,-,03,22350,NA,N,C,C,A,A,H,-,C,A,0,NA,NA,NA,NA,Y,NA,-,NA,0,0,1,0,0,0,0,0,0,-,-,NA,NA,LOS ANGELES,LOS ANGELES,-118.43115997314452,34.2094612121582
90199238,2016,2016-06-10,9525,2016-05-24,1525,019495,NA,2,2,1,1934,0,1,1,NA,2,652,I-605 N/B TO LIVE OAK AVE.,LIVE OAK AVE.,10,N,N,A,-,Y,NA,NA,605,NA,NA,NA,R,NA,N,N,4,0,2,2,A,-,21,22106,NA,N,C,C,A,A,H,-,A,D,0,NA,NA,NA,NA,Y,NA,A,01,0,0,2,0,0,0,0,0,0,-,-,34.109,-117.9801,LOS ANGELES,IRWINDALE,-117.9801,34.109
9019924,2019,2020-02-04,1941,2019-12-10,2112,11349,NA,2,5,7,1941,0,0,0,NA,0,NA,ATLANTIC AV,HARDING ST,21,N,N,A,-,N,NA,NA,NA,NA,NA,NA,NA,NA,NA,Y,4,0,1,1,A,-,08,22107,NA,N,A,I,A,A,H,-,C,D,0,NA,NA,NA,NA,Y,NA,A,NA,0,0,1,0,0,0,0,0,0,-,-,NA,NA,LOS ANGELES,LONG BEACH,-118.1855239868164,33.86733627319336
90199240,2016,2016-06-10,9580,2016-06-02,1145,015348,NA,4,1,9,1900,0,1,3,NA,1,120,SR-1 S/B (PACIFIC COAST HWY.),SR-27(TOPANGA CYN BLVD),1056,S,N,B,-,Y,NA,NA,1,NA,NA,NA,NA,NA,S,Y,4,0,1,2,A,-,03,22350,NA,N,C,C,A,A,H,-,A,D,0,NA,NA,NA,NA,Y,NA,A,07,0,0,1,0,0,0,0,0,0,-,-,34.03993,-118.57623,LOS ANGELES,UNINCORPORATED,-118.57622983,34.03992882
90199242,2016,2016-06-10,9525,2016-05-24,1820,019495,NA,2,2,9,1900,0,3,5,NA,2,003,BREA CANYON RD. (500 BLOCK),SPANISH LN.,118,S,N,A,-,Y,NA,NA,NA,NA,NA,NA,NA,NA,NA,Y,3,0,2,3,A,-,03,22350,NA,N,C,C,A,A,H,-,A,D,0,NA,NA,NA,NA,Y,NA,A,01,0,2,0,0,0,0,0,0,0,-,-,34.0083,-117.8474,LOS ANGELES,UNINCORPORATED,-117.84632178,34.00931573
9019925,2019,2020-02-04,1942,2019-12-06,0850,40289,1258,5,5,7,1942,0,0,0,L,0,12A57,75TH ST WEST,S MAIN ST,0,NA,Y,A,-,N,NA,NA,NA,NA,NA,NA,NA,NA,NA,N,4,0,1,2,A,-,12,21453,A,F,D,C,A,A,H,-,A,D,0,NA,NA,NA,NA,Y,NA,-,99,0,0,1,0,0,0,0,0,0,-,-,NA,NA,LOS ANGELES,LOS ANGELES,-118.27393341064452,33.971778869628906
9019926,2019,2020-02-04,1942,2019-12-10,1740,43692,1525,2,5,7,1942,0,0,0,O,0,9X16,VICTORY BL,CARPENTER AV,10,N,N,A,-,N,NA,NA,NA,NA,NA,NA,NA,NA,NA,N,4,0,1,4,A,-,03,22350,NA,F,C,C,A,A,H,-,C,D,0,NA,NA,NA,NA,Y,NA,-,99,0,0,1,0,0,0,0,0,0,-,-,NA,NA,LOS ANGELES,LOS ANGELES,-118.3910675048828,34.18667984008789
9019927,2019,2020-02-05,1942,2019-12-02,1015,40317,1904,1,5,7,1942,0,0,0,NA,0,19A75,OLIVE VIEW DR,KENNEDY RD,0,NA,Y,A,-,N,NA,NA,NA,NA,NA,NA,NA,NA,NA,N,3,0,1,2,A,-,09,21802,A,N,D,C,A,A,H,-,A,D,0,NA,NA,NA,NA,Y,NA,-,NA,0,1,0,0,0,0,0,0,0,-,-,NA,NA,LOS ANGELES,LOS ANGELES,-118.44701385498048,34.3243293762207
9019929,2019,2020-02-14,1942,2019-12-06,0950,41747,1231,5,5,7,1942,0,0,0,L,0,12A31,VERDUN AV,W SLAUSON AV,0,NA,Y,B,-,N,NA,NA,NA,NA,NA,NA,NA,NA,NA,N,4,0,1,2,A,-,09,21802,A,N,D,C,A,A,H,-,A,A,0,NA,NA,NA,NA,Y,NA,-,-,0,0,1,0,0,0,0,0,0,-,-,NA,NA,LOS ANGELES,LOS ANGELES,-118.34613800048828,33.988929748535156
9019930,2019,2020-02-04,1942,2019-12-04,2050,42344,1505,3,5,7,1942,0,0,0,O,0,15A3,TROOST AV,SHERMAN WY,135,N,N,A,-,N,NA,NA,NA,NA,NA,NA,NA,NA,NA,N,4,0,1,2,A,-,03,22350,NA,F,G,B,E,A,H,-,C,D,0,Y,NA,NA,NA,Y,Y,-,99,0,0,1,0,1,0,0,0,0,-,-,NA,NA,LOS ANGELES,LOS ANGELES,-118.38663482666016,34.201560974121094
9019931,2019,2020-02-05,1942,2019-12-06,1000,27792,2144,5,5,7,1942,0,0,0,NA,0,21A73,FALLBROOK AV,OXNARD ST,0,NA,Y,B,-,N,NA,NA,NA,NA,NA,NA,NA,NA,NA,Y,4,0,2,3,A,-,09,21801,A,N,D,C,A,A,H,-,A,A,0,NA,NA,NA,NA,Y,NA,A,01,0,0,2,0,0,0,0,0,0,-,-,NA,NA,LOS ANGELES,LOS ANGELES,-118.62335205078124,34.1792106628418
90199316,2016,2016-06-13,9565,2016-06-09,1635,021163,NA,4,2,9,1900,0,1,1,NA,2,012,I-105 E/B (CENTURY FREEWAY),VERMONT AVE.,50,W,N,A,-,Y,NA,NA,NA,NA,NA,NA,NA,NA,NA,N,4,0,1,2,A,-,07,21658,A,N,B,C,A,A,H,-,A,D,0,NA,NA,NA,NA,Y,NA,A,01,0,0,1,0,0,0,0,0,0,-,-,33.55426,-118.17333000000001,LOS ANGELES,UNINCORPORATED,-118.29208451,33.92849
9019932,2019,2020-02-04,1941,2019-12-09,0843,11347,NA,1,5,7,1941,0,0,0,NA,0,NA,CHESTNUT AV,4TH ST,0,NA,Y,E,-,N,NA,NA,NA,NA,NA,NA,NA,NA,NA,Y,4,0,3,2,A,-,09,21801,A,N,A,C,A,A,H,-,A,A,0,NA,NA,NA,NA,Y,NA,A,NA,0,0,3,0,0,0,0,0,0,-,-,NA,NA,LOS ANGELES,LONG BEACH,-118.19632720947266,33.771728515625
9019933,2019,2020-02-04,1942,2019-12-06,0600,42282,1208,5,5,7,1942,0,0,0,L,0,12A15,W 51ST ST,S FIGUEROA ST,0,NA,Y,A,-,N,NA,NA,NA,NA,NA,NA,NA,NA,NA,N,4,0,1,2,A,-,10,21950,A,N,G,B,B,A,H,-,A,A,0,Y,NA,NA,NA,Y,NA,A,01,0,0,1,0,1,0,0,0,0,-,-,NA,NA,LOS ANGELES,LOS ANGELES,-118.28270721435548,33.99647903442383
90199330,2016,2016-06-13,9535,2016-06-01,2200,020816,NA,3,3,9,1900,0,1,3,NA,2,066,SR-164 (ROSEMEAD BLVD.) S/B,SR-60,370,S,N,A,-,N,NA,NA,164,NA,NA,NA,NA,NA,S,Y,3,0,3,3,A,-,01,23152,A,N,C,C,A,A,H,-,C,A,0,NA,NA,NA,NA,Y,Y,A,01,0,1,2,0,0,0,0,0,0,-,-,34.04115,-118.06438,LOS ANGELES,UNINCORPORATED,-118.06436448,34.0411503
90199339,2016,2016-06-13,9535,2016-06-04,1055,021052,NA,6,1,3,1914,0,1,1,NA,2,500,I-5 N/B (SANTA ANA FREEWAY),WASHINGTON BLVD.,1000,S,N,A,-,Y,NA,NA,5,NA,NA,NA,NA,NA,N,Y,4,0,2,6,A,-,03,22350,NA,N,C,C,A,A,H,-,A,D,0,NA,NA,NA,NA,Y,NA,D,22,0,0,2,0,0,0,0,0,0,-,-,33.9961,-118.1451,LOS ANGELES,COMMERCE,-118.14538587,33.99585051
9019934,2019,2020-02-04,1942,2019-12-02,2250,38613,1531,1,5,7,1942,0,0,0,O,0,15A43,BURBANK BL,BELLAIRE AV,0,NA,Y,A,-,N,NA,NA,NA,NA,NA,NA,NA,NA,NA,N,4,0,3,2,A,-,03,22350,NA,F,C,C,A,A,H,-,C,A,0,NA,NA,NA,NA,Y,NA,-,99,0,0,3,0,0,0,0,0,0,-,-,NA,NA,LOS ANGELES,LOS ANGELES,-118.4094467163086,34.1721305847168
9019935,2019,2020-02-05,1942,2019-12-06,0700,27792,2183,5,5,7,1942,0,0,0,NA,0,21A73,FALLBROOK AV,AVE SAN LUIS,0,NA,Y,B,-,N,NA,NA,NA,NA,NA,NA,NA,NA,NA,Y,4,0,2,2,A,-,09,21800,C,N,D,C,A,A,H,-,A,A,0,NA,NA,NA,NA,Y,NA,A,01,0,0,2,0,0,0,0,0,0,-,-,NA,NA,LOS ANGELES,LOS ANGELES,-118.62328338623048,34.16410827636719
90199352,2016,2016-06-13,9565,2016-06-10,1643,020442,NA,5,2,9,1900,0,1,1,NA,2,063,I-405 S/B (SAN DIEGO FWY.),CONSTITUTION AVE,150,N,N,A,-,Y,NA,NA,405,NA,NA,NA,NA,NA,S,Y,4,0,1,4,A,-,03,22350,NA,N,C,C,A,A,H,-,A,D,0,NA,NA,NA,NA,Y,NA,A,01,0,0,1,0,0,0,0,0,0,-,-,34.0603,-118.4559,LOS ANGELES,UNINCORPORATED,-118.45591761,34.06028597
9019936,2019,2020-02-04,1941,2019-12-09,0922,11394,NA,1,5,7,1941,0,0,0,NA,0,NA,ANAHEIM ST,LIME AV,0,NA,Y,A,-,N,NA,NA,NA,NA,NA,NA,NA,NA,NA,N,4,0,1,2,A,-,11,21954,A,N,A,B,C,A,H,-,-,-,0,Y,NA,NA,NA,Y,NA,N,NA,0,0,1,0,1,0,0,0,0,-,-,NA,NA,LOS ANGELES,LONG BEACH,-118.18395233154295,33.78261184692383
90199362,2016,2016-06-13,9565,2016-06-10,1250,021267,NA,5,1,7,1942,0,1,1,NA,2,064,I-405 S/B (SAN DIEGO FREEWAY),GETTY CENTER DR,1100,S,N,A,-,Y,NA,NA,NA,NA,NA,NA,NA,NA,NA,Y,4,0,1,2,A,-,03,22350,NA,N,C,C,A,A,H,-,A,D,0,NA,NA,NA,NA,Y,NA,A,01,0,0,1,0,0,0,0,0,0,-,-,34.51403,-118.28203,LOS ANGELES,LOS ANGELES,-118.47503024,34.08561295
9019937,2019,2020-02-04,1942,2019-12-01,1600,42951,1235,7,5,7,1942,0,0,0,L,0,12X58,SLAUSON AV,BUDLONG ST,0,NA,Y,A,-,N,NA,NA,NA,NA,NA,NA,NA,NA,NA,Y,2,0,4,2,A,-,12,21453,A,N,D,C,A,A,H,-,A,A,0,NA,NA,NA,NA,Y,NA,A,01,1,1,2,0,0,0,0,0,0,-,-,NA,NA,LOS ANGELES,LOS ANGELES,-118.2958526611328,33.989131927490234
90199372,2016,2016-06-13,9565,2016-06-09,2251,020653,NA,4,3,9,1900,0,3,5,NA,2,002,108TH STREET,DENKER AVE,42,W,N,A,-,N,NA,NA,NA,NA,NA,NA,NA,NA,NA,Y,4,0,1,5,A,-,08,22107,NA,N,B,E,A,A,H,-,C,D,0,NA,NA,NA,NA,Y,Y,A,07,0,0,1,0,0,0,0,0,0,-,-,33.938,-118.30481,LOS ANGELES,UNINCORPORATED,-118.3048282,33.93820958
9019938,2019,2020-02-04,1942,2019-12-05,0710,30107,1581,4,5,7,1942,0,0,0,O,0,15A85,COLDWATER CANYON AV,VALLEYHEART DR,0,NA,Y,A,-,N,NA,NA,NA,NA,NA,NA,NA,NA,NA,Y,4,0,2,2,A,-,08,21460,5,F,D,C,A,A,H,-,A,D,0,NA,NA,NA,NA,Y,NA,-,99,0,0,2,0,0,0,0,0,0,-,-,NA,NA,LOS ANGELES,LOS ANGELES,-118.41378784179688,34.147071838378906
9019939,2019,2020-02-05,1942,2019-12-06,1400,36678,2102,5,5,7,1942,0,0,0,NA,0,21A1,ROSCOE BL,FALLBROOK AV,0,NA,Y,B,C,N,NA,NA,NA,NA,NA,NA,NA,NA,NA,Y,4,0,1,2,A,-,09,21801,A,N,D,C,A,B,H,-,A,A,0,NA,NA,NA,NA,Y,NA,A,01,0,0,1,0,0,0,0,0,0,-,-,NA,NA,LOS ANGELES,LOS ANGELES,-118.62349700927734,34.219390869140625
9019940,2019,2020-02-14,1941,2019-12-07,0055,11365,NA,6,5,7,1941,0,0,0,NA,0,NA,W WILLOW ST,MAGNOLIA AV,264,W,N,C,-,N,NA,NA,NA,NA,NA,NA,NA,NA,NA,Y,4,0,1,4,A,-,01,23152,B,N,C,E,A,B,H,-,C,D,0,NA,NA,NA,NA,Y,Y,A,NA,0,0,1,0,0,0,0,0,0,-,-,NA,NA,LOS ANGELES,LONG BEACH,-118.198974609375,33.80445098876953
9019941,2019,2020-02-04,1942,2019-12-03,1755,40440,1249,2,5,7,1942,0,0,0,L,0,12A49,S FIGUEROA ST,W 69TH ST,0,NA,Y,A,-,N,NA,NA,NA,NA,NA,NA,NA,NA,NA,N,4,0,1,2,A,-,10,21950,A,N,G,B,B,A,H,-,C,A,0,Y,NA,NA,NA,Y,NA,A,01,0,0,1,0,1,0,0,0,0,-,-,NA,NA,LOS ANGELES,LOS ANGELES,-118.28269958496094,33.97734832763672
9019942,2019,2020-02-12,1942,2019-12-05,1530,36332,1952,4,5,7,1942,0,0,0,NA,0,19X6,LASSEN,SEPULVEDA,110,W,N,-,-,N,NA,NA,NA,NA,NA,NA,NA,NA,NA,Y,4,0,1,2,A,-,09,21804,A,N,D,C,A,-,-,-,-,D,0,NA,NA,NA,NA,Y,NA,A,01,0,0,1,0,0,0,0,0,0,-,-,NA,NA,LOS ANGELES,LOS ANGELES,-118.4678955078125,34.25004577636719
9019943,2019,2020-02-05,1942,2019-12-10,2055,31652,2147,2,5,7,1942,0,0,0,NA,0,21A57,DE SOTO AV,SHERMAN WY,280,S,N,A,-,N,NA,NA,NA,NA,NA,NA,NA,NA,NA,Y,4,0,1,2,A,-,09,21804,A,N,D,C,A,A,H,-,C,D,0,NA,NA,NA,NA,Y,NA,A,07,0,0,1,0,0,0,0,0,0,-,-,NA,NA,LOS ANGELES,LOS ANGELES,-118.58844757080078,34.20035171508789