CASE_ID,ACCIDENT_YEAR,PROC_DATE,JURIS,COLLISION_DATE,COLLISION_TIME,OFFICER_ID,REPORTING_DISTRICT,DAY_OF_WEEK,CHP_SHIFT,POPULATION,CNTY_CITY_LOC,SPECIAL_COND,BEAT_TYPE,CHP_BEAT_TYPE,CITY_DIVISION_LAPD,CHP_BEAT_CLASS,BEAT_NUMBER,PRIMARY_RD,SECONDARY_RD,DISTANCE,DIRECTION,INTERSECTION,WEATHER_1,WEATHER_2,STATE_HWY_IND,CALTRANS_COUNTY,CALTRANS_DISTRICT,STATE_ROUTE,ROUTE_SUFFIX,POSTMILE_PREFIX,POSTMILE,LOCATION_TYPE,RAMP_INTERSECTION,SIDE_OF_HWY,TOW_AWAY,COLLISION_SEVERITY,NUMBER_KILLED,NUMBER_INJURED,PARTY_COUNT,PRIMARY_COLL_FACTOR,PCF_CODE_OF_VIOL,PCF_VIOL_CATEGORY,PCF_VIOLATION,PCF_VIOL_SUBSECTION,HIT_AND_RUN,TYPE_OF_COLLISION,MVIW,PED_ACTION,ROAD_SURFACE,ROAD_COND_1,ROAD_COND_2,LIGHTING,CONTROL_DEVICE,CHP_ROAD_TYPE,PEDESTRIAN_ACCIDENT,BICYCLE_ACCIDENT,MOTORCYCLE_ACCIDENT,TRUCK_ACCIDENT,NOT_PRIVATE_PROPERTY,ALCOHOL_INVOLVED,STWD_VEHTYPE_AT_FAULT,CHP_VEHTYPE_AT_FAULT,COUNT_SEVERE_INJ,COUNT_VISIBLE_INJ,COUNT_COMPLAINT_PAIN,COUNT_PED_KILLED,COUNT_PED_INJURED,COUNT_BICYCLIST_KILLED,COUNT_BICYCLIST_INJURED,COUNT_MC_KILLED,COUNT_MC_INJURED,PRIMARY_RAMP,SECONDARY_RAMP,LATITUDE,LONGITUDE,COUNTY,CITY,POINT_X,POINT_Y
9019972,2019,2020-02-04,1942,2019-12-10,1255,40119,1063,2,5,7,1942,0,0,0,J,0,10A83,VENTURA BL,YOLANDA AV,53,W,N,A,-,N,NA,NA,NA,NA,NA,NA,NA,NA,NA,Y,4,0,1,3,A,-,08,22107,NA,F,B,C,A,A,H,-,A,D,0,NA,NA,NA,NA,Y,NA,-,99,0,0,1,0,0,0,0,0,0,-,-,NA,NA,LOS ANGELES,LOS ANGELES,-118.54088592529295,34.17074203491211
90199728,2016,2016-06-13,9525,2016-05-14,1705,020346,NA,6,2,5,1990,0,1,3,NA,2,604,SR-60 E/B (POMONA FREEWAY),GRAND AVE,1000,E,N,A,-,Y,NA,NA,60,NA,NA,NA,NA,NA,E,N,4,0,1,2,A,-,03,22350,NA,N,C,C,A,A,H,-,A,D,0,NA,NA,NA,NA,Y,NA,D,22,0,0,1,0,0,0,0,0,0,-,-,34.01641,-117.81755,LOS ANGELES,DIAMOND BAR,-117.81757838,34.01643013
90199729,2016,2016-06-13,9525,2016-05-22,1627,020058,NA,7,2,9,1900,0,3,5,NA,2,005,MOUNT BALDY RD.,MOUNTAIN AVE,400,S,N,A,-,N,NA,NA,NA,NA,NA,NA,NA,NA,NA,Y,3,0,2,2,A,-,05,21460,A,N,A,C,A,A,H,-,A,D,0,NA,NA,Y,NA,Y,NA,C,02,0,2,0,0,0,0,0,0,1,-,-,34.22124,-117.66835,LOS ANGELES,UNINCORPORATED,-117.66787419,34.22198151
90199731,2016,2016-06-13,9590,2016-03-04,2155,021086,NA,5,2,7,1942,0,1,1,NA,2,053,I-110 S/B (HAF) TO I-10 (SMF),VENICE BOULEVARD,440,N,N,A,-,Y,NA,NA,110,NA,NA,NA,R,NA,S,Y,4,0,1,2,A,-,08,22107,NA,N,E,I,A,A,H,-,D,D,0,NA,NA,NA,NA,Y,NA,A,07,0,0,1,0,0,0,0,0,0,-,-,34.04064,-118.27402,LOS ANGELES,LOS ANGELES,-118.27402,34.04064
90199735,2016,2016-06-13,9525,2016-05-20,1425,020552,NA,5,2,5,1906,0,1,1,NA,2,104,I-10 E/B (SAN BERNARDINO FREEWAY),FRANCISQUITO AVE,1320,E,N,B,-,Y,NA,NA,10,NA,NA,NA,NA,NA,E,N,4,0,1,2,A,-,03,22350,NA,N,C,C,A,A,H,-,A,D,0,NA,NA,NA,Y,Y,NA,F,25,0,0,1,0,0,0,0,0,0,-,-,34.06894,-117.96975,LOS ANGELES,BALDWIN PARK,-117.96976487,34.06904796
90199736,2016,2016-06-13,9590,2016-03-19,1450,020378,NA,6,2,7,1942,0,1,3,NA,2,095,SR-2 W/B (GLF) TO I-5 S/B (GSF),ALESSANDRO ST. PROLONGATION,200,E,N,A,-,Y,NA,NA,2,NA,NA,NA,R,NA,W,Y,3,0,1,3,A,-,03,22350,NA,N,C,C,A,A,H,-,A,D,0,NA,NA,NA,NA,Y,NA,A,01,0,1,0,0,0,0,0,0,0,-,-,34.10177,-118.24948,LOS ANGELES,LOS ANGELES,-118.24948,34.10177
90199737,2016,2016-06-13,9590,2016-04-01,1625,020378,NA,5,2,7,1942,0,1,2,NA,2,070,US-101 N/B (HOLLYWOOD FWY.),VIRGIL AVE. U/C,50,N,N,A,-,Y,NA,NA,101,NA,NA,NA,NA,NA,N,N,3,0,1,3,A,-,03,22350,NA,N,B,C,A,A,H,-,A,D,0,NA,NA,Y,NA,Y,NA,C,02,0,1,0,0,0,0,0,0,1,-,-,34.07835,-118.28724,LOS ANGELES,LOS ANGELES,-118.28721524,34.07845879
9019974,2019,2020-02-04,1942,2019-12-07,1520,44053,1981,6,5,7,1942,0,0,0,NA,0,19A61,ROSCOE,SEPULVEDA,0,W,N,B,-,N,NA,NA,NA,NA,NA,NA,NA,NA,NA,N,4,0,2,3,A,-,03,22350,NA,N,C,C,A,B,H,-,B,A,0,NA,NA,NA,NA,Y,NA,A,01,0,0,2,0,0,0,0,0,0,-,-,NA,NA,LOS ANGELES,LOS ANGELES,-118.46774291992188,34.22138977050781
90199749,2016,2016-06-13,9575,2016-05-30,1045,017852,NA,1,1,7,1942,0,1,3,NA,2,043,SR-134 W/B (VENTURA FREEWAY),RIVERSIDE DR,1190,E,N,A,-,Y,NA,NA,NA,NA,NA,NA,NA,NA,NA,Y,4,0,1,1,A,-,08,22107,NA,N,E,J,A,A,H,-,A,D,0,NA,NA,NA,NA,Y,NA,A,01,0,0,1,0,0,0,0,0,0,-,-,34.15446,-118.27902,LOS ANGELES,LOS ANGELES,-118.29000607,34.15542659
9019975,2019,2020-02-14,1942,2019-12-10,0750,39048,2187,2,5,7,1942,0,0,0,NA,0,21A97,TOPANGA CANYON BL,CLARENDON ST,0,NA,Y,A,-,N,NA,NA,NA,NA,NA,NA,NA,NA,NA,Y,4,0,1,2,A,-,12,21453,A,N,D,C,A,A,H,-,A,A,0,NA,NA,NA,NA,Y,NA,-,-,0,0,1,0,0,0,0,0,0,-,-,NA,NA,LOS ANGELES,LOS ANGELES,-118.60591888427734,34.169620513916016
90199754,2016,2016-06-13,9575,2016-05-31,1415,021254,NA,2,2,7,1942,0,1,1,NA,2,053,I-5 N/B TO SR-118 W/B,PAXTON ST.,600,N,N,A,-,Y,NA,NA,5,NA,NA,NA,R,NA,N,Y,3,0,2,2,A,-,07,21658,A,N,B,C,A,A,H,-,A,D,0,NA,NA,NA,Y,Y,NA,G,25,0,1,1,0,0,0,0,0,0,-,-,34.26653,-118.4449,LOS ANGELES,LOS ANGELES,-118.4449,34.26653
9019976,2019,2020-02-04,1942,2019-12-01,1845,42821,NA,7,5,7,1942,0,0,0,NA,0,10X18,SHERMAN WY,CALVIN AV,20,E,N,A,-,N,NA,NA,NA,NA,NA,NA,NA,NA,NA,N,3,0,1,2,A,-,09,21802,A,M,-,A,A,A,-,-,C,D,0,NA,NA,Y,NA,Y,NA,-,99,0,1,0,0,0,0,0,0,1,-,-,NA,NA,LOS ANGELES,LOS ANGELES,-118.55561065673828,34.2011604309082
90199775,2016,2016-06-13,9525,2016-05-17,1215,012772,NA,2,1,9,1900,0,2,4,NA,2,032,VALLEY BLVD,PIERRE RD,0,NA,Y,A,-,N,NA,NA,NA,NA,NA,NA,NA,NA,NA,Y,4,0,4,2,A,-,12,21453,A,N,D,C,A,A,H,-,A,A,0,NA,NA,NA,NA,Y,NA,A,08,0,0,4,0,0,0,0,0,0,-,-,34.01578,-117.85005,LOS ANGELES,UNINCORPORATED,-117.84978003,34.01581007
90199778,2016,2016-06-13,9525,2016-05-21,1012,021280,NA,6,1,6,1975,0,1,1,NA,2,104,I-10 E/B (SAN BERNARDINO FREEWAY),SUNSET AVE,120,W,N,A,-,Y,NA,NA,10,NA,NA,NA,NA,NA,E,N,3,0,1,1,C,-,18,NA,NA,N,E,I,A,A,D,-,A,D,0,NA,NA,NA,NA,Y,NA,-,-,0,1,0,0,0,0,0,0,0,-,-,34.07238,-117.93643,LOS ANGELES,WEST COVINA,-117.93643052,34.07232551
9019978,2019,2020-02-04,1942,2019-12-09,2030,43692,1998,1,5,7,1942,0,0,0,NA,0,9X16,VAN NUYS BL,ARMINTA ST,300,S,N,A,-,N,NA,NA,NA,NA,NA,NA,NA,NA,NA,Y,4,0,1,3,A,-,03,22350,NA,N,C,C,A,A,H,-,C,A,0,NA,NA,NA,NA,Y,NA,A,01,0,0,1,0,0,0,0,0,0,-,-,NA,NA,LOS ANGELES,LOS ANGELES,-118.44910430908205,34.21261215209961
9019979,2019,2020-02-05,1942,2019-12-11,1400,36733,2111,3,5,7,1942,0,0,0,NA,0,21A1,JONATHAN ST,BOBBYBOYAR AV,50,W,N,A,-,N,NA,NA,NA,NA,NA,NA,NA,NA,NA,Y,3,0,2,2,A,-,05,21650,A,N,A,C,A,A,H,-,A,D,0,NA,NA,NA,NA,Y,NA,A,07,0,1,1,0,0,0,0,0,0,-,-,NA,NA,LOS ANGELES,LOS ANGELES,-118.63348388671876,34.21717834472656
9019980,2019,2020-02-04,1942,2019-12-05,1720,38947,1043,4,5,7,1942,0,0,0,J,0,10A83,OXNARD ST,YOLANDA AV,10,W,N,A,-,N,NA,NA,NA,NA,NA,NA,NA,NA,NA,N,4,0,1,2,A,-,04,21703,NA,F,C,C,A,A,H,-,C,A,0,NA,NA,NA,NA,Y,NA,-,99,0,0,1,0,0,0,0,0,0,-,-,NA,NA,LOS ANGELES,LOS ANGELES,-118.5407943725586,34.18015670776367
90199800,2016,2016-06-13,9575,2016-05-28,1705,021283,NA,6,2,6,1925,0,1,3,NA,2,042,SR-134 E/B TO SR-2 W/B,SR-2 W/B,900,W,N,A,-,Y,NA,NA,134,NA,NA,NA,R,NA,E,Y,3,0,3,2,A,-,03,22350,NA,N,C,C,A,A,H,-,A,D,0,NA,NA,NA,NA,Y,NA,A,01,0,1,2,0,0,0,0,0,0,-,-,34.14665,-118.22566,LOS ANGELES,GLENDALE,-118.22566,34.14665
90199809,2016,2016-06-13,9525,2016-05-27,1640,017408,NA,5,2,5,1926,0,1,1,NA,2,205,I-210 W/B (FOOTHILL FREEWAY),LONE HILL AVE,1600,W,N,A,-,Y,NA,NA,210,NA,NA,NA,NA,NA,W,Y,4,0,1,2,A,-,07,21658,A,N,B,C,A,A,H,-,A,D,0,NA,NA,NA,NA,Y,NA,A,07,0,0,1,0,0,0,0,0,0,-,-,34.12004,-117.83816,LOS ANGELES,GLENDORA,-117.83815932,34.12003827
90199810,2016,2016-06-13,9565,2016-06-11,1025,021267,NA,6,1,9,1900,0,3,5,NA,2,003,LA CIENEGA BLVD S/B TO SLAUSON AVE,SLAUSON AVE,15,N,N,B,-,N,NA,NA,NA,NA,NA,NA,NA,NA,NA,N,4,0,1,2,A,-,03,22350,NA,N,C,C,A,A,H,-,A,A,0,NA,NA,NA,NA,Y,NA,D,22,0,0,1,0,0,0,0,0,0,-,-,33.59166,-118.22145,LOS ANGELES,UNINCORPORATED,-118.37116061,33.98803
90199816,2016,2016-06-13,9525,2016-05-24,0715,021250,NA,2,1,5,1990,0,1,3,NA,2,603,SR-60 W/B (POMONA FREEWAY),DIAMOND BAR BLVD,6336,E,N,B,-,Y,NA,NA,60,NA,NA,NA,NA,NA,W,N,4,0,1,2,A,-,03,22350,NA,N,C,C,A,A,H,-,A,D,0,NA,NA,NA,NA,Y,NA,J,48,0,0,1,0,0,0,0,0,0,-,-,34.02684,-117.79109,LOS ANGELES,DIAMOND BAR,-117.7911402,34.02669181
9019982,2019,2020-02-05,1942,2019-12-11,1445,37686,1993,3,5,7,1942,0,0,0,NA,0,19A93,ROSCOE BL,SEPULVEDA PL,0,NA,Y,A,-,N,NA,NA,NA,NA,NA,NA,NA,NA,NA,N,4,0,2,2,A,-,09,21801,A,N,D,C,A,A,H,-,A,D,0,NA,NA,NA,NA,Y,NA,A,07,0,0,2,0,0,0,0,0,0,-,-,NA,NA,LOS ANGELES,LOS ANGELES,-118.46621704101564,34.221431732177734
90199829,2016,2016-06-13,9565,2016-06-11,1545,020442,NA,6,2,7,1942,0,1,1,NA,2,063,I-405 S/B (SAN DIEGO FWY.),SUNSET BLVD.,800,S,N,A,-,Y,NA,NA,405,NA,NA,NA,NA,NA,S,N,4,0,2,2,A,-,03,22350,NA,N,C,C,A,A,H,-,A,D,0,NA,NA,NA,NA,Y,NA,I,10,0,0,2,0,0,0,0,0,0,-,-,34.0709,-118.4651,LOS ANGELES,LOS ANGELES,-118.46516079,34.07084833
9019983,2019,2020-02-05,1942,2019-12-10,1220,40972,0966,2,5,7,1942,0,0,0,I,0,9A63,RIVERSIDE AV,FULTON AV,149,W,N,A,-,N,NA,NA,NA,NA,NA,NA,NA,NA,NA,Y,4,0,1,2,A,-,09,21801,A,F,D,C,A,A,H,-,A,A,0,NA,NA,NA,NA,Y,NA,-,99,0,0,1,0,0,0,0,0,0,-,-,NA,NA,LOS ANGELES,LOS ANGELES,-118.42300415039064,34.15761184692383
90199842,2016,2016-06-13,9550,2016-06-06,2155,021100,NA,1,2,9,1900,0,2,4,NA,1,052,COLIMA ROAD,FAIRWAY DR.,0,NA,Y,A,-,N,NA,NA,NA,NA,NA,NA,NA,NA,NA,Y,3,0,1,2,D,-,00,NA,NA,N,D,C,A,A,H,-,C,A,0,NA,NA,NA,NA,Y,NA,-,-,0,1,0,0,0,0,0,0,0,-,-,33.98622,-117.87021,LOS ANGELES,UNINCORPORATED,-117.86992002,33.98675
90199854,2016,2016-06-13,9565,2016-06-12,0050,020480,NA,7,3,7,1942,0,1,1,NA,2,063,I-405 S/B (SAN DIEGO FREEWAY),SANTA MONICA BLVD,200,N,N,A,-,Y,NA,NA,405,NA,NA,NA,NA,NA,S,Y,4,0,1,2,A,-,03,22350,NA,M,C,C,A,A,H,-,C,D,0,NA,NA,NA,NA,Y,NA,A,01,0,0,1,0,0,0,0,0,0,-,-,34.04617,-118.44689,LOS ANGELES,LOS ANGELES,-118.44645711,34.04654647
9019986,2019,2020-02-04,1942,2019-12-01,2140,42296,1964,7,5,7,1942,0,0,0,NA,0,19A75,CEDROS AV,CEDROS AV 8 9155,0,NA,Y,A,-,N,NA,NA,NA,NA,NA,NA,NA,NA,NA,N,4,0,1,2,B,-,22,NA,NA,N,G,B,E,A,H,-,D,D,0,Y,NA,NA,NA,Y,NA,A,07,0,0,1,0,1,0,0,0,0,-,-,NA,NA,LOS ANGELES,LOS ANGELES,NA,NA
9019987,2019,2020-02-05,1942,2019-12-12,0045,34561,1918,4,5,7,1942,0,0,0,NA,0,19A7,MACLAY ST,FOOTHILL BL,0,NA,Y,A,-,N,NA,NA,NA,NA,NA,NA,NA,NA,NA,N,4,0,2,2,A,-,12,21453,A,F,D,C,A,A,H,-,C,A,0,NA,NA,NA,NA,Y,NA,-,99,0,0,2,0,0,0,0,0,0,-,-,NA,NA,LOS ANGELES,LOS ANGELES,-118.42051696777344,34.298519134521484
90199870,2016,2016-06-13,9590,2016-03-31,2220,020985,NA,4,3,7,1942,0,1,1,NA,2,013,SR-110 S/B (ARROYO SECO PARKWAY),YORK BLVD.,210,N,N,A,-,Y,NA,NA,110,NA,NA,NA,NA,NA,S,Y,4,0,2,2,A,-,01,23152,A,N,D,C,A,A,H,-,C,D,0,NA,NA,NA,NA,Y,Y,A,01,0,0,2,0,0,0,0,0,0,-,-,34.11345,-118.17705,LOS ANGELES,LOS ANGELES,-118.17691458,34.11320218
9019990,2019,2020-02-04,1942,2019-12-05,0120,33620,1982,4,5,7,1942,0,0,0,NA,0,19A75,COLUMBUS AV,ACRE ST,12,S,N,B,-,N,NA,NA,NA,NA,NA,NA,NA,NA,NA,N,3,0,1,2,A,-,09,21804,A,N,D,G,A,A,H,-,A,D,0,NA,Y,NA,NA,Y,NA,L,04,0,1,0,0,0,0,1,0,0,-,-,NA,NA,LOS ANGELES,LOS ANGELES,-118.46556854248048,34.22990798950195
9019991,2019,2020-02-05,1942,2019-12-15,1020,42514,2118,7,5,7,1942,0,0,0,NA,0,17A67,ROSCOE BL,WINNETKA AV,750,W,N,A,-,N,NA,NA,NA,NA,NA,NA,NA,NA,NA,Y,3,0,1,4,A,-,01,23152,A,N,D,C,A,A,H,-,A,D,0,NA,NA,NA,NA,Y,Y,-,NA,0,1,0,0,0,0,0,0,0,-,-,NA,NA,LOS ANGELES,LOS ANGELES,-118.57352447509766,34.220218658447266
90199920,2016,2016-06-13,9575,2016-05-26,1227,020846,NA,4,1,6,1925,0,1,3,NA,2,042,SR-134 E/B TO HARVEY DR.,HARVEY DR.,20,W,N,A,-,Y,NA,NA,134,NA,NA,NA,R,NA,E,Y,4,0,3,2,A,-,01,23152,A,N,C,C,A,A,H,-,A,A,0,NA,NA,NA,NA,Y,Y,A,01,0,0,3,0,0,0,0,0,0,-,-,34.14782,-118.23001,LOS ANGELES,GLENDALE,-118.23001,34.14782
9019993,2019,2020-02-04,1942,2019-12-01,1405,40119,1977,7,5,7,1942,0,0,0,NA,0,19A79,SNOWDEN AV,WINGO ST,0,NA,Y,A,-,N,NA,NA,NA,NA,NA,NA,NA,NA,NA,N,4,0,1,2,A,-,06,21751,NA,N,H,G,A,A,H,-,A,D,0,NA,Y,NA,NA,Y,NA,A,01,0,0,1,0,0,0,1,0,0,-,-,NA,NA,LOS ANGELES,LOS ANGELES,-118.4363021850586,34.23250961303711
9019994,2019,2020-02-05,1942,2019-12-06,2020,43632,LOSAN,5,5,7,1942,0,0,0,NA,0,1959,VAN NUYS BL,ARLETA AV,0,NA,Y,-,-,N,NA,NA,NA,NA,NA,NA,NA,NA,NA,Y,4,0,2,3,A,-,09,21804,A,N,D,C,A,B,H,-,C,D,0,NA,NA,NA,NA,Y,NA,-,NA,0,0,2,0,0,0,0,0,0,-,-,NA,NA,LOS ANGELES,LOS ANGELES,-118.43869018554688,34.25400161743164
90199942,2016,2016-06-24,9550,2016-06-05,1645,021120,NA,7,2,9,1900,0,3,5,NA,2,003,GALE AVENUE,LATCHFORD AVE.,0,NA,Y,A,-,N,NA,NA,NA,NA,NA,NA,NA,NA,NA,Y,3,0,2,3,A,-,03,22350,NA,N,C,C,A,A,H,-,A,D,0,NA,NA,NA,NA,Y,NA,A,01,0,1,1,0,0,0,0,0,0,-,-,34.01862,-117.98466,LOS ANGELES,UNINCORPORATED,-117.98469012,34.0184601
90199951,2016,2016-07-11,9550,2016-06-05,0255,021033,NA,7,3,9,1900,0,2,4,NA,1,022,LEFFINGWELL ROAD,LOMA DRIVE,125,E,N,A,-,N,NA,NA,NA,NA,NA,NA,NA,NA,NA,Y,4,0,1,3,A,-,08,22107,NA,N,B,E,A,A,H,-,C,D,0,NA,NA,NA,NA,Y,NA,A,01,0,0,1,0,0,0,0,0,0,-,-,33.9218,-118.0332,LOS ANGELES,UNINCORPORATED,-118.03317353,33.92185068
90199955,2016,2016-06-13,9540,2016-06-09,1557,019788,NA,4,2,9,1900,0,2,4,NA,2,072,LAKE HUGHES ROAD,CASTAIC ROAD,0,NA,N,A,-,Y,NA,NA,NA,NA,NA,NA,NA,NA,NA,N,4,0,3,2,A,-,09,21801,A,N,D,C,A,A,H,-,A,D,0,NA,NA,NA,NA,Y,NA,A,01,0,0,3,0,0,0,0,0,0,-,-,34.49626,-118.62342,LOS ANGELES,UNINCORPORATED,-118.62252001,34.49654006
90199957,2016,2016-06-13,9530,2016-06-04,2118,020583,NA,6,2,9,1900,0,3,5,NA,2,001,GRAHAM AVE (8700 BLOCK),E 88TH ST.,170,N,N,A,-,N,NA,NA,NA,NA,NA,NA,NA,NA,NA,Y,3,0,1,2,A,-,01,23152,A,M,C,E,A,A,H,-,C,D,0,NA,NA,NA,NA,Y,Y,A,07,0,1,0,0,0,0,0,0,0,-,-,33.95752,-118.24303,LOS ANGELES,UNINCORPORATED,-118.24307,33.95741622
90199963,2016,2016-06-13,9540,2016-06-02,2116,019337,NA,4,2,6,1985,0,1,1,NA,1,502,I-5 N/B (GOLDEN STATE FREEWAY),CALGROVE BOULEVARD,1000,S,N,A,-,Y,NA,NA,NA,NA,NA,NA,NA,NA,NA,Y,4,0,1,1,A,-,08,22107,NA,N,E,I,A,A,H,-,C,D,0,NA,NA,NA,NA,Y,NA,A,01,0,0,1,0,0,0,0,0,0,-,-,34.36032,-118.54444,LOS ANGELES,SANTA CLARITA,-118.55415138,34.359800129999996
9019997,2019,2020-02-04,1942,2019-12-10,1630,43330,1943,2,5,7,1942,0,0,0,NA,0,19EL1,ARLETA AV,FOX ST,0,NA,Y,A,-,N,NA,NA,NA,NA,NA,NA,NA,NA,NA,Y,4,0,2,2,A,-,12,22450,A,N,D,C,A,A,H,-,A,A,0,NA,NA,NA,NA,Y,NA,H,17,0,0,2,0,0,0,0,0,0,-,-,NA,NA,LOS ANGELES,LOS ANGELES,-118.45169067382813,34.26752853393555
9019998,2019,2020-02-05,1942,2019-12-06,1100,41125,1993,5,5,7,1942,0,0,0,NA,0,19A93,ROSCOE BL,NOBLE AV,100,E,N,A,-,N,NA,NA,NA,NA,NA,NA,NA,NA,NA,Y,4,0,4,2,A,-,09,21801,A,N,D,C,A,A,H,-,A,D,0,NA,NA,NA,NA,Y,NA,A,01,0,0,4,0,0,0,0,0,0,-,-,NA,NA,LOS ANGELES,LOS ANGELES,-118.46151733398438,34.221458435058594
90199980,2016,2016-06-13,9540,2016-05-31,1318,021214,NA,2,1,7,1942,0,1,1,NA,1,503,I-5 S/B (GOLDEN STATE FREEWAY),I-210,2000,S,N,A,-,Y,NA,NA,NA,NA,NA,NA,NA,NA,NA,Y,3,0,5,3,A,-,07,21658,A,N,B,C,A,A,H,-,A,D,0,NA,NA,NA,NA,Y,NA,A,01,0,2,3,0,0,0,0,0,0,-,-,34.31525,-118.48787,LOS ANGELES,LOS ANGELES,-118.42196007,34.30151011
90199993,2016,2016-06-13,9550,2016-06-08,1540,021110,NA,3,2,9,1900,0,3,5,NA,2,004,COLIMA ROAD EASTBOUND,MANOR GATE ROAD,500,W,N,A,-,N,NA,NA,NA,NA,NA,NA,NA,NA,NA,N,4,0,1,2,A,-,03,22350,NA,N,C,C,A,A,H,-,A,D,0,NA,NA,NA,NA,Y,NA,D,22,0,0,1,0,0,0,0,0,0,-,-,33.99087,-117.93512,LOS ANGELES,UNINCORPORATED,-117.93616976,33.99091526
90199996,2016,2016-06-13,9540,2016-06-05,1240,021260,NA,7,1,9,1900,0,2,4,NA,2,012,PICO CANYON RD,MARRIOTT WAY,200,E,N,A,-,N,NA,NA,NA,NA,NA,NA,NA,NA,NA,Y,4,0,2,2,A,-,09,21804,A,N,D,C,A,A,H,-,A,A,0,NA,NA,NA,NA,Y,NA,A,01,0,0,2,0,0,0,0,0,0,-,-,34.37983,-118.56818,LOS ANGELES,UNINCORPORATED,-118.56825402,34.37988601
90199997,2016,2016-06-13,9525,2016-05-28,1530,019632,NA,6,2,5,1990,0,1,3,NA,2,574,SR-57 N/B TO DIAMOND BAR BOULEVARD,DIAMOND BAR BOULEVARD,60,S,N,A,-,Y,NA,NA,57,NA,NA,NA,R,NA,N,Y,4,0,1,3,A,-,03,22350,NA,N,C,C,A,A,H,-,A,D,0,NA,NA,NA,NA,Y,NA,A,07,0,0,1,0,0,0,0,0,0,-,-,33.96776,-117.84892,LOS ANGELES,DIAMOND BAR,-117.84892,33.96776
9020000,2019,2020-02-04,1900,2019-12-06,1942,512462,1331,5,5,5,1908,0,0,0,NA,0,133T1,ROSECRANS AV,BELLFLOWER BL,400,W,N,A,-,N,NA,NA,NA,NA,NA,NA,NA,NA,NA,Y,4,0,1,3,A,-,08,22107,NA,N,B,E,A,B,H,-,C,D,0,NA,NA,NA,NA,Y,NA,A,01,0,0,1,0,0,0,0,0,0,-,-,NA,NA,LOS ANGELES,BELLFLOWER,-118.12662506103516,33.902137756347656
90200018,2016,2016-06-13,9540,2016-06-11,1910,020429,NA,6,2,9,1900,0,1,1,NA,2,507,I-5 S/B (GOLDEN STATE FWY),MAGIC MOUNTAIN PKY,1448,S,N,B,-,Y,NA,NA,5,NA,NA,NA,NA,NA,S,Y,3,0,1,1,A,-,01,23152,E,N,E,I,A,A,H,-,A,D,0,NA,NA,NA,NA,Y,NA,A,01,0,1,0,0,0,0,0,0,0,-,-,34.41989,-118.58193,LOS ANGELES,UNINCORPORATED,-118.58177918,34.41997062
90200023,2016,2016-06-13,9565,2016-05-25,1500,021303,NA,3,2,9,1900,0,3,5,NA,2,002,107TH STREET,VERMONT AVENUE S/B,4,W,N,A,-,N,NA,NA,NA,NA,NA,NA,NA,NA,NA,N,4,0,1,2,A,-,12,22450,A,F,H,G,A,A,H,-,A,A,0,NA,Y,NA,NA,Y,NA,A,07,0,0,1,0,0,0,1,0,0,-,-,33.93906,-118.29157,LOS ANGELES,UNINCORPORATED,-118.29157,33.93906
9020003,2019,2020-02-07,1900,2019-12-13,0817,551435,1124,5,5,6,1992,0,0,0,NA,0,111T1,AV M,SIERRA HWY,69,W,N,A,-,N,NA,NA,NA,NA,NA,NA,NA,NA,NA,N,4,0,1,2,A,-,04,21703,NA,N,C,C,A,A,H,-,A,A,0,NA,NA,NA,NA,Y,NA,A,01,0,0,1,0,0,0,0,0,0,-,-,NA,NA,LOS ANGELES,LANCASTER,-118.12847900390624,34.64585876464844
90200034,2016,2016-06-13,9540,2016-06-04,0002,020678,NA,6,3,9,1900,0,1,3,NA,1,144,SR-14 N/B (ANTELOPE VALLEY FWY),CANYON PARK BLVD.,2,S,N,A,-,Y,NA,NA,NA,NA,NA,NA,NA,NA,NA,Y,3,0,1,1,A,-,08,22107,NA,N,E,I,A,A,H,-,C,D,0,NA,NA,NA,NA,Y,Y,A,01,0,1,0,0,0,0,0,0,0,-,-,34.2424,-118.26515,LOS ANGELES,UNINCORPORATED,-118.44782408,34.40687568
90200042,2016,2016-06-13,9525,2016-05-28,1745,020058,NA,6,2,4,1960,0,1,1,NA,2,208,SR-210 E/B TO SAN DIMAS AVE.,SAN DIMAS AVE,80,W,N,A,-,Y,NA,NA,210,NA,NA,NA,R,NA,E,Y,4,0,1,2,A,-,03,22350,NA,N,C,C,A,A,H,-,A,D,0,NA,NA,NA,NA,Y,NA,A,01,0,0,1,0,0,0,0,0,0,-,-,34.11936,-117.80763,LOS ANGELES,SAN DIMAS,-117.80763,34.11936
90200045,2016,2016-06-13,9575,2016-05-31,1635,021254,NA,2,2,7,1942,0,1,1,NA,2,060,I-210 W/B (FOOTHILL FREEWAY),PAXTON STREET,500,E,N,A,-,Y,NA,NA,210,NA,NA,NA,NA,NA,W,Y,3,0,2,3,A,-,03,22350,NA,N,C,C,A,A,H,-,A,D,0,NA,NA,NA,Y,Y,NA,A,01,0,1,1,0,0,0,0,0,0,-,-,34.28314,-118.40229,LOS ANGELES,LOS ANGELES,-118.40222865,34.28320492
90200056,2016,2016-06-13,9575,2016-06-02,1135,020536,NA,4,1,6,1925,0,1,1,NA,2,062,I-210 W/B (FOOTHILL FREEWAY),PENNSYLVANIA AVE.,200,E,N,A,-,Y,NA,NA,210,NA,NA,NA,NA,NA,W,Y,3,0,1,1,A,-,08,22107,NA,N,E,I,A,A,H,-,A,D,0,NA,NA,NA,NA,Y,NA,A,01,0,1,0,0,0,0,0,0,0,-,-,34.22298,-118.24818,LOS ANGELES,GLENDALE,-118.24814731,34.22303725