CASE_ID,ACCIDENT_YEAR,PROC_DATE,JURIS,COLLISION_DATE,COLLISION_TIME,OFFICER_ID,REPORTING_DISTRICT,DAY_OF_WEEK,CHP_SHIFT,POPULATION,CNTY_CITY_LOC,SPECIAL_COND,BEAT_TYPE,CHP_BEAT_TYPE,CITY_DIVISION_LAPD,CHP_BEAT_CLASS,BEAT_NUMBER,PRIMARY_RD,SECONDARY_RD,DISTANCE,DIRECTION,INTERSECTION,WEATHER_1,WEATHER_2,STATE_HWY_IND,CALTRANS_COUNTY,CALTRANS_DISTRICT,STATE_ROUTE,ROUTE_SUFFIX,POSTMILE_PREFIX,POSTMILE,LOCATION_TYPE,RAMP_INTERSECTION,SIDE_OF_HWY,TOW_AWAY,COLLISION_SEVERITY,NUMBER_KILLED,NUMBER_INJURED,PARTY_COUNT,PRIMARY_COLL_FACTOR,PCF_CODE_OF_VIOL,PCF_VIOL_CATEGORY,PCF_VIOLATION,PCF_VIOL_SUBSECTION,HIT_AND_RUN,TYPE_OF_COLLISION,MVIW,PED_ACTION,ROAD_SURFACE,ROAD_COND_1,ROAD_COND_2,LIGHTING,CONTROL_DEVICE,CHP_ROAD_TYPE,PEDESTRIAN_ACCIDENT,BICYCLE_ACCIDENT,MOTORCYCLE_ACCIDENT,TRUCK_ACCIDENT,NOT_PRIVATE_PROPERTY,ALCOHOL_INVOLVED,STWD_VEHTYPE_AT_FAULT,CHP_VEHTYPE_AT_FAULT,COUNT_SEVERE_INJ,COUNT_VISIBLE_INJ,COUNT_COMPLAINT_PAIN,COUNT_PED_KILLED,COUNT_PED_INJURED,COUNT_BICYCLIST_KILLED,COUNT_BICYCLIST_INJURED,COUNT_MC_KILLED,COUNT_MC_INJURED,PRIMARY_RAMP,SECONDARY_RAMP,LATITUDE,LONGITUDE,COUNTY,CITY,POINT_X,POINT_Y
9020007,2019,2020-02-07,1900,2019-12-11,2022,61045,1132,3,5,6,1992,0,0,0,NA,0,111T1,LANCASTER BL,DIVISION ST,0,NA,Y,A,-,N,NA,NA,NA,NA,NA,NA,NA,NA,NA,N,4,0,1,2,A,-,10,21950,A,N,G,B,B,A,H,-,C,A,0,Y,NA,NA,NA,Y,NA,A,01,0,0,1,0,1,0,0,0,0,-,-,NA,NA,LOS ANGELES,LANCASTER,-118.13040924072266,34.699100494384766
90200076,2016,2016-06-13,9550,2016-06-06,1025,021087,NA,1,1,9,1900,0,2,4,NA,1,041,ALBATROSS ROAD,AZUSA AVENUE,0,NA,Y,A,-,N,NA,NA,NA,NA,NA,NA,NA,NA,NA,N,3,0,1,2,A,-,12,21453,A,N,D,G,A,A,H,-,A,A,0,NA,Y,NA,NA,Y,NA,L,04,0,1,0,0,0,0,1,0,0,-,-,33.99052,-117.92441,LOS ANGELES,UNINCORPORATED,NA,NA
90200093,2016,2016-06-13,9550,2016-06-05,1050,021129,NA,7,1,9,1900,0,2,4,NA,1,022,TELEGRAPH ROAD,VALLEY VIEW AVENUE,0,NA,Y,A,-,N,NA,NA,NA,NA,NA,NA,NA,NA,NA,Y,3,0,2,2,A,-,17,21451,A,N,D,C,A,A,H,-,A,A,0,NA,NA,NA,NA,Y,NA,A,01,0,1,1,0,0,0,0,0,0,-,-,33.92815,-118.02886,LOS ANGELES,UNINCORPORATED,-118.02903004,33.92808004
90200102,2016,2016-06-13,9530,2016-06-10,1830,020868,NA,5,2,9,1900,0,3,5,NA,2,002,AVALON BLVD. (15000 BLOCK),COMPTON AVE.,120,S,N,A,-,N,NA,NA,NA,NA,NA,NA,NA,NA,NA,Y,4,0,2,3,A,-,03,22350,NA,N,C,C,A,A,H,-,A,D,0,NA,NA,NA,NA,Y,NA,D,22,0,0,2,0,0,0,0,0,0,-,-,33.8951,-118.2656,LOS ANGELES,UNINCORPORATED,-118.26538268,33.89487091
9020011,2019,2020-02-07,1900,2019-12-11,1738,610418,1126,3,5,6,1992,0,0,0,NA,0,111T1,AV K,12TH ST,244,E,N,A,-,N,NA,NA,NA,NA,NA,NA,NA,NA,NA,Y,4,0,3,2,D,-,00,NA,NA,N,C,C,A,A,H,-,C,D,0,NA,NA,NA,NA,Y,NA,-,-,0,0,3,0,0,0,0,0,0,-,-,NA,NA,LOS ANGELES,LANCASTER,-118.15155029296876,34.674888610839844
90200111,2016,2016-06-13,9580,2016-06-04,0424,20100,NA,6,3,7,1942,0,1,1,NA,2,406,I-405 N/B TO SR-118 W/B,CHATSWORTH ST,950,N,N,A,-,Y,NA,NA,405,NA,NA,NA,R,NA,N,Y,3,0,1,1,A,-,08,22107,NA,N,E,I,A,A,H,-,C,D,0,NA,NA,NA,NA,Y,NA,A,01,0,1,0,0,0,0,0,0,0,-,-,34.26513,-118.47203,LOS ANGELES,LOS ANGELES,-118.47203,34.26513
90200122,2016,2016-06-13,9550,2016-06-06,0250,020969,NA,1,3,9,1900,0,2,4,NA,1,051,COLIMA ROAD,CROSSHAVEN DRIVE,0,NA,Y,B,-,N,NA,NA,NA,NA,NA,NA,NA,NA,NA,Y,4,0,1,2,A,-,12,21453,A,N,D,C,A,A,H,-,C,A,0,NA,NA,NA,NA,Y,NA,A,01,0,0,1,0,0,0,0,0,0,-,-,33.98505,-117.90741,LOS ANGELES,UNINCORPORATED,NA,NA
90200133,2016,2016-06-13,9530,2016-06-10,1600,018278,NA,5,2,7,1942,0,1,1,NA,2,200,I-105 E/B (GLENN ANDERSON FWY),AVALON BLVD.,400,W,N,A,-,Y,NA,NA,NA,NA,NA,NA,NA,NA,NA,N,4,0,1,2,A,-,03,22350,NA,M,C,C,A,A,H,-,A,D,0,NA,NA,NA,NA,Y,NA,-,99,0,0,1,0,0,0,0,0,0,-,-,33.5538,-118.1559,LOS ANGELES,LOS ANGELES,-118.26651599,33.92728
9020015,2019,2020-02-07,1900,2019-12-09,1146,649520,919-2,1,5,6,1992,0,0,0,NA,0,112T4,AV L,40TH ST,0,NA,Y,A,-,N,NA,NA,NA,NA,NA,NA,NA,NA,NA,Y,4,0,2,2,A,-,09,21801,A,N,D,C,A,A,H,-,A,A,0,NA,NA,NA,NA,Y,NA,A,01,0,0,2,0,0,0,0,0,0,-,-,NA,NA,LOS ANGELES,LANCASTER,-118.20136260986328,34.66017150878906
90200155,2016,2016-06-13,9550,2016-06-07,1950,020969,NA,2,2,5,1919,0,1,1,NA,2,652,I-605 S/B TO SR-91 W/B,SR-91 W/B,50,N,N,A,-,Y,NA,NA,605,NA,NA,NA,R,NA,S,Y,3,0,1,1,A,-,03,22350,NA,N,F,A,A,A,H,-,B,D,0,NA,NA,Y,NA,Y,NA,C,02,0,1,0,0,0,0,0,0,1,-,-,33.87668,-118.10521,LOS ANGELES,CERRITOS,-118.10521,33.87668
9020016,2019,2020-01-06,1901,2019-11-13,1101,239,12,3,5,5,1901,0,0,0,NA,0,002,NEW AV,S RAMONA ST,0,NA,Y,A,-,N,NA,NA,NA,NA,NA,NA,NA,NA,NA,Y,4,0,2,2,A,-,09,21801,A,N,D,C,A,A,H,-,A,D,0,NA,NA,NA,NA,Y,NA,D,22,0,0,2,0,0,0,0,0,0,-,-,NA,NA,LOS ANGELES,ALHAMBRA,-118.10826110839844,34.08403015136719
9020019,2019,2020-02-07,1900,2019-12-03,0800,532040,1121,2,5,6,1992,0,0,0,NA,0,111T1,10TH ST,AV H-8,72,S,N,A,-,N,NA,NA,NA,NA,NA,NA,NA,NA,NA,N,4,0,1,2,D,-,00,NA,NA,N,C,C,A,A,H,-,A,D,0,NA,NA,NA,NA,Y,NA,-,-,0,0,1,0,0,0,0,0,0,-,-,NA,NA,LOS ANGELES,LANCASTER,-118.14826202392578,34.71064376831055
90200197,2016,2016-06-13,9525,2016-05-29,0444,021080,NA,7,3,1,1934,0,1,1,NA,2,652,I-605 N/B (SAN GABRIEL RIVER FREEWAY),LOWER AZUSA RD.,100,S,N,A,-,Y,NA,NA,605,NA,NA,NA,NA,NA,N,Y,4,0,1,2,A,-,03,22350,NA,N,C,C,A,A,H,-,D,D,0,NA,NA,NA,NA,Y,NA,A,01,0,0,1,0,0,0,0,0,0,-,-,34.09094,-117.99226,LOS ANGELES,IRWINDALE,-117.99232834,34.091012
90200206,2016,2016-06-13,9550,2016-06-08,1250,021110,NA,3,1,9,1900,0,3,5,NA,2,005,COLIMA ROAD,BATSON AVENUE,0,NA,Y,A,-,N,NA,NA,NA,NA,NA,NA,NA,NA,NA,N,4,0,1,2,D,-,00,NA,NA,N,D,C,A,A,H,-,A,A,0,NA,NA,NA,NA,Y,NA,-,-,0,0,1,0,0,0,0,0,0,-,-,33.98805,-117.90393,LOS ANGELES,UNINCORPORATED,-117.90392004,33.98827002
9020022,2019,2020-09-03,1953,2019-12-14,1746,2367,1953,6,5,6,1953,0,0,0,NA,0,001,PASADENA AV,STATE ST,50,S,N,A,-,N,NA,NA,NA,NA,NA,NA,NA,NA,NA,Y,4,0,2,3,A,-,03,22350,NA,N,C,C,A,A,H,-,C,A,0,NA,NA,NA,NA,Y,NA,A,01,0,0,2,0,0,0,0,0,0,-,-,NA,NA,LOS ANGELES,PASADENA,-118.15445709228516,34.125614166259766
90200221,2016,2016-06-13,9565,2016-06-04,1450,021251,NA,6,2,9,1900,0,2,4,NA,2,023,WESTERN AVE.,110TH ST.,0,NA,Y,A,-,N,NA,NA,NA,NA,NA,NA,NA,NA,NA,Y,4,0,1,2,A,-,09,21802,A,N,D,D,A,A,H,-,A,D,0,NA,NA,NA,NA,Y,NA,A,01,0,0,1,0,0,0,0,0,0,-,-,33.93528,-118.30897,LOS ANGELES,UNINCORPORATED,-118.30906011,33.93526008
90200229,2016,2016-06-13,9590,2016-05-27,2055,021040,NA,5,2,7,1942,0,1,1,NA,2,084,I-5 N/B (GSF) TO LOS FELIZ BLVD.,LOS FELIZ BLVD.,58,S,N,A,-,Y,NA,NA,5,NA,NA,NA,R,NA,N,Y,4,0,1,2,A,-,01,23152,A,N,C,C,A,A,H,-,D,D,0,NA,NA,NA,NA,Y,Y,D,22,0,0,1,0,0,0,0,0,0,-,-,34.12071,-118.27056,LOS ANGELES,LOS ANGELES,-118.27056,34.12071
9020023,2019,2020-02-07,1900,2019-12-06,1018,624934,1133,5,5,6,1992,0,0,0,NA,0,112T2,AV K,6TH ST,0,NA,Y,A,-,N,NA,NA,NA,NA,NA,NA,NA,NA,NA,Y,4,0,1,2,A,-,09,21801,A,N,D,C,A,A,H,-,A,D,0,NA,NA,Y,NA,Y,NA,A,07,0,0,1,0,0,0,0,0,1,-,-,NA,NA,LOS ANGELES,LANCASTER,-118.12017059326172,34.675010681152344
9020026,2019,2020-02-07,1953,2019-12-19,1722,7868,PASAD,4,5,6,1953,0,0,0,NA,0,003,WASHINGTON BL,ALLEN AV,10,E,N,A,-,N,NA,NA,NA,NA,NA,NA,NA,NA,NA,N,3,0,1,2,A,-,04,21703,NA,N,C,C,A,A,H,-,C,D,0,NA,NA,NA,NA,Y,NA,A,01,0,1,0,0,0,0,0,0,0,-,-,NA,NA,LOS ANGELES,PASADENA,-118.11298370361328,34.16913986206055
9020027,2019,2020-02-07,1900,2019-12-03,1653,636283,1133,2,5,6,1992,0,0,0,NA,0,112T1,AV J,RODIN AV,341,W,N,A,-,N,NA,NA,NA,NA,NA,NA,NA,NA,NA,Y,4,0,2,2,A,-,09,21801,A,N,D,C,A,A,H,-,D,D,0,NA,NA,NA,NA,Y,NA,A,01,0,0,2,0,0,0,0,0,0,-,-,NA,NA,LOS ANGELES,LANCASTER,-118.1198272705078,34.68962097167969
90200272,2016,2016-06-13,9535,2016-03-26,1540,020488,NA,6,2,5,1947,0,1,3,NA,2,600,SR-60 (POMONA FREEWAY) E/B,MARKLAND DR.,850,E,N,A,-,Y,NA,NA,60,NA,NA,NA,NA,NA,E,Y,2,0,1,2,A,-,03,22350,NA,N,C,C,A,A,H,-,A,D,0,NA,NA,Y,NA,Y,NA,C,02,1,0,0,0,0,0,0,0,1,-,-,34.03324,-118.12023,LOS ANGELES,MONTEBELLO,-118.12022903,34.03315733
90200282,2016,2016-06-13,9525,2016-05-29,0900,020216,NA,7,1,4,1960,0,1,1,NA,2,652,SR-57 N/B FROM VIA VERDE AVE.,VIA VERDE AVE.,1056,N,N,B,C,Y,NA,NA,57,NA,NA,NA,R,NA,N,Y,3,0,1,1,A,-,03,22350,NA,N,F,A,A,B,H,-,A,D,0,NA,NA,Y,NA,Y,NA,C,02,0,1,0,0,0,0,0,0,1,-,-,34.07931,-117.81486,LOS ANGELES,SAN DIMAS,-117.81486,34.07931
9020030,2019,2020-02-07,1953,2019-12-12,1714,5472,1953,4,5,6,1953,0,0,0,NA,0,004,COLORADO BL,MADRE BL,0,NA,Y,A,-,N,NA,NA,NA,NA,NA,NA,NA,NA,NA,N,2,0,1,2,A,-,08,22107,NA,N,G,B,D,A,H,-,C,A,0,Y,NA,NA,NA,Y,NA,A,01,1,0,0,0,1,0,0,0,0,-,-,NA,NA,LOS ANGELES,PASADENA,-118.08161163330078,34.14622116088867
90200301,2016,2016-06-13,9575,2016-06-03,1450,020119,NA,5,2,6,1953,0,1,1,NA,2,064,I-210 W/B (FOOTHILL FREEWAY),HILL AVE.,200,E,N,A,-,Y,NA,NA,NA,NA,NA,NA,NA,NA,NA,Y,4,0,1,3,A,-,03,22350,NA,N,C,C,A,A,H,-,A,D,0,NA,NA,NA,NA,Y,NA,A,01,0,0,1,0,0,0,0,0,0,-,-,34.15551,-118.12088,LOS ANGELES,PASADENA,-118.12073041,34.15247733
9020031,2019,2020-02-07,1972,2019-12-05,1002,12825,NA,4,5,6,1972,0,0,0,NA,0,NA,CRENSHAW BL,ROLLING HILLS RD,0,NA,Y,A,-,N,NA,NA,NA,NA,NA,NA,NA,NA,NA,Y,3,0,2,2,A,-,09,21453,C,N,D,C,A,A,H,-,A,A,0,NA,NA,NA,NA,Y,NA,A,NA,0,1,1,0,0,0,0,0,0,-,-,NA,NA,LOS ANGELES,TORRANCE,-118.3407974243164,33.78837966918945
9020032,2019,2020-01-03,1901,2019-11-10,1606,119,18,7,5,5,1901,0,0,0,NA,0,004,OLIVE ST,GLENDON WY,0,NA,Y,A,-,N,NA,NA,NA,NA,NA,NA,NA,NA,NA,Y,4,0,1,4,A,-,09,21801,A,N,B,C,A,A,H,-,B,A,0,NA,NA,NA,Y,Y,NA,A,01,0,0,1,0,0,0,0,0,0,-,-,NA,NA,LOS ANGELES,ALHAMBRA,-118.1359634399414,34.073890686035156
90200335,2016,2016-06-13,9530,2016-06-07,0810,021106,NA,2,1,7,1942,0,1,1,NA,2,200,I-105 W/B (GLENN ANDERSON FWY),I-110 (HARBOR FREEWAY),2640,E,N,A,-,Y,NA,NA,105,NA,NA,NA,NA,NA,W,N,4,0,1,2,A,-,03,22350,NA,N,C,C,A,A,H,-,A,D,0,NA,NA,NA,NA,Y,NA,A,08,0,0,1,0,0,0,0,0,0,-,-,33.9277,-118.2679,LOS ANGELES,LOS ANGELES,-118.26790004,33.92765202
9020034,2019,2020-02-07,1953,2019-12-11,1925,5832,PASAD,3,5,6,1953,0,0,0,NA,0,005,UNION ST,MARENGO AV,0,NA,Y,A,-,N,NA,NA,NA,NA,NA,NA,NA,NA,NA,N,4,0,1,2,A,-,09,21453,B,N,G,B,B,A,H,-,C,A,0,Y,NA,NA,NA,Y,NA,A,01,0,0,1,0,1,0,0,0,0,-,-,NA,NA,LOS ANGELES,PASADENA,-118.14598083496094,34.14677810668945
90200346,2016,2016-06-13,9525,2016-05-29,1122,020216,NA,7,1,6,1955,0,1,1,NA,2,107,I-10 W/B FROM FAIRPLEX DR.,FAIRPLEX DR.,500,W,N,B,-,Y,NA,NA,10,NA,NA,NA,R,NA,W,Y,4,0,1,2,A,-,02,22400,A,N,C,C,A,A,H,-,A,D,0,NA,NA,NA,NA,Y,NA,A,01,0,0,1,0,0,0,0,0,0,-,-,34.07274,-117.78999,LOS ANGELES,POMONA,-117.78999,34.07274
9020035,2019,2020-02-07,1972,2019-12-02,1220,14197,NA,1,5,6,1972,0,0,0,NA,0,NA,CARSON ST,CABRILLO AV,0,NA,Y,A,-,N,NA,NA,NA,NA,NA,NA,NA,NA,NA,Y,3,0,2,2,A,-,12,21453,A,N,D,C,A,A,H,-,A,A,0,NA,NA,NA,NA,Y,NA,A,NA,0,1,1,0,0,0,0,0,0,-,-,NA,NA,LOS ANGELES,TORRANCE,-118.31443786621094,33.83143997192383
90200355,2016,2016-06-13,9575,2016-05-25,1411,021257,NA,3,2,6,1925,0,1,3,NA,2,090,SR-2 E/B (GLENDALE FREEWAY),FERN LN.,1127,E,N,A,-,Y,NA,NA,2,NA,NA,NA,NA,NA,E,Y,4,0,1,1,A,-,08,22107,NA,N,E,I,A,A,H,-,A,D,0,NA,NA,NA,NA,Y,NA,A,01,0,0,1,0,0,0,0,0,0,-,-,34.18698,-118.21751,LOS ANGELES,GLENDALE,-118.21745864,34.18698656
90200356,2016,2016-06-13,9525,2016-05-29,1400,016342,NA,7,2,5,1990,0,1,3,NA,2,602,SR-60 E/B (POMONA FREEWAY),GRAND AVE,500,W,N,B,-,Y,NA,NA,60,NA,NA,NA,NA,NA,E,Y,4,0,1,4,A,-,03,22350,NA,N,C,C,A,A,H,-,A,D,0,NA,NA,NA,NA,Y,NA,A,01,0,0,1,0,0,0,0,0,0,-,-,34.00233,-117.83105,LOS ANGELES,DIAMOND BAR,-117.83151467,34.00309099
90200363,2016,2016-06-13,9530,2016-06-07,1700,021106,NA,2,2,9,1900,0,1,1,NA,2,210,I-105 E/B TO WILMINGTON AVENUE,WILMINGTON AVE.,20,W,N,A,-,Y,NA,NA,105,NA,NA,NA,R,NA,E,N,4,0,1,2,A,-,21,22106,NA,N,C,C,A,A,H,-,A,A,0,NA,NA,NA,NA,Y,NA,A,01,0,0,1,0,0,0,0,0,0,-,-,33.9269,-118.2396,LOS ANGELES,UNINCORPORATED,-118.2396,33.9269
90200367,2016,2016-06-13,9550,2016-06-07,1640,021123,NA,2,2,9,1900,0,2,4,NA,1,012,SLAUSON AVE. E/B,MILLERGROVE DR.,0,NA,Y,A,-,N,NA,NA,NA,NA,NA,NA,NA,NA,NA,N,3,0,1,2,A,-,11,21950,B,N,G,B,B,A,H,-,A,A,0,Y,NA,NA,NA,Y,NA,N,60,0,1,0,0,1,0,0,0,0,-,-,33.96634,-118.07949,LOS ANGELES,UNINCORPORATED,-118.07942013,33.96641004
9020038,2019,2020-09-22,1953,2019-12-10,1200,1940,1953,2,5,6,1953,0,0,0,NA,0,002,ROSE BOWL DR,ARROYO BL,50,S,N,A,-,N,NA,NA,NA,NA,NA,NA,NA,NA,NA,N,4,0,1,2,A,-,03,22350,NA,F,C,C,A,A,H,-,A,D,0,NA,NA,NA,NA,Y,NA,A,07,0,0,1,0,0,0,0,0,0,-,-,NA,NA,LOS ANGELES,PASADENA,-118.16680908203124,34.16838836669922
9020039,2019,2020-02-06,1972,2019-12-10,1238,12825,NA,2,5,6,1972,0,0,0,NA,0,NA,CARSON ST,ACACIA AV,0,NA,Y,A,-,N,NA,NA,NA,NA,NA,NA,NA,NA,NA,Y,4,0,2,3,A,-,03,22350,NA,N,C,C,A,A,H,-,A,D,0,NA,NA,NA,NA,Y,NA,A,NA,0,0,2,0,0,0,0,0,0,-,-,NA,NA,LOS ANGELES,TORRANCE,-118.32626342773438,33.83134078979492
90200393,2016,2016-06-13,9535,2016-06-03,1800,013989,9535,5,2,5,1947,0,1,3,NA,2,620,SR-60 (POMONA FREEWAY) E/B,SAN GABRIEL BLVD.,1500,W,N,A,-,Y,NA,NA,60,NA,NA,NA,NA,NA,E,Y,4,0,2,2,A,-,03,22350,NA,N,C,C,A,A,H,-,A,D,0,NA,NA,NA,NA,Y,NA,A,08,0,0,2,0,0,0,0,0,0,-,-,34.03755,-118.08644,LOS ANGELES,MONTEBELLO,-118.08643131,34.03751114
90200409,2016,2016-06-13,9535,2016-06-04,1710,018687,NA,6,2,9,1900,0,3,5,NA,2,001,FLORAL DR.,HUMPHREYS AVE,0,NA,Y,A,-,Y,NA,NA,NA,NA,NA,NA,NA,NA,NA,Y,4,0,1,2,A,-,12,21453,A,N,D,C,A,A,H,-,A,D,0,NA,NA,NA,NA,Y,NA,-,-,0,0,1,0,0,0,0,0,0,-,-,34.0442,-118.1715,LOS ANGELES,UNINCORPORATED,-118.17194013,34.0441901
90200410,2016,2016-06-13,9525,2016-05-30,1142,018364,NA,1,1,5,1906,0,1,1,NA,2,103,I-10 W/B-TO-FRANCISQUITO AVENUE,N. GARVEY AVENUE,20,S,N,A,-,Y,NA,NA,10,NA,NA,NA,R,NA,W,Y,4,0,2,2,A,-,03,22350,NA,N,C,C,A,A,H,-,A,A,0,NA,NA,NA,NA,Y,NA,A,07,0,0,2,0,0,0,0,0,0,-,-,34.06949,-117.97119000000001,LOS ANGELES,BALDWIN PARK,-117.97119000000001,34.06949
9020042,2019,2020-02-07,1953,2019-12-09,1713,7787,1953,1,5,6,1953,0,0,0,NA,0,005,DEL MAR BL,DE LACEY AV,0,NA,Y,A,-,N,NA,NA,NA,NA,NA,NA,NA,NA,NA,N,4,0,2,2,A,-,09,21801,A,N,D,C,A,A,H,-,C,D,0,NA,NA,NA,NA,Y,NA,A,07,0,0,2,0,0,0,0,0,0,-,-,NA,NA,LOS ANGELES,PASADENA,-118.15234375,34.140769958496094
9020043,2019,2020-02-07,1972,2019-12-17,0910,16272,NA,2,5,6,1972,0,0,0,NA,0,NA,CARSON,OCEAN,0,NA,Y,A,-,N,NA,NA,NA,NA,NA,NA,NA,NA,NA,Y,4,0,1,2,A,-,09,21802,A,N,D,C,A,A,H,-,A,D,0,NA,NA,NA,NA,Y,NA,A,NA,0,0,1,0,0,0,0,0,0,-,-,NA,NA,LOS ANGELES,TORRANCE,-118.35623931884766,33.83127975463867
90200445,2016,2016-06-13,9525,2016-05-30,1530,020552,NA,1,2,9,1900,0,3,5,NA,2,003,FAIRGROVE AVE (15900 BLOCK),ECHELON AVE,648,W,N,A,-,N,NA,NA,NA,NA,NA,NA,NA,NA,NA,Y,3,0,2,2,A,-,06,21750,NA,N,B,C,A,A,H,-,A,D,0,NA,NA,Y,NA,Y,NA,C,02,0,2,0,0,0,0,0,0,2,-,-,34.04124,-117.93644,LOS ANGELES,UNINCORPORATED,-117.9363174,34.04125561
9020046,2019,2020-02-07,1953,2019-12-08,1923,0344,1953,7,5,6,1953,0,0,0,NA,0,005,WALNUT ST,PASADENA AV,0,NA,Y,A,-,N,NA,NA,NA,NA,NA,NA,NA,NA,NA,Y,4,0,4,2,A,-,12,21453,A,N,D,C,A,A,H,-,C,A,0,NA,NA,NA,NA,Y,NA,A,01,0,0,4,0,0,0,0,0,0,-,-,NA,NA,LOS ANGELES,PASADENA,-118.15486145019533,34.14960861206055
9020047,2019,2020-02-07,1972,2019-12-13,1820,19767,NA,5,5,6,1972,0,0,0,NA,0,NA,PRAIRIE AV,184TH ST,20,S,N,B,-,N,NA,NA,NA,NA,NA,NA,NA,NA,NA,N,4,0,1,2,D,-,00,NA,NA,N,B,C,A,A,H,-,C,D,0,NA,NA,Y,NA,Y,NA,-,-,0,0,1,0,0,0,0,0,1,-,-,NA,NA,LOS ANGELES,TORRANCE,-118.3437957763672,33.86388397216797
90200472,2016,2016-06-13,9575,2016-05-22,1150,020119,NA,7,1,9,1900,0,1,3,NA,2,081,ROSEMEAD BLVD. (500 BLOCK),ANITA AVE.,50,N,N,A,-,Y,NA,NA,NA,NA,NA,NA,NA,NA,NA,Y,4,0,4,3,A,-,03,22350,NA,N,C,C,A,A,H,-,A,D,0,NA,NA,NA,NA,Y,NA,A,01,0,0,4,0,0,0,0,0,0,-,-,34.13628,-118.07335,LOS ANGELES,UNINCORPORATED,-118.0732,34.1360771
90200474,2016,2016-06-13,9575,2016-06-04,2300,020332,NA,6,3,6,1925,0,1,3,NA,2,042,SR-134 W/B (VENTURA FREEWAY),PACIFIC AVE,100,E,N,A,-,Y,NA,NA,134,NA,NA,NA,NA,NA,W,Y,4,0,2,2,A,-,07,21658,A,N,C,C,A,A,H,-,D,D,0,NA,NA,NA,NA,Y,NA,A,01,0,0,2,0,0,0,0,0,0,-,-,34.1564,-118.26362,LOS ANGELES,GLENDALE,-118.26361784,34.1563737
9020048,2019,2020-01-03,1901,2019-11-20,1730,102,NA,3,5,5,1901,0,0,0,NA,0,003,ALHAMBRA RD,MARENGO AV,0,NA,Y,B,-,N,NA,NA,NA,NA,NA,NA,NA,NA,NA,N,3,0,1,2,A,-,12,22450,NA,N,D,C,A,A,H,-,C,A,0,NA,NA,NA,NA,Y,NA,A,07,0,1,0,0,0,0,0,0,0,-,-,NA,NA,LOS ANGELES,ALHAMBRA,-118.14212036132813,34.09867858886719
90200480,2016,2016-06-13,9575,2016-05-09,0250,020911,NA,1,3,7,1942,0,1,1,NA,2,053,I-5 S/B (GOLDEN STATE FREEWAY),TERRA BELLA STREET,40,S,N,A,-,Y,NA,NA,5,NA,NA,NA,NA,NA,S,Y,1,1,1,2,A,-,03,22350,NA,N,C,C,A,A,H,-,C,D,0,NA,NA,Y,NA,Y,NA,C,02,0,1,0,0,0,0,0,1,0,-,-,34.25016,-118.42827,LOS ANGELES,LOS ANGELES,-118.42829608,34.2501325
9020050,2019,2020-02-07,1953,2019-12-07,2310,5974,PASAD,6,5,6,1953,0,0,0,NA,0,002,LOS ROBLES AV,PARKE ST,75,S,N,C,-,N,NA,NA,NA,NA,NA,NA,NA,NA,NA,Y,4,0,1,3,A,-,03,22350,NA,N,B,E,A,B,H,-,C,A,0,NA,NA,NA,NA,Y,NA,A,01,0,0,1,0,0,0,0,0,0,-,-,NA,NA,LOS ANGELES,PASADENA,-118.14151763916016,34.15654373168945
9020051,2019,2020-02-07,1900,2019-12-12,2024,443561,2916,4,5,4,1974,0,0,0,NA,0,291K4,GRAND AV,VILLAGE DR,0,NA,Y,A,-,N,NA,NA,NA,NA,NA,NA,NA,NA,NA,Y,4,0,3,2,A,-,12,21453,A,N,D,C,A,A,H,-,C,A,0,NA,NA,NA,NA,Y,NA,A,01,0,0,3,0,0,0,0,0,0,-,-,NA,NA,LOS ANGELES,WALNUT,-117.8367919921875,34.028751373291016
9020054,2019,2020-02-07,1900,2019-12-03,1740,520752,1122,2,5,6,1992,0,0,0,NA,0,111T2,10TH ST,JACKMAN ST,180,S,N,B,-,N,NA,NA,NA,NA,NA,NA,NA,NA,NA,N,4,0,1,2,A,-,11,21954,A,N,G,B,D,A,H,-,A,D,0,Y,NA,NA,NA,Y,NA,N,60,0,0,1,0,1,0,0,0,0,-,-,NA,NA,LOS ANGELES,LANCASTER,-118.14808654785156,34.7003173828125
9020055,2019,2020-02-07,1900,2019-12-11,1420,526902,2917,3,5,4,1974,0,0,0,NA,0,291K3,AMAR RD,BRAES RIVER DR,361,E,N,A,-,N,NA,NA,NA,NA,NA,NA,NA,NA,NA,Y,4,0,1,2,A,-,03,22350,NA,N,B,E,A,A,H,-,A,D,0,NA,NA,NA,NA,Y,NA,A,07,0,0,1,0,0,0,0,0,0,-,-,NA,NA,LOS ANGELES,WALNUT,-117.87830352783205,34.03496170043945
90200564,2016,2016-06-13,9550,2016-06-08,0305,020954,NA,3,3,7,1941,0,1,3,NA,2,090,STATE ROUTE 91 W/B (ARTESIA FREEWAY),CHERRY AVENUE,250,W,N,A,-,Y,NA,NA,91,NA,NA,NA,NA,NA,W,Y,4,0,1,2,A,-,07,21658,A,N,B,C,A,A,H,-,C,D,0,NA,NA,NA,Y,Y,NA,G,27,0,0,1,0,0,0,0,0,0,-,-,33.87614,-118.16857,LOS ANGELES,LONG BEACH,-118.16858049,33.87605302