CASE_ID,ACCIDENT_YEAR,PROC_DATE,JURIS,COLLISION_DATE,COLLISION_TIME,OFFICER_ID,REPORTING_DISTRICT,DAY_OF_WEEK,CHP_SHIFT,POPULATION,CNTY_CITY_LOC,SPECIAL_COND,BEAT_TYPE,CHP_BEAT_TYPE,CITY_DIVISION_LAPD,CHP_BEAT_CLASS,BEAT_NUMBER,PRIMARY_RD,SECONDARY_RD,DISTANCE,DIRECTION,INTERSECTION,WEATHER_1,WEATHER_2,STATE_HWY_IND,CALTRANS_COUNTY,CALTRANS_DISTRICT,STATE_ROUTE,ROUTE_SUFFIX,POSTMILE_PREFIX,POSTMILE,LOCATION_TYPE,RAMP_INTERSECTION,SIDE_OF_HWY,TOW_AWAY,COLLISION_SEVERITY,NUMBER_KILLED,NUMBER_INJURED,PARTY_COUNT,PRIMARY_COLL_FACTOR,PCF_CODE_OF_VIOL,PCF_VIOL_CATEGORY,PCF_VIOLATION,PCF_VIOL_SUBSECTION,HIT_AND_RUN,TYPE_OF_COLLISION,MVIW,PED_ACTION,ROAD_SURFACE,ROAD_COND_1,ROAD_COND_2,LIGHTING,CONTROL_DEVICE,CHP_ROAD_TYPE,PEDESTRIAN_ACCIDENT,BICYCLE_ACCIDENT,MOTORCYCLE_ACCIDENT,TRUCK_ACCIDENT,NOT_PRIVATE_PROPERTY,ALCOHOL_INVOLVED,STWD_VEHTYPE_AT_FAULT,CHP_VEHTYPE_AT_FAULT,COUNT_SEVERE_INJ,COUNT_VISIBLE_INJ,COUNT_COMPLAINT_PAIN,COUNT_PED_KILLED,COUNT_PED_INJURED,COUNT_BICYCLIST_KILLED,COUNT_BICYCLIST_INJURED,COUNT_MC_KILLED,COUNT_MC_INJURED,PRIMARY_RAMP,SECONDARY_RAMP,LATITUDE,LONGITUDE,COUNTY,CITY,POINT_X,POINT_Y
90207142,2016,2016-06-22,9525,2016-06-17,0835,018364,NA,5,1,5,1926,0,1,1,NA,2,205,I-210 W/B (FOOTHILL FREEWAY),LONE HILL AVENUE U/C,528,W,N,A,-,Y,NA,NA,210,NA,NA,NA,NA,NA,W,Y,4,0,1,2,A,-,03,22350,NA,F,C,C,A,A,H,-,A,D,0,NA,NA,NA,NA,Y,NA,A,01,0,0,1,0,0,0,0,0,0,-,-,34.12123,-117.83076,LOS ANGELES,GLENDORA,-117.83076003,34.12122502
9020715,2019,2020-01-22,1942,2019-11-22,1630,43910,1140,5,5,7,1942,0,0,0,K,0,14A25,S SEPULVEDA BL,SEPULVEDA,50,N,N,A,-,N,NA,NA,NA,NA,NA,NA,NA,NA,NA,Y,2,0,1,2,A,-,08,22107,NA,N,B,E,A,A,H,-,A,D,0,NA,NA,NA,NA,Y,NA,A,01,1,0,0,0,0,0,0,0,0,-,-,NA,NA,LOS ANGELES,LOS ANGELES,-118.42597198486328,34.02394485473633
9020716,2019,2020-01-16,1942,2019-11-26,2300,44029,0643,2,5,7,1942,0,0,0,F,0,0643,HOLLYWOOD BL,FERMOSA,0,NA,Y,A,-,N,NA,NA,NA,NA,NA,NA,NA,NA,NA,Y,3,0,1,2,A,-,09,21802,A,N,D,D,A,A,H,-,C,D,0,NA,NA,NA,NA,Y,NA,A,07,0,1,0,0,0,0,0,0,0,-,-,NA,NA,LOS ANGELES,LOS ANGELES,-118.34681,34.10161
90207168,2016,2016-06-22,9590,2016-04-20,1010,021133,NA,3,1,7,1942,0,1,2,NA,2,042,US-101 N/B (SANTA ANA FREEWAY),4TH STREET,1000,S,N,A,-,Y,NA,NA,NA,NA,NA,NA,NA,NA,NA,N,4,0,2,2,A,-,03,22350,NA,F,C,C,A,A,H,-,A,D,0,NA,NA,NA,NA,Y,NA,A,01,0,0,2,0,0,0,0,0,0,-,-,34.22375,-118.13177,LOS ANGELES,LOS ANGELES,-118.22149692,34.04028232
90207174,2016,2016-06-22,9530,2016-06-15,1525,018270,NA,3,2,7,1942,0,1,3,NA,1,470,SR-47 N/B (VINCENT THOMAS BRIDGE),HARBOR BLVD.,2640,N,N,A,-,Y,NA,NA,47,NA,NA,NA,NA,NA,N,Y,4,0,1,2,A,-,03,22350,NA,N,C,C,A,A,H,-,A,D,0,NA,NA,NA,NA,Y,NA,A,01,0,0,1,0,0,0,0,0,0,-,-,33.74945,-118.27167,LOS ANGELES,LOS ANGELES,-118.27167012,33.7494492
90207181,2016,2016-06-22,9545,2016-06-01,0855,016549,NA,3,1,9,1900,0,3,5,NA,2,004,FORT TEJON RD,106TH ST  E,2640,E,N,A,-,N,NA,NA,NA,NA,NA,NA,NA,NA,NA,Y,1,1,1,1,A,-,03,22350,NA,N,E,I,A,A,H,-,A,D,0,NA,NA,NA,NA,Y,NA,A,01,1,0,0,0,0,0,0,0,0,-,-,34.49024,-117.93153,LOS ANGELES,UNINCORPORATED,-117.9319422,34.49030169
90207184,2016,2016-06-22,9575,2016-06-10,1120,020771,NA,5,1,7,1942,0,1,3,NA,2,044,SR-134 W/B (VENTURA FWY.),CAHUENGA BLVD.,225,E,N,A,-,Y,NA,NA,134,NA,NA,NA,NA,NA,W,Y,4,0,1,2,A,-,03,22350,NA,N,C,C,A,A,H,-,A,D,0,NA,NA,NA,NA,Y,NA,A,01,0,0,1,0,0,0,0,0,0,-,-,34.1532,-118.35923,LOS ANGELES,LOS ANGELES,-118.35922957,34.15320906
90207201,2016,2016-06-22,9530,2016-06-18,1330,020956,NA,6,1,7,1941,0,1,1,NA,2,420,I-405 N/B (SAN DIEGO FREEWAY),I-710,650,N,N,A,-,Y,NA,NA,NA,NA,NA,NA,NA,NA,NA,N,4,0,1,2,A,-,06,21750,NA,F,B,C,A,A,H,-,A,D,0,NA,NA,Y,NA,Y,NA,C,02,0,0,1,0,0,0,0,0,1,-,-,33.49356,-118.12353,LOS ANGELES,LONG BEACH,-118.20759,33.82657
90207236,2016,2016-06-22,9590,2016-04-20,1500,021133,NA,3,2,7,1942,0,1,1,NA,2,085,I-5 S/B (GOLDEN STATE FREEWAY),LOS FELIZ BLVD,800,S,N,A,-,Y,NA,NA,NA,NA,NA,NA,NA,NA,NA,N,4,0,4,2,A,-,03,22350,NA,N,C,C,A,A,H,-,A,D,0,NA,NA,NA,NA,Y,NA,A,01,0,0,4,0,0,0,0,0,0,-,-,34.71222,-118.16152,LOS ANGELES,LOS ANGELES,-118.27015627,34.11833232
90207238,2016,2016-06-22,9575,2016-06-06,1505,019754,NA,1,2,6,1912,0,1,1,NA,2,051,INTERSTATE 5 S/B (GOLDEN STATE FWY),SAN FERNANDO BOULEVARD,350,S,N,A,-,Y,NA,NA,5,NA,NA,NA,NA,NA,S,Y,2,0,1,3,A,-,03,22350,NA,N,B,C,A,A,H,-,A,D,0,NA,NA,Y,NA,Y,NA,C,02,1,0,0,0,0,0,0,0,1,-,-,34.19105,-118.32665,LOS ANGELES,BURBANK,-118.32668986,34.19100122
90207275,2016,2016-06-22,9590,2016-04-22,0930,021190,NA,5,1,7,1942,0,1,2,NA,2,072,US-101 N/B (HOF) FROM VERMONT AVENUE,VERMONT AVENUE,25,W,N,A,-,Y,NA,NA,101,NA,NA,NA,R,NA,N,N,4,0,1,1,A,-,08,22107,NA,N,E,I,A,A,H,-,A,D,0,NA,NA,NA,NA,Y,NA,A,07,0,0,1,0,0,0,0,0,0,-,-,34.08118,-118.29226,LOS ANGELES,LOS ANGELES,-118.29226,34.08118
90207276,2016,2016-06-22,9550,2016-06-02,0411,020688,NA,4,3,9,1900,0,1,3,NA,2,600,STATE ROUTE-60 EASTBOUND,SEVENTH AVE.,1569,E,N,A,-,Y,NA,NA,60,NA,NA,NA,NA,NA,E,Y,1,1,0,2,A,-,03,22350,NA,N,C,C,A,A,H,-,C,D,0,NA,NA,NA,Y,Y,NA,A,01,0,0,0,0,0,0,0,0,0,-,-,34.01531,-117.98446,LOS ANGELES,UNINCORPORATED,-117.98436016,34.01540541
90207289,2016,2016-06-22,9590,2016-04-24,1623,020617,NA,7,2,7,1942,0,1,1,NA,2,081,I-5 S/B (GOLDEN STATE FREEWAY),MISSION ROAD,300,S,N,A,-,Y,NA,NA,NA,NA,NA,NA,NA,NA,NA,Y,4,0,1,3,A,-,03,22350,NA,N,C,C,A,A,H,-,A,D,0,NA,NA,Y,NA,Y,NA,A,01,0,0,1,0,0,0,0,0,1,-,-,34.05552,-118.1882,LOS ANGELES,LOS ANGELES,-118.21474032,34.05933092
90207344,2016,2016-06-22,9590,2016-04-24,0035,021031,NA,7,3,7,1942,0,1,2,NA,2,071,US-101 S/B (HOLLYWOOD FREEWAY),SILVER LAKE BLVD,500,S,N,A,-,Y,NA,NA,101,NA,NA,NA,NA,NA,S,N,4,0,1,2,A,-,07,21658,A,F,B,C,A,A,H,-,C,D,0,NA,NA,NA,NA,Y,NA,-,99,0,0,1,0,0,0,0,0,0,-,-,34.07618,-118.27791,LOS ANGELES,LOS ANGELES,-118.27792289,34.07613509
90207352,2016,2016-06-22,9575,2016-06-10,1415,021188,NA,5,2,7,1942,0,1,1,NA,2,052,I-5 S/B (GOLDEN STATE FREEWAY),LANARK ST.,270,S,N,A,-,Y,NA,NA,5,NA,NA,NA,NA,NA,S,N,4,0,1,2,A,-,03,22350,NA,N,C,C,A,A,H,-,A,D,0,NA,NA,NA,NA,Y,NA,A,07,0,0,1,0,0,0,0,0,0,-,-,34.217530000000004,-118.35492,LOS ANGELES,LOS ANGELES,-118.35489843,34.21754893
90207355,2016,2016-06-22,9575,2016-06-10,1735,020995,NA,5,2,6,1925,0,1,3,NA,2,042,SR-134 W/B (VENTURA FREEWAY),GENEVA ST.,300,W,N,A,-,Y,NA,NA,134,NA,NA,NA,NA,NA,W,N,4,0,1,2,A,-,03,22350,NA,F,C,C,A,A,H,-,A,D,0,NA,NA,NA,NA,Y,NA,-,99,0,0,1,0,0,0,0,0,0,-,-,34.15637,-118.24841,LOS ANGELES,GLENDALE,-118.24841058,34.15646717
90207362,2016,2016-06-22,9535,2016-06-09,0958,018281,NA,4,1,6,1922,0,1,1,NA,2,400,I-10 E/B (SAN BERNARDINO FWY),COGSWELL RD,323,W,N,A,-,Y,NA,NA,10,NA,NA,NA,NA,NA,E,N,4,0,1,2,A,-,04,21703,NA,N,C,C,A,A,H,-,A,D,0,NA,NA,NA,NA,Y,NA,A,01,0,0,1,0,0,0,0,0,0,-,-,34.06765,-118.0216,LOS ANGELES,EL MONTE,-118.02159839,34.06765618
90207398,2016,2016-06-22,9535,2016-06-21,1130,017598,NA,2,1,3,1914,0,1,1,NA,2,501,I-5 (SANTA ANA FREEWAY) S/B,WASHINGTON BLVD,700,N,N,A,-,Y,NA,NA,5,NA,NA,NA,NA,NA,S,N,4,0,1,2,A,-,21,22106,NA,N,C,C,A,A,H,-,A,D,0,NA,NA,NA,NA,Y,NA,D,22,0,0,1,0,0,0,0,0,0,-,-,33.99901,-118.14782,LOS ANGELES,COMMERCE,-118.14784338,33.99898834
90207416,2016,2016-06-22,9530,2016-06-19,1045,020349,NA,7,1,9,1900,0,3,5,NA,2,001,HOLMES AVE.,67TH ST.,20,N,N,A,-,N,NA,NA,NA,NA,NA,NA,NA,NA,NA,Y,4,0,1,2,A,-,03,22350,NA,N,C,C,A,A,H,-,A,D,0,NA,NA,NA,NA,Y,NA,D,22,0,0,1,0,0,0,0,0,0,-,-,33.97892,-118.24119,LOS ANGELES,UNINCORPORATED,-118.2412,33.97886485
90207449,2016,2016-06-22,9530,2016-06-21,1720,014298,NA,2,2,7,1941,0,1,1,NA,2,420,I-405 S/B (SAN DIEGO FREEWAY),TEMPLE AVENUE (SOUTH EDGE),40,S,N,A,-,Y,NA,NA,NA,NA,NA,NA,NA,NA,NA,N,3,0,1,4,A,-,03,22350,NA,N,C,C,A,A,H,-,A,D,0,NA,NA,NA,NA,Y,NA,A,01,0,1,0,0,0,0,0,0,0,-,-,33.4836,-118.9392,LOS ANGELES,LONG BEACH,-118.15883211,33.80996739
90207462,2016,2016-06-22,9590,2016-04-29,1530,020617,NA,5,2,7,1942,0,1,1,NA,2,051,I-110 S/B (HARBOR FREEWAY),54TH STREET,15,S,N,A,-,Y,NA,NA,110,NA,NA,NA,NA,NA,S,Y,4,0,1,2,A,-,03,22350,NA,N,C,C,A,A,H,-,A,D,0,NA,NA,NA,NA,Y,NA,J,48,0,0,1,0,0,0,0,0,0,-,-,33.9932,-118.28064,LOS ANGELES,LOS ANGELES,-118.28061413,33.99320001
90207472,2016,2016-06-22,9565,2016-06-22,0340,021073,NA,3,3,9,1900,0,1,1,NA,2,012,I-105 W/B TO I-405 N/B,IMPERIAL HWY,1000,N,N,A,-,Y,NA,NA,105,NA,NA,NA,R,NA,W,Y,4,0,1,1,A,-,08,22107,NA,N,F,A,A,A,H,-,D,D,0,NA,NA,NA,NA,Y,NA,A,01,0,0,1,0,0,0,0,0,0,-,-,33.9317,-118.3658,LOS ANGELES,UNINCORPORATED,-118.3658,33.9317
90207474,2016,2016-06-22,9530,2016-06-20,1155,019338,NA,1,1,9,1900,0,1,1,NA,2,120,I-110 (N/B),CARSON ST,1584,N,N,A,-,Y,NA,NA,NA,NA,NA,NA,NA,NA,NA,Y,4,0,1,2,A,-,07,21658,A,N,B,C,A,A,H,-,A,D,0,NA,NA,NA,NA,Y,NA,A,01,0,0,1,0,0,0,0,0,0,-,-,33.5013,-118.17135,LOS ANGELES,UNINCORPORATED,-118.28749,33.83424
90207486,2016,2016-06-22,9590,2016-04-30,1400,021201,NA,6,2,7,1942,0,1,3,NA,2,031,SR-60 W/B (POMONA FREEWAY),EUCLID AVE,400,E,N,A,-,Y,NA,NA,60,NA,NA,NA,NA,NA,W,Y,3,0,1,2,A,-,08,22107,NA,N,F,C,A,A,H,-,A,D,0,NA,NA,NA,NA,Y,NA,A,01,0,1,0,0,0,0,0,0,0,-,-,34.02841,-118.20742,LOS ANGELES,LOS ANGELES,-118.20742089,34.02843736
90207499,2016,2016-06-22,9535,2016-06-14,1730,021305,NA,2,2,3,1914,0,1,1,NA,2,501,I-5 (SANTA ANA FREEWAY) S/B,SIMONS RAILROAD O/C,200,N,N,A,-,Y,NA,NA,5,NA,NA,NA,NA,NA,S,N,3,0,2,3,A,-,07,21658,A,N,B,C,A,A,H,-,A,D,0,NA,NA,Y,NA,Y,NA,A,01,0,1,1,0,0,0,0,0,1,-,-,33.98971,-118.1396,LOS ANGELES,COMMERCE,-118.13964684,33.98966485
90207511,2016,2016-12-12,9525,2016-01-18,0629,018992,NA,1,1,1,1934,0,1,1,NA,2,204,I-210 E/B (FOOTHILL FREEWAY),SANTA FE RAILROAD OVERCROSSING,173,W,N,B,-,Y,NA,NA,210,NA,NA,NA,NA,NA,E,Y,1,1,2,3,A,-,07,21658,NA,F,B,C,A,A,H,-,C,D,0,NA,NA,NA,Y,Y,NA,A,01,0,1,1,0,0,0,0,0,0,-,-,34.12939,-117.9348,LOS ANGELES,IRWINDALE,-117.93480828,34.12942412
90207526,2016,2016-06-22,9590,2016-06-13,1630,013435,NA,1,2,7,1942,0,1,1,NA,2,052,I-110 N/B (HARBOR FREEWAY),8TH STREET,500,S,N,A,-,Y,NA,NA,110,NA,NA,NA,NA,NA,N,N,4,0,1,2,A,-,03,22350,NA,N,C,A,A,A,H,-,A,D,0,NA,NA,NA,NA,Y,NA,A,01,0,0,1,0,0,0,0,0,0,-,-,34.04888,-118.26491,LOS ANGELES,LOS ANGELES,-118.26490136,34.04886574
90207549,2016,2016-06-22,9525,2016-06-09,1320,013591,NA,4,1,6,1955,0,1,3,NA,2,071,SR-71 S/B (CHINO VALLEY FREEWAY),MISSION BLVD,1056,S,N,A,-,Y,NA,NA,71,NA,NA,NA,NA,NA,S,N,4,0,1,2,A,-,03,22350,NA,N,C,C,A,A,A,-,A,D,0,NA,NA,NA,Y,Y,NA,G,25,0,0,1,0,0,0,0,0,0,-,-,34.05087,-117.77861,LOS ANGELES,POMONA,-117.77861665,34.05086298
90207560,2016,2016-06-22,9530,2016-06-20,0905,019033,NA,1,1,7,1942,0,1,1,NA,2,400,I-405 N/B (SAN DIEGO FREEWAY),NORMANDIE AVE.,1478,S,N,A,-,Y,NA,NA,405,NA,NA,NA,NA,NA,N,Y,3,0,1,2,A,-,07,21658,A,N,C,C,A,A,H,-,A,D,0,NA,NA,Y,Y,Y,NA,C,02,0,1,0,0,0,0,0,0,1,-,-,33.86,-118.309,LOS ANGELES,LOS ANGELES,-118.30900293,33.85994792
90207564,2016,2016-06-22,9580,2016-06-11,1405,021015,NA,6,2,7,1942,0,1,2,NA,2,103,US-101 S/B (VENTURA FREEWAY),HAYVENHURST AVE,2100,S,N,B,-,Y,NA,NA,101,NA,NA,NA,NA,NA,S,Y,4,0,5,5,A,-,03,22350,NA,N,C,C,A,A,H,-,A,D,0,NA,NA,NA,NA,Y,NA,A,07,0,0,5,0,0,0,0,0,0,-,-,34.16514,-118.48477,LOS ANGELES,LOS ANGELES,-118.48477042,34.16517107
90207595,2016,2016-06-22,9575,2016-06-11,1805,020729,NA,6,2,9,1900,0,2,4,NA,2,011,OCEAN VIEW BOULEVARD,BARTON LANE,150,S,N,C,-,N,NA,NA,NA,NA,NA,NA,NA,NA,NA,Y,4,0,1,4,A,-,08,22107,NA,N,B,C,A,A,H,-,A,D,0,NA,NA,NA,NA,Y,NA,A,01,0,0,1,0,0,0,0,0,0,-,-,34.21452,-118.22796,LOS ANGELES,UNINCORPORATED,-118.22788644,34.2146087
90207597,2016,2016-06-22,9530,2016-05-27,0840,016193,NA,5,1,7,1941,0,1,1,NA,2,072,I-710 N/B (LONG BEACH FREEWAY),WILLOW ST.,528,N,N,A,-,Y,NA,NA,NA,NA,NA,NA,NA,NA,NA,N,4,0,1,2,A,-,07,21658,A,F,B,C,A,A,H,-,A,D,0,NA,NA,NA,NA,Y,NA,-,99,0,0,1,0,0,0,0,0,0,-,-,33.4848,-118.1231,LOS ANGELES,LONG BEACH,-118.20725732,33.80583409
90207602,2016,2016-06-22,9580,2016-06-11,1307,021013,NA,6,1,7,1942,0,1,2,NA,2,101,US-101 S/B (VENTURA FREEWAY),LAUREL CANYON BLVD,300,S,N,A,-,Y,NA,NA,101,NA,NA,NA,NA,NA,S,Y,4,0,2,3,A,-,03,22350,NA,N,C,C,A,A,H,-,A,D,0,NA,NA,NA,NA,Y,NA,A,01,0,0,2,0,0,0,0,0,0,-,-,34.15428,-118.39108,LOS ANGELES,LOS ANGELES,-118.39108019,34.15435456
90207611,2016,2016-06-22,9530,2016-06-20,0750,021273,NA,1,1,9,1900,0,1,3,NA,2,310,SR-91 E/B (ARTESIA FREEWAY),SANTA FE AVE.,870,W,N,A,-,Y,NA,NA,NA,NA,NA,NA,NA,NA,NA,N,4,0,1,2,A,-,03,22350,NA,N,C,C,A,A,H,-,A,D,0,NA,NA,NA,NA,Y,NA,A,07,0,0,1,0,0,0,0,0,0,-,-,33.52238,-118.13247,LOS ANGELES,UNINCORPORATED,-118.21721918,33.87338678
90207633,2016,2016-06-22,9525,2016-06-16,0636,015337,NA,4,1,5,1990,0,1,3,NA,2,603,SR-60 W/B (POMONA FREEWAY),GRAND AVE,1411,E,N,A,-,Y,NA,NA,NA,NA,NA,NA,NA,NA,NA,Y,4,0,2,5,A,-,03,22350,NA,N,C,C,A,A,H,-,A,D,0,NA,NA,NA,NA,Y,NA,D,22,0,0,2,0,0,0,0,0,0,-,-,34.00826,-117.49205,LOS ANGELES,DIAMOND BAR,-118.27537469,33.9851046
90207636,2016,2016-06-22,9580,2016-06-10,1820,020400,NA,5,2,9,1900,0,1,3,NA,1,271,SR-27 S/B (TOPANGA CYN. BLVD.),CUESTA CALA RD,100,N,N,A,-,Y,NA,NA,27,NA,NA,NA,NA,NA,S,N,4,0,2,3,A,-,03,22350,NA,N,C,C,A,A,H,-,A,A,0,NA,NA,NA,NA,Y,NA,A,07,0,0,2,0,0,0,0,0,0,-,-,34.08897,-118.60346,LOS ANGELES,UNINCORPORATED,-118.60345645,34.08898124
90207661,2016,2016-06-22,9575,2016-06-11,1610,020771,NA,6,2,7,1942,0,1,3,NA,2,043,SR-134 E/B (VENTURA FREEWAY),FOREST LAWN DR.,425,E,N,B,-,Y,NA,NA,134,NA,NA,NA,NA,NA,E,Y,4,0,1,4,A,-,03,22350,NA,N,C,C,A,A,H,-,A,D,0,NA,NA,NA,NA,Y,NA,A,01,0,0,1,0,0,0,0,0,0,-,-,34.15607,-118.3057,LOS ANGELES,LOS ANGELES,-118.30570617,34.15609572
90207662,2016,2016-06-22,9590,2016-04-17,1739,020997,NA,7,2,7,1942,0,1,1,NA,2,053,I-110 S/B (HARBOR FREEWAY),3RD STREET,500,N,N,A,-,Y,NA,NA,110,NA,NA,NA,NA,NA,S,N,3,0,1,2,A,-,07,21658,A,F,B,C,A,A,H,-,A,D,0,NA,NA,Y,NA,Y,NA,-,99,0,1,0,0,0,0,0,0,1,-,-,34.05989,-118.25207,LOS ANGELES,LOS ANGELES,-118.25209481,34.05992088
90207668,2016,2016-06-22,9575,2016-06-11,1225,020846,NA,6,1,6,1912,0,1,1,NA,2,051,I-5 S/B (GOLDEN STATE FREEWAY),ALAMEDA AVE.,400,N,N,B,-,Y,NA,NA,5,NA,NA,NA,NA,NA,S,Y,4,0,1,2,A,-,03,22350,NA,N,C,C,A,A,H,-,A,D,0,NA,NA,Y,NA,Y,NA,C,02,0,0,1,0,0,0,0,0,1,-,-,34.17473,-118.30689,LOS ANGELES,BURBANK,-118.30691662,34.17472044
90207679,2016,2016-06-22,9535,2016-06-17,1330,020943,NA,5,1,9,1900,0,1,1,NA,2,420,I-10 (SAN BERNARDINO FREEWAY) E/B,EASTERN AVE.,700,W,N,A,-,Y,NA,NA,10,NA,NA,NA,NA,NA,E,Y,3,0,3,3,A,-,04,21703,NA,N,C,C,A,A,H,-,A,D,0,NA,NA,NA,NA,Y,NA,A,07,0,1,2,0,0,0,0,0,0,-,-,34.05908,-118.17782,LOS ANGELES,UNINCORPORATED,-118.1776062,34.05858753
90207688,2016,2016-06-22,9525,2016-06-17,1220,021229,NA,5,1,4,1916,0,1,1,NA,2,107,I-10 W/B (SAN BERNARDINO FREEWAY),VIA VERDE AVE,800,E,N,A,-,Y,NA,NA,NA,NA,NA,NA,NA,NA,NA,N,4,0,1,3,A,-,03,22350,NA,N,C,C,A,A,H,-,A,D,0,NA,NA,NA,NA,Y,NA,A,07,0,0,1,0,0,0,0,0,0,-,-,34.06805,-117.83659,LOS ANGELES,COVINA,NA,NA
90207690,2016,2016-06-22,9565,2016-06-02,1550,019349,NA,4,2,9,1900,0,2,4,NA,2,022,NORMANDIE AVENUE,112TH STREET,0,NA,Y,A,-,N,NA,NA,NA,NA,NA,NA,NA,NA,NA,Y,4,0,7,5,A,-,03,22350,NA,N,C,C,A,A,H,-,A,D,0,NA,NA,NA,NA,Y,NA,A,01,0,0,7,0,0,0,0,0,0,-,-,33.9328,-118.3002,LOS ANGELES,UNINCORPORATED,-118.30031007,33.932800040000004
90207693,2016,2016-06-22,9590,2016-06-04,1830,020997,NA,6,2,7,1942,0,1,1,NA,2,052,I-110 N/B (HARBOR FREEWAY),ADAMS BOULEVARD,500,S,N,A,-,Y,NA,NA,110,NA,NA,NA,NA,NA,N,N,4,0,1,4,A,-,03,22350,NA,N,C,C,A,A,H,-,A,D,0,NA,NA,NA,NA,Y,NA,A,01,0,0,1,0,0,0,0,0,0,-,-,34.02471,-118.27594,LOS ANGELES,LOS ANGELES,-118.27600987,34.02475094
90207698,2016,2016-06-22,9530,2016-06-06,0735,016193,NA,1,1,9,1900,0,1,1,NA,2,210,I-105 W/B (GLENN ANDERSON FWY),WILMINGTON AVE.,528,E,N,A,-,Y,NA,NA,105,NA,NA,NA,NA,NA,W,N,4,0,1,2,A,-,03,22350,NA,N,C,C,A,A,H,-,A,D,0,NA,NA,NA,NA,Y,NA,D,22,0,0,1,0,0,0,0,0,0,-,-,33.92849,-118.23703,LOS ANGELES,UNINCORPORATED,-118.2370369,33.928374840000004
90207701,2016,2016-06-22,9580,2016-06-12,1330,20003,NA,7,1,7,1942,0,1,2,NA,2,101,US-101 S/B (VENTURA FREEWAY),COLDWATER CANYON AVE,1200,N,N,B,-,Y,NA,NA,101,NA,NA,NA,NA,NA,S,Y,3,0,2,2,C,-,18,NA,NA,N,C,C,A,A,H,-,A,D,0,NA,NA,NA,NA,Y,NA,-,-,0,1,1,0,0,0,0,0,0,-,-,34.15668,-118.41848,LOS ANGELES,LOS ANGELES,-118.41848008,34.15666039
90207712,2016,2016-06-22,9590,2016-06-13,0010,021040,NA,1,3,7,1942,0,1,1,NA,2,083,I-5 S/B (GSF) TO SR-110 S/B (ASP),FIGUEROA ST.,250,N,N,A,-,Y,NA,NA,5,NA,NA,NA,R,NA,S,N,4,0,1,2,A,-,13,21718,NA,N,C,C,A,A,H,-,D,D,0,NA,NA,NA,Y,Y,NA,G,25,0,0,1,0,0,0,0,0,0,-,-,34.08189,-118.22508,LOS ANGELES,LOS ANGELES,-118.22508,34.08189
90207719,2016,2016-06-22,9580,2016-06-12,0335,020862,NA,7,3,7,1942,0,1,2,NA,2,104,US-101 N/B (VENTURA FREEWAY),VALLEY CIRCLE BLVD,100,N,N,A,-,Y,NA,NA,101,NA,NA,NA,NA,NA,N,Y,4,0,1,2,A,-,03,22350,NA,N,C,C,A,A,H,-,D,D,0,NA,NA,NA,NA,Y,NA,D,22,0,0,1,0,0,0,0,0,0,-,-,34.15951,-118.63751,LOS ANGELES,LOS ANGELES,-118.63750894,34.15950711
90207720,2016,2016-06-22,9575,2016-06-11,0920,020771,NA,6,1,7,1942,0,1,3,NA,2,043,SR-134 E/B (VENTURA FREEWAY),VICTORY BLVD,1200,W,N,B,C,Y,NA,NA,NA,NA,NA,NA,NA,NA,NA,Y,4,0,1,4,A,-,03,22350,NA,N,C,C,A,B,H,-,A,D,0,NA,NA,NA,NA,Y,NA,A,01,0,0,1,0,0,0,0,0,0,-,-,34.1561,-118.28862,LOS ANGELES,LOS ANGELES,NA,NA
90207724,2016,2016-06-22,9580,2016-06-11,0900,021092,NA,6,1,9,1900,0,3,5,NA,1,020,OLD TOPANGA CANYON RD,TOPANGA CANYON BLVD,5280,N,N,B,C,N,NA,NA,NA,NA,NA,NA,NA,NA,NA,N,2,0,1,1,A,-,03,22350,NA,N,F,A,A,B,H,-,A,D,0,NA,Y,NA,NA,Y,NA,L,04,1,0,0,0,0,0,1,0,0,-,-,34.09286,-118.60844,LOS ANGELES,UNINCORPORATED,-118.60435,34.08963
90207729,2016,2016-06-22,9565,2016-06-21,2105,021073,NA,2,2,9,1900,0,2,4,NA,2,022,NORMANDIE AVE,111TH ST,0,NA,Y,A,-,N,NA,NA,NA,NA,NA,NA,NA,NA,NA,Y,4,0,1,2,A,-,08,22103,NA,N,D,C,A,A,H,-,C,D,0,NA,NA,NA,NA,Y,NA,A,01,0,0,1,0,0,0,0,0,0,-,-,33.934,-118.3003,LOS ANGELES,UNINCORPORATED,-118.30032005,33.9340201
90207735,2016,2016-06-22,9590,2016-06-22,0940,015982,NA,3,1,7,1942,0,1,1,NA,2,062,I-10 E/B (SMF) COLLECTOR RD,HOOVER ST,1000,W,N,A,-,Y,NA,NA,10,NA,NA,NA,NA,NA,E,N,4,0,1,2,A,-,03,22350,NA,N,C,C,A,A,H,-,A,D,0,NA,NA,NA,NA,Y,NA,D,22,0,0,1,0,0,0,0,0,0,-,-,34.03661,-118.2871,LOS ANGELES,LOS ANGELES,-118.28710144,34.03679454